strategy,trade_id,entry_time,exit_time,entry_trend_strength,entry_volatility_pctile,entry_volume_pctile,entry_funding_rate,entry_higher_tf_trend,entry_regime_label,entry_btc_gold_ratio_z,entry_gold_shock_flag,exit_trend_strength,exit_volatility_pctile,exit_volume_pctile,exit_funding_rate,exit_higher_tf_trend,exit_regime_label,exit_btc_gold_ratio_z,exit_gold_shock_flag
02_btc_ma_20_50_200,1,2015-07-20 12:00:00+00:00,2015-08-16 12:00:00+00:00,3.776823870035956,0.7857142857142857,0.5952380952380952,0.0,1.0,trend_high_vol,1.7871254401583776,0.0,2.252290624890446,0.42857142857142855,0.8253968253968254,0.0,1.0,chop,-0.29615142999027677,0.0
02_btc_ma_20_50_200,2,2015-10-28 12:00:00+00:00,2016-01-19 12:00:00+00:00,6.0933546583101,0.5158730158730159,0.9444444444444444,0.0,1.0,trend,3.226033950267048,0.0,1.8561879874685354,0.7857142857142857,0.5476190476190477,0.0,1.0,chop_high_vol,-0.8187981612667674,0.0
02_btc_ma_20_50_200,3,2016-02-24 12:00:00+00:00,2016-03-31 00:00:00+00:00,3.409780408715133,0.07142857142857142,0.6587301587301587,0.0,1.0,chop_low_vol,-0.48425505031679217,0.0,1.107652927744597,0.03571428571428571,0.45634920634920634,0.0,1.0,chop_low_vol,0.24028651513863325,0.0
02_btc_ma_20_50_200,4,2016-04-11 00:00:00+00:00,2016-07-25 00:00:00+00:00,2.5527229264507785,0.003968253968253968,0.28174603174603174,0.0,1.0,trend,-0.14889532795938779,0.0,2.576053714964938,0.5396825396825397,0.5634920634920635,0.0,1.0,chop,0.11494354715313161,0.0
02_btc_ma_20_50_200,5,2016-09-13 12:00:00+00:00,2017-01-26 00:00:00+00:00,2.1731338570640695,0.2619047619047619,0.5396825396825397,0.0,1.0,chop_low_vol,0.278773084773114,0.0,1.4739277646472728,0.8333333333333334,0.7777777777777778,0.0,1.0,chop_high_vol,0.5115417289779471,0.0
02_btc_ma_20_50_200,6,2017-02-01 12:00:00+00:00,2017-03-27 00:00:00+00:00,4.045027594106465,0.7777777777777778,0.8253968253968254,0.0,1.0,chop_high_vol,0.9704393046783877,0.0,1.7485406120135674,0.8968253968253969,0.9126984126984127,0.0,1.0,chop_high_vol,-0.584308258196967,0.0
02_btc_ma_20_50_200,7,2017-04-17 12:00:00+00:00,2017-07-12 00:00:00+00:00,5.327464274151295,0.16666666666666666,0.6746031746031746,0.0,1.0,trend,0.1717765656960959,0.0,0.151114928027467,0.2777777777777778,0.6904761904761905,0.0,1.0,chop_low_vol,0.14119004344023572,0.0
02_btc_ma_20_50_200,8,2017-08-02 12:00:00+00:00,2017-09-22 12:00:00+00:00,1.6964887776465227,0.9841269841269841,0.5873015873015873,0.0,1.0,chop_high_vol,0.4233259249377533,0.0,1.0478983489007339,0.8333333333333334,0.31746031746031744,0.0,1.0,chop_high_vol,-0.19484879412666875,0.0
02_btc_ma_20_50_200,9,2017-10-11 00:00:00+00:00,2018-01-16 00:00:00+00:00,6.288265634414592,0.0992063492063492,0.38492063492063494,0.0,1.0,trend,1.7440666641857367,0.0,0.28547952134136234,0.7857142857142857,0.9603174603174603,0.0,1.0,chop_high_vol,-0.6851811669022285,0.0
02_btc_ma_20_50_200,10,2018-03-04 00:00:00+00:00,2018-03-21 00:00:00+00:00,0.630213226963391,0.2777777777777778,0.24603174603174602,0.0,1.0,chop_low_vol,0.26024242712402157,0.0,4.540755787713086,0.03571428571428571,0.15873015873015872,0.0,0.0,trend,-0.6294956908372523,0.0
02_btc_ma_20_50_200,11,2019-04-24 00:00:00+00:00,2019-07-29 12:00:00+00:00,10.007358641908878,0.23412698412698413,0.9682539682539683,0.0,1.0,trend,1.6720727865947462,0.0,1.7625431738555897,0.6587301587301587,0.18253968253968253,0.0,1.0,chop,-0.5509020045864207,0.0
02_btc_ma_20_50_200,12,2019-08-17 12:00:00+00:00,2019-08-28 12:00:00+00:00,0.4279921766643234,0.3492063492063492,0.1111111111111111,0.0,1.0,chop,-1.340095385315,0.0,1.8498649899935486,0.2619047619047619,0.36507936507936506,0.0,1.0,chop_low_vol,-1.805137135288692,0.0
02_btc_ma_20_50_200,13,2020-02-19 00:00:00+00:00,2020-03-06 00:00:00+00:00,4.993013278629373,0.4126984126984127,0.9841269841269841,0.00046396,1.0,chop,0.773425093170678,0.0,1.9292643696874099,0.4801587301587302,0.8412698412698413,0.00019521,1.0,chop,-0.746348233928975,1.0
02_btc_ma_20_50_200,14,2020-05-21 00:00:00+00:00,2020-06-29 00:00:00+00:00,4.938926136169035,0.5952380952380952,0.5238095238095238,-9.027e-05,1.0,trend,1.0758509448619735,0.0,0.4620533588180488,0.05952380952380952,0.01984126984126984,0.0001,1.0,chop_low_vol,-1.2160658306137022,0.0
02_btc_ma_20_50_200,15,2020-07-27 00:00:00+00:00,2020-09-09 00:00:00+00:00,2.429205177766145,0.2896825396825397,0.6785714285714286,0.00047138,1.0,chop_low_vol,1.5094091742238063,0.0,2.39644241916065,0.5912698412698413,0.5515873015873016,0.0001,1.0,chop,-0.9321478096315498,0.0
02_btc_ma_20_50_200,16,2020-10-13 12:00:00+00:00,2021-04-27 12:00:00+00:00,2.7081131912574317,0.18253968253968253,0.5873015873015873,0.0001,1.0,trend,1.2354521712598543,0.0,1.7455654108457452,0.35714285714285715,0.19047619047619047,0.0001,1.0,chop,-0.428154882963281,0.0
02_btc_ma_20_50_200,17,2021-09-15 12:00:00+00:00,2021-09-23 00:00:00+00:00,1.1648487991179246,0.35714285714285715,0.2857142857142857,0.0001,1.0,chop,0.7262278874497093,0.0,0.779293533385161,0.5912698412698413,0.4722222222222222,0.0001,0.0,chop,0.14635875011404217,0.0
02_btc_ma_20_50_200,18,2021-10-11 12:00:00+00:00,2021-11-27 12:00:00+00:00,3.8883254268921945,0.6190476190476191,0.8650793650793651,0.0001,1.0,trend,2.8093667744899924,0.0,1.901302895369584,0.36507936507936506,0.2222222222222222,0.0001,1.0,chop,-0.6597064612718684,0.0
02_btc_ma_20_50_200,19,2023-02-07 00:00:00+00:00,2023-03-10 12:00:00+00:00,9.487055444054613,0.6984126984126984,0.5992063492063492,0.0001,1.0,trend,1.581463195767322,0.0,2.9130210475669314,0.46825396825396826,0.9444444444444444,5.26e-06,1.0,chop,-1.2638378564141617,0.0
02_btc_ma_20_50_200,20,2023-03-19 12:00:00+00:00,2023-05-08 12:00:00+00:00,2.7109306891244023,0.8809523809523809,0.9285714285714286,0.0001,1.0,chop_high_vol,2.423263128393511,0.0,1.0925747461245845,0.4603174603174603,0.3968253968253968,4.07e-06,1.0,chop,-0.40333902364334234,0.0
02_btc_ma_20_50_200,21,2023-06-25 00:00:00+00:00,2023-08-03 12:00:00+00:00,3.5139524374598876,0.6468253968253969,0.20238095238095238,0.0001,1.0,trend,2.723374603794241,0.0,0.9236616022575009,0.007936507936507936,0.36507936507936506,0.0001,1.0,chop_low_vol,0.17740691222501295,0.0
02_btc_ma_20_50_200,22,2023-10-30 00:00:00+00:00,2024-01-24 12:00:00+00:00,8.788910785544706,0.9444444444444444,0.8333333333333334,0.0001,1.0,trend_high_vol,2.273073401893865,0.0,2.0722877098270014,0.9047619047619048,0.6349206349206349,0.0001,1.0,chop_high_vol,-0.8336619999298656,0.0
02_btc_ma_20_50_200,23,2024-02-11 12:00:00+00:00,2024-04-19 00:00:00+00:00,4.523161157780302,0.11904761904761904,0.4603174603174603,0.0001,1.0,chop_low_vol,2.834954583358615,0.0,0.6309167761574699,0.6904761904761905,0.8809523809523809,-3.334e-05,1.0,chop,-1.3337280434443088,0.0
02_btc_ma_20_50_200,24,2024-05-25 00:00:00+00:00,2024-06-25 12:00:00+00:00,2.275860089776718,0.5833333333333334,0.07142857142857142,0.0001,1.0,chop,0.8784949476925846,0.0,4.273437779990674,0.1349206349206349,0.46825396825396826,5.949e-05,1.0,trend,-1.061393192806071,0.0
02_btc_ma_20_50_200,25,2024-07-28 00:00:00+00:00,2024-08-10 12:00:00+00:00,3.2372402653130186,0.25,0.14682539682539683,8.18e-05,1.0,trend,0.6988164376483479,0.0,1.7269948964326052,0.9841269841269841,0.10317460317460317,-1.379e-05,0.0,chop_high_vol,-0.7179218035040882,0.0
02_btc_ma_20_50_200,26,2024-10-28 00:00:00+00:00,2025-01-05 00:00:00+00:00,4.727394656896397,0.2698412698412698,0.8134920634920635,9.425e-05,1.0,trend,1.7663083870191034,0.0,1.0628057172746808,0.34523809523809523,0.1388888888888889,0.0001,1.0,chop,0.4916748158880452,0.0
02_btc_ma_20_50_200,27,2025-01-21 00:00:00+00:00,2025-02-16 00:00:00+00:00,2.4318028069373576,0.8015873015873016,0.8809523809523809,0.0001,1.0,chop_high_vol,1.4525034594571693,0.0,1.6997152350159215,0.05952380952380952,0.011904761904761904,3.39e-05,1.0,chop_low_vol,-1.7415591962705164,0.0
02_btc_ma_20_50_200,28,2025-05-22 12:00:00+00:00,2025-06-29 12:00:00+00:00,10.197552105641865,0.2698412698412698,0.8888888888888888,0.0001,1.0,trend,2.0344072243370808,0.0,1.9600252227845276,0.007936507936507936,0.373015873015873,5.36e-05,1.0,chop_low_vol,1.2353261127362127,0.0
02_btc_ma_20_50_200,29,2025-07-08 12:00:00+00:00,2025-08-25 12:00:00+00:00,3.0837681146378877,0.03968253968253968,0.5634920634920635,4.563e-05,1.0,chop_low_vol,1.0872946293964785,0.0,0.7010397090826385,0.8571428571428571,0.9285714285714286,0.0001,1.0,chop_high_vol,-1.5219622710807077,0.0
02_btc_ma_20_50_200,30,2025-09-27 00:00:00+00:00,2025-10-23 12:00:00+00:00,1.614175294099961,0.20238095238095238,0.03571428571428571,-1e-07,1.0,chop_low_vol,-1.9916346843640096,0.0,2.2765514704218677,0.9126984126984127,0.3968253968253968,2.673e-05,1.0,trend_high_vol,-1.6294651514932321,0.0
03_btc_20d_breakout,1,2015-03-01 00:00:00+00:00,2015-03-24 00:00:00+00:00,0.8822266873483252,,,0.0,0.0,chop,,0.0,1.0894981309496894,,,0.0,0.0,chop,-0.03158659076816814,0.0
03_btc_20d_breakout,2,2015-05-03 00:00:00+00:00,2015-05-31 00:00:00+00:00,2.0672813560452723,,,0.0,0.0,chop,-0.28397819390589196,0.0,0.7354992028081092,0.027777777777777776,0.15476190476190477,0.0,0.0,chop_low_vol,-0.4712725712402083,0.0
03_btc_20d_breakout,3,2015-06-16 00:00:00+00:00,2015-08-08 00:00:00+00:00,0.1582465570777925,0.21825396825396826,0.9285714285714286,0.0,0.0,chop_low_vol,3.1017201978010873,0.0,2.3948967270154955,0.4801587301587302,0.9841269841269841,0.0,1.0,chop,0.24579093702966737,0.0
03_btc_20d_breakout,4,2015-09-07 00:00:00+00:00,2015-09-21 00:00:00+00:00,5.824088693450763,0.8412698412698413,0.503968253968254,0.0,0.0,trend_high_vol,-0.7328365469167366,0.0,5.084179963567747,0.1865079365079365,0.4126984126984127,0.0,0.0,trend,-0.9630264989159673,0.0
03_btc_20d_breakout,5,2015-10-05 00:00:00+00:00,2016-01-15 00:00:00+00:00,0.2088850636200789,0.01984126984126984,0.6071428571428571,0.0,0.0,chop_low_vol,-0.016511805205739343,0.0,1.6532717369857344,0.7857142857142857,0.9761904761904762,0.0,1.0,chop_high_vol,-1.0193233841252876,0.0
03_btc_20d_breakout,6,2016-02-14 00:00:00+00:00,2016-05-19 00:00:00+00:00,2.278731191403084,0.15873015873015872,0.7698412698412699,0.0,1.0,chop_low_vol,-1.152366226071581,0.0,3.346503886080704,0.2896825396825397,0.9523809523809523,0.0,1.0,trend,0.04119345661647528,0.0
03_btc_20d_breakout,7,2016-05-27 00:00:00+00:00,2016-07-31 00:00:00+00:00,1.2401839948308497,0.44047619047619047,1.0,0.0,1.0,chop,3.5689997731187453,0.0,1.0110289029283757,0.46825396825396826,0.7142857142857143,0.0,1.0,chop,-1.1248440438817826,0.0
03_btc_20d_breakout,8,2016-09-03 00:00:00+00:00,2017-01-11 00:00:00+00:00,4.875290251108399,0.11507936507936507,0.8571428571428571,0.0,1.0,trend,-0.20730346207460326,0.0,2.464883017060239,1.0,0.9761904761904762,0.0,1.0,chop_high_vol,-0.5381316179957518,0.0
03_btc_20d_breakout,9,2017-01-31 00:00:00+00:00,2017-03-17 00:00:00+00:00,2.8553079865205984,0.7857142857142857,0.8650793650793651,0.0,1.0,chop_high_vol,0.794153304248828,0.0,2.9456565233409924,0.7936507936507936,1.0,0.0,1.0,chop_high_vol,0.2794332700045724,0.0
03_btc_20d_breakout,10,2017-04-06 00:00:00+00:00,2017-07-01 00:00:00+00:00,0.17145600568000102,0.746031746031746,0.9523809523809523,0.0,1.0,chop_high_vol,0.6615210372937067,0.0,3.020728641020116,0.5158730158730159,0.5793650793650794,0.0,1.0,chop,0.4968924012566658,0.0
03_btc_20d_breakout,11,2017-07-20 00:00:00+00:00,2017-09-13 00:00:00+00:00,0.8543288963418015,1.0,0.9841269841269841,0.0,1.0,chop_high_vol,1.455642351920302,0.0,2.771670351341369,0.373015873015873,0.8412698412698413,0.0,1.0,chop,0.2992835070681613,0.0
03_btc_20d_breakout,12,2017-09-30 00:00:00+00:00,2017-12-30 00:00:00+00:00,0.4490495394453668,0.8015873015873016,0.34523809523809523,0.0,1.0,chop_high_vol,0.8724026434741093,0.0,3.033758483756851,0.8095238095238095,0.9365079365079365,0.0,1.0,chop_high_vol,0.4227289385090364,0.0
03_btc_20d_breakout,13,2018-02-19 00:00:00+00:00,2018-03-08 00:00:00+00:00,1.7638075309762211,0.8253968253968254,0.4523809523809524,0.0,1.0,chop_high_vol,-0.2845919851833671,0.0,0.28151240723543164,0.2222222222222222,0.35714285714285715,0.0,1.0,chop_low_vol,-0.6846357357990989,0.0
03_btc_20d_breakout,14,2018-04-15 00:00:00+00:00,2018-05-11 00:00:00+00:00,3.280771730424608,0.3055555555555556,0.11507936507936507,0.0,0.0,chop,-0.3834040817195126,0.0,3.315224111560165,0.0992063492063492,0.6626984126984127,0.0,0.0,chop_low_vol,0.20630905185511741,0.0
03_btc_20d_breakout,15,2018-07-07 00:00:00+00:00,2018-08-06 00:00:00+00:00,3.947270271118564,0.25,0.0992063492063492,0.0,0.0,chop_low_vol,-0.27899448151449846,0.0,1.7703653363502545,0.34523809523809523,0.17063492063492064,0.0,0.0,chop,0.38800911787795456,0.0
03_btc_20d_breakout,16,2018-08-27 00:00:00+00:00,2018-09-08 00:00:00+00:00,2.2385318445425573,0.23412698412698413,0.25,0.0,0.0,chop_low_vol,0.15155969685967674,0.0,0.45264802951519634,0.26587301587301587,0.1865079365079365,0.0,0.0,chop_low_vol,-1.1232621997121741,0.0
03_btc_20d_breakout,17,2018-11-07 00:00:00+00:00,2018-11-14 00:00:00+00:00,2.629837368525051,0.027777777777777776,0.8412698412698413,0.0,0.0,trend,-0.22671385688589193,0.0,2.129912832324466,0.44841269841269843,1.0,0.0,0.0,trend,-4.04012228580504,0.0
03_btc_20d_breakout,18,2019-02-09 00:00:00+00:00,2019-07-14 00:00:00+00:00,4.009797127973382,0.38095238095238093,0.8650793650793651,0.0,0.0,chop,-0.37134685798687544,0.0,3.7592307496784256,1.0,0.6825396825396826,0.0,1.0,chop_high_vol,0.3119670462940923,0.0
03_btc_20d_breakout,19,2019-08-04 00:00:00+00:00,2019-08-28 00:00:00+00:00,0.15597238275936565,0.5317460317460317,0.29365079365079366,0.0,1.0,chop,0.372297435830668,0.0,1.6228881358322822,0.2619047619047619,0.36507936507936506,0.0,1.0,chop_low_vol,-1.8374009372316003,0.0
03_btc_20d_breakout,20,2019-10-25 00:00:00+00:00,2019-11-15 00:00:00+00:00,4.275391683695748,0.6904761904761905,0.9285714285714286,0.0001,0.0,trend,-0.4323946734598822,0.0,0.09595797940827665,0.13095238095238096,0.8055555555555556,0.0001,0.0,chop_low_vol,-0.15083874587865426,0.0
03_btc_20d_breakout,21,2020-01-06 00:00:00+00:00,2020-02-25 00:00:00+00:00,1.3216234797059712,0.7658730158730159,0.8412698412698413,0.0001,0.0,chop_high_vol,-0.4086141189835787,0.0,3.0122785204521114,0.3888888888888889,0.8968253968253969,0.0001,1.0,chop,0.08120685485169933,0.0
03_btc_20d_breakout,22,2020-04-02 00:00:00+00:00,2020-06-19 00:00:00+00:00,4.848825069627527,0.8333333333333334,0.9444444444444444,-0.0001933,0.0,trend_high_vol,-0.8175068592859437,0.0,2.985474074756961,0.15079365079365079,0.027777777777777776,7.624e-05,1.0,chop_low_vol,0.09530899706326953,0.0
03_btc_20d_breakout,23,2020-07-22 00:00:00+00:00,2020-08-25 00:00:00+00:00,0.2678170098263337,0.06746031746031746,0.14682539682539683,0.0001,1.0,chop_low_vol,-0.9265658475844397,1.0,5.9247926074135595,0.25793650793650796,0.5992063492063492,0.0001,1.0,trend,1.0831824616836643,0.0
03_btc_20d_breakout,24,2020-10-10 00:00:00+00:00,2021-01-27 00:00:00+00:00,0.2969521184779173,0.39285714285714285,0.5,0.0001,1.0,chop,0.6220240968627906,0.0,2.95945886443018,0.9523809523809523,0.8412698412698413,0.0001,1.0,chop_high_vol,0.5281094913890075,0.0
03_btc_20d_breakout,25,2021-02-05 00:00:00+00:00,2021-04-19 00:00:00+00:00,3.2582305113281147,0.8253968253968254,0.746031746031746,0.00061936,1.0,chop_high_vol,1.2030924101934901,0.0,3.1351052517640046,0.10714285714285714,0.626984126984127,0.0001,1.0,chop_low_vol,-0.16215196963737416,0.0
03_btc_20d_breakout,26,2021-05-08 00:00:00+00:00,2021-05-15 00:00:00+00:00,0.1847817493732738,0.46825396825396826,0.5912698412698413,0.00017144,1.0,chop,-0.21646434461706252,0.0,2.008333848830989,0.7301587301587301,0.44841269841269843,0.00015069,1.0,chop_high_vol,-3.111583080719209,0.0
03_btc_20d_breakout,27,2021-06-14 00:00:00+00:00,2021-06-21 00:00:00+00:00,4.1775978025820475,0.6150793650793651,0.13095238095238096,0.0001,0.0,chop,-0.6090719547008474,0.0,4.311352657143653,0.7658730158730159,0.4246031746031746,-0.00018437,0.0,chop_high_vol,-1.3256299945407508,0.0
03_btc_20d_breakout,28,2021-07-25 00:00:00+00:00,2021-09-08 00:00:00+00:00,2.618088783471127,0.17857142857142858,0.051587301587301584,-0.00010603,0.0,chop_low_vol,0.5378351402913557,0.0,4.108456274431717,0.4246031746031746,0.7738095238095238,0.00022977,1.0,chop,0.6133388882503887,0.0
03_btc_20d_breakout,29,2021-10-04 00:00:00+00:00,2021-11-18 00:00:00+00:00,0.12503063609909518,0.6150793650793651,0.4801587301587302,0.0001,1.0,chop,1.293421100650925,0.0,2.62788514927595,0.17063492063492064,0.8571428571428571,0.0001,1.0,chop_low_vol,-0.16342868728478246,0.0
03_btc_20d_breakout,30,2021-12-24 00:00:00+00:00,2022-01-04 00:00:00+00:00,4.418279218848659,0.25,0.011904761904761904,4.018e-05,1.0,chop_low_vol,-0.9287512632727175,0.0,5.3643643120183135,0.003968253968253968,0.873015873015873,0.0001,0.0,trend,-1.4196148597828475,0.0
03_btc_20d_breakout,31,2022-02-06 00:00:00+00:00,2022-04-11 00:00:00+00:00,4.460484933196736,0.9404761904761905,0.011904761904761904,0.0001,0.0,chop_high_vol,-0.23216309525500678,0.0,0.9946200619872785,0.20238095238095238,0.8611111111111112,2.43e-06,0.0,chop_low_vol,-0.87804486982108,0.0
03_btc_20d_breakout,32,2022-05-30 00:00:00+00:00,2022-06-11 00:00:00+00:00,6.163829737359547,0.5793650793650794,0.9246031746031746,0.0001,0.0,trend,-0.7941480653675821,0.0,3.889287334165911,0.4007936507936508,0.4523809523809524,3.503e-05,0.0,trend,-1.4341128447979352,0.0
03_btc_20d_breakout,33,2022-07-07 00:00:00+00:00,2022-08-19 00:00:00+00:00,13.961776535994996,0.44841269841269843,0.3333333333333333,8.373e-05,0.0,trend,-0.6476213872352495,0.0,1.333205694327938,0.29365079365079366,0.8809523809523809,0.0001,0.0,chop_low_vol,-0.5090311471906203,0.0
03_btc_20d_breakout,34,2022-09-10 00:00:00+00:00,2022-09-21 00:00:00+00:00,3.5245617487713665,0.48412698412698413,0.8253968253968254,0.0001,0.0,chop,0.08696684646238809,0.0,3.0831657939853683,0.7261904761904762,0.9365079365079365,1.721e-05,0.0,chop_high_vol,-1.7587151945191501,0.0
03_btc_20d_breakout,35,2022-10-04 00:00:00+00:00,2022-11-08 00:00:00+00:00,2.8334375175784112,0.03571428571428571,0.753968253968254,0.0001,0.0,chop_low_vol,-0.42933292602009676,1.0,1.585036200315745,0.5753968253968254,1.0,6.515e-05,0.0,chop,-2.5297433236917817,1.0
03_btc_20d_breakout,36,2022-12-08 00:00:00+00:00,2022-12-19 00:00:00+00:00,4.374849632272029,0.25,0.1388888888888889,-1.492e-05,0.0,trend,-0.8389724220636834,0.0,2.2432192689524344,0.39285714285714285,0.09126984126984126,6.468e-05,0.0,chop,-0.9361903254642917,0.0
03_btc_20d_breakout,37,2023-01-06 00:00:00+00:00,2023-02-09 00:00:00+00:00,4.0770168873728165,0.003968253968253968,0.09126984126984126,7.264e-05,0.0,trend,-1.0419084780412138,0.0,7.309791558967051,0.5833333333333334,0.7896825396825397,0.0001,1.0,trend,0.9784936630410656,0.0
03_btc_20d_breakout,38,2023-02-15 00:00:00+00:00,2023-03-07 00:00:00+00:00,3.337622161794317,0.8095238095238095,0.7857142857142857,8.887e-05,1.0,chop_high_vol,1.7794664847891846,0.0,0.9490938844394701,0.42063492063492064,0.4722222222222222,5.414e-05,1.0,chop,0.34839350158626264,0.0
03_btc_20d_breakout,39,2023-03-14 00:00:00+00:00,2023-04-21 00:00:00+00:00,0.29743622255084917,0.8412698412698413,0.9722222222222222,0.0001,1.0,chop_high_vol,1.1185583257914433,1.0,4.367631329127771,0.46825396825396826,0.49603174603174605,5.898e-05,1.0,chop,0.23309616328729496,0.0
03_btc_20d_breakout,40,2023-05-28 00:00:00+00:00,2023-06-05 00:00:00+00:00,2.3669724672016654,0.07539682539682539,0.23412698412698413,7.362e-05,1.0,chop_low_vol,0.6093249084647309,0.0,1.3792699798687076,0.32936507936507936,0.6309523809523809,0.0001,1.0,chop,-1.7950714476029568,0.0
03_btc_20d_breakout,41,2023-06-20 00:00:00+00:00,2023-07-18 00:00:00+00:00,1.219529408217027,0.6428571428571429,0.7182539682539683,3.69e-05,1.0,chop,1.8382521830954581,0.0,4.1280604686940086,0.07539682539682539,0.32142857142857145,3.983e-05,1.0,trend,0.46534137508689233,0.0
03_btc_20d_breakout,42,2023-10-01 00:00:00+00:00,2024-01-14 00:00:00+00:00,0.16764344966685968,0.25,0.21031746031746032,2.95e-06,0.0,chop_low_vol,1.4413418436425902,0.0,2.16293380034581,1.0,0.5238095238095238,0.0001,1.0,chop_high_vol,-0.038936243960899036,0.0
03_btc_20d_breakout,43,2024-02-07 00:00:00+00:00,2024-04-13 00:00:00+00:00,0.9347837576512018,0.18253968253968253,0.5714285714285714,7.527e-05,1.0,chop_low_vol,0.9779348299986163,0.0,2.140021321077485,0.5634920634920635,0.9047619047619048,0.0001,1.0,chop,-1.0042107052369804,0.0
03_btc_20d_breakout,44,2024-05-15 00:00:00+00:00,2024-06-11 00:00:00+00:00,1.2121867396136878,0.6904761904761905,0.7261904761904762,0.0001,1.0,chop,-0.37623291615530113,0.0,4.039139433477077,0.01984126984126984,0.6666666666666666,0.0001,1.0,trend,0.8849148965750904,0.0
03_btc_20d_breakout,45,2024-07-15 00:00:00+00:00,2024-08-03 00:00:00+00:00,2.6041313168752227,0.4880952380952381,0.7420634920634921,4.59e-05,1.0,trend,-0.3717060175319479,0.0,1.1928666772583878,0.4801587301587302,0.6111111111111112,0.0001,0.0,chop,-1.1193708450165534,0.0
03_btc_20d_breakout,46,2024-08-23 00:00:00+00:00,2024-09-01 00:00:00+00:00,1.2653118590697896,1.0,0.9166666666666666,-3.329e-05,1.0,chop_high_vol,0.05440583921656279,0.0,1.4329956705017863,0.43253968253968256,0.29365079365079366,4.113e-05,0.0,chop,-1.331982794438422,0.0
03_btc_20d_breakout,47,2024-09-18 00:00:00+00:00,2024-10-09 00:00:00+00:00,0.4604462726643094,0.36904761904761907,0.8809523809523809,1.344e-05,0.0,chop,-0.27229810151450523,0.0,1.356767479302356,0.17063492063492064,0.4246031746031746,0.0001,0.0,chop_low_vol,-0.5060601084821371,0.0
03_btc_20d_breakout,48,2024-10-14 00:00:00+00:00,2024-12-22 00:00:00+00:00,1.242989994308788,0.373015873015873,0.9523809523809523,5.429e-05,1.0,chop,1.514651734916437,0.0,4.139333474018489,0.5833333333333334,0.6111111111111112,0.0001,1.0,chop,0.5750704160914638,0.0
03_btc_20d_breakout,49,2025-01-17 00:00:00+00:00,2025-02-05 00:00:00+00:00,1.0420641706456075,0.5833333333333334,0.7936507936507936,4.598e-05,1.0,chop,1.1640578354975906,0.0,0.9084563793520236,0.5476190476190477,0.5,4.138e-05,1.0,chop,-2.5774891603601726,0.0
03_btc_20d_breakout,50,2025-04-21 00:00:00+00:00,2025-06-05 00:00:00+00:00,0.1720053067041906,0.7619047619047619,0.49603174603174605,5.232e-05,0.0,chop_high_vol,-1.2336595207033934,0.0,4.39729008358063,0.12301587301587301,0.8333333333333334,9.62e-06,1.0,trend,0.2919628482087724,0.0
03_btc_20d_breakout,51,2025-07-02 00:00:00+00:00,2025-07-31 00:00:00+00:00,1.7093248387027244,0.027777777777777776,0.8293650793650794,1.109e-05,1.0,chop_low_vol,0.7193236960102543,0.0,7.037316666286231,0.011904761904761904,0.8571428571428571,5.694e-05,1.0,trend,1.1312190139783787,0.0
03_btc_20d_breakout,52,2025-08-12 00:00:00+00:00,2025-08-21 00:00:00+00:00,2.4946707119096887,0.0992063492063492,0.9047619047619048,0.0001,1.0,chop_low_vol,1.3024845319880356,0.0,0.348871811623392,0.4880952380952381,0.6746031746031746,4.936e-05,1.0,chop,-0.3723852999877325,0.0
03_btc_20d_breakout,53,2025-09-12 00:00:00+00:00,2025-09-25 00:00:00+00:00,1.0553875903854975,0.21825396825396826,0.4880952380952381,3.326e-05,1.0,chop_low_vol,-1.1306116216723179,0.0,0.08713524663859964,0.20238095238095238,0.8888888888888888,-2.2e-06,1.0,chop_low_vol,-2.105752123627653,0.0
03_btc_20d_breakout,54,2025-10-01 00:00:00+00:00,2025-10-16 00:00:00+00:00,0.20579752265412662,0.5555555555555556,0.8174603174603174,3.355e-05,1.0,chop,-0.8691302575613324,0.0,0.4713033971084122,0.9761904761904762,0.9047619047619048,-2.741e-05,1.0,chop_high_vol,-3.453523768937052,1.0
03_btc_20d_breakout,55,2026-01-03 00:00:00+00:00,2026-01-25 00:00:00+00:00,4.418368444913177,0.08333333333333333,0.051587301587301584,4.813e-05,0.0,trend,-0.35930637342400323,0.0,0.7250285868255818,0.4126984126984127,0.19047619047619047,3.901e-05,0.0,chop,-3.07856772536742,1.0
03_btc_20d_breakout,56,2026-03-04 00:00:00+00:00,2026-03-29 00:00:00+00:00,4.613312810236683,0.8333333333333334,0.8650793650793651,1.481e-05,0.0,chop_high_vol,-0.6574091689918322,0.0,1.9619334266046191,0.32936507936507936,0.13095238095238096,-1.73e-06,0.0,chop,0.43483062609616047,0.0
03_btc_20d_breakout,57,2026-04-07 00:00:00+00:00,2026-04-15 12:00:00+00:00,1.5899603903412922,0.38492063492063494,0.5753968253968254,-3.15e-06,0.0,chop,1.5504725902585168,0.0,2.263564778304484,0.36507936507936506,0.42063492063492064,-5.085e-05,0.0,chop,1.164539234126587,0.0
04_btc_20d_zscore_reversal,1,2015-03-24 12:00:00+00:00,2015-04-04 12:00:00+00:00,0.6743051292935845,,,0.0,0.0,chop,-0.04121679479981434,0.0,1.9808767037872712,,,0.0,0.0,chop,0.009980238989500744,0.0
04_btc_20d_zscore_reversal,2,2015-04-13 12:00:00+00:00,2015-04-21 00:00:00+00:00,4.9439325555569615,,,0.0,0.0,chop,-1.6023543399536428,0.0,5.344596763577168,,,0.0,0.0,chop,-0.9297068649468372,0.0
04_btc_20d_zscore_reversal,3,2015-05-31 12:00:00+00:00,2015-06-11 00:00:00+00:00,1.0362467557010961,0.031746031746031744,0.15873015873015872,0.0,0.0,chop_low_vol,-0.4604796314382703,0.0,3.3831300538354117,0.051587301587301584,0.15476190476190477,0.0,0.0,trend,0.0489785638022161,0.0
04_btc_20d_zscore_reversal,4,2015-08-08 12:00:00+00:00,2015-09-04 00:00:00+00:00,1.7019119338299424,0.48412698412698413,0.9841269841269841,0.0,1.0,chop,0.2325266770020156,0.0,6.600272164754779,0.9444444444444444,0.5,0.0,0.0,trend_high_vol,-1.1529335729439563,0.0
04_btc_20d_zscore_reversal,5,2016-01-15 12:00:00+00:00,2016-01-20 00:00:00+00:00,0.725499553242288,0.7857142857142857,0.9761904761904762,0.0,1.0,chop_high_vol,-1.0350392325961446,0.0,1.211101979713583,0.8968253968253969,0.9365079365079365,0.0,1.0,chop_high_vol,-0.02756237752340848,0.0
04_btc_20d_zscore_reversal,6,2016-05-19 12:00:00+00:00,2016-05-26 00:00:00+00:00,2.8258528098440325,0.29365079365079366,0.9523809523809523,0.0,1.0,chop_low_vol,0.024195896220592893,0.0,0.9146869009222711,0.23412698412698413,0.5357142857142857,0.0,1.0,chop_low_vol,2.0768089123616584,0.0
04_btc_20d_zscore_reversal,7,2016-07-31 12:00:00+00:00,2016-08-20 00:00:00+00:00,0.44056072659941037,0.46825396825396826,0.7142857142857143,0.0,1.0,chop,-1.140156816797372,0.0,10.318650912171332,0.42857142857142855,0.07936507936507936,0.0,1.0,trend,-1.2557142725101347,0.0
04_btc_20d_zscore_reversal,8,2017-01-11 12:00:00+00:00,2017-01-17 00:00:00+00:00,1.9191964611842418,1.0,0.9761904761904762,0.0,1.0,chop_high_vol,-0.5539874737861826,0.0,0.18005557749758982,1.0,0.8571428571428571,0.0,1.0,chop_high_vol,0.44882303352004166,0.0
04_btc_20d_zscore_reversal,9,2017-03-17 12:00:00+00:00,2017-03-31 00:00:00+00:00,2.576936866649729,0.7936507936507936,1.0,0.0,1.0,chop_high_vol,0.2648896607894786,0.0,1.5600810825805105,0.8333333333333334,0.9523809523809523,0.0,1.0,chop_high_vol,-0.32972099110196235,0.0
04_btc_20d_zscore_reversal,10,2017-07-10 12:00:00+00:00,2017-07-20 00:00:00+00:00,1.1923098852458829,0.24603174603174602,0.6984126984126984,0.0,1.0,chop_low_vol,0.1439238671469344,0.0,0.8543288963418015,1.0,0.9841269841269841,0.0,1.0,chop_high_vol,1.455642351920302,0.0
04_btc_20d_zscore_reversal,11,2017-09-13 12:00:00+00:00,2017-09-25 00:00:00+00:00,2.3873754475517517,0.373015873015873,0.8412698412698413,0.0,1.0,chop,0.28391218499716986,0.0,0.8387234404611511,0.8253968253968254,0.4166666666666667,0.0,1.0,chop_high_vol,0.1344956876404507,0.0
04_btc_20d_zscore_reversal,12,2018-01-16 12:00:00+00:00,2018-02-14 00:00:00+00:00,0.7566990362439489,0.7857142857142857,0.9603174603174603,0.0,1.0,chop_high_vol,-0.7081006819840684,0.0,4.568207750637356,0.8333333333333334,0.49206349206349204,0.0,1.0,chop_high_vol,-1.0692805309179352,1.0
04_btc_20d_zscore_reversal,13,2018-03-10 12:00:00+00:00,2018-04-12 00:00:00+00:00,1.6521374968651075,0.11904761904761904,0.16666666666666666,0.0,0.0,chop_low_vol,-0.9960777138024366,0.0,5.70728527709503,0.28174603174603174,0.5357142857142857,0.0,0.0,trend,-0.7073238352749167,0.0
04_btc_20d_zscore_reversal,14,2018-05-11 12:00:00+00:00,2018-06-03 00:00:00+00:00,2.817389526495374,0.10317460317460317,0.6666666666666666,0.0,0.0,chop_low_vol,0.21303673331716372,0.0,5.848009020404934,0.011904761904761904,0.10714285714285714,0.0,0.0,trend,-0.43384482931218027,0.0
04_btc_20d_zscore_reversal,15,2018-06-10 12:00:00+00:00,2018-06-30 00:00:00+00:00,5.50049169987052,0.21428571428571427,0.373015873015873,0.0,0.0,trend,-2.168144953657798,0.0,7.320911352409879,0.3134920634920635,0.19444444444444445,0.0,0.0,trend,-1.02101246000994,0.0
04_btc_20d_zscore_reversal,16,2018-08-08 12:00:00+00:00,2018-08-23 00:00:00+00:00,0.7592979768885216,0.5079365079365079,0.5396825396825397,0.0,0.0,chop,-0.5494838097291849,0.0,4.1685403760238895,0.4246031746031746,0.07539682539682539,0.0,0.0,chop,-0.11211817677971489,0.0
04_btc_20d_zscore_reversal,17,2018-10-11 12:00:00+00:00,2018-10-15 00:00:00+00:00,1.636611885318617,0.03968253968253968,0.8888888888888888,0.0,0.0,chop_low_vol,-1.957494084207505,1.0,2.41179265596414,0.1388888888888889,1.0,0.0,0.0,chop_low_vol,-0.6015910412560603,0.0
04_btc_20d_zscore_reversal,18,2018-11-14 12:00:00+00:00,2018-12-18 00:00:00+00:00,2.9780992045620343,0.4523809523809524,1.0,0.0,0.0,trend,-3.762257574179395,0.0,10.616224085526406,0.7857142857142857,0.8888888888888888,0.0,0.0,trend_high_vol,-1.1329346753650107,0.0
04_btc_20d_zscore_reversal,19,2019-01-13 12:00:00+00:00,2019-02-08 00:00:00+00:00,3.2034614441904075,0.5952380952380952,0.5634920634920635,0.0,0.0,chop,-0.9883783072987103,0.0,4.9610386457478395,0.3888888888888889,0.9841269841269841,0.0,0.0,chop,-0.3894612736131892,0.0
04_btc_20d_zscore_reversal,20,2019-07-16 12:00:00+00:00,2019-07-31 00:00:00+00:00,1.8173644253259986,1.0,0.7380952380952381,0.0,1.0,chop_high_vol,-0.3205919035857343,0.0,2.159271697126732,0.6428571428571429,0.3333333333333333,0.0,1.0,chop,-0.13003494554001968,0.0
04_btc_20d_zscore_reversal,21,2019-09-23 12:00:00+00:00,2019-10-09 00:00:00+00:00,2.7014834822287317,0.015873015873015872,0.18253968253968253,0.0001,1.0,trend,-1.4045959638605772,0.0,9.663899473526026,0.45634920634920634,0.6547619047619048,0.0001,0.0,trend,-1.2150316654680462,0.0
04_btc_20d_zscore_reversal,22,2019-10-23 12:00:00+00:00,2019-10-25 00:00:00+00:00,7.936874124455057,0.19047619047619047,0.7857142857142857,0.0001,0.0,trend,-1.7876416131037902,0.0,4.275391683695748,0.6904761904761905,0.9285714285714286,0.0001,0.0,trend,-0.4323946734598822,0.0
04_btc_20d_zscore_reversal,23,2019-11-15 12:00:00+00:00,2019-12-06 00:00:00+00:00,0.23395531692342014,0.1349206349206349,0.8095238095238095,0.0001,0.0,chop_low_vol,-0.13527171717165684,0.0,6.159170912456785,0.376984126984127,0.5555555555555556,7.761e-05,0.0,trend,-0.9688004168664467,0.0
04_btc_20d_zscore_reversal,24,2019-12-16 12:00:00+00:00,2019-12-18 00:00:00+00:00,10.065080062304613,0.1746031746031746,0.7222222222222222,-0.00010782,0.0,trend,-1.6318493282343849,0.0,5.607394925972457,0.5753968253968254,0.9682539682539683,-1.606e-05,0.0,trend,-1.0275475761592394,0.0
04_btc_20d_zscore_reversal,25,2020-02-25 12:00:00+00:00,2020-03-23 12:00:00+00:00,2.713567294066326,0.3888888888888889,0.8968253968253969,0.00027363,1.0,chop,0.06806308300253111,0.0,4.777880063816232,1.0,0.9285714285714286,-0.00016295,0.0,trend_high_vol,-1.2886377082039024,1.0
04_btc_20d_zscore_reversal,26,2020-09-03 12:00:00+00:00,2020-09-15 00:00:00+00:00,1.029961090226869,0.5396825396825397,0.7698412698412699,0.00016828,1.0,chop,-0.7324849465455362,0.0,2.2306394490662975,0.623015873015873,0.7896825396825397,-0.0002227,1.0,chop,-0.363258470261872,0.0
04_btc_20d_zscore_reversal,27,2021-04-22 12:00:00+00:00,2021-04-30 00:00:00+00:00,0.23687252917433188,0.16666666666666666,0.7936507936507936,0.0001,1.0,chop_low_vol,-1.0790863760738878,0.0,1.1022824928713455,0.4444444444444444,0.2857142857142857,0.0001,1.0,chop,0.20638951518152318,0.0
04_btc_20d_zscore_reversal,28,2021-05-15 12:00:00+00:00,2021-06-03 00:00:00+00:00,2.3559846606483443,0.7301587301587301,0.4523809523809524,0.00010123,1.0,chop_high_vol,-2.9670613811078868,0.0,7.05973040246769,0.9126984126984127,0.03571428571428571,0.0001,0.0,trend_high_vol,-1.2449150389654733,0.0
04_btc_20d_zscore_reversal,29,2021-06-21 12:00:00+00:00,2021-06-29 00:00:00+00:00,4.595769711884682,0.7698412698412699,0.42857142857142855,0.0001,0.0,trend_high_vol,-1.3023795991172635,0.0,3.928637135404328,0.7023809523809523,0.12301587301587301,0.0001,0.0,chop_high_vol,-0.41725515916969314,0.0
04_btc_20d_zscore_reversal,30,2021-07-16 12:00:00+00:00,2021-07-23 00:00:00+00:00,5.749272276767937,0.15873015873015872,0.047619047619047616,6.105e-05,0.0,trend,-1.8700956058593041,0.0,4.488958147517043,0.1865079365079365,0.06746031746031746,1.374e-05,0.0,trend,-0.34194587286743705,0.0
04_btc_20d_zscore_reversal,31,2021-09-20 12:00:00+00:00,2021-10-01 00:00:00+00:00,0.3618777337607924,0.5714285714285714,0.8412698412698413,0.0001,0.0,chop,-0.3221126986698532,0.0,1.1947647833480712,0.6547619047619048,0.876984126984127,9.235e-05,1.0,chop,0.9691008196294173,0.0
04_btc_20d_zscore_reversal,32,2021-11-18 12:00:00+00:00,2021-12-21 00:00:00+00:00,2.108581614444577,0.1746031746031746,0.8571428571428571,0.0001,1.0,chop_low_vol,-0.1716382891729075,0.0,5.968816641141721,0.7063492063492064,0.0992063492063492,0.0001,1.0,trend_high_vol,-1.2792628941081066,0.0
04_btc_20d_zscore_reversal,33,2022-01-05 12:00:00+00:00,2022-02-01 00:00:00+00:00,5.45526928041082,0.03968253968253968,0.6349206349206349,0.0001,0.0,trend,-1.838035599788721,0.0,7.782518935137531,0.26587301587301587,0.04365079365079365,-5.648e-05,0.0,trend,-1.1786689623718707,0.0
04_btc_20d_zscore_reversal,34,2022-04-11 12:00:00+00:00,2022-05-04 00:00:00+00:00,0.4392715619183156,0.20634920634920634,0.8650793650793651,0.0001,0.0,chop_low_vol,-0.8632854329627097,0.0,3.1873307128379897,0.26587301587301587,0.9047619047619048,0.0001,0.0,trend,-0.047431991377066426,0.0
04_btc_20d_zscore_reversal,35,2022-05-05 12:00:00+00:00,2022-05-29 12:00:00+00:00,3.12959441878424,0.5634920634920635,0.9761904761904762,0.0001,0.0,trend,-1.2937523372904687,0.0,7.691754289251168,0.5476190476190477,0.1349206349206349,0.0001,0.0,trend,-1.3405201408986764,0.0
04_btc_20d_zscore_reversal,36,2022-06-12 12:00:00+00:00,2022-07-04 00:00:00+00:00,4.4833249785733305,0.46825396825396826,0.8015873015873016,5.63e-06,0.0,trend,-1.820748788879563,0.0,16.693459062564372,0.5436507936507936,0.1865079365079365,7.251e-05,0.0,trend,-1.2963940128165037,0.0
04_btc_20d_zscore_reversal,37,2022-08-19 12:00:00+00:00,2022-09-09 00:00:00+00:00,0.6564220240904681,0.29365079365079366,0.8809523809523809,2.108e-05,0.0,chop_low_vol,-0.5191017588328866,0.0,4.487192310075716,0.49206349206349204,0.9285714285714286,5.667e-05,0.0,trend,-0.10687712616382669,0.0
04_btc_20d_zscore_reversal,38,2022-11-08 12:00:00+00:00,2022-11-30 00:00:00+00:00,1.052008319560305,0.5793650793650794,1.0,-7.88e-06,0.0,chop,-2.450376857998482,1.0,8.39944878145425,0.25793650793650796,0.4166666666666667,4.171e-05,0.0,trend,-0.9316777136808297,0.0
04_btc_20d_zscore_reversal,39,2023-02-09 12:00:00+00:00,2023-02-15 00:00:00+00:00,6.800502069064518,0.5873015873015873,0.7936507936507936,0.0001,1.0,trend,0.9626841492423983,0.0,3.337622161794317,0.8095238095238095,0.7857142857142857,8.887e-05,1.0,chop_high_vol,1.7794664847891846,0.0
04_btc_20d_zscore_reversal,40,2023-03-09 12:00:00+00:00,2023-03-13 00:00:00+00:00,1.4764192306092934,0.48412698412698413,0.8015873015873016,0.0001,1.0,chop,-0.8309795324491358,0.0,1.0959465449909238,0.8412698412698413,0.9563492063492064,-4.068e-05,1.0,chop_high_vol,0.7200064354683977,1.0
04_btc_20d_zscore_reversal,41,2023-06-05 12:00:00+00:00,2023-06-06 00:00:00+00:00,1.6614728882862257,0.3333333333333333,0.6349206349206349,9.538e-05,1.0,chop,-1.759455548113693,0.0,1.2314175156070604,0.5515873015873016,0.6388888888888888,-7.157e-05,1.0,chop,-0.41082861356409484,0.0
04_btc_20d_zscore_reversal,42,2023-06-14 12:00:00+00:00,2023-06-17 00:00:00+00:00,2.9727843953582798,0.5634920634920635,0.29365079365079366,2.716e-05,1.0,trend,-2.130761775192011,0.0,2.3279572419774768,0.47619047619047616,0.11507936507936507,9.868e-05,1.0,chop,-0.6058610361221083,0.0
04_btc_20d_zscore_reversal,43,2023-07-24 12:00:00+00:00,2023-08-01 00:00:00+00:00,1.5959841628127802,0.1349206349206349,0.5714285714285714,4.338e-05,1.0,chop_low_vol,0.13057348557990384,0.0,0.5455813304905882,0.14682539682539683,0.753968253968254,6.3e-05,1.0,chop_low_vol,0.4017832102247002,0.0
04_btc_20d_zscore_reversal,44,2023-08-16 12:00:00+00:00,2023-08-29 00:00:00+00:00,1.7546721623507893,0.031746031746031744,0.6111111111111112,0.0001,1.0,chop_low_vol,-0.42910027584303145,0.0,5.375468877763423,0.7023809523809523,0.9761904761904762,8.24e-06,1.0,trend_high_vol,-0.9681165664434669,0.0
04_btc_20d_zscore_reversal,45,2024-04-13 12:00:00+00:00,2024-04-22 00:00:00+00:00,1.786748069924828,0.5634920634920635,0.9047619047619048,0.0001,1.0,chop,-1.024741805368482,0.0,0.5477263381369236,0.46825396825396826,0.5,4.409e-05,1.0,chop,-0.4694055731197383,0.0
04_btc_20d_zscore_reversal,46,2024-05-01 12:00:00+00:00,2024-05-03 12:00:00+00:00,3.1243048109992286,0.46825396825396826,0.8492063492063492,8.946e-05,1.0,chop,-2.1640285968923396,0.0,2.7369445963195513,0.5079365079365079,0.5396825396825397,-3.764e-05,1.0,chop,-0.9966222800409398,0.0
04_btc_20d_zscore_reversal,47,2024-06-24 12:00:00+00:00,2024-07-13 00:00:00+00:00,3.7607338454256274,0.12698412698412698,0.7777777777777778,0.0001,1.0,trend,-1.7151856193401511,0.0,4.89518017327718,0.32936507936507936,0.10714285714285714,8.319e-05,1.0,trend,-1.5947247058076472,0.0
04_btc_20d_zscore_reversal,48,2024-08-03 12:00:00+00:00,2024-08-17 12:00:00+00:00,0.7397353970953972,0.48412698412698413,0.6111111111111112,9.788e-05,0.0,chop,-1.1035073263493704,0.0,1.7708214872712067,0.9920634920634921,0.05555555555555555,4.177e-05,0.0,chop_high_vol,-1.1980368014445142,0.0
04_btc_20d_zscore_reversal,49,2024-09-06 12:00:00+00:00,2024-09-12 00:00:00+00:00,3.4893465357823676,0.5873015873015873,0.9841269841269841,-1e-08,0.0,trend,-2.0075590843507913,0.0,3.1291721124807435,0.2976190476190476,0.7222222222222222,-1.951e-05,0.0,trend,-1.095980605280147,0.0
04_btc_20d_zscore_reversal,50,2025-02-04 12:00:00+00:00,2025-02-20 00:00:00+00:00,1.1662350725185273,0.5476190476190477,0.7698412698412699,6.8e-05,1.0,chop,-2.106521066973495,0.0,2.5886075876070986,0.003968253968253968,0.19444444444444445,2.42e-05,1.0,chop_low_vol,-1.3800873494828014,0.0
04_btc_20d_zscore_reversal,51,2025-02-24 12:00:00+00:00,2025-03-02 00:00:00+00:00,2.4283813261043217,0.015873015873015872,0.36507936507936506,6.881e-05,1.0,chop_low_vol,-2.5063091595959563,0.0,3.940192874512723,0.8412698412698413,0.6111111111111112,-1.094e-05,1.0,trend_high_vol,-0.6497644083615685,0.0
04_btc_20d_zscore_reversal,52,2025-04-06 12:00:00+00:00,2025-04-11 00:00:00+00:00,3.686805996954132,0.6746031746031746,0.373015873015873,5.363e-05,0.0,trend,-1.6403663848686993,0.0,2.333179609390963,0.8412698412698413,0.43253968253968256,6.775e-05,0.0,chop_high_vol,-1.4643351936250433,1.0
04_btc_20d_zscore_reversal,53,2025-06-05 12:00:00+00:00,2025-06-09 00:00:00+00:00,3.9375917789322226,0.12698412698412698,0.8333333333333334,2.871e-05,1.0,trend,0.28014022503828717,0.0,3.005913787195011,0.3611111111111111,0.8214285714285714,-2.164e-05,1.0,chop,1.1652624745148235,0.0
04_btc_20d_zscore_reversal,54,2025-07-31 12:00:00+00:00,2025-08-07 00:00:00+00:00,6.606349584531721,0.015873015873015872,0.8571428571428571,0.0001,1.0,trend,1.112924140760955,0.0,1.7371303078513802,0.06746031746031746,0.7857142857142857,8.288e-05,1.0,chop_low_vol,0.6839354517155378,0.0
04_btc_20d_zscore_reversal,55,2025-08-25 12:00:00+00:00,2025-09-07 00:00:00+00:00,0.7010397090826385,0.8571428571428571,0.9285714285714286,0.0001,1.0,chop_high_vol,-1.5219622710807077,0.0,3.006620056763277,0.7182539682539683,0.015873015873015872,1.97e-05,1.0,trend_high_vol,-2.170538207950037,0.0
04_btc_20d_zscore_reversal,56,2025-09-25 12:00:00+00:00,2025-09-29 00:00:00+00:00,0.5950361177686667,0.20634920634920634,0.8888888888888888,1.73e-05,1.0,chop_low_vol,-2.0580645218864286,0.0,1.159447197358701,0.3134920634920635,0.6428571428571429,2.312e-05,1.0,chop,-1.3652378557359177,0.0
04_btc_20d_zscore_reversal,57,2025-11-04 12:00:00+00:00,2025-12-02 00:00:00+00:00,3.1614963864838206,0.7698412698412699,0.9841269841269841,5.808e-05,0.0,trend_high_vol,-1.6890205491573338,0.0,6.23458370966698,1.0,0.8015873015873016,1.491e-05,0.0,trend_high_vol,-1.2657370908699788,0.0
04_btc_20d_zscore_reversal,58,2025-12-15 12:00:00+00:00,2025-12-30 00:00:00+00:00,4.276797079558255,0.7063492063492064,0.1746031746031746,-8.93e-06,0.0,trend_high_vol,-1.5634752656891118,0.0,6.239597557616716,0.13095238095238096,0.1388888888888889,4.826e-05,0.0,trend,-0.8587620292493152,0.0
04_btc_20d_zscore_reversal,59,2026-01-31 12:00:00+00:00,2026-02-25 00:00:00+00:00,3.4535510660843807,0.9444444444444444,0.7142857142857143,3.548e-05,0.0,chop_high_vol,-2.4004225048990717,0.0,9.974395825015506,0.8412698412698413,0.5833333333333334,-1.82e-06,0.0,trend_high_vol,-1.4155256388009434,0.0
05_btc_gold_ratio_mr,1,2015-08-18 12:00:00+00:00,2015-10-01 00:00:00+00:00,3.6566692326112937,1.0,0.9206349206349206,0.0,0.0,trend_high_vol,-2.677163945515388,0.0,1.4478582753463927,0.14285714285714285,0.42857142857142855,0.0,0.0,chop_low_vol,-0.06671871665993323,0.0
05_btc_gold_ratio_mr,2,2016-02-03 12:00:00+00:00,2016-02-21 12:00:00+00:00,4.550419461176438,0.8492063492063492,0.4365079365079365,0.0,1.0,chop_high_vol,-2.0671195965540288,0.0,3.120565772427002,0.12698412698412698,0.8333333333333334,0.0,1.0,chop_low_vol,-0.14036933952573807,0.0
05_btc_gold_ratio_mr,3,2016-08-02 12:00:00+00:00,2016-09-04 00:00:00+00:00,2.670523795528405,0.5634920634920635,0.9920634920634921,0.0,1.0,chop,-3.1045967404359756,0.0,3.0439628561267926,0.1626984126984127,0.5952380952380952,0.0,1.0,chop_low_vol,0.07389857539465024,0.0
05_btc_gold_ratio_mr,4,2018-02-01 12:00:00+00:00,2018-02-20 00:00:00+00:00,6.509098234821398,0.5714285714285714,0.6190476190476191,0.0,1.0,trend,-2.2673173077796513,0.0,1.3712483105673268,0.8253968253968254,0.5793650793650794,0.0,1.0,chop_high_vol,-0.1225770705185961,0.0
05_btc_gold_ratio_mr,5,2018-03-29 12:00:00+00:00,2018-04-20 00:00:00+00:00,7.047929195526951,0.0873015873015873,0.20634920634920634,0.0,0.0,trend,-2.0382272322398713,0.0,0.8187985705575035,0.1388888888888889,0.5436507936507936,0.0,0.0,chop_low_vol,0.12173584764403435,0.0
05_btc_gold_ratio_mr,6,2018-06-12 12:00:00+00:00,2018-07-16 00:00:00+00:00,7.38984656294825,0.20634920634920634,0.12698412698412698,0.0,0.0,trend,-2.2785856143931684,0.0,3.39555248564451,0.21825396825396826,0.3611111111111111,0.0,0.0,chop_low_vol,0.04294933022729946,0.0
05_btc_gold_ratio_mr,7,2018-11-14 12:00:00+00:00,2019-02-18 00:00:00+00:00,2.9780992045620343,0.4523809523809524,1.0,0.0,0.0,trend,-3.762257574179395,0.0,0.08307231706743234,0.42857142857142855,1.0,0.0,0.0,chop,0.6288183508808547,0.0
05_btc_gold_ratio_mr,8,2019-09-24 12:00:00+00:00,2019-10-26 00:00:00+00:00,3.8328027847317063,0.1349206349206349,0.8412698412698413,0.0001,1.0,trend,-3.146303639317794,0.0,2.535459534414135,0.6984126984126984,0.9920634920634921,0.0001,1.0,trend,0.19715294196366326,0.0
05_btc_gold_ratio_mr,9,2019-11-22 12:00:00+00:00,2020-01-07 00:00:00+00:00,5.257853004124877,0.2222222222222222,0.9920634920634921,9.601e-05,0.0,trend,-2.185310504347786,0.0,0.11834085473163848,0.32936507936507936,0.9444444444444444,0.0001,0.0,chop,0.19692232678867028,0.0
05_btc_gold_ratio_mr,10,2020-03-08 12:00:00+00:00,2020-04-23 00:00:00+00:00,2.379813352204106,0.9206349206349206,0.8253968253968254,0.00049747,0.0,chop_high_vol,-2.420971350728597,0.0,0.18335438458271802,0.6984126984126984,0.8015873015873016,-0.0002234,0.0,chop,-0.06495159143611094,0.0
05_btc_gold_ratio_mr,11,2021-05-12 12:00:00+00:00,2021-07-24 00:00:00+00:00,0.43656227527084335,0.6666666666666666,0.8095238095238095,0.00033736,1.0,chop,-2.80307888157126,0.0,3.5572867492999256,0.19444444444444445,0.06746031746031746,-7.246e-05,0.0,chop_low_vol,0.019039105100545364,0.0
05_btc_gold_ratio_mr,12,2021-12-04 12:00:00+00:00,2022-02-07 00:00:00+00:00,3.0682355596626585,0.7222222222222222,0.9920634920634921,6.285e-05,1.0,chop_high_vol,-3.120382864621995,0.0,2.937731131169104,0.9563492063492064,0.3531746031746032,0.0001,0.0,chop_high_vol,0.019641897244998333,0.0
05_btc_gold_ratio_mr,13,2022-05-08 12:00:00+00:00,2022-07-18 00:00:00+00:00,4.261327397553832,0.5952380952380952,0.8968253968253969,0.0001,0.0,trend,-2.2374735417277076,0.0,4.160278328392939,0.4642857142857143,0.8968253968253969,8.709e-05,0.0,chop,-0.03155003033942033,0.0
05_btc_gold_ratio_mr,14,2022-09-06 12:00:00+00:00,2022-09-09 00:00:00+00:00,6.71500417211261,0.373015873015873,0.9285714285714286,3.43e-06,0.0,trend,-2.047596729548072,0.0,4.487192310075716,0.49206349206349204,0.9285714285714286,5.667e-05,0.0,trend,-0.10687712616382669,0.0
05_btc_gold_ratio_mr,15,2022-11-08 12:00:00+00:00,2023-01-11 00:00:00+00:00,1.052008319560305,0.5793650793650794,1.0,-7.88e-06,0.0,chop,-2.450376857998482,1.0,0.8435245034666895,0.027777777777777776,0.26587301587301587,3.129e-05,0.0,chop_low_vol,0.9344891635164878,0.0
05_btc_gold_ratio_mr,16,2023-06-14 12:00:00+00:00,2023-06-20 00:00:00+00:00,2.9727843953582798,0.5634920634920635,0.29365079365079366,2.716e-05,1.0,trend,-2.130761775192011,0.0,1.219529408217027,0.6428571428571429,0.7182539682539683,3.69e-05,1.0,chop,1.8382521830954581,0.0
05_btc_gold_ratio_mr,17,2023-08-19 00:00:00+00:00,2023-09-27 00:00:00+00:00,4.8255676065436,0.5158730158730159,0.19444444444444445,-2.74e-06,0.0,trend,-3.302364128013863,0.0,2.5060406131267983,0.1388888888888889,0.38492063492063494,9.944e-05,0.0,chop_low_vol,-0.07803515056503749,0.0
05_btc_gold_ratio_mr,18,2024-05-01 12:00:00+00:00,2024-05-20 00:00:00+00:00,3.1243048109992286,0.46825396825396826,0.8492063492063492,8.946e-05,1.0,chop,-2.1640285968923396,0.0,0.8948885634551916,0.7222222222222222,0.8015873015873016,5.607e-05,1.0,chop_high_vol,0.5762927885796884,0.0
05_btc_gold_ratio_mr,19,2024-07-04 12:00:00+00:00,2024-07-19 00:00:00+00:00,4.330973324473511,0.20634920634920634,0.753968253968254,0.0001,0.0,trend,-2.7583177305450937,0.0,0.1820819520919924,0.623015873015873,0.7341269841269841,4.029e-05,1.0,chop,0.1937321736611625,0.0
05_btc_gold_ratio_mr,20,2024-08-05 12:00:00+00:00,2024-08-23 00:00:00+00:00,1.8928850380658508,0.6825396825396826,1.0,4.429e-05,0.0,chop,-2.4402879169884373,0.0,1.2653118590697896,1.0,0.9166666666666666,-3.329e-05,1.0,chop_high_vol,0.05440583921656279,0.0
05_btc_gold_ratio_mr,21,2024-09-06 12:00:00+00:00,2024-09-19 00:00:00+00:00,3.4893465357823676,0.5873015873015873,0.9841269841269841,-1e-08,0.0,trend,-2.0075590843507913,0.0,0.09806200601825646,0.376984126984127,0.9285714285714286,3.512e-05,0.0,chop,-0.057251470486502185,0.0
05_btc_gold_ratio_mr,22,2025-02-04 12:00:00+00:00,2025-04-23 00:00:00+00:00,1.1662350725185273,0.5476190476190477,0.7698412698412699,6.8e-05,1.0,chop,-2.106521066973495,0.0,1.4058179680177039,0.8333333333333334,0.5119047619047619,-1.389e-05,1.0,chop_high_vol,0.37990819222337097,0.0
05_btc_gold_ratio_mr,23,2025-08-29 12:00:00+00:00,2026-01-13 00:00:00+00:00,1.8729614217055437,0.9365079365079365,0.8888888888888888,5.856e-05,1.0,chop_high_vol,-2.7032078707196003,0.0,0.7184306799000771,0.3055555555555556,0.48412698412698413,4.65e-05,0.0,chop,-0.14508204023354737,0.0
05_btc_gold_ratio_mr,24,2026-01-20 12:00:00+00:00,2026-03-16 00:00:00+00:00,1.3986069363398066,0.4603174603174603,0.4523809523809524,6.626e-05,0.0,chop,-2.747470412020385,1.0,0.7550843968844246,0.7619047619047619,0.6706349206349206,2.513e-05,0.0,chop_high_vol,0.07897005960386023,0.0
06_btc_momentum_plus_gold_regime,1,2015-07-20 12:00:00+00:00,2015-08-16 12:00:00+00:00,3.776823870035956,0.7857142857142857,0.5952380952380952,0.0,1.0,trend_high_vol,1.7871254401583776,0.0,2.252290624890446,0.42857142857142855,0.8253968253968254,0.0,1.0,chop,-0.29615142999027677,0.0
06_btc_momentum_plus_gold_regime,2,2015-10-28 12:00:00+00:00,2016-01-19 12:00:00+00:00,6.0933546583101,0.5158730158730159,0.9444444444444444,0.0,1.0,trend,3.226033950267048,0.0,1.8561879874685354,0.7857142857142857,0.5476190476190477,0.0,1.0,chop_high_vol,-0.8187981612667674,0.0
06_btc_momentum_plus_gold_regime,3,2016-02-24 12:00:00+00:00,2016-03-31 00:00:00+00:00,3.409780408715133,0.07142857142857142,0.6587301587301587,0.0,1.0,chop_low_vol,-0.48425505031679217,0.0,1.107652927744597,0.03571428571428571,0.45634920634920634,0.0,1.0,chop_low_vol,0.24028651513863325,0.0
06_btc_momentum_plus_gold_regime,4,2016-04-11 00:00:00+00:00,2016-07-25 00:00:00+00:00,2.5527229264507785,0.003968253968253968,0.28174603174603174,0.0,1.0,trend,-0.14889532795938779,0.0,2.576053714964938,0.5396825396825397,0.5634920634920635,0.0,1.0,chop,0.11494354715313161,0.0
06_btc_momentum_plus_gold_regime,5,2016-09-13 12:00:00+00:00,2017-01-26 00:00:00+00:00,2.1731338570640695,0.2619047619047619,0.5396825396825397,0.0,1.0,chop_low_vol,0.278773084773114,0.0,1.4739277646472728,0.8333333333333334,0.7777777777777778,0.0,1.0,chop_high_vol,0.5115417289779471,0.0
06_btc_momentum_plus_gold_regime,6,2017-02-01 12:00:00+00:00,2017-03-27 00:00:00+00:00,4.045027594106465,0.7777777777777778,0.8253968253968254,0.0,1.0,chop_high_vol,0.9704393046783877,0.0,1.7485406120135674,0.8968253968253969,0.9126984126984127,0.0,1.0,chop_high_vol,-0.584308258196967,0.0
06_btc_momentum_plus_gold_regime,7,2017-04-17 12:00:00+00:00,2017-07-12 00:00:00+00:00,5.327464274151295,0.16666666666666666,0.6746031746031746,0.0,1.0,trend,0.1717765656960959,0.0,0.151114928027467,0.2777777777777778,0.6904761904761905,0.0,1.0,chop_low_vol,0.14119004344023572,0.0
06_btc_momentum_plus_gold_regime,8,2017-08-02 12:00:00+00:00,2017-09-22 12:00:00+00:00,1.6964887776465227,0.9841269841269841,0.5873015873015873,0.0,1.0,chop_high_vol,0.4233259249377533,0.0,1.0478983489007339,0.8333333333333334,0.31746031746031744,0.0,1.0,chop_high_vol,-0.19484879412666875,0.0
06_btc_momentum_plus_gold_regime,9,2017-10-11 00:00:00+00:00,2018-01-16 00:00:00+00:00,6.288265634414592,0.0992063492063492,0.38492063492063494,0.0,1.0,trend,1.7440666641857367,0.0,0.28547952134136234,0.7857142857142857,0.9603174603174603,0.0,1.0,chop_high_vol,-0.6851811669022285,0.0
06_btc_momentum_plus_gold_regime,10,2018-03-04 00:00:00+00:00,2018-03-21 00:00:00+00:00,0.630213226963391,0.2777777777777778,0.24603174603174602,0.0,1.0,chop_low_vol,0.26024242712402157,0.0,4.540755787713086,0.03571428571428571,0.15873015873015872,0.0,0.0,trend,-0.6294956908372523,0.0
06_btc_momentum_plus_gold_regime,11,2019-04-24 00:00:00+00:00,2019-07-29 12:00:00+00:00,10.007358641908878,0.23412698412698413,0.9682539682539683,0.0,1.0,trend,1.6720727865947462,0.0,1.7625431738555897,0.6587301587301587,0.18253968253968253,0.0,1.0,chop,-0.5509020045864207,0.0
06_btc_momentum_plus_gold_regime,12,2019-08-17 12:00:00+00:00,2019-08-28 12:00:00+00:00,0.4279921766643234,0.3492063492063492,0.1111111111111111,0.0,1.0,chop,-1.340095385315,0.0,1.8498649899935486,0.2619047619047619,0.36507936507936506,0.0,1.0,chop_low_vol,-1.805137135288692,0.0
06_btc_momentum_plus_gold_regime,13,2020-02-19 00:00:00+00:00,2020-03-06 00:00:00+00:00,4.993013278629373,0.4126984126984127,0.9841269841269841,0.00046396,1.0,chop,0.773425093170678,0.0,1.9292643696874099,0.4801587301587302,0.8412698412698413,0.00019521,1.0,chop,-0.746348233928975,1.0
06_btc_momentum_plus_gold_regime,14,2020-05-21 00:00:00+00:00,2020-06-29 00:00:00+00:00,4.938926136169035,0.5952380952380952,0.5238095238095238,-9.027e-05,1.0,trend,1.0758509448619735,0.0,0.4620533588180488,0.05952380952380952,0.01984126984126984,0.0001,1.0,chop_low_vol,-1.2160658306137022,0.0
06_btc_momentum_plus_gold_regime,15,2020-07-27 00:00:00+00:00,2020-09-09 00:00:00+00:00,2.429205177766145,0.2896825396825397,0.6785714285714286,0.00047138,1.0,chop_low_vol,1.5094091742238063,0.0,2.39644241916065,0.5912698412698413,0.5515873015873016,0.0001,1.0,chop,-0.9321478096315498,0.0
06_btc_momentum_plus_gold_regime,16,2020-10-13 12:00:00+00:00,2021-04-27 12:00:00+00:00,2.7081131912574317,0.18253968253968253,0.5873015873015873,0.0001,1.0,trend,1.2354521712598543,0.0,1.7455654108457452,0.35714285714285715,0.19047619047619047,0.0001,1.0,chop,-0.428154882963281,0.0
06_btc_momentum_plus_gold_regime,17,2021-09-15 12:00:00+00:00,2021-09-23 00:00:00+00:00,1.1648487991179246,0.35714285714285715,0.2857142857142857,0.0001,1.0,chop,0.7262278874497093,0.0,0.779293533385161,0.5912698412698413,0.4722222222222222,0.0001,0.0,chop,0.14635875011404217,0.0
06_btc_momentum_plus_gold_regime,18,2021-10-11 12:00:00+00:00,2021-11-27 12:00:00+00:00,3.8883254268921945,0.6190476190476191,0.8650793650793651,0.0001,1.0,trend,2.8093667744899924,0.0,1.901302895369584,0.36507936507936506,0.2222222222222222,0.0001,1.0,chop,-0.6597064612718684,0.0
06_btc_momentum_plus_gold_regime,19,2023-02-07 00:00:00+00:00,2023-03-10 12:00:00+00:00,9.487055444054613,0.6984126984126984,0.5992063492063492,0.0001,1.0,trend,1.581463195767322,0.0,2.9130210475669314,0.46825396825396826,0.9444444444444444,5.26e-06,1.0,chop,-1.2638378564141617,0.0
06_btc_momentum_plus_gold_regime,20,2023-03-19 12:00:00+00:00,2023-05-08 12:00:00+00:00,2.7109306891244023,0.8809523809523809,0.9285714285714286,0.0001,1.0,chop_high_vol,2.423263128393511,0.0,1.0925747461245845,0.4603174603174603,0.3968253968253968,4.07e-06,1.0,chop,-0.40333902364334234,0.0
06_btc_momentum_plus_gold_regime,21,2023-06-25 00:00:00+00:00,2023-08-03 12:00:00+00:00,3.5139524374598876,0.6468253968253969,0.20238095238095238,0.0001,1.0,trend,2.723374603794241,0.0,0.9236616022575009,0.007936507936507936,0.36507936507936506,0.0001,1.0,chop_low_vol,0.17740691222501295,0.0
06_btc_momentum_plus_gold_regime,22,2023-10-30 00:00:00+00:00,2024-01-24 12:00:00+00:00,8.788910785544706,0.9444444444444444,0.8333333333333334,0.0001,1.0,trend_high_vol,2.273073401893865,0.0,2.0722877098270014,0.9047619047619048,0.6349206349206349,0.0001,1.0,chop_high_vol,-0.8336619999298656,0.0
06_btc_momentum_plus_gold_regime,23,2024-02-11 12:00:00+00:00,2024-04-19 00:00:00+00:00,4.523161157780302,0.11904761904761904,0.4603174603174603,0.0001,1.0,chop_low_vol,2.834954583358615,0.0,0.6309167761574699,0.6904761904761905,0.8809523809523809,-3.334e-05,1.0,chop,-1.3337280434443088,0.0
06_btc_momentum_plus_gold_regime,24,2024-05-25 00:00:00+00:00,2024-06-25 12:00:00+00:00,2.275860089776718,0.5833333333333334,0.07142857142857142,0.0001,1.0,chop,0.8784949476925846,0.0,4.273437779990674,0.1349206349206349,0.46825396825396826,5.949e-05,1.0,trend,-1.061393192806071,0.0
06_btc_momentum_plus_gold_regime,25,2024-07-28 00:00:00+00:00,2024-08-10 12:00:00+00:00,3.2372402653130186,0.25,0.14682539682539683,8.18e-05,1.0,trend,0.6988164376483479,0.0,1.7269948964326052,0.9841269841269841,0.10317460317460317,-1.379e-05,0.0,chop_high_vol,-0.7179218035040882,0.0
06_btc_momentum_plus_gold_regime,26,2024-10-28 00:00:00+00:00,2025-01-05 00:00:00+00:00,4.727394656896397,0.2698412698412698,0.8134920634920635,9.425e-05,1.0,trend,1.7663083870191034,0.0,1.0628057172746808,0.34523809523809523,0.1388888888888889,0.0001,1.0,chop,0.4916748158880452,0.0
06_btc_momentum_plus_gold_regime,27,2025-01-21 00:00:00+00:00,2025-02-16 00:00:00+00:00,2.4318028069373576,0.8015873015873016,0.8809523809523809,0.0001,1.0,chop_high_vol,1.4525034594571693,0.0,1.6997152350159215,0.05952380952380952,0.011904761904761904,3.39e-05,1.0,chop_low_vol,-1.7415591962705164,0.0
06_btc_momentum_plus_gold_regime,28,2025-05-22 12:00:00+00:00,2025-06-29 12:00:00+00:00,10.197552105641865,0.2698412698412698,0.8888888888888888,0.0001,1.0,trend,2.0344072243370808,0.0,1.9600252227845276,0.007936507936507936,0.373015873015873,5.36e-05,1.0,chop_low_vol,1.2353261127362127,0.0
06_btc_momentum_plus_gold_regime,29,2025-07-08 12:00:00+00:00,2025-08-25 12:00:00+00:00,3.0837681146378877,0.03968253968253968,0.5634920634920635,4.563e-05,1.0,chop_low_vol,1.0872946293964785,0.0,0.7010397090826385,0.8571428571428571,0.9285714285714286,0.0001,1.0,chop_high_vol,-1.5219622710807077,0.0
06_btc_momentum_plus_gold_regime,30,2025-09-27 00:00:00+00:00,2025-10-23 12:00:00+00:00,1.614175294099961,0.20238095238095238,0.03571428571428571,-1e-07,1.0,chop_low_vol,-1.9916346843640096,0.0,2.2765514704218677,0.9126984126984127,0.3968253968253968,2.673e-05,1.0,trend_high_vol,-1.6294651514932321,0.0
07_btc_momentum_plus_gold_shock_filter,1,2015-07-20 12:00:00+00:00,2015-08-16 12:00:00+00:00,3.776823870035956,0.7857142857142857,0.5952380952380952,0.0,1.0,trend_high_vol,1.7871254401583776,0.0,2.252290624890446,0.42857142857142855,0.8253968253968254,0.0,1.0,chop,-0.29615142999027677,0.0
07_btc_momentum_plus_gold_shock_filter,2,2015-10-28 12:00:00+00:00,2016-01-19 12:00:00+00:00,6.0933546583101,0.5158730158730159,0.9444444444444444,0.0,1.0,trend,3.226033950267048,0.0,1.8561879874685354,0.7857142857142857,0.5476190476190477,0.0,1.0,chop_high_vol,-0.8187981612667674,0.0
07_btc_momentum_plus_gold_shock_filter,3,2016-02-24 12:00:00+00:00,2016-03-31 00:00:00+00:00,3.409780408715133,0.07142857142857142,0.6587301587301587,0.0,1.0,chop_low_vol,-0.48425505031679217,0.0,1.107652927744597,0.03571428571428571,0.45634920634920634,0.0,1.0,chop_low_vol,0.24028651513863325,0.0
07_btc_momentum_plus_gold_shock_filter,4,2016-04-11 00:00:00+00:00,2016-07-25 00:00:00+00:00,2.5527229264507785,0.003968253968253968,0.28174603174603174,0.0,1.0,trend,-0.14889532795938779,0.0,2.576053714964938,0.5396825396825397,0.5634920634920635,0.0,1.0,chop,0.11494354715313161,0.0
07_btc_momentum_plus_gold_shock_filter,5,2016-09-13 12:00:00+00:00,2017-01-26 00:00:00+00:00,2.1731338570640695,0.2619047619047619,0.5396825396825397,0.0,1.0,chop_low_vol,0.278773084773114,0.0,1.4739277646472728,0.8333333333333334,0.7777777777777778,0.0,1.0,chop_high_vol,0.5115417289779471,0.0
07_btc_momentum_plus_gold_shock_filter,6,2017-02-01 12:00:00+00:00,2017-03-27 00:00:00+00:00,4.045027594106465,0.7777777777777778,0.8253968253968254,0.0,1.0,chop_high_vol,0.9704393046783877,0.0,1.7485406120135674,0.8968253968253969,0.9126984126984127,0.0,1.0,chop_high_vol,-0.584308258196967,0.0
07_btc_momentum_plus_gold_shock_filter,7,2017-04-17 12:00:00+00:00,2017-07-12 00:00:00+00:00,5.327464274151295,0.16666666666666666,0.6746031746031746,0.0,1.0,trend,0.1717765656960959,0.0,0.151114928027467,0.2777777777777778,0.6904761904761905,0.0,1.0,chop_low_vol,0.14119004344023572,0.0
07_btc_momentum_plus_gold_shock_filter,8,2017-08-02 12:00:00+00:00,2017-09-22 12:00:00+00:00,1.6964887776465227,0.9841269841269841,0.5873015873015873,0.0,1.0,chop_high_vol,0.4233259249377533,0.0,1.0478983489007339,0.8333333333333334,0.31746031746031744,0.0,1.0,chop_high_vol,-0.19484879412666875,0.0
07_btc_momentum_plus_gold_shock_filter,9,2017-10-11 00:00:00+00:00,2018-01-16 00:00:00+00:00,6.288265634414592,0.0992063492063492,0.38492063492063494,0.0,1.0,trend,1.7440666641857367,0.0,0.28547952134136234,0.7857142857142857,0.9603174603174603,0.0,1.0,chop_high_vol,-0.6851811669022285,0.0
07_btc_momentum_plus_gold_shock_filter,10,2018-03-04 00:00:00+00:00,2018-03-21 00:00:00+00:00,0.630213226963391,0.2777777777777778,0.24603174603174602,0.0,1.0,chop_low_vol,0.26024242712402157,0.0,4.540755787713086,0.03571428571428571,0.15873015873015872,0.0,0.0,trend,-0.6294956908372523,0.0
07_btc_momentum_plus_gold_shock_filter,11,2019-04-24 00:00:00+00:00,2019-07-29 12:00:00+00:00,10.007358641908878,0.23412698412698413,0.9682539682539683,0.0,1.0,trend,1.6720727865947462,0.0,1.7625431738555897,0.6587301587301587,0.18253968253968253,0.0,1.0,chop,-0.5509020045864207,0.0
07_btc_momentum_plus_gold_shock_filter,12,2019-08-17 12:00:00+00:00,2019-08-28 12:00:00+00:00,0.4279921766643234,0.3492063492063492,0.1111111111111111,0.0,1.0,chop,-1.340095385315,0.0,1.8498649899935486,0.2619047619047619,0.36507936507936506,0.0,1.0,chop_low_vol,-1.805137135288692,0.0
07_btc_momentum_plus_gold_shock_filter,13,2020-02-19 00:00:00+00:00,2020-03-06 00:00:00+00:00,4.993013278629373,0.4126984126984127,0.9841269841269841,0.00046396,1.0,chop,0.773425093170678,0.0,1.9292643696874099,0.4801587301587302,0.8412698412698413,0.00019521,1.0,chop,-0.746348233928975,1.0
07_btc_momentum_plus_gold_shock_filter,14,2020-05-21 00:00:00+00:00,2020-06-29 00:00:00+00:00,4.938926136169035,0.5952380952380952,0.5238095238095238,-9.027e-05,1.0,trend,1.0758509448619735,0.0,0.4620533588180488,0.05952380952380952,0.01984126984126984,0.0001,1.0,chop_low_vol,-1.2160658306137022,0.0
07_btc_momentum_plus_gold_shock_filter,15,2020-07-27 00:00:00+00:00,2020-09-09 00:00:00+00:00,2.429205177766145,0.2896825396825397,0.6785714285714286,0.00047138,1.0,chop_low_vol,1.5094091742238063,0.0,2.39644241916065,0.5912698412698413,0.5515873015873016,0.0001,1.0,chop,-0.9321478096315498,0.0
07_btc_momentum_plus_gold_shock_filter,16,2020-10-13 12:00:00+00:00,2021-04-27 12:00:00+00:00,2.7081131912574317,0.18253968253968253,0.5873015873015873,0.0001,1.0,trend,1.2354521712598543,0.0,1.7455654108457452,0.35714285714285715,0.19047619047619047,0.0001,1.0,chop,-0.428154882963281,0.0
07_btc_momentum_plus_gold_shock_filter,17,2021-09-15 12:00:00+00:00,2021-09-23 00:00:00+00:00,1.1648487991179246,0.35714285714285715,0.2857142857142857,0.0001,1.0,chop,0.7262278874497093,0.0,0.779293533385161,0.5912698412698413,0.4722222222222222,0.0001,0.0,chop,0.14635875011404217,0.0
07_btc_momentum_plus_gold_shock_filter,18,2021-10-11 12:00:00+00:00,2021-11-27 12:00:00+00:00,3.8883254268921945,0.6190476190476191,0.8650793650793651,0.0001,1.0,trend,2.8093667744899924,0.0,1.901302895369584,0.36507936507936506,0.2222222222222222,0.0001,1.0,chop,-0.6597064612718684,0.0
07_btc_momentum_plus_gold_shock_filter,19,2023-02-07 00:00:00+00:00,2023-03-10 12:00:00+00:00,9.487055444054613,0.6984126984126984,0.5992063492063492,0.0001,1.0,trend,1.581463195767322,0.0,2.9130210475669314,0.46825396825396826,0.9444444444444444,5.26e-06,1.0,chop,-1.2638378564141617,0.0
07_btc_momentum_plus_gold_shock_filter,20,2023-03-19 12:00:00+00:00,2023-05-08 12:00:00+00:00,2.7109306891244023,0.8809523809523809,0.9285714285714286,0.0001,1.0,chop_high_vol,2.423263128393511,0.0,1.0925747461245845,0.4603174603174603,0.3968253968253968,4.07e-06,1.0,chop,-0.40333902364334234,0.0
07_btc_momentum_plus_gold_shock_filter,21,2023-06-25 00:00:00+00:00,2023-08-03 12:00:00+00:00,3.5139524374598876,0.6468253968253969,0.20238095238095238,0.0001,1.0,trend,2.723374603794241,0.0,0.9236616022575009,0.007936507936507936,0.36507936507936506,0.0001,1.0,chop_low_vol,0.17740691222501295,0.0
07_btc_momentum_plus_gold_shock_filter,22,2023-10-30 00:00:00+00:00,2024-01-24 12:00:00+00:00,8.788910785544706,0.9444444444444444,0.8333333333333334,0.0001,1.0,trend_high_vol,2.273073401893865,0.0,2.0722877098270014,0.9047619047619048,0.6349206349206349,0.0001,1.0,chop_high_vol,-0.8336619999298656,0.0
07_btc_momentum_plus_gold_shock_filter,23,2024-02-11 12:00:00+00:00,2024-04-19 00:00:00+00:00,4.523161157780302,0.11904761904761904,0.4603174603174603,0.0001,1.0,chop_low_vol,2.834954583358615,0.0,0.6309167761574699,0.6904761904761905,0.8809523809523809,-3.334e-05,1.0,chop,-1.3337280434443088,0.0
07_btc_momentum_plus_gold_shock_filter,24,2024-05-25 00:00:00+00:00,2024-06-25 12:00:00+00:00,2.275860089776718,0.5833333333333334,0.07142857142857142,0.0001,1.0,chop,0.8784949476925846,0.0,4.273437779990674,0.1349206349206349,0.46825396825396826,5.949e-05,1.0,trend,-1.061393192806071,0.0
07_btc_momentum_plus_gold_shock_filter,25,2024-07-28 00:00:00+00:00,2024-08-10 12:00:00+00:00,3.2372402653130186,0.25,0.14682539682539683,8.18e-05,1.0,trend,0.6988164376483479,0.0,1.7269948964326052,0.9841269841269841,0.10317460317460317,-1.379e-05,0.0,chop_high_vol,-0.7179218035040882,0.0
07_btc_momentum_plus_gold_shock_filter,26,2024-10-28 00:00:00+00:00,2025-01-05 00:00:00+00:00,4.727394656896397,0.2698412698412698,0.8134920634920635,9.425e-05,1.0,trend,1.7663083870191034,0.0,1.0628057172746808,0.34523809523809523,0.1388888888888889,0.0001,1.0,chop,0.4916748158880452,0.0
07_btc_momentum_plus_gold_shock_filter,27,2025-01-21 00:00:00+00:00,2025-02-16 00:00:00+00:00,2.4318028069373576,0.8015873015873016,0.8809523809523809,0.0001,1.0,chop_high_vol,1.4525034594571693,0.0,1.6997152350159215,0.05952380952380952,0.011904761904761904,3.39e-05,1.0,chop_low_vol,-1.7415591962705164,0.0
07_btc_momentum_plus_gold_shock_filter,28,2025-05-22 12:00:00+00:00,2025-06-29 12:00:00+00:00,10.197552105641865,0.2698412698412698,0.8888888888888888,0.0001,1.0,trend,2.0344072243370808,0.0,1.9600252227845276,0.007936507936507936,0.373015873015873,5.36e-05,1.0,chop_low_vol,1.2353261127362127,0.0
07_btc_momentum_plus_gold_shock_filter,29,2025-07-08 12:00:00+00:00,2025-08-25 12:00:00+00:00,3.0837681146378877,0.03968253968253968,0.5634920634920635,4.563e-05,1.0,chop_low_vol,1.0872946293964785,0.0,0.7010397090826385,0.8571428571428571,0.9285714285714286,0.0001,1.0,chop_high_vol,-1.5219622710807077,0.0
07_btc_momentum_plus_gold_shock_filter,30,2025-09-27 00:00:00+00:00,2025-10-23 12:00:00+00:00,1.614175294099961,0.20238095238095238,0.03571428571428571,-1e-07,1.0,chop_low_vol,-1.9916346843640096,0.0,2.2765514704218677,0.9126984126984127,0.3968253968253968,2.673e-05,1.0,trend_high_vol,-1.6294651514932321,0.0
08_ratio_mr_plus_beta_corr_stability,1,2015-08-18 12:00:00+00:00,2015-10-01 00:00:00+00:00,3.6566692326112937,1.0,0.9206349206349206,0.0,0.0,trend_high_vol,-2.677163945515388,0.0,1.4478582753463927,0.14285714285714285,0.42857142857142855,0.0,0.0,chop_low_vol,-0.06671871665993323,0.0
08_ratio_mr_plus_beta_corr_stability,2,2016-02-03 12:00:00+00:00,2016-02-21 12:00:00+00:00,4.550419461176438,0.8492063492063492,0.4365079365079365,0.0,1.0,chop_high_vol,-2.0671195965540288,0.0,3.120565772427002,0.12698412698412698,0.8333333333333334,0.0,1.0,chop_low_vol,-0.14036933952573807,0.0
08_ratio_mr_plus_beta_corr_stability,3,2016-08-02 12:00:00+00:00,2016-09-04 00:00:00+00:00,2.670523795528405,0.5634920634920635,0.9920634920634921,0.0,1.0,chop,-3.1045967404359756,0.0,3.0439628561267926,0.1626984126984127,0.5952380952380952,0.0,1.0,chop_low_vol,0.07389857539465024,0.0
08_ratio_mr_plus_beta_corr_stability,4,2018-02-01 12:00:00+00:00,2018-02-20 00:00:00+00:00,6.509098234821398,0.5714285714285714,0.6190476190476191,0.0,1.0,trend,-2.2673173077796513,0.0,1.3712483105673268,0.8253968253968254,0.5793650793650794,0.0,1.0,chop_high_vol,-0.1225770705185961,0.0
08_ratio_mr_plus_beta_corr_stability,5,2018-03-29 12:00:00+00:00,2018-04-20 00:00:00+00:00,7.047929195526951,0.0873015873015873,0.20634920634920634,0.0,0.0,trend,-2.0382272322398713,0.0,0.8187985705575035,0.1388888888888889,0.5436507936507936,0.0,0.0,chop_low_vol,0.12173584764403435,0.0
08_ratio_mr_plus_beta_corr_stability,6,2018-06-12 12:00:00+00:00,2018-07-16 00:00:00+00:00,7.38984656294825,0.20634920634920634,0.12698412698412698,0.0,0.0,trend,-2.2785856143931684,0.0,3.39555248564451,0.21825396825396826,0.3611111111111111,0.0,0.0,chop_low_vol,0.04294933022729946,0.0
08_ratio_mr_plus_beta_corr_stability,7,2018-11-14 12:00:00+00:00,2019-02-18 00:00:00+00:00,2.9780992045620343,0.4523809523809524,1.0,0.0,0.0,trend,-3.762257574179395,0.0,0.08307231706743234,0.42857142857142855,1.0,0.0,0.0,chop,0.6288183508808547,0.0
08_ratio_mr_plus_beta_corr_stability,8,2019-09-24 12:00:00+00:00,2019-10-26 00:00:00+00:00,3.8328027847317063,0.1349206349206349,0.8412698412698413,0.0001,1.0,trend,-3.146303639317794,0.0,2.535459534414135,0.6984126984126984,0.9920634920634921,0.0001,1.0,trend,0.19715294196366326,0.0
08_ratio_mr_plus_beta_corr_stability,9,2019-11-22 12:00:00+00:00,2020-01-07 00:00:00+00:00,5.257853004124877,0.2222222222222222,0.9920634920634921,9.601e-05,0.0,trend,-2.185310504347786,0.0,0.11834085473163848,0.32936507936507936,0.9444444444444444,0.0001,0.0,chop,0.19692232678867028,0.0
08_ratio_mr_plus_beta_corr_stability,10,2020-03-08 12:00:00+00:00,2020-04-23 00:00:00+00:00,2.379813352204106,0.9206349206349206,0.8253968253968254,0.00049747,0.0,chop_high_vol,-2.420971350728597,0.0,0.18335438458271802,0.6984126984126984,0.8015873015873016,-0.0002234,0.0,chop,-0.06495159143611094,0.0
08_ratio_mr_plus_beta_corr_stability,11,2021-05-12 12:00:00+00:00,2021-07-24 00:00:00+00:00,0.43656227527084335,0.6666666666666666,0.8095238095238095,0.00033736,1.0,chop,-2.80307888157126,0.0,3.5572867492999256,0.19444444444444445,0.06746031746031746,-7.246e-05,0.0,chop_low_vol,0.019039105100545364,0.0
08_ratio_mr_plus_beta_corr_stability,12,2021-12-04 12:00:00+00:00,2022-02-07 00:00:00+00:00,3.0682355596626585,0.7222222222222222,0.9920634920634921,6.285e-05,1.0,chop_high_vol,-3.120382864621995,0.0,2.937731131169104,0.9563492063492064,0.3531746031746032,0.0001,0.0,chop_high_vol,0.019641897244998333,0.0
08_ratio_mr_plus_beta_corr_stability,13,2022-05-08 12:00:00+00:00,2022-07-18 00:00:00+00:00,4.261327397553832,0.5952380952380952,0.8968253968253969,0.0001,0.0,trend,-2.2374735417277076,0.0,4.160278328392939,0.4642857142857143,0.8968253968253969,8.709e-05,0.0,chop,-0.03155003033942033,0.0
08_ratio_mr_plus_beta_corr_stability,14,2022-09-06 12:00:00+00:00,2022-09-09 00:00:00+00:00,6.71500417211261,0.373015873015873,0.9285714285714286,3.43e-06,0.0,trend,-2.047596729548072,0.0,4.487192310075716,0.49206349206349204,0.9285714285714286,5.667e-05,0.0,trend,-0.10687712616382669,0.0
08_ratio_mr_plus_beta_corr_stability,15,2022-11-08 12:00:00+00:00,2023-01-11 00:00:00+00:00,1.052008319560305,0.5793650793650794,1.0,-7.88e-06,0.0,chop,-2.450376857998482,1.0,0.8435245034666895,0.027777777777777776,0.26587301587301587,3.129e-05,0.0,chop_low_vol,0.9344891635164878,0.0
08_ratio_mr_plus_beta_corr_stability,16,2023-06-14 12:00:00+00:00,2023-06-20 00:00:00+00:00,2.9727843953582798,0.5634920634920635,0.29365079365079366,2.716e-05,1.0,trend,-2.130761775192011,0.0,1.219529408217027,0.6428571428571429,0.7182539682539683,3.69e-05,1.0,chop,1.8382521830954581,0.0
08_ratio_mr_plus_beta_corr_stability,17,2023-08-19 00:00:00+00:00,2023-09-27 00:00:00+00:00,4.8255676065436,0.5158730158730159,0.19444444444444445,-2.74e-06,0.0,trend,-3.302364128013863,0.0,2.5060406131267983,0.1388888888888889,0.38492063492063494,9.944e-05,0.0,chop_low_vol,-0.07803515056503749,0.0
08_ratio_mr_plus_beta_corr_stability,18,2024-05-01 12:00:00+00:00,2024-05-20 00:00:00+00:00,3.1243048109992286,0.46825396825396826,0.8492063492063492,8.946e-05,1.0,chop,-2.1640285968923396,0.0,0.8948885634551916,0.7222222222222222,0.8015873015873016,5.607e-05,1.0,chop_high_vol,0.5762927885796884,0.0
08_ratio_mr_plus_beta_corr_stability,19,2024-07-04 12:00:00+00:00,2024-07-19 00:00:00+00:00,4.330973324473511,0.20634920634920634,0.753968253968254,0.0001,0.0,trend,-2.7583177305450937,0.0,0.1820819520919924,0.623015873015873,0.7341269841269841,4.029e-05,1.0,chop,0.1937321736611625,0.0
08_ratio_mr_plus_beta_corr_stability,20,2024-08-05 12:00:00+00:00,2024-08-23 00:00:00+00:00,1.8928850380658508,0.6825396825396826,1.0,4.429e-05,0.0,chop,-2.4402879169884373,0.0,1.2653118590697896,1.0,0.9166666666666666,-3.329e-05,1.0,chop_high_vol,0.05440583921656279,0.0
08_ratio_mr_plus_beta_corr_stability,21,2024-09-06 12:00:00+00:00,2024-09-19 00:00:00+00:00,3.4893465357823676,0.5873015873015873,0.9841269841269841,-1e-08,0.0,trend,-2.0075590843507913,0.0,0.09806200601825646,0.376984126984127,0.9285714285714286,3.512e-05,0.0,chop,-0.057251470486502185,0.0
08_ratio_mr_plus_beta_corr_stability,22,2025-02-04 12:00:00+00:00,2025-04-23 00:00:00+00:00,1.1662350725185273,0.5476190476190477,0.7698412698412699,6.8e-05,1.0,chop,-2.106521066973495,0.0,1.4058179680177039,0.8333333333333334,0.5119047619047619,-1.389e-05,1.0,chop_high_vol,0.37990819222337097,0.0
08_ratio_mr_plus_beta_corr_stability,23,2025-08-29 12:00:00+00:00,2026-01-13 00:00:00+00:00,1.8729614217055437,0.9365079365079365,0.8888888888888888,5.856e-05,1.0,chop_high_vol,-2.7032078707196003,0.0,0.7184306799000771,0.3055555555555556,0.48412698412698413,4.65e-05,0.0,chop,-0.14508204023354737,0.0
08_ratio_mr_plus_beta_corr_stability,24,2026-01-20 12:00:00+00:00,2026-03-16 00:00:00+00:00,1.3986069363398066,0.4603174603174603,0.4523809523809524,6.626e-05,0.0,chop,-2.747470412020385,1.0,0.7550843968844246,0.7619047619047619,0.6706349206349206,2.513e-05,0.0,chop_high_vol,0.07897005960386023,0.0
09_residual_spread_stationary_only,1,2016-11-28 00:00:00+00:00,2016-12-22 00:00:00+00:00,5.448677622265101,0.5753968253968254,0.39285714285714285,0.0,1.0,trend,1.4996470717113928,0.0,7.4273959553694935,0.6468253968253969,1.0,0.0,1.0,trend,2.3874562955138248,0.0
09_residual_spread_stationary_only,2,2018-11-14 12:00:00+00:00,2018-11-18 00:00:00+00:00,2.9780992045620343,0.4523809523809524,1.0,0.0,0.0,trend,-3.762257574179395,0.0,6.838892119515386,0.45634920634920634,0.49206349206349204,0.0,0.0,trend,-2.9532110763989854,0.0
09_residual_spread_stationary_only,3,2020-09-03 12:00:00+00:00,2020-09-14 00:00:00+00:00,1.029961090226869,0.5396825396825397,0.7698412698412699,0.00016828,1.0,chop,-0.7324849465455362,0.0,2.440058037560598,0.6150793650793651,0.8611111111111112,0.0001,1.0,chop,-0.475270738356191,0.0
09_residual_spread_stationary_only,4,2021-06-17 12:00:00+00:00,2021-06-23 00:00:00+00:00,3.1588125957738185,0.5873015873015873,0.07142857142857142,0.0001,0.0,chop,-0.5440099208626347,0.0,5.134626066422414,0.7619047619047619,0.24206349206349206,-0.00032806,0.0,trend_high_vol,-0.953004961699363,0.0
09_residual_spread_stationary_only,5,2023-05-03 12:00:00+00:00,2023-05-08 00:00:00+00:00,1.9035118823213488,0.5,0.40476190476190477,5.435e-05,1.0,chop,0.42514732191502325,0.0,1.3594857218523269,0.4603174603174603,0.3968253968253968,7.2e-06,1.0,chop,-0.35824602004414907,0.0
09_residual_spread_stationary_only,6,2024-04-02 12:00:00+00:00,2024-04-08 00:00:00+00:00,3.493404094455188,0.9603174603174603,0.9047619047619048,0.0001,1.0,chop_high_vol,0.21278470825249152,0.0,3.83803846537204,0.7301587301587301,0.7182539682539683,0.0001,1.0,trend_high_vol,0.56499541308368,0.0
10_clean_combo_momo_regime_ratio_overlay,1,2015-07-20 12:00:00+00:00,2015-08-16 12:00:00+00:00,3.776823870035956,0.7857142857142857,0.5952380952380952,0.0,1.0,trend_high_vol,1.7871254401583776,0.0,2.252290624890446,0.42857142857142855,0.8253968253968254,0.0,1.0,chop,-0.29615142999027677,0.0
10_clean_combo_momo_regime_ratio_overlay,2,2015-10-28 12:00:00+00:00,2016-01-19 12:00:00+00:00,6.0933546583101,0.5158730158730159,0.9444444444444444,0.0,1.0,trend,3.226033950267048,0.0,1.8561879874685354,0.7857142857142857,0.5476190476190477,0.0,1.0,chop_high_vol,-0.8187981612667674,0.0
10_clean_combo_momo_regime_ratio_overlay,3,2016-02-24 12:00:00+00:00,2016-03-31 00:00:00+00:00,3.409780408715133,0.07142857142857142,0.6587301587301587,0.0,1.0,chop_low_vol,-0.48425505031679217,0.0,1.107652927744597,0.03571428571428571,0.45634920634920634,0.0,1.0,chop_low_vol,0.24028651513863325,0.0
10_clean_combo_momo_regime_ratio_overlay,4,2016-04-11 00:00:00+00:00,2016-07-25 00:00:00+00:00,2.5527229264507785,0.003968253968253968,0.28174603174603174,0.0,1.0,trend,-0.14889532795938779,0.0,2.576053714964938,0.5396825396825397,0.5634920634920635,0.0,1.0,chop,0.11494354715313161,0.0
10_clean_combo_momo_regime_ratio_overlay,5,2016-09-13 12:00:00+00:00,2017-01-26 00:00:00+00:00,2.1731338570640695,0.2619047619047619,0.5396825396825397,0.0,1.0,chop_low_vol,0.278773084773114,0.0,1.4739277646472728,0.8333333333333334,0.7777777777777778,0.0,1.0,chop_high_vol,0.5115417289779471,0.0
10_clean_combo_momo_regime_ratio_overlay,6,2017-02-01 12:00:00+00:00,2017-03-27 00:00:00+00:00,4.045027594106465,0.7777777777777778,0.8253968253968254,0.0,1.0,chop_high_vol,0.9704393046783877,0.0,1.7485406120135674,0.8968253968253969,0.9126984126984127,0.0,1.0,chop_high_vol,-0.584308258196967,0.0
10_clean_combo_momo_regime_ratio_overlay,7,2017-04-17 12:00:00+00:00,2017-07-12 00:00:00+00:00,5.327464274151295,0.16666666666666666,0.6746031746031746,0.0,1.0,trend,0.1717765656960959,0.0,0.151114928027467,0.2777777777777778,0.6904761904761905,0.0,1.0,chop_low_vol,0.14119004344023572,0.0
10_clean_combo_momo_regime_ratio_overlay,8,2017-08-02 12:00:00+00:00,2017-09-22 12:00:00+00:00,1.6964887776465227,0.9841269841269841,0.5873015873015873,0.0,1.0,chop_high_vol,0.4233259249377533,0.0,1.0478983489007339,0.8333333333333334,0.31746031746031744,0.0,1.0,chop_high_vol,-0.19484879412666875,0.0
10_clean_combo_momo_regime_ratio_overlay,9,2017-10-11 00:00:00+00:00,2018-01-16 00:00:00+00:00,6.288265634414592,0.0992063492063492,0.38492063492063494,0.0,1.0,trend,1.7440666641857367,0.0,0.28547952134136234,0.7857142857142857,0.9603174603174603,0.0,1.0,chop_high_vol,-0.6851811669022285,0.0
10_clean_combo_momo_regime_ratio_overlay,10,2018-03-04 00:00:00+00:00,2018-03-21 00:00:00+00:00,0.630213226963391,0.2777777777777778,0.24603174603174602,0.0,1.0,chop_low_vol,0.26024242712402157,0.0,4.540755787713086,0.03571428571428571,0.15873015873015872,0.0,0.0,trend,-0.6294956908372523,0.0
10_clean_combo_momo_regime_ratio_overlay,11,2019-04-24 00:00:00+00:00,2019-07-29 12:00:00+00:00,10.007358641908878,0.23412698412698413,0.9682539682539683,0.0,1.0,trend,1.6720727865947462,0.0,1.7625431738555897,0.6587301587301587,0.18253968253968253,0.0,1.0,chop,-0.5509020045864207,0.0
10_clean_combo_momo_regime_ratio_overlay,12,2019-08-17 12:00:00+00:00,2019-08-28 12:00:00+00:00,0.4279921766643234,0.3492063492063492,0.1111111111111111,0.0,1.0,chop,-1.340095385315,0.0,1.8498649899935486,0.2619047619047619,0.36507936507936506,0.0,1.0,chop_low_vol,-1.805137135288692,0.0
10_clean_combo_momo_regime_ratio_overlay,13,2020-02-19 00:00:00+00:00,2020-03-06 00:00:00+00:00,4.993013278629373,0.4126984126984127,0.9841269841269841,0.00046396,1.0,chop,0.773425093170678,0.0,1.9292643696874099,0.4801587301587302,0.8412698412698413,0.00019521,1.0,chop,-0.746348233928975,1.0
10_clean_combo_momo_regime_ratio_overlay,14,2020-05-21 00:00:00+00:00,2020-06-29 00:00:00+00:00,4.938926136169035,0.5952380952380952,0.5238095238095238,-9.027e-05,1.0,trend,1.0758509448619735,0.0,0.4620533588180488,0.05952380952380952,0.01984126984126984,0.0001,1.0,chop_low_vol,-1.2160658306137022,0.0
10_clean_combo_momo_regime_ratio_overlay,15,2020-07-27 00:00:00+00:00,2020-09-09 00:00:00+00:00,2.429205177766145,0.2896825396825397,0.6785714285714286,0.00047138,1.0,chop_low_vol,1.5094091742238063,0.0,2.39644241916065,0.5912698412698413,0.5515873015873016,0.0001,1.0,chop,-0.9321478096315498,0.0
10_clean_combo_momo_regime_ratio_overlay,16,2020-10-13 12:00:00+00:00,2021-04-27 12:00:00+00:00,2.7081131912574317,0.18253968253968253,0.5873015873015873,0.0001,1.0,trend,1.2354521712598543,0.0,1.7455654108457452,0.35714285714285715,0.19047619047619047,0.0001,1.0,chop,-0.428154882963281,0.0
10_clean_combo_momo_regime_ratio_overlay,17,2021-09-15 12:00:00+00:00,2021-09-23 00:00:00+00:00,1.1648487991179246,0.35714285714285715,0.2857142857142857,0.0001,1.0,chop,0.7262278874497093,0.0,0.779293533385161,0.5912698412698413,0.4722222222222222,0.0001,0.0,chop,0.14635875011404217,0.0
10_clean_combo_momo_regime_ratio_overlay,18,2021-10-11 12:00:00+00:00,2021-11-27 12:00:00+00:00,3.8883254268921945,0.6190476190476191,0.8650793650793651,0.0001,1.0,trend,2.8093667744899924,0.0,1.901302895369584,0.36507936507936506,0.2222222222222222,0.0001,1.0,chop,-0.6597064612718684,0.0
10_clean_combo_momo_regime_ratio_overlay,19,2023-02-07 00:00:00+00:00,2023-03-10 12:00:00+00:00,9.487055444054613,0.6984126984126984,0.5992063492063492,0.0001,1.0,trend,1.581463195767322,0.0,2.9130210475669314,0.46825396825396826,0.9444444444444444,5.26e-06,1.0,chop,-1.2638378564141617,0.0
10_clean_combo_momo_regime_ratio_overlay,20,2023-03-19 12:00:00+00:00,2023-05-08 12:00:00+00:00,2.7109306891244023,0.8809523809523809,0.9285714285714286,0.0001,1.0,chop_high_vol,2.423263128393511,0.0,1.0925747461245845,0.4603174603174603,0.3968253968253968,4.07e-06,1.0,chop,-0.40333902364334234,0.0
10_clean_combo_momo_regime_ratio_overlay,21,2023-06-25 00:00:00+00:00,2023-08-03 12:00:00+00:00,3.5139524374598876,0.6468253968253969,0.20238095238095238,0.0001,1.0,trend,2.723374603794241,0.0,0.9236616022575009,0.007936507936507936,0.36507936507936506,0.0001,1.0,chop_low_vol,0.17740691222501295,0.0
10_clean_combo_momo_regime_ratio_overlay,22,2023-10-30 00:00:00+00:00,2024-01-24 12:00:00+00:00,8.788910785544706,0.9444444444444444,0.8333333333333334,0.0001,1.0,trend_high_vol,2.273073401893865,0.0,2.0722877098270014,0.9047619047619048,0.6349206349206349,0.0001,1.0,chop_high_vol,-0.8336619999298656,0.0
10_clean_combo_momo_regime_ratio_overlay,23,2024-02-11 12:00:00+00:00,2024-04-19 00:00:00+00:00,4.523161157780302,0.11904761904761904,0.4603174603174603,0.0001,1.0,chop_low_vol,2.834954583358615,0.0,0.6309167761574699,0.6904761904761905,0.8809523809523809,-3.334e-05,1.0,chop,-1.3337280434443088,0.0
10_clean_combo_momo_regime_ratio_overlay,24,2024-05-25 00:00:00+00:00,2024-06-25 12:00:00+00:00,2.275860089776718,0.5833333333333334,0.07142857142857142,0.0001,1.0,chop,0.8784949476925846,0.0,4.273437779990674,0.1349206349206349,0.46825396825396826,5.949e-05,1.0,trend,-1.061393192806071,0.0
10_clean_combo_momo_regime_ratio_overlay,25,2024-07-28 00:00:00+00:00,2024-08-10 12:00:00+00:00,3.2372402653130186,0.25,0.14682539682539683,8.18e-05,1.0,trend,0.6988164376483479,0.0,1.7269948964326052,0.9841269841269841,0.10317460317460317,-1.379e-05,0.0,chop_high_vol,-0.7179218035040882,0.0
10_clean_combo_momo_regime_ratio_overlay,26,2024-10-28 00:00:00+00:00,2025-01-05 00:00:00+00:00,4.727394656896397,0.2698412698412698,0.8134920634920635,9.425e-05,1.0,trend,1.7663083870191034,0.0,1.0628057172746808,0.34523809523809523,0.1388888888888889,0.0001,1.0,chop,0.4916748158880452,0.0
10_clean_combo_momo_regime_ratio_overlay,27,2025-01-21 00:00:00+00:00,2025-02-16 00:00:00+00:00,2.4318028069373576,0.8015873015873016,0.8809523809523809,0.0001,1.0,chop_high_vol,1.4525034594571693,0.0,1.6997152350159215,0.05952380952380952,0.011904761904761904,3.39e-05,1.0,chop_low_vol,-1.7415591962705164,0.0
10_clean_combo_momo_regime_ratio_overlay,28,2025-05-22 12:00:00+00:00,2025-06-29 12:00:00+00:00,10.197552105641865,0.2698412698412698,0.8888888888888888,0.0001,1.0,trend,2.0344072243370808,0.0,1.9600252227845276,0.007936507936507936,0.373015873015873,5.36e-05,1.0,chop_low_vol,1.2353261127362127,0.0
10_clean_combo_momo_regime_ratio_overlay,29,2025-07-08 12:00:00+00:00,2025-08-25 12:00:00+00:00,3.0837681146378877,0.03968253968253968,0.5634920634920635,4.563e-05,1.0,chop_low_vol,1.0872946293964785,0.0,0.7010397090826385,0.8571428571428571,0.9285714285714286,0.0001,1.0,chop_high_vol,-1.5219622710807077,0.0
10_clean_combo_momo_regime_ratio_overlay,30,2025-09-27 00:00:00+00:00,2025-10-23 12:00:00+00:00,1.614175294099961,0.20238095238095238,0.03571428571428571,-1e-07,1.0,chop_low_vol,-1.9916346843640096,0.0,2.2765514704218677,0.9126984126984127,0.3968253968253968,2.673e-05,1.0,trend_high_vol,-1.6294651514932321,0.0
11_vol_expansion_breakout,1,2015-05-03 00:00:00+00:00,2015-05-11 00:00:00+00:00,2.0672813560452723,,,0.0,0.0,chop,-0.28397819390589196,0.0,0.11516250173696194,0.08636363636363636,0.3373015873015873,0.0,0.0,chop_low_vol,-0.038377732288435946,0.0
11_vol_expansion_breakout,2,2015-06-16 00:00:00+00:00,2015-07-25 12:00:00+00:00,0.1582465570777925,0.21825396825396826,0.9285714285714286,0.0,0.0,chop_low_vol,3.1017201978010873,0.0,3.7879154621990065,0.7777777777777778,0.5158730158730159,0.0,1.0,trend_high_vol,1.8986816236563413,0.0
11_vol_expansion_breakout,3,2015-10-16 00:00:00+00:00,2015-11-19 00:00:00+00:00,3.9721967106613922,0.2222222222222222,0.8492063492063492,0.0,1.0,chop_low_vol,2.0203828278061575,0.0,2.818385971304089,0.9444444444444444,0.8055555555555556,0.0,1.0,chop_high_vol,1.0045238807017431,0.0
11_vol_expansion_breakout,4,2015-12-08 00:00:00+00:00,2015-12-10 00:00:00+00:00,4.628773343412746,0.5952380952380952,0.8333333333333334,0.0,1.0,trend,1.6000308737994071,0.0,7.327185753457741,0.5793650793650794,0.7857142857142857,0.0,1.0,trend,1.520713510319146,0.0
11_vol_expansion_breakout,5,2015-12-11 00:00:00+00:00,2015-12-25 00:00:00+00:00,5.9227799286622975,0.6190476190476191,0.9682539682539683,0.0,1.0,trend,1.9143998441630914,0.0,8.58182570236956,0.5119047619047619,0.5634920634920635,0.0,1.0,trend,1.4135680974781306,0.0
11_vol_expansion_breakout,6,2016-04-20 00:00:00+00:00,2016-05-11 00:00:00+00:00,4.29008390696436,0.027777777777777776,0.6944444444444444,0.0,1.0,trend,1.2379977287720223,0.0,4.140863275887698,0.44047619047619047,0.24603174603174602,0.0,1.0,trend,0.829857967494352,0.0
11_vol_expansion_breakout,7,2016-05-27 00:00:00+00:00,2016-06-11 12:00:00+00:00,1.2401839948308497,0.44047619047619047,1.0,0.0,1.0,chop,3.5689997731187453,0.0,10.720392700371848,0.9841269841269841,0.7698412698412699,0.0,1.0,trend_high_vol,2.1410848090643344,0.0
11_vol_expansion_breakout,8,2016-06-12 00:00:00+00:00,2016-07-06 00:00:00+00:00,7.139872053902972,1.0,1.0,0.0,1.0,trend_high_vol,2.9637165001252384,0.0,3.1355150103793026,0.8888888888888888,0.8412698412698413,0.0,1.0,chop_high_vol,0.6698601834860127,0.0
11_vol_expansion_breakout,9,2016-09-04 00:00:00+00:00,2016-09-17 00:00:00+00:00,3.0439628561267926,0.1626984126984127,0.5952380952380952,0.0,1.0,chop_low_vol,0.07389857539465024,0.0,2.649311573380069,0.24206349206349206,0.011904761904761904,0.0,1.0,chop_low_vol,0.49071990139197436,0.0
11_vol_expansion_breakout,10,2016-10-11 00:00:00+00:00,2016-11-15 00:00:00+00:00,3.4858774605946135,0.11507936507936507,0.6706349206349206,0.0,1.0,trend,2.7847978090696808,0.0,4.675314078868423,0.6626984126984127,0.5436507936507936,0.0,1.0,trend,1.77299098542335,0.0
11_vol_expansion_breakout,11,2016-11-16 00:00:00+00:00,2016-11-17 00:00:00+00:00,4.030432626791916,0.7579365079365079,0.9523809523809523,0.0,1.0,chop_high_vol,2.244863403132555,0.0,6.048729816818258,0.7658730158730159,0.8650793650793651,0.0,1.0,trend_high_vol,2.1402856496848743,0.0
11_vol_expansion_breakout,12,2016-12-22 00:00:00+00:00,2017-01-11 00:00:00+00:00,7.4273959553694935,0.6468253968253969,1.0,0.0,1.0,trend,2.3874562955138248,0.0,2.464883017060239,1.0,0.9761904761904762,0.0,1.0,chop_high_vol,-0.5381316179957518,0.0
11_vol_expansion_breakout,13,2017-02-21 00:00:00+00:00,2017-03-17 00:00:00+00:00,5.36772163222086,0.4365079365079365,0.8650793650793651,0.0,1.0,chop,1.5700963960830983,0.0,2.9456565233409924,0.7936507936507936,1.0,0.0,1.0,chop_high_vol,0.2794332700045724,0.0
11_vol_expansion_breakout,14,2017-04-30 00:00:00+00:00,2017-06-10 00:00:00+00:00,7.550767367909384,0.03571428571428571,0.873015873015873,0.0,1.0,trend,1.5942351729924793,0.0,7.0485910433052394,0.8333333333333334,0.9841269841269841,0.0,1.0,trend_high_vol,1.8104666379098682,0.0
11_vol_expansion_breakout,15,2017-07-20 00:00:00+00:00,2017-08-03 00:00:00+00:00,0.8543288963418015,1.0,0.9841269841269841,0.0,1.0,chop_high_vol,1.455642351920302,0.0,2.3522770082485094,0.9603174603174603,0.3888888888888889,0.0,1.0,chop_high_vol,0.9149894986908067,0.0
11_vol_expansion_breakout,16,2017-08-16 00:00:00+00:00,2017-08-19 00:00:00+00:00,5.778267865025995,0.626984126984127,0.9603174603174603,0.0,1.0,trend,2.876165908728913,0.0,8.144698919506522,0.6031746031746031,0.9841269841269841,0.0,1.0,trend,2.088549065465336,0.0
11_vol_expansion_breakout,17,2017-10-20 00:00:00+00:00,2017-10-28 00:00:00+00:00,6.837055956195159,0.27380952380952384,0.8412698412698413,0.0,1.0,trend,2.4072314146806417,0.0,8.621996828005319,0.4246031746031746,0.4365079365079365,0.0,1.0,trend,1.460583053081495,0.0
11_vol_expansion_breakout,18,2017-10-31 00:00:00+00:00,2017-11-29 00:00:00+00:00,6.483522733828537,0.5,0.8095238095238095,0.0,1.0,trend,1.9069539078308462,0.0,7.467310256165113,0.6547619047619048,1.0,0.0,1.0,trend,2.0166817273456354,0.0
11_vol_expansion_breakout,19,2017-12-06 00:00:00+00:00,2017-12-21 00:00:00+00:00,5.783301791337936,0.7658730158730159,1.0,0.0,1.0,trend_high_vol,2.875309337860325,0.0,7.944040078058568,1.0,0.9682539682539683,0.0,1.0,trend_high_vol,1.2894219033550043,0.0
11_vol_expansion_breakout,20,2018-04-15 00:00:00+00:00,2018-04-18 00:00:00+00:00,3.280771730424608,0.3055555555555556,0.11507936507936507,0.0,0.0,chop,-0.3834040817195126,0.0,2.268279359274683,0.11507936507936507,0.3134920634920635,0.0,0.0,chop_low_vol,-0.4649376668369451,0.0
11_vol_expansion_breakout,21,2018-04-24 00:00:00+00:00,2018-05-08 00:00:00+00:00,1.3083628299006436,0.11507936507936507,0.7420634920634921,0.0,0.0,chop_low_vol,0.8184579470907709,0.0,3.7679276882258184,0.04365079365079365,0.49603174603174605,0.0,0.0,trend,0.9889102183801624,0.0
11_vol_expansion_breakout,22,2018-07-17 00:00:00+00:00,2018-08-06 00:00:00+00:00,1.6040521639310161,0.4166666666666667,0.6706349206349206,0.0,0.0,chop,1.2087376325610169,0.0,1.7703653363502545,0.34523809523809523,0.17063492063492064,0.0,0.0,chop,0.38800911787795456,0.0
11_vol_expansion_breakout,23,2019-02-09 00:00:00+00:00,2019-03-09 00:00:00+00:00,4.009797127973382,0.38095238095238093,0.8650793650793651,0.0,0.0,chop,-0.37134685798687544,0.0,2.6054068777610073,0.42857142857142855,1.0,0.0,0.0,chop,1.5509947124596357,0.0
11_vol_expansion_breakout,24,2019-04-02 00:00:00+00:00,2019-04-17 00:00:00+00:00,2.792215458674219,0.6626984126984127,1.0,0.0,1.0,chop,4.0703737355974,0.0,9.222183995992673,0.7976190476190477,0.9126984126984127,0.0,1.0,trend_high_vol,1.9805106029018116,0.0
11_vol_expansion_breakout,25,2019-05-03 00:00:00+00:00,2019-05-28 12:00:00+00:00,5.965405030959124,0.32142857142857145,0.9841269841269841,0.0,1.0,trend,1.6195730031868238,0.0,6.970987166342416,1.0,0.8888888888888888,0.0,1.0,trend_high_vol,1.8833385322657146,0.0
11_vol_expansion_breakout,26,2019-06-21 00:00:00+00:00,2019-07-12 00:00:00+00:00,5.143250319591133,0.6111111111111112,0.7777777777777778,0.0,1.0,chop,1.446760242119621,1.0,4.0029086613155345,0.9920634920634921,0.7301587301587301,0.0,1.0,chop_high_vol,1.4119880908572187,0.0
11_vol_expansion_breakout,27,2019-10-25 00:00:00+00:00,2019-11-08 00:00:00+00:00,4.275391683695748,0.6904761904761905,0.9285714285714286,0.0001,0.0,trend,-0.4323946734598822,0.0,2.4449233139785314,0.7658730158730159,0.873015873015873,0.000125,0.0,trend_high_vol,0.13667142934924004,0.0
11_vol_expansion_breakout,28,2020-01-07 00:00:00+00:00,2020-01-24 00:00:00+00:00,0.11834085473163848,0.32936507936507936,0.9444444444444444,0.0001,0.0,chop,0.19692232678867028,0.0,5.614820437277515,0.5793650793650794,0.7698412698412699,0.00054719,0.0,trend,1.0130667433777407,0.0
11_vol_expansion_breakout,29,2020-02-05 00:00:00+00:00,2020-02-14 00:00:00+00:00,5.594438063355966,0.19444444444444445,0.9603174603174603,0.00038192,1.0,trend,2.094299883450737,0.0,8.673926937330698,0.23412698412698413,0.9682539682539683,0.0006332,1.0,trend,1.780457447259129,0.0
11_vol_expansion_breakout,30,2020-04-29 00:00:00+00:00,2020-05-24 00:00:00+00:00,2.401595518290393,0.753968253968254,0.9920634920634921,0.0001,1.0,chop_high_vol,1.5498456186398273,0.0,4.490396605034573,0.6666666666666666,0.19444444444444445,7.023e-05,1.0,trend,0.6759400264851524,0.0
11_vol_expansion_breakout,31,2020-07-27 00:00:00+00:00,2020-08-15 00:00:00+00:00,2.429205177766145,0.2896825396825397,0.6785714285714286,0.00047138,1.0,chop_low_vol,1.5094091742238063,0.0,6.771313849102674,0.6468253968253969,0.4246031746031746,0.0001,1.0,trend,2.205516626061192,0.0
11_vol_expansion_breakout,32,2020-10-19 00:00:00+00:00,2020-11-22 00:00:00+00:00,3.6253115225369537,0.14682539682539683,0.5595238095238095,0.0001,1.0,trend,1.7049096585270638,0.0,11.236034386675373,0.9761904761904762,0.8571428571428571,0.00059438,1.0,trend_high_vol,1.985103117353832,0.0
11_vol_expansion_breakout,33,2020-11-30 00:00:00+00:00,2020-12-14 00:00:00+00:00,5.687276472697532,1.0,0.9206349206349206,0.0001,1.0,trend_high_vol,1.955474754365718,0.0,5.0642882055762986,0.9126984126984127,0.11507936507936507,0.0001,1.0,trend_high_vol,1.170365314283682,0.0
11_vol_expansion_breakout,34,2020-12-17 00:00:00+00:00,2021-01-26 00:00:00+00:00,4.260729122049474,1.0,1.0,0.0001,1.0,chop_high_vol,1.8410337905939558,1.0,3.123329706885435,0.9603174603174603,0.8253968253968254,0.00042414,1.0,chop_high_vol,0.7942332180482717,0.0
11_vol_expansion_breakout,35,2021-02-08 00:00:00+00:00,2021-02-22 00:00:00+00:00,2.8646590946209547,1.0,0.9841269841269841,0.00059267,1.0,chop_high_vol,1.8592895919103034,0.0,9.245033703062374,0.8650793650793651,0.9761904761904762,0.0012582,1.0,trend_high_vol,1.8140733895648617,0.0
11_vol_expansion_breakout,36,2021-05-08 00:00:00+00:00,2021-05-15 00:00:00+00:00,0.1847817493732738,0.46825396825396826,0.5912698412698413,0.00017144,1.0,chop,-0.21646434461706252,0.0,2.008333848830989,0.7301587301587301,0.44841269841269843,0.00015069,1.0,chop_high_vol,-3.111583080719209,0.0
11_vol_expansion_breakout,37,2021-07-25 00:00:00+00:00,2021-08-18 00:00:00+00:00,2.618088783471127,0.17857142857142858,0.051587301587301584,-0.00010603,0.0,chop_low_vol,0.5378351402913557,0.0,6.1344528447909745,0.2857142857142857,0.28174603174603174,0.0001,0.0,trend,1.4412118415530701,0.0
11_vol_expansion_breakout,38,2021-10-06 00:00:00+00:00,2021-10-14 00:00:00+00:00,1.3797701340003352,0.7579365079365079,0.9523809523809523,1.61e-06,1.0,chop_high_vol,3.4513657094652177,0.0,4.956323904354648,0.4880952380952381,0.6388888888888888,0.0001,1.0,trend,2.10071507261339,0.0
11_vol_expansion_breakout,39,2022-02-07 00:00:00+00:00,2022-02-18 00:00:00+00:00,2.937731131169104,0.9563492063492064,0.3531746031746032,0.0001,0.0,chop_high_vol,0.019641897244998333,0.0,0.4359295795266951,0.9166666666666666,0.20238095238095238,-4.38e-06,0.0,chop_high_vol,-1.0673520899601359,0.0
11_vol_expansion_breakout,40,2022-07-18 00:00:00+00:00,2022-08-01 00:00:00+00:00,4.160278328392939,0.4642857142857143,0.8968253968253969,8.709e-05,0.0,chop,-0.03155003033942033,0.0,1.2556258511823177,0.5555555555555556,0.2976190476190476,6.281e-05,0.0,chop,0.3239706472634395,0.0
11_vol_expansion_breakout,41,2022-09-10 00:00:00+00:00,2022-09-21 00:00:00+00:00,3.5245617487713665,0.48412698412698413,0.8253968253968254,0.0001,0.0,chop,0.08696684646238809,0.0,3.0831657939853683,0.7261904761904762,0.9365079365079365,1.721e-05,0.0,chop_high_vol,-1.7587151945191501,0.0
11_vol_expansion_breakout,42,2022-10-26 00:00:00+00:00,2022-11-08 00:00:00+00:00,0.4303426123414107,0.0992063492063492,1.0,-1.66e-06,0.0,chop_low_vol,2.2571405590598084,0.0,1.585036200315745,0.5753968253968254,1.0,6.515e-05,0.0,chop,-2.5297433236917817,1.0
11_vol_expansion_breakout,43,2023-01-12 00:00:00+00:00,2023-01-28 00:00:00+00:00,1.922073947291252,0.10714285714285714,0.6904761904761905,7.549e-05,0.0,chop_low_vol,2.7077151983786316,0.0,13.307745160917248,0.7579365079365079,0.13095238095238096,0.0001,1.0,trend_high_vol,2.089295994133701,0.0
11_vol_expansion_breakout,44,2023-02-15 00:00:00+00:00,2023-03-01 00:00:00+00:00,3.337622161794317,0.8095238095238095,0.7857142857142857,8.887e-05,1.0,chop_high_vol,1.7794664847891846,0.0,3.618645022990407,0.6507936507936508,0.4880952380952381,5.95e-05,1.0,chop,0.9078247403077268,0.0
11_vol_expansion_breakout,45,2023-03-14 00:00:00+00:00,2023-03-28 00:00:00+00:00,0.29743622255084917,0.8412698412698413,0.9722222222222222,0.0001,1.0,chop_high_vol,1.1185583257914433,1.0,5.199679778768103,0.9325396825396826,0.2896825396825397,-3.96e-06,1.0,trend_high_vol,1.2666980654673548,0.0
11_vol_expansion_breakout,46,2023-05-28 00:00:00+00:00,2023-06-05 00:00:00+00:00,2.3669724672016654,0.07539682539682539,0.23412698412698413,7.362e-05,1.0,chop_low_vol,0.6093249084647309,0.0,1.3792699798687076,0.32936507936507936,0.6309523809523809,0.0001,1.0,chop,-1.7950714476029568,0.0
11_vol_expansion_breakout,47,2023-06-21 00:00:00+00:00,2023-07-02 00:00:00+00:00,0.001564173386460599,0.7301587301587301,0.8968253968253969,6.295e-05,1.0,chop_high_vol,3.3995664758351736,0.0,5.498389258494999,0.4246031746031746,0.08333333333333333,0.0001,1.0,trend,1.969895048760352,0.0
11_vol_expansion_breakout,48,2023-10-01 00:00:00+00:00,2023-11-06 00:00:00+00:00,0.16764344966685968,0.25,0.21031746031746032,2.95e-06,0.0,chop_low_vol,1.4413418436425902,0.0,15.676841552055066,0.8888888888888888,0.5277777777777778,0.0001,1.0,trend_high_vol,1.800110768256418,0.0
11_vol_expansion_breakout,49,2023-11-15 00:00:00+00:00,2023-11-30 00:00:00+00:00,9.02714988165719,0.6825396825396826,0.9523809523809523,0.0001,1.0,trend,1.8787520776783628,0.0,7.111737601541005,0.7380952380952381,0.746031746031746,0.0001,1.0,trend_high_vol,0.883861357219499,0.0
11_vol_expansion_breakout,50,2024-01-08 00:00:00+00:00,2024-01-14 00:00:00+00:00,2.920382402774758,0.7698412698412699,0.9841269841269841,0.0001,1.0,chop_high_vol,2.135305129562807,0.0,2.16293380034581,1.0,0.5238095238095238,0.0001,1.0,chop_high_vol,-0.038936243960899036,0.0
11_vol_expansion_breakout,51,2024-02-12 00:00:00+00:00,2024-02-23 00:00:00+00:00,4.859596199820587,0.15079365079365079,0.8888888888888888,0.0001,1.0,trend,3.478209318141797,0.0,10.520285947607526,0.09126984126984126,0.5119047619047619,0.0001,1.0,trend,1.453139556784945,0.0
11_vol_expansion_breakout,52,2024-02-27 00:00:00+00:00,2024-04-02 00:00:00+00:00,7.351198723706614,0.32142857142857145,0.9920634920634921,0.00032262,1.0,trend,2.449231183019503,0.0,3.7848386970700933,0.9603174603174603,0.9047619047619048,0.00027469,1.0,chop_high_vol,0.22784639222618375,0.0
11_vol_expansion_breakout,53,2024-05-15 00:00:00+00:00,2024-05-29 00:00:00+00:00,1.2121867396136878,0.6904761904761905,0.7261904761904762,0.0001,1.0,chop,-0.37623291615530113,0.0,3.055169982924774,0.5238095238095238,0.42063492063492064,0.0001,1.0,chop,0.5786798217986853,0.0
11_vol_expansion_breakout,54,2024-07-15 00:00:00+00:00,2024-07-21 00:00:00+00:00,2.6041313168752227,0.4880952380952381,0.7420634920634921,4.59e-05,1.0,trend,-0.3717060175319479,0.0,1.3113032923275711,0.5674603174603174,0.4166666666666667,-5.313e-05,1.0,chop,0.49484572933969556,0.0
11_vol_expansion_breakout,55,2024-09-18 00:00:00+00:00,2024-09-22 00:00:00+00:00,0.4604462726643094,0.36904761904761907,0.8809523809523809,1.344e-05,0.0,chop,-0.27229810151450523,0.0,1.8272626862010628,0.2896825396825397,0.21428571428571427,6.285e-05,0.0,chop_low_vol,0.023717464445659163,0.0
11_vol_expansion_breakout,56,2024-10-14 00:00:00+00:00,2024-11-25 00:00:00+00:00,1.242989994308788,0.373015873015873,0.9523809523809523,5.429e-05,1.0,chop,1.514651734916437,0.0,10.449294927025557,0.8650793650793651,0.9365079365079365,0.00021035,1.0,trend_high_vol,1.7108547179698754,0.0
11_vol_expansion_breakout,57,2024-12-15 00:00:00+00:00,2024-12-22 00:00:00+00:00,6.384808137540493,0.36904761904761907,0.753968253968254,0.0001,1.0,trend,1.291079569834062,0.0,4.139333474018489,0.5833333333333334,0.6111111111111112,0.0001,1.0,chop,0.5750704160914638,0.0
11_vol_expansion_breakout,58,2025-01-17 00:00:00+00:00,2025-01-29 00:00:00+00:00,1.0420641706456075,0.5833333333333334,0.7936507936507936,4.598e-05,1.0,chop,1.1640578354975906,0.0,3.0945653496041983,0.31746031746031744,0.5079365079365079,0.0001,1.0,chop,0.4213287388682251,0.0
11_vol_expansion_breakout,59,2025-04-21 00:00:00+00:00,2025-04-23 00:00:00+00:00,0.1720053067041906,0.7619047619047619,0.49603174603174605,5.232e-05,0.0,chop_high_vol,-1.2336595207033934,0.0,1.4058179680177039,0.8333333333333334,0.5119047619047619,-1.389e-05,1.0,chop_high_vol,0.37990819222337097,0.0
11_vol_expansion_breakout,60,2025-05-18 00:00:00+00:00,2025-05-22 00:00:00+00:00,8.019032840986073,0.2261904761904762,0.7063492063492064,6.742e-05,1.0,trend,2.333432470720266,0.0,9.930504429476787,0.26587301587301587,0.8888888888888888,5.119e-05,1.0,trend,2.0883900104872613,0.0
11_vol_expansion_breakout,61,2025-07-02 00:00:00+00:00,2025-07-07 00:00:00+00:00,1.7093248387027244,0.027777777777777776,0.8293650793650794,1.109e-05,1.0,chop_low_vol,0.7193236960102543,0.0,3.10898497568705,0.027777777777777776,0.5992063492063492,2.36e-05,1.0,chop_low_vol,0.6314796649438281,0.0
11_vol_expansion_breakout,62,2025-07-10 00:00:00+00:00,2025-07-21 00:00:00+00:00,2.9252347653185238,0.2896825396825397,1.0,4.253e-05,1.0,chop_low_vol,3.032669167792988,0.0,7.216989976083333,0.027777777777777776,0.8968253968253969,0.0001,1.0,trend,1.2694465233562462,0.0
11_vol_expansion_breakout,63,2025-08-12 00:00:00+00:00,2025-08-21 00:00:00+00:00,2.4946707119096887,0.0992063492063492,0.9047619047619048,0.0001,1.0,chop_low_vol,1.3024845319880356,0.0,0.348871811623392,0.4880952380952381,0.6746031746031746,4.936e-05,1.0,chop,-0.3723852999877325,0.0
11_vol_expansion_breakout,64,2025-10-01 00:00:00+00:00,2025-10-16 00:00:00+00:00,0.20579752265412662,0.5555555555555556,0.8174603174603174,3.355e-05,1.0,chop,-0.8691302575613324,0.0,0.4713033971084122,0.9761904761904762,0.9047619047619048,-2.741e-05,1.0,chop_high_vol,-3.453523768937052,1.0
11_vol_expansion_breakout,65,2026-01-13 00:00:00+00:00,2026-01-25 00:00:00+00:00,0.7184306799000771,0.3055555555555556,0.48412698412698413,4.65e-05,0.0,chop,-0.14508204023354737,0.0,0.7250285868255818,0.4126984126984127,0.19047619047619047,3.901e-05,0.0,chop,-3.07856772536742,1.0
11_vol_expansion_breakout,66,2026-03-15 00:00:00+00:00,2026-03-18 00:00:00+00:00,1.302993043488214,0.753968253968254,0.14682539682539683,-1.883e-05,0.0,chop_high_vol,-0.21912335283874246,0.0,0.021385652699180406,0.7142857142857143,0.503968253968254,-1.26e-05,0.0,chop_high_vol,-0.040376766677130096,0.0
11_vol_expansion_breakout,67,2026-04-13 00:00:00+00:00,2026-04-15 12:00:00+00:00,1.1050074487684705,0.5119047619047619,0.7658730158730159,-3.35e-06,0.0,chop,1.5668301461891634,0.0,2.263564778304484,0.36507936507936506,0.42063492063492064,-5.085e-05,0.0,chop,1.164539234126587,0.0
12_squeeze_compression_expansion,1,2015-02-27 00:00:00+00:00,2015-02-27 12:00:00+00:00,0.2526964456933319,,,0.0,0.0,chop,,0.0,0.03947713744136597,,,0.0,0.0,chop,,0.0
12_squeeze_compression_expansion,2,2015-02-28 00:00:00+00:00,2015-02-28 12:00:00+00:00,0.20047911923532707,,,0.0,0.0,chop,,0.0,0.4244252066410878,,,0.0,0.0,chop,,0.0
12_squeeze_compression_expansion,3,2015-03-01 00:00:00+00:00,2015-03-01 12:00:00+00:00,0.8822266873483252,,,0.0,0.0,chop,,0.0,1.20942436616217,,,0.0,0.0,chop,,0.0
12_squeeze_compression_expansion,4,2015-03-02 00:00:00+00:00,2015-03-02 12:00:00+00:00,1.4291470698223558,,,0.0,0.0,chop,,0.0,1.858722158785213,,,0.0,0.0,chop,1.3426891652050887,0.0
12_squeeze_compression_expansion,5,2015-03-03 00:00:00+00:00,2015-03-03 12:00:00+00:00,2.4398027882306974,,,0.0,0.0,chop,1.5847854140135855,0.0,2.8828411747606086,,,0.0,0.0,chop,1.624939338437075,0.0
12_squeeze_compression_expansion,6,2015-03-10 00:00:00+00:00,2015-03-10 12:00:00+00:00,4.554968873726703,,,0.0,0.0,chop,2.1862268464106003,0.0,4.745583005460311,,,0.0,0.0,chop,2.1670981572302366,0.0
12_squeeze_compression_expansion,7,2015-03-11 00:00:00+00:00,2015-03-11 12:00:00+00:00,4.746590904257373,,,0.0,0.0,chop,2.318626843345042,0.0,4.933716584912496,,,0.0,0.0,chop,2.273513854833931,0.0
12_squeeze_compression_expansion,8,2015-04-03 00:00:00+00:00,2015-04-03 12:00:00+00:00,2.208396363510081,,,0.0,0.0,chop,0.06663535805207234,0.0,2.106902569639369,,,0.0,0.0,chop,0.057191476427409925,0.0
12_squeeze_compression_expansion,9,2015-04-05 00:00:00+00:00,2015-04-05 12:00:00+00:00,1.7327038884497463,,,0.0,0.0,chop,0.2517958286674898,0.0,1.5324986928530517,,,0.0,0.0,chop,0.23909813457792406,0.0
12_squeeze_compression_expansion,10,2015-05-24 00:00:00+00:00,2015-05-24 12:00:00+00:00,0.12147284670270811,0.012195121951219513,0.027777777777777776,0.0,0.0,chop_low_vol,0.2668583746714042,0.0,0.0836263624266436,0.016194331983805668,0.031746031746031744,0.0,0.0,chop_low_vol,0.2734043618743691,0.0
12_squeeze_compression_expansion,11,2015-06-12 00:00:00+00:00,2015-06-12 12:00:00+00:00,3.069664395521268,0.051587301587301584,0.13095238095238096,0.0,0.0,trend,0.11511292790057927,0.0,2.9213815537182835,0.05555555555555555,0.1349206349206349,0.0,0.0,trend,0.10378934546306837,0.0
12_squeeze_compression_expansion,12,2015-06-13 00:00:00+00:00,2015-06-13 12:00:00+00:00,2.74743793923542,0.07539682539682539,0.09126984126984126,0.0,0.0,trend,0.4646633777701845,0.0,2.5054247412579556,0.07936507936507936,0.09523809523809523,0.0,0.0,trend,0.4514239554497278,0.0
12_squeeze_compression_expansion,13,2015-06-14 00:00:00+00:00,2015-06-14 12:00:00+00:00,2.3763567829141845,0.04365079365079365,0.051587301587301584,0.0,0.0,chop_low_vol,0.6198457346475564,0.0,2.104903570489699,0.047619047619047616,0.05555555555555555,0.0,0.0,chop_low_vol,0.6070452215146012,0.0
12_squeeze_compression_expansion,14,2015-06-15 00:00:00+00:00,2015-06-15 12:00:00+00:00,1.9469586743427914,0.08333333333333333,0.4801587301587302,0.0,0.0,chop_low_vol,0.9110142375724621,0.0,1.506311508008029,0.0873015873015873,0.48412698412698413,0.0,0.0,chop_low_vol,0.8960703652339811,0.0
12_squeeze_compression_expansion,15,2015-06-16 00:00:00+00:00,2015-06-26 00:00:00+00:00,0.1582465570777925,0.21825396825396826,0.9285714285714286,0.0,0.0,chop_low_vol,3.1017201978010873,0.0,2.736678707664977,0.25793650793650796,0.15476190476190477,0.0,0.0,trend,1.5543420647452844,0.0
12_squeeze_compression_expansion,16,2015-07-24 00:00:00+00:00,2015-07-24 12:00:00+00:00,3.2758434615614282,0.8531746031746031,0.8968253968253969,0.0,1.0,trend_high_vol,2.0334453313981804,0.0,3.3460695716447124,0.8571428571428571,0.8968253968253969,0.0,1.0,trend_high_vol,1.9820894418591093,0.0
12_squeeze_compression_expansion,17,2015-07-25 00:00:00+00:00,2015-07-25 12:00:00+00:00,3.734886440680028,0.7738095238095238,0.5158730158730159,0.0,1.0,trend_high_vol,1.9460792630713577,0.0,3.7879154621990065,0.7777777777777778,0.5158730158730159,0.0,1.0,trend_high_vol,1.8986816236563413,0.0
12_squeeze_compression_expansion,18,2015-07-26 00:00:00+00:00,2015-07-26 12:00:00+00:00,4.612122920018902,0.7738095238095238,0.26587301587301587,0.0,1.0,trend_high_vol,1.9761999731834405,0.0,4.7199621727552135,0.7777777777777778,0.2698412698412698,0.0,1.0,trend_high_vol,1.927281932952429,0.0
12_squeeze_compression_expansion,19,2015-07-27 00:00:00+00:00,2015-07-27 12:00:00+00:00,6.364734308328402,0.7738095238095238,0.8333333333333334,0.0,1.0,trend_high_vol,1.8217693783756352,0.0,6.476171001632284,0.7777777777777778,0.8333333333333334,0.0,1.0,trend_high_vol,1.7805388019265869,0.0
12_squeeze_compression_expansion,20,2015-07-28 00:00:00+00:00,2015-07-28 12:00:00+00:00,7.0847664263001775,0.7738095238095238,0.6944444444444444,0.0,1.0,trend_high_vol,1.7662529119539643,0.0,7.173431867095898,0.7777777777777778,0.6984126984126984,0.0,1.0,trend_high_vol,1.727670841226339,0.0
12_squeeze_compression_expansion,21,2015-09-05 00:00:00+00:00,2015-09-05 12:00:00+00:00,5.737915204815436,0.9523809523809523,0.47619047619047616,0.0,0.0,trend_high_vol,-0.9469223965779999,0.0,5.472311644903749,0.9523809523809523,0.47619047619047616,0.0,0.0,trend_high_vol,-0.936305976077523,0.0
12_squeeze_compression_expansion,22,2015-09-06 00:00:00+00:00,2015-09-06 12:00:00+00:00,4.810988696745682,0.9761904761904762,0.6746031746031746,0.0,0.0,trend_high_vol,-0.7486767275189002,0.0,4.494805056704712,0.9761904761904762,0.6746031746031746,0.0,0.0,trend_high_vol,-0.7407731975671389,0.0
12_squeeze_compression_expansion,23,2015-09-07 00:00:00+00:00,2015-09-07 12:00:00+00:00,5.824088693450763,0.8412698412698413,0.503968253968254,0.0,0.0,trend_high_vol,-0.7328365469167366,0.0,5.448023677218992,0.8412698412698413,0.5079365079365079,0.0,0.0,trend_high_vol,-0.7252218234144633,0.0
12_squeeze_compression_expansion,24,2015-09-08 00:00:00+00:00,2015-09-08 12:00:00+00:00,6.022312325061446,0.6984126984126984,0.6904761904761905,0.0,0.0,trend,-0.5780408161230907,0.0,5.5079336311608005,0.6984126984126984,0.6904761904761905,0.0,0.0,trend,-0.5688384252604615,0.0
12_squeeze_compression_expansion,25,2015-09-24 00:00:00+00:00,2015-09-24 12:00:00+00:00,4.509238097591441,0.21825396825396826,0.6666666666666666,0.0,0.0,trend,-0.7572199348180843,0.0,4.2420167539935125,0.2222222222222222,0.6666666666666666,0.0,0.0,chop_low_vol,-0.7447177798174536,0.0
12_squeeze_compression_expansion,26,2015-09-25 00:00:00+00:00,2015-09-25 12:00:00+00:00,4.084096246801178,0.17063492063492064,0.5753968253968254,0.0,0.0,chop_low_vol,-0.6435127848969681,0.0,3.819252767863378,0.1746031746031746,0.5793650793650794,0.0,0.0,chop_low_vol,-0.6309899160165124,0.0
12_squeeze_compression_expansion,27,2015-09-28 00:00:00+00:00,2015-10-04 00:00:00+00:00,2.8394709169576426,0.21825396825396826,0.6587301587301587,0.0,0.0,chop_low_vol,-0.26354889632917006,0.0,0.5517162197537308,0.015873015873015872,0.03571428571428571,0.0,0.0,chop_low_vol,-0.1690286985278612,0.0
12_squeeze_compression_expansion,28,2015-10-05 00:00:00+00:00,2015-10-08 00:00:00+00:00,0.2088850636200789,0.01984126984126984,0.6071428571428571,0.0,0.0,chop_low_vol,-0.016511805205739343,0.0,1.477616584626234,0.051587301587301584,0.25396825396825395,0.0,0.0,chop_low_vol,0.14676856898814916,0.0
12_squeeze_compression_expansion,29,2015-10-11 00:00:00+00:00,2015-10-11 12:00:00+00:00,2.3907578702465466,0.027777777777777776,0.16666666666666666,0.0,1.0,chop_low_vol,0.49212802063202105,0.0,2.5996600298224872,0.031746031746031744,0.16666666666666666,0.0,1.0,chop_low_vol,0.524182920757868,0.0
12_squeeze_compression_expansion,30,2015-10-13 00:00:00+00:00,2015-11-11 00:00:00+00:00,3.389293917065898,0.04365079365079365,0.7738095238095238,0.0,1.0,chop_low_vol,0.6853277234885181,0.0,4.67798301004827,1.0,0.9682539682539683,0.0,1.0,trend_high_vol,1.0593603142806978,0.0
12_squeeze_compression_expansion,31,2015-11-26 00:00:00+00:00,2015-11-26 12:00:00+00:00,2.42145803919048,0.7222222222222222,0.9603174603174603,0.0,1.0,chop_high_vol,1.239844893735641,0.0,2.689719745397752,0.7222222222222222,0.9603174603174603,0.0,1.0,chop_high_vol,1.219893510399938,0.0
12_squeeze_compression_expansion,32,2015-11-27 00:00:00+00:00,2015-11-27 12:00:00+00:00,2.8459652877450408,0.7142857142857143,0.8650793650793651,0.0,1.0,chop_high_vol,1.3476430282539809,0.0,3.1068803989461626,0.7142857142857143,0.8650793650793651,0.0,1.0,chop_high_vol,1.3244260598041833,0.0
12_squeeze_compression_expansion,33,2015-11-29 00:00:00+00:00,2015-11-29 12:00:00+00:00,3.851772521828797,0.7142857142857143,0.7301587301587301,0.0,1.0,chop_high_vol,1.4466143053466842,0.0,4.1631359341172764,0.7142857142857143,0.7301587301587301,0.0,1.0,chop_high_vol,1.4212094411383145,0.0
12_squeeze_compression_expansion,34,2015-11-30 00:00:00+00:00,2015-11-30 12:00:00+00:00,4.732882752834157,0.626984126984127,0.9206349206349206,0.0,1.0,trend,1.4324766262948163,0.0,5.055663949241432,0.626984126984127,0.9206349206349206,0.0,1.0,trend,1.4074527650807969,0.0
12_squeeze_compression_expansion,35,2016-01-07 00:00:00+00:00,2016-01-07 12:00:00+00:00,3.4522695882431758,0.5277777777777778,0.8888888888888888,0.0,1.0,chop,0.982951364873692,1.0,3.661223071912448,0.5317460317460317,0.8888888888888888,0.0,1.0,chop,0.9680000718683736,1.0
12_squeeze_compression_expansion,36,2016-02-13 00:00:00+00:00,2016-02-13 12:00:00+00:00,3.348148307891884,0.15873015873015872,0.6984126984126984,0.0,1.0,chop_low_vol,-1.563794682030206,1.0,3.0671310491023314,0.15873015873015872,0.6984126984126984,0.0,1.0,chop_low_vol,-1.5378887314915233,1.0
12_squeeze_compression_expansion,37,2016-02-14 00:00:00+00:00,2016-02-14 12:00:00+00:00,2.278731191403084,0.15873015873015872,0.7698412698412699,0.0,1.0,chop_low_vol,-1.152366226071581,0.0,1.8407206266334788,0.15873015873015872,0.7698412698412699,0.0,1.0,chop_low_vol,-1.1336200019326146,0.0
12_squeeze_compression_expansion,38,2016-02-16 00:00:00+00:00,2016-02-16 12:00:00+00:00,0.8747579231117144,0.18253968253968253,0.746031746031746,0.0,1.0,chop_low_vol,-0.8289786903532185,0.0,0.5859264491996153,0.18253968253968253,0.746031746031746,0.0,1.0,chop_low_vol,-0.8154274787874619,0.0
12_squeeze_compression_expansion,39,2016-02-17 00:00:00+00:00,2016-02-17 12:00:00+00:00,0.18246358655056094,0.1349206349206349,0.8174603174603174,0.0,1.0,chop_low_vol,-0.6191464269427639,0.0,0.14806926382261,0.1349206349206349,0.8174603174603174,0.0,1.0,chop_low_vol,-0.6063420824654855,0.0
12_squeeze_compression_expansion,40,2016-02-18 00:00:00+00:00,2016-02-18 12:00:00+00:00,0.61585165860213,0.1349206349206349,0.7698412698412699,0.0,1.0,chop_low_vol,-0.5728991297133207,0.0,1.0112586334495273,0.1349206349206349,0.7698412698412699,0.0,1.0,chop_low_vol,-0.5605856072391115,0.0
12_squeeze_compression_expansion,41,2016-02-20 00:00:00+00:00,2016-03-01 00:00:00+00:00,1.9920316678765764,0.14285714285714285,0.8571428571428571,0.0,1.0,chop_low_vol,-0.21201944321533062,0.0,5.462707772481555,0.007936507936507936,0.7222222222222222,0.0,1.0,trend,-0.024875312118687213,0.0
12_squeeze_compression_expansion,42,2016-03-27 00:00:00+00:00,2016-03-28 00:00:00+00:00,1.3047967780194571,0.011904761904761904,0.6428571428571429,0.0,1.0,chop_low_vol,1.1566266159766228,0.0,1.819710412393354,0.01984126984126984,0.6031746031746031,0.0,1.0,chop_low_vol,1.0297470800599497,0.0
12_squeeze_compression_expansion,43,2016-04-12 00:00:00+00:00,2016-04-12 12:00:00+00:00,3.3573640817699064,0.011904761904761904,0.6349206349206349,0.0,1.0,trend,-0.07336723628354198,0.0,3.5321563871747204,0.015873015873015872,0.6349206349206349,0.0,1.0,trend,-0.09963109048655897,0.0
12_squeeze_compression_expansion,44,2016-04-15 00:00:00+00:00,2016-04-15 12:00:00+00:00,3.6644733373173444,0.06746031746031746,0.3611111111111111,0.0,1.0,trend,0.9245556037118108,0.0,3.9776925478758467,0.07142857142857142,0.36507936507936506,0.0,1.0,trend,0.9111533995318619,0.0
12_squeeze_compression_expansion,45,2016-04-16 00:00:00+00:00,2016-04-16 12:00:00+00:00,4.705657089517122,0.003968253968253968,0.0992063492063492,0.0,1.0,trend,0.968967271192828,0.0,5.012062315225181,0.007936507936507936,0.10317460317460317,0.0,1.0,trend,0.955259640188768,0.0
12_squeeze_compression_expansion,46,2016-04-19 00:00:00+00:00,2016-05-02 00:00:00+00:00,4.201603409975803,0.011904761904761904,0.3531746031746032,0.0,1.0,trend,0.7698375142192772,0.0,3.4837419762657373,0.39285714285714285,0.9047619047619048,0.0,1.0,trend,0.12768628350469136,0.0
12_squeeze_compression_expansion,47,2016-07-17 00:00:00+00:00,2016-07-17 12:00:00+00:00,2.3395084651758804,0.6190476190476191,0.5555555555555556,0.0,1.0,chop,0.6417899693960014,0.0,2.416106404180838,0.6190476190476191,0.5555555555555556,0.0,1.0,chop,0.6295314508164532,0.0
12_squeeze_compression_expansion,48,2016-09-03 00:00:00+00:00,2016-09-17 00:00:00+00:00,4.875290251108399,0.11507936507936507,0.8571428571428571,0.0,1.0,trend,-0.20730346207460326,0.0,2.649311573380069,0.24206349206349206,0.011904761904761904,0.0,1.0,chop_low_vol,0.49071990139197436,0.0
12_squeeze_compression_expansion,49,2016-09-30 00:00:00+00:00,2016-09-30 12:00:00+00:00,1.3428790283299503,0.01984126984126984,0.15476190476190477,0.0,1.0,chop_low_vol,1.2747564692423157,0.0,1.4618859157013753,0.023809523809523808,0.15873015873015872,0.0,1.0,chop_low_vol,1.2580431580244322,0.0
12_squeeze_compression_expansion,50,2016-10-01 00:00:00+00:00,2016-10-01 12:00:00+00:00,1.5793330215154724,0.003968253968253968,0.17063492063492064,0.0,1.0,chop_low_vol,1.4729743214081916,0.0,1.7815039091332647,0.007936507936507936,0.1746031746031746,0.0,1.0,chop_low_vol,1.486789697521349,0.0
12_squeeze_compression_expansion,51,2016-10-07 00:00:00+00:00,2016-10-07 12:00:00+00:00,3.299953568455006,0.051587301587301584,0.2976190476190476,0.0,1.0,trend,2.5901595077648163,0.0,3.492072374390427,0.05555555555555555,0.30158730158730157,0.0,1.0,trend,2.4982159102778234,0.0
12_squeeze_compression_expansion,52,2016-10-08 00:00:00+00:00,2016-10-08 12:00:00+00:00,3.55033559834572,0.027777777777777776,0.051587301587301584,0.0,1.0,trend,2.495192066318862,0.0,3.7521163806686393,0.031746031746031744,0.05555555555555555,0.0,1.0,trend,2.4121443580788267,0.0
12_squeeze_compression_expansion,53,2016-10-11 00:00:00+00:00,2016-10-21 00:00:00+00:00,3.4858774605946135,0.11507936507936507,0.6706349206349206,0.0,1.0,trend,2.7847978090696808,0.0,5.551566191603423,0.17063492063492064,0.21031746031746032,0.0,1.0,trend,1.3494770052209515,0.0
12_squeeze_compression_expansion,54,2016-10-22 00:00:00+00:00,2016-11-13 00:00:00+00:00,4.085150739978827,0.4007936507936508,0.5595238095238095,0.0,1.0,trend,2.0183118488319267,0.0,4.659848514594911,0.6706349206349206,0.6468253968253969,0.0,1.0,trend,1.295483397717873,0.0
12_squeeze_compression_expansion,55,2016-11-16 00:00:00+00:00,2016-11-16 12:00:00+00:00,4.030432626791916,0.7579365079365079,0.9523809523809523,0.0,1.0,chop_high_vol,2.244863403132555,0.0,4.20770264130221,0.7619047619047619,0.9523809523809523,0.0,1.0,chop_high_vol,2.183460587482055,0.0
12_squeeze_compression_expansion,56,2016-11-18 00:00:00+00:00,2016-11-18 12:00:00+00:00,6.598946553558031,0.6785714285714286,0.7619047619047619,0.0,1.0,trend,2.266948918163384,0.0,6.801522047610599,0.6825396825396826,0.7619047619047619,0.0,1.0,trend,2.2047746667130275,0.0
12_squeeze_compression_expansion,57,2016-11-19 00:00:00+00:00,2016-11-19 12:00:00+00:00,6.977390550582762,0.6706349206349206,0.873015873015873,0.0,1.0,trend,2.147290415029938,0.0,7.111483018424604,0.6746031746031746,0.873015873015873,0.0,1.0,trend,2.092874376450874,0.0
12_squeeze_compression_expansion,58,2016-12-01 00:00:00+00:00,2016-12-01 12:00:00+00:00,6.077456921356967,0.5793650793650794,0.6706349206349206,0.0,1.0,trend,1.8910652275562563,0.0,6.1750058897067674,0.5793650793650794,0.6746031746031746,0.0,1.0,trend,1.859967609104546,0.0
12_squeeze_compression_expansion,59,2016-12-02 00:00:00+00:00,2016-12-02 12:00:00+00:00,5.785907862501311,0.626984126984127,0.9126984126984127,0.0,1.0,trend,2.052564286087558,0.0,6.075998717307116,0.626984126984127,0.9126984126984127,0.0,1.0,trend,2.0147813090484323,0.0
12_squeeze_compression_expansion,60,2016-12-12 00:00:00+00:00,2016-12-12 12:00:00+00:00,6.8147739809844055,0.3134920634920635,0.6349206349206349,0.0,1.0,trend,1.5678447873994872,0.0,6.835357595268241,0.31746031746031744,0.6349206349206349,0.0,1.0,trend,1.5404545055321186,0.0
12_squeeze_compression_expansion,61,2016-12-13 00:00:00+00:00,2016-12-13 12:00:00+00:00,6.824787289624606,0.3134920634920635,0.7103174603174603,0.0,1.0,trend,1.5801514478431264,0.0,6.8190022080777695,0.31746031746031744,0.7142857142857143,0.0,1.0,trend,1.5520576696253243,0.0
12_squeeze_compression_expansion,62,2016-12-14 00:00:00+00:00,2016-12-14 12:00:00+00:00,7.531963721487637,0.2896825396825397,0.623015873015873,0.0,1.0,trend,1.4966100846471568,0.0,7.508865059416308,0.29365079365079366,0.626984126984127,0.0,1.0,trend,1.4716462196549023,0.0
12_squeeze_compression_expansion,63,2016-12-16 00:00:00+00:00,2016-12-16 12:00:00+00:00,9.77305631034922,0.2896825396825397,0.7380952380952381,0.0,1.0,trend,1.6635647227218648,0.0,9.758431677568904,0.29365079365079366,0.7380952380952381,0.0,1.0,trend,1.6347548202636504,0.0
12_squeeze_compression_expansion,64,2016-12-17 00:00:00+00:00,2016-12-17 12:00:00+00:00,9.911346354065126,0.2896825396825397,0.6507936507936508,0.0,1.0,trend,1.6845669996839483,0.0,9.97304258670071,0.29365079365079366,0.6507936507936508,0.0,1.0,trend,1.6568707542556165,0.0
12_squeeze_compression_expansion,65,2016-12-19 00:00:00+00:00,2016-12-19 12:00:00+00:00,13.024613747726509,0.2896825396825397,0.5793650793650794,0.0,1.0,trend,1.5677001293420914,0.0,13.027636745114972,0.29365079365079366,0.5793650793650794,0.0,1.0,trend,1.5481318680259148,0.0
12_squeeze_compression_expansion,66,2016-12-20 00:00:00+00:00,2016-12-20 12:00:00+00:00,12.525682023048562,0.2896825396825397,0.8571428571428571,0.0,1.0,trend,1.7186846780678753,0.0,12.670277292305435,0.29365079365079366,0.8571428571428571,0.0,1.0,trend,1.6963648526659507,0.0
12_squeeze_compression_expansion,67,2016-12-21 00:00:00+00:00,2017-01-06 00:00:00+00:00,8.578675565310698,0.5753968253968254,0.9841269841269841,0.0,1.0,trend,2.094662490029102,0.0,5.446244914494667,1.0,0.9920634920634921,0.0,1.0,chop_high_vol,0.8552358655712677,0.0
12_squeeze_compression_expansion,68,2017-01-31 00:00:00+00:00,2017-01-31 12:00:00+00:00,2.8553079865205984,0.7857142857142857,0.8650793650793651,0.0,1.0,chop_high_vol,0.794153304248828,0.0,3.200832903482776,0.7857142857142857,0.8650793650793651,0.0,1.0,chop_high_vol,0.7803046539848776,0.0
12_squeeze_compression_expansion,69,2017-02-01 00:00:00+00:00,2017-02-01 12:00:00+00:00,3.654771000530696,0.7777777777777778,0.8253968253968254,0.0,1.0,chop_high_vol,0.9863124684147675,0.0,4.045027594106465,0.7777777777777778,0.8253968253968254,0.0,1.0,chop_high_vol,0.9704393046783877,0.0
12_squeeze_compression_expansion,70,2017-02-02 00:00:00+00:00,2017-02-02 12:00:00+00:00,4.260449899519835,0.7698412698412699,0.8095238095238095,0.0,1.0,chop_high_vol,1.0942695300620984,0.0,4.681032446674432,0.7698412698412699,0.8095238095238095,0.0,1.0,chop_high_vol,1.076913610751887,0.0
12_squeeze_compression_expansion,71,2017-02-03 00:00:00+00:00,2017-02-03 12:00:00+00:00,4.772027508411468,0.7619047619047619,0.9206349206349206,0.0,1.0,chop_high_vol,1.2284788895478402,0.0,5.170089831686582,0.7619047619047619,0.9206349206349206,0.0,1.0,chop_high_vol,1.2105223350615495,0.0
12_squeeze_compression_expansion,72,2017-02-04 00:00:00+00:00,2017-02-04 12:00:00+00:00,6.008138324830958,0.7777777777777778,0.8253968253968254,0.0,1.0,trend_high_vol,1.321786116300504,0.0,6.4079941609040265,0.7777777777777778,0.8253968253968254,0.0,1.0,trend_high_vol,1.3014989559708452,0.0
12_squeeze_compression_expansion,73,2017-02-07 00:00:00+00:00,2017-02-07 12:00:00+00:00,7.1052099667985384,0.47619047619047616,0.7936507936507936,0.0,1.0,trend,1.2693714608552167,0.0,7.359737771676441,0.47619047619047616,0.7936507936507936,0.0,1.0,trend,1.2499349781746938,0.0
12_squeeze_compression_expansion,74,2017-02-08 00:00:00+00:00,2017-02-08 12:00:00+00:00,7.881654355473373,0.46825396825396826,0.9206349206349206,0.0,1.0,trend,1.2187770585392486,0.0,8.07176261604463,0.46825396825396826,0.9206349206349206,0.0,1.0,trend,1.2004528408519979,0.0
12_squeeze_compression_expansion,75,2017-02-20 00:00:00+00:00,2017-02-20 12:00:00+00:00,5.269033581119993,0.42063492063492064,0.5634920634920635,0.0,1.0,chop,1.199403051412662,0.0,5.441853159737585,0.42063492063492064,0.5634920634920635,0.0,1.0,chop,1.179491154047264,0.0
12_squeeze_compression_expansion,76,2017-02-21 00:00:00+00:00,2017-02-21 12:00:00+00:00,5.36772163222086,0.4365079365079365,0.8650793650793651,0.0,1.0,chop,1.5700963960830983,0.0,5.652376885803301,0.4365079365079365,0.8650793650793651,0.0,1.0,chop,1.5439568146033844,0.0
12_squeeze_compression_expansion,77,2017-02-22 00:00:00+00:00,2017-02-22 12:00:00+00:00,5.887956829543401,0.42857142857142855,0.6984126984126984,0.0,1.0,chop,1.5933375876866156,0.0,6.1019514210073655,0.42857142857142855,0.6984126984126984,0.0,1.0,trend,1.563033937350239,0.0
12_squeeze_compression_expansion,78,2017-02-23 00:00:00+00:00,2017-03-08 00:00:00+00:00,6.882195683905521,0.48412698412698413,0.873015873015873,0.0,1.0,trend,1.8715968580878393,0.0,7.322427619760939,0.7380952380952381,0.9603174603174603,0.0,1.0,trend_high_vol,1.2247015817760594,0.0
12_squeeze_compression_expansion,79,2017-04-09 00:00:00+00:00,2017-04-09 12:00:00+00:00,1.7964529113525378,0.6190476190476191,0.6825396825396826,0.0,1.0,chop,0.6183452870157458,0.0,1.9930290261771304,0.6190476190476191,0.6825396825396826,0.0,1.0,chop,0.6087588088999568,0.0
12_squeeze_compression_expansion,80,2017-04-11 00:00:00+00:00,2017-04-11 12:00:00+00:00,3.1972150018489396,0.5952380952380952,0.626984126984127,0.0,1.0,chop,0.5818128485547742,0.0,3.41858356641092,0.5952380952380952,0.626984126984127,0.0,1.0,chop,0.5693226102532285,0.0
12_squeeze_compression_expansion,81,2017-04-18 00:00:00+00:00,2017-04-18 12:00:00+00:00,5.2383160326272575,0.1746031746031746,0.6825396825396826,0.0,1.0,trend,0.3259504787933239,0.0,5.3836380483722355,0.1746031746031746,0.6825396825396826,0.0,1.0,trend,0.31615220691917245,0.0
12_squeeze_compression_expansion,82,2017-04-20 00:00:00+00:00,2017-04-20 12:00:00+00:00,7.765891849881019,0.06349206349206349,0.7698412698412699,0.0,1.0,trend,0.5644460293065564,0.0,7.997471138884289,0.06349206349206349,0.7698412698412699,0.0,1.0,trend,0.5529312509090022,0.0
12_squeeze_compression_expansion,83,2017-04-22 00:00:00+00:00,2017-04-22 12:00:00+00:00,7.813051071459536,0.047619047619047616,0.6349206349206349,0.0,1.0,trend,0.5016348227302204,0.0,7.929174086753024,0.047619047619047616,0.6349206349206349,0.0,1.0,trend,0.4948518259254196,0.0
12_squeeze_compression_expansion,84,2017-04-24 00:00:00+00:00,2017-04-24 12:00:00+00:00,5.723012095811499,0.05555555555555555,0.5873015873015873,0.0,1.0,trend,0.7884806428845912,0.0,5.879860463735197,0.05555555555555555,0.5873015873015873,0.0,1.0,trend,0.7813124171560598,0.0
12_squeeze_compression_expansion,85,2017-04-25 00:00:00+00:00,2017-04-25 12:00:00+00:00,6.141136964893405,0.03968253968253968,0.6031746031746031,0.0,1.0,trend,1.0287261003803214,0.0,6.338147321802585,0.03968253968253968,0.6031746031746031,0.0,1.0,trend,1.0170666169139397,0.0
12_squeeze_compression_expansion,86,2017-04-26 00:00:00+00:00,2017-06-06 00:00:00+00:00,6.213138694145341,0.007936507936507936,0.7936507936507936,0.0,1.0,trend,1.1892746429320113,0.0,5.3704181059197715,0.8492063492063492,0.9920634920634921,0.0,1.0,chop_high_vol,1.9397559619090523,0.0
12_squeeze_compression_expansion,87,2017-06-23 00:00:00+00:00,2017-06-23 12:00:00+00:00,4.557654497181348,0.6349206349206349,0.6904761904761905,0.0,1.0,chop,1.1539221930385117,0.0,4.535365218785608,0.6349206349206349,0.6904761904761905,0.0,1.0,chop,1.1415346391445733,0.0
12_squeeze_compression_expansion,88,2017-07-05 00:00:00+00:00,2017-07-05 12:00:00+00:00,2.656914357793132,0.30158730158730157,0.6031746031746031,0.0,1.0,chop,0.8816767495865852,0.0,2.6665907991046227,0.30158730158730157,0.6031746031746031,0.0,1.0,chop,0.8719482039601829,0.0
12_squeeze_compression_expansion,89,2017-07-06 00:00:00+00:00,2017-07-06 12:00:00+00:00,2.709868778476526,0.29365079365079366,0.5396825396825397,0.0,1.0,chop_low_vol,0.8688976969867351,0.0,2.7183968110914005,0.29365079365079366,0.5396825396825397,0.0,1.0,chop_low_vol,0.8597423373939485,0.0
12_squeeze_compression_expansion,90,2017-08-27 00:00:00+00:00,2017-08-27 12:00:00+00:00,9.716502159445815,0.3253968253968254,0.7222222222222222,0.0,1.0,trend,1.634788428515244,0.0,9.658123710859558,0.3253968253968254,0.7222222222222222,0.0,1.0,trend,1.6009804962301024,0.0
12_squeeze_compression_expansion,91,2017-08-29 00:00:00+00:00,2017-08-29 12:00:00+00:00,10.728847167088347,0.3253968253968254,0.9365079365079365,0.0,1.0,trend,1.6320470538862504,0.0,10.797223059557775,0.3253968253968254,0.9365079365079365,0.0,1.0,trend,1.5987373634236852,0.0
12_squeeze_compression_expansion,92,2017-08-31 00:00:00+00:00,2017-08-31 12:00:00+00:00,11.570043117444564,0.23015873015873015,0.8174603174603174,0.0,1.0,trend,1.609597964539823,0.0,11.661054688673856,0.23015873015873015,0.8174603174603174,0.0,1.0,trend,1.5771623341131196,0.0
12_squeeze_compression_expansion,93,2017-09-01 00:00:00+00:00,2017-09-01 12:00:00+00:00,11.447595836342309,0.1984126984126984,0.9523809523809523,0.0,1.0,trend,1.6824983161381837,0.0,11.656189322700564,0.1984126984126984,0.9523809523809523,0.0,1.0,trend,1.6468797934035009,0.0
12_squeeze_compression_expansion,94,2017-10-07 00:00:00+00:00,2017-10-07 12:00:00+00:00,2.868954228486275,0.4007936507936508,0.12301587301587301,0.0,1.0,trend,1.0690753757824834,0.0,2.974871786474054,0.40476190476190477,0.12698412698412698,0.0,1.0,trend,1.0539494880320421,0.0
12_squeeze_compression_expansion,95,2017-10-08 00:00:00+00:00,2017-10-08 12:00:00+00:00,3.002989210676996,0.20238095238095238,0.4166666666666667,0.0,1.0,trend,1.4968064610750393,0.0,3.2194424806596444,0.20634920634920634,0.42063492063492064,0.0,1.0,trend,1.4826033072059803,0.0
12_squeeze_compression_expansion,96,2017-10-09 00:00:00+00:00,2017-10-09 12:00:00+00:00,3.7669131627130312,0.17857142857142858,0.7698412698412699,0.0,1.0,trend,1.7672824046159108,0.0,4.075527681214972,0.18253968253968253,0.7698412698412699,0.0,1.0,trend,1.7490775032564898,0.0
12_squeeze_compression_expansion,97,2017-10-10 00:00:00+00:00,2017-10-10 12:00:00+00:00,4.433644022282174,0.17857142857142858,0.6071428571428571,0.0,1.0,trend,1.6623405868361618,0.0,4.676284579669847,0.18253968253968253,0.6111111111111112,0.0,1.0,trend,1.6325850556250772,0.0
12_squeeze_compression_expansion,98,2017-10-11 00:00:00+00:00,2017-10-11 12:00:00+00:00,6.288265634414592,0.0992063492063492,0.38492063492063494,0.0,1.0,trend,1.7440666641857367,0.0,6.560800794822254,0.10317460317460317,0.3888888888888889,0.0,1.0,trend,1.706038978395789,0.0
12_squeeze_compression_expansion,99,2017-10-12 00:00:00+00:00,2017-10-22 00:00:00+00:00,4.4591185450780575,0.32936507936507936,0.9365079365079365,0.0,1.0,trend,2.885653081341368,0.0,8.198575050523505,0.2896825396825397,0.7698412698412699,0.0,1.0,trend,2.124446498728444,0.0
12_squeeze_compression_expansion,100,2017-11-26 00:00:00+00:00,2017-11-26 12:00:00+00:00,4.8158778382202545,0.6626984126984127,0.9841269841269841,0.0,1.0,chop,1.9911611845674142,0.0,5.023885398549071,0.6666666666666666,0.9841269841269841,0.0,1.0,chop,1.9523890754367066,0.0
12_squeeze_compression_expansion,101,2017-11-27 00:00:00+00:00,2017-11-27 12:00:00+00:00,5.531473383769626,0.6944444444444444,0.9841269841269841,0.0,1.0,chop,2.1163336491389977,0.0,5.802537872573708,0.6984126984126984,0.9841269841269841,0.0,1.0,trend,2.0734405842599704,0.0
12_squeeze_compression_expansion,102,2017-11-28 00:00:00+00:00,2017-11-28 12:00:00+00:00,5.815267927188201,0.6944444444444444,0.9920634920634921,0.0,1.0,trend,2.134975148153346,0.0,6.055266907332342,0.6984126984126984,0.9920634920634921,0.0,1.0,trend,2.0921996483378247,0.0
12_squeeze_compression_expansion,103,2017-11-30 00:00:00+00:00,2017-11-30 12:00:00+00:00,8.309981352126655,0.6071428571428571,0.9841269841269841,0.0,1.0,trend,2.1124687465778678,0.0,8.508393663109477,0.6111111111111112,0.9841269841269841,0.0,1.0,trend,2.067124693422197,0.0
12_squeeze_compression_expansion,104,2017-12-01 00:00:00+00:00,2017-12-01 12:00:00+00:00,7.417773584828353,0.6150793650793651,0.9761904761904762,0.0,1.0,trend,2.2963269134585818,0.0,7.70493524656808,0.6190476190476191,0.9761904761904762,0.0,1.0,trend,2.240785981879348,0.0
12_squeeze_compression_expansion,105,2017-12-05 00:00:00+00:00,2017-12-05 12:00:00+00:00,8.534553542875841,0.10714285714285714,0.9761904761904762,0.0,1.0,trend,2.2934980477445195,0.0,8.712732443787734,0.1111111111111111,0.9761904761904762,0.0,1.0,trend,2.2431307868953865,0.0
12_squeeze_compression_expansion,106,2017-12-06 00:00:00+00:00,2017-12-17 00:00:00+00:00,5.783301791337936,0.7658730158730159,1.0,0.0,1.0,trend_high_vol,2.875309337860325,0.0,5.207381624376999,1.0,0.9444444444444444,0.0,1.0,trend_high_vol,2.0892835621939025,0.0
12_squeeze_compression_expansion,107,2018-03-03 00:00:00+00:00,2018-03-03 12:00:00+00:00,0.19639835391263538,0.31746031746031744,0.30158730158730157,0.0,1.0,chop,0.22375978808730393,0.0,0.3963932014964996,0.31746031746031744,0.30158730158730157,0.0,1.0,chop,0.2367165483782709,0.0
12_squeeze_compression_expansion,108,2018-03-04 00:00:00+00:00,2018-03-04 12:00:00+00:00,0.630213226963391,0.2777777777777778,0.24603174603174602,0.0,1.0,chop_low_vol,0.26024242712402157,0.0,0.8069899691580331,0.2777777777777778,0.24603174603174602,0.0,1.0,chop_low_vol,0.2746016434370002,0.0
12_squeeze_compression_expansion,109,2018-03-05 00:00:00+00:00,2018-03-05 12:00:00+00:00,1.0908944143071613,0.2222222222222222,0.2857142857142857,0.0,1.0,chop_low_vol,0.3278239509692884,0.0,1.2590009707476324,0.2222222222222222,0.2857142857142857,0.0,1.0,chop_low_vol,0.3447280314892005,0.0
12_squeeze_compression_expansion,110,2018-04-23 00:00:00+00:00,2018-04-23 12:00:00+00:00,0.9415702433120371,0.12301587301587301,0.39285714285714285,0.0,0.0,chop_low_vol,0.32291250699298035,0.0,1.1729695068340351,0.12698412698412698,0.3968253968253968,0.0,0.0,chop_low_vol,0.32986717703657087,0.0
12_squeeze_compression_expansion,111,2018-04-24 00:00:00+00:00,2018-04-24 12:00:00+00:00,1.3083628299006436,0.11507936507936507,0.7420634920634921,0.0,0.0,chop_low_vol,0.8184579470907709,0.0,1.6600040403019913,0.11904761904761904,0.746031746031746,0.0,0.0,chop_low_vol,0.8246546761823799,0.0
12_squeeze_compression_expansion,112,2018-05-05 00:00:00+00:00,2018-05-05 12:00:00+00:00,3.369983178232874,0.051587301587301584,0.5198412698412699,0.0,0.0,chop_low_vol,1.4986363001744871,0.0,3.471074225707338,0.05555555555555555,0.5238095238095238,0.0,0.0,chop_low_vol,1.5175699698514145,0.0
12_squeeze_compression_expansion,113,2018-06-02 00:00:00+00:00,2018-06-02 12:00:00+00:00,5.85003326520833,0.003968253968253968,0.15476190476190477,0.0,0.0,trend,-0.5007679117795433,0.0,5.684342447116525,0.007936507936507936,0.15873015873015872,0.0,0.0,trend,-0.5062399024747136,0.0
12_squeeze_compression_expansion,114,2018-06-03 00:00:00+00:00,2018-06-03 12:00:00+00:00,5.848009020404934,0.011904761904761904,0.10714285714285714,0.0,0.0,trend,-0.43384482931218027,0.0,5.635029147881813,0.015873015873015872,0.1111111111111111,0.0,0.0,trend,-0.4508585262830025,0.0
12_squeeze_compression_expansion,115,2018-07-17 00:00:00+00:00,2018-08-02 00:00:00+00:00,1.6040521639310161,0.4166666666666667,0.6706349206349206,0.0,0.0,chop,1.2087376325610169,0.0,4.851071667455407,0.5277777777777778,0.25793650793650796,0.0,0.0,trend,1.1950564283100282,0.0
12_squeeze_compression_expansion,116,2018-08-24 00:00:00+00:00,2018-08-24 12:00:00+00:00,4.022688718604081,0.26587301587301587,0.2896825396825397,0.0,0.0,chop_low_vol,-0.012187283216271872,0.0,3.732845608953068,0.2698412698412698,0.29365079365079366,0.0,0.0,chop_low_vol,-0.022788654203005118,0.0
12_squeeze_compression_expansion,117,2018-08-25 00:00:00+00:00,2018-08-25 12:00:00+00:00,3.5609637883406595,0.27380952380952384,0.05952380952380952,0.0,0.0,chop_low_vol,0.03195296241256967,0.0,3.271819092283982,0.2777777777777778,0.06349206349206349,0.0,0.0,chop_low_vol,0.019368507522895956,0.0
12_squeeze_compression_expansion,118,2018-08-27 00:00:00+00:00,2018-08-27 12:00:00+00:00,2.2385318445425573,0.23412698412698413,0.25,0.0,0.0,chop_low_vol,0.15155969685967674,0.0,1.964591033263078,0.23809523809523808,0.25396825396825395,0.0,0.0,chop_low_vol,0.13663621009509985,0.0
12_squeeze_compression_expansion,119,2018-08-28 00:00:00+00:00,2018-08-28 12:00:00+00:00,1.432024643822857,0.051587301587301584,0.44047619047619047,0.0,0.0,chop_low_vol,0.47743254046504985,0.0,1.0916619690971867,0.05555555555555555,0.4444444444444444,0.0,0.0,chop_low_vol,0.4652150884741842,0.0
12_squeeze_compression_expansion,120,2018-09-01 00:00:00+00:00,2018-09-01 12:00:00+00:00,0.3981158117929528,0.01984126984126984,0.32936507936507936,0.0,0.0,chop_low_vol,0.6203150821297898,0.0,0.6526226650028027,0.023809523809523808,0.3333333333333333,0.0,0.0,chop_low_vol,0.6084684222057756,0.0
12_squeeze_compression_expansion,121,2018-09-02 00:00:00+00:00,2018-09-02 12:00:00+00:00,0.937230463870142,0.027777777777777776,0.4007936507936508,0.0,0.0,chop_low_vol,0.7238562489028086,0.0,1.1922946711075801,0.031746031746031744,0.40476190476190477,0.0,0.0,chop_low_vol,0.7112395211442862,0.0
12_squeeze_compression_expansion,122,2018-09-04 00:00:00+00:00,2018-09-04 12:00:00+00:00,2.1850449646652637,0.003968253968253968,0.39285714285714285,0.0,0.0,chop_low_vol,0.889050352029853,0.0,2.440842134401242,0.007936507936507936,0.3968253968253968,0.0,0.0,chop_low_vol,0.8743986918364153,0.0
12_squeeze_compression_expansion,123,2018-09-21 00:00:00+00:00,2018-09-21 12:00:00+00:00,2.784177634549919,0.17857142857142858,0.9920634920634921,0.0,0.0,chop_low_vol,-0.12781593465799224,0.0,2.4493000398791116,0.18253968253968253,0.9920634920634921,0.0,0.0,chop_low_vol,-0.1169067258687493,0.0
12_squeeze_compression_expansion,124,2018-10-08 00:00:00+00:00,2018-10-08 12:00:00+00:00,0.7211882016140676,0.003968253968253968,0.3373015873015873,0.0,0.0,chop_low_vol,0.5053861693696008,0.0,0.5908803268369919,0.007936507936507936,0.3412698412698413,0.0,0.0,chop_low_vol,0.49777573954878235,0.0
12_squeeze_compression_expansion,125,2018-12-18 00:00:00+00:00,2018-12-18 12:00:00+00:00,10.616224085526406,0.7857142857142857,0.8888888888888888,0.0,0.0,trend_high_vol,-1.1329346753650107,0.0,10.168491542252166,0.7857142857142857,0.8888888888888888,0.0,0.0,trend_high_vol,-1.1140312586609757,0.0
12_squeeze_compression_expansion,126,2018-12-19 00:00:00+00:00,2018-12-19 12:00:00+00:00,10.393015898744633,0.7857142857142857,0.9365079365079365,0.0,0.0,trend_high_vol,-1.0551321093128807,0.0,9.925251255398328,0.7857142857142857,0.9365079365079365,0.0,0.0,trend_high_vol,-1.037718031074301,0.0
12_squeeze_compression_expansion,127,2018-12-20 00:00:00+00:00,2019-01-01 00:00:00+00:00,7.567476523111438,0.8333333333333334,1.0,0.0,0.0,trend_high_vol,-0.692531740529434,0.0,2.7106318908533997,0.8174603174603174,0.4801587301587302,0.0,0.0,chop_high_vol,-0.681563282811859,0.0
12_squeeze_compression_expansion,128,2019-01-06 00:00:00+00:00,2019-01-06 12:00:00+00:00,1.911146865615577,0.6746031746031746,0.8015873015873016,0.0,0.0,chop,-0.2951452697322798,0.0,1.6811464517102706,0.6746031746031746,0.8015873015873016,0.0,0.0,chop,-0.28022416190383664,0.0
12_squeeze_compression_expansion,129,2019-02-08 00:00:00+00:00,2019-03-04 00:00:00+00:00,4.9610386457478395,0.3888888888888889,0.9841269841269841,0.0,0.0,chop,-0.3894612736131892,0.0,2.438556796513037,0.42857142857142855,0.9682539682539683,0.0,0.0,chop,0.6012495739824919,0.0
12_squeeze_compression_expansion,130,2019-03-16 00:00:00+00:00,2019-03-16 12:00:00+00:00,3.7184498891610476,0.031746031746031744,0.9365079365079365,0.0,0.0,chop_low_vol,1.7191552203643297,0.0,3.9474454279550404,0.031746031746031744,0.9365079365079365,0.0,0.0,trend,1.6828723876578353,0.0
12_squeeze_compression_expansion,131,2019-03-19 00:00:00+00:00,2019-03-19 12:00:00+00:00,6.774017144631564,0.015873015873015872,0.8809523809523809,0.0,0.0,trend,1.5901001611821013,0.0,6.987667352638498,0.015873015873015872,0.8809523809523809,0.0,0.0,trend,1.5600115644218433,0.0
12_squeeze_compression_expansion,132,2019-03-20 00:00:00+00:00,2019-03-20 12:00:00+00:00,7.041238194331783,0.027777777777777776,0.9682539682539683,0.0,0.0,trend,1.6660735185156912,0.0,7.234941830112131,0.031746031746031744,0.9682539682539683,0.0,0.0,trend,1.6359827527626452,0.0
12_squeeze_compression_expansion,133,2019-03-29 00:00:00+00:00,2019-04-12 00:00:00+00:00,4.514888057490272,0.01984126984126984,1.0,0.0,0.0,trend,1.442085211753967,0.0,6.775669798592054,0.75,0.9206349206349206,0.0,1.0,trend_high_vol,2.045689117872007,0.0
12_squeeze_compression_expansion,134,2019-06-13 00:00:00+00:00,2019-06-13 12:00:00+00:00,3.7751125713945117,0.6031746031746031,0.7301587301587301,0.0,1.0,chop,0.8268911306920057,0.0,3.7651390944045615,0.6031746031746031,0.7301587301587301,0.0,1.0,chop,0.8129137230469099,0.0
12_squeeze_compression_expansion,135,2019-06-14 00:00:00+00:00,2019-06-14 12:00:00+00:00,3.515561717554779,0.6190476190476191,0.7777777777777778,0.0,1.0,chop,1.0846233097818414,0.0,3.680669016344142,0.6190476190476191,0.7777777777777778,0.0,1.0,chop,1.068695027437923,0.0
12_squeeze_compression_expansion,136,2019-06-15 00:00:00+00:00,2019-06-15 12:00:00+00:00,3.6716327802224953,0.5555555555555556,0.7142857142857143,0.0,1.0,chop,1.1394317043098008,0.0,3.83667959133067,0.5555555555555556,0.7142857142857143,0.0,1.0,chop,1.1217060273954484,0.0
12_squeeze_compression_expansion,137,2019-06-16 00:00:00+00:00,2019-06-16 12:00:00+00:00,4.005195398634365,0.5555555555555556,0.8412698412698413,0.0,1.0,chop,1.1976555883942117,0.0,4.178743827366683,0.5555555555555556,0.8412698412698413,0.0,1.0,chop,1.1791604387866546,0.0
12_squeeze_compression_expansion,138,2019-06-17 00:00:00+00:00,2019-06-17 12:00:00+00:00,4.600183943489409,0.5634920634920635,0.5714285714285714,0.0,1.0,chop,1.356600768566203,0.0,4.851545026156958,0.5634920634920635,0.5714285714285714,0.0,1.0,chop,1.3350174813757274,0.0
12_squeeze_compression_expansion,139,2019-06-20 00:00:00+00:00,2019-06-20 12:00:00+00:00,5.450058979191948,0.5396825396825397,0.6825396825396826,0.0,1.0,chop,1.1484058572489824,1.0,5.622498352607041,0.5396825396825397,0.6825396825396826,0.0,1.0,chop,1.131692954758274,1.0
12_squeeze_compression_expansion,140,2019-06-21 00:00:00+00:00,2019-07-10 00:00:00+00:00,5.143250319591133,0.6111111111111112,0.7777777777777778,0.0,1.0,chop,1.446760242119621,1.0,3.500673207624703,1.0,0.9761904761904762,0.0,1.0,chop_high_vol,1.704738121260194,0.0
12_squeeze_compression_expansion,141,2019-08-01 00:00:00+00:00,2019-08-01 12:00:00+00:00,2.1686153043801526,0.6349206349206349,0.4126984126984127,0.0,1.0,chop,0.13741444804052885,0.0,1.9016788919270031,0.6349206349206349,0.4126984126984127,0.0,1.0,chop,0.13156196513867155,0.0
12_squeeze_compression_expansion,142,2019-08-02 00:00:00+00:00,2019-08-02 12:00:00+00:00,1.5887122430026954,0.6111111111111112,0.42063492063492064,0.0,1.0,chop,0.07315111052253721,0.0,1.3163921410170263,0.6111111111111112,0.42063492063492064,0.0,1.0,chop,0.06269376607577563,0.0
12_squeeze_compression_expansion,143,2019-08-03 00:00:00+00:00,2019-08-03 12:00:00+00:00,0.8729704441309308,0.5714285714285714,0.2222222222222222,0.0,1.0,chop,0.28380079300211514,0.0,0.5328486443806976,0.5714285714285714,0.2222222222222222,0.0,1.0,chop,0.2700291724050031,0.0
12_squeeze_compression_expansion,144,2019-08-04 00:00:00+00:00,2019-08-04 12:00:00+00:00,0.15597238275936565,0.5317460317460317,0.29365079365079366,0.0,1.0,chop,0.372297435830668,0.0,0.17825196011829325,0.5317460317460317,0.29365079365079366,0.0,1.0,chop,0.35895891156116266,0.0
12_squeeze_compression_expansion,145,2019-08-05 00:00:00+00:00,2019-08-05 12:00:00+00:00,0.6836014371314085,0.30158730158730157,0.7142857142857143,0.0,1.0,chop,0.8712567798782701,0.0,1.1684008245972466,0.30158730158730157,0.7142857142857143,0.0,1.0,chop,0.8590753545926565,0.0
12_squeeze_compression_expansion,146,2019-08-07 00:00:00+00:00,2019-08-07 12:00:00+00:00,2.0420661496543335,0.1626984126984127,0.623015873015873,0.0,1.0,chop_low_vol,0.6709227785694415,1.0,2.386005458433138,0.16666666666666666,0.626984126984127,0.0,1.0,chop_low_vol,0.6587929844405693,1.0
12_squeeze_compression_expansion,147,2019-08-08 00:00:00+00:00,2019-08-08 12:00:00+00:00,2.7548414559934025,0.1626984126984127,0.5317460317460317,0.0,1.0,chop_low_vol,0.7285983018904874,0.0,3.0330829301444298,0.16666666666666666,0.5317460317460317,0.0,1.0,chop_low_vol,0.7192929940579099,0.0
12_squeeze_compression_expansion,148,2019-09-03 00:00:00+00:00,2019-09-03 12:00:00+00:00,2.0055223489145253,0.10317460317460317,0.47619047619047616,0.0,1.0,chop_low_vol,-0.5772041172646282,0.0,1.7229857303757723,0.10317460317460317,0.47619047619047616,0.0,1.0,chop_low_vol,-0.5658184018745975,0.0
12_squeeze_compression_expansion,149,2020-01-06 00:00:00+00:00,2020-01-24 00:00:00+00:00,1.3216234797059712,0.7658730158730159,0.8412698412698413,0.0001,0.0,chop_high_vol,-0.4086141189835787,0.0,5.614820437277515,0.5793650793650794,0.7698412698412699,0.00054719,0.0,trend,1.0130667433777407,0.0
12_squeeze_compression_expansion,150,2020-01-28 00:00:00+00:00,2020-01-29 00:00:00+00:00,4.950847174500403,0.5396825396825397,0.9603174603174603,0.0001,1.0,trend,2.5162047306895583,0.0,5.5061976874647565,0.45634920634920634,0.8888888888888888,0.00054394,1.0,trend,2.2937676499957362,0.0
12_squeeze_compression_expansion,151,2020-01-30 00:00:00+00:00,2020-01-30 12:00:00+00:00,5.64372098687373,0.43253968253968256,0.9285714285714286,0.000236,1.0,trend,2.327074973072322,0.0,5.883612272476371,0.4365079365079365,0.9285714285714286,0.00024877,1.0,trend,2.256331613777101,0.0
12_squeeze_compression_expansion,152,2020-02-07 00:00:00+00:00,2020-02-07 12:00:00+00:00,6.349651814519911,0.20238095238095238,0.9444444444444444,0.00035618,1.0,trend,2.0158784767392284,0.0,6.451121254621365,0.20634920634920634,0.9444444444444444,0.00019726,1.0,trend,1.9642402508688908,0.0
12_squeeze_compression_expansion,153,2020-02-08 00:00:00+00:00,2020-02-08 12:00:00+00:00,6.576064039153227,0.17857142857142858,0.9444444444444444,0.00039915,1.0,trend,1.990321986223764,0.0,6.666389154500479,0.18253968253968253,0.9444444444444444,0.00062858,1.0,trend,1.9400605693484778,0.0
12_squeeze_compression_expansion,154,2020-02-09 00:00:00+00:00,2020-02-09 12:00:00+00:00,6.757296313159994,0.20238095238095238,0.9523809523809523,0.00042798,1.0,trend,2.152440098877854,0.0,6.92950405477182,0.20634920634920634,0.9523809523809523,0.00081519,1.0,trend,2.093481728518372,0.0
12_squeeze_compression_expansion,155,2020-02-11 00:00:00+00:00,2020-02-17 00:00:00+00:00,7.772738769104907,0.25793650793650796,0.9603174603174603,0.00043989,1.0,trend,2.065494087380333,0.0,6.312485471052826,0.15873015873015872,0.9920634920634921,0.00043179,1.0,trend,1.0534975810740201,0.0
12_squeeze_compression_expansion,156,2020-04-23 00:00:00+00:00,2020-04-26 00:00:00+00:00,0.18335438458271802,0.6984126984126984,0.8015873015873016,-0.0002234,0.0,chop,-0.06495159143611094,0.0,1.70470431302393,0.49206349206349204,0.3968253968253968,0.0001,0.0,chop,0.30653448585758264,0.0
12_squeeze_compression_expansion,157,2020-04-27 00:00:00+00:00,2020-04-27 12:00:00+00:00,2.187565745072955,0.47619047619047616,0.5634920634920635,0.0001,0.0,chop,0.4965477189189411,0.0,2.422277858081003,0.47619047619047616,0.5634920634920635,0.0001,0.0,chop,0.5123697766658183,0.0
12_squeeze_compression_expansion,158,2020-04-28 00:00:00+00:00,2020-04-28 12:00:00+00:00,2.620873471264365,0.44841269841269843,0.3968253968253968,0.0001,0.0,chop,0.5503795978636065,0.0,2.803684744476805,0.4523809523809524,0.3968253968253968,0.0001,0.0,chop,0.5721197689582684,0.0
12_squeeze_compression_expansion,159,2020-04-29 00:00:00+00:00,2020-05-09 00:00:00+00:00,2.401595518290393,0.753968253968254,0.9920634920634921,0.0001,1.0,chop_high_vol,1.5498456186398273,0.0,7.176603237189155,0.7222222222222222,0.8492063492063492,0.00042037,1.0,trend_high_vol,2.0737833887459862,0.0
12_squeeze_compression_expansion,160,2020-05-30 00:00:00+00:00,2020-05-30 12:00:00+00:00,3.628058457366171,0.38095238095238093,0.18253968253968253,0.0001,1.0,chop,1.2207376665002723,0.0,3.747137907479869,0.38095238095238093,0.18253968253968253,0.0001,1.0,chop,1.2006545341428314,0.0
12_squeeze_compression_expansion,161,2020-06-01 00:00:00+00:00,2020-06-11 00:00:00+00:00,3.174773327628009,0.4523809523809524,0.3333333333333333,0.0001,1.0,chop,1.49748602585397,0.0,3.407968443758683,0.373015873015873,0.11507936507936507,0.0001,1.0,chop,0.47622068165805603,0.0
12_squeeze_compression_expansion,162,2020-06-22 00:00:00+00:00,2020-06-22 12:00:00+00:00,1.5837337311178474,0.003968253968253968,0.06746031746031746,0.0001,1.0,chop_low_vol,0.39583032259205647,0.0,1.7089411227583111,0.007936507936507936,0.07142857142857142,6.784e-05,1.0,chop_low_vol,0.38258408201804145,0.0
12_squeeze_compression_expansion,163,2020-07-06 00:00:00+00:00,2020-07-06 12:00:00+00:00,1.331715557690385,0.04365079365079365,0.11507936507936507,0.0001,1.0,chop_low_vol,-0.7401537827078508,0.0,1.116921236710001,0.047619047619047616,0.11904761904761904,0.0001,1.0,chop_low_vol,-0.7270078066765928,0.0
12_squeeze_compression_expansion,164,2020-07-08 00:00:00+00:00,2020-07-16 00:00:00+00:00,0.7519644928873246,0.05952380952380952,0.17063492063492064,0.0001,1.0,chop_low_vol,-0.9009759550159198,0.0,0.7351967719356747,0.003968253968253968,0.06746031746031746,0.0001,1.0,chop_low_vol,-1.2893913592069148,0.0
12_squeeze_compression_expansion,165,2020-07-21 00:00:00+00:00,2020-07-21 12:00:00+00:00,1.1248568426703511,0.05952380952380952,0.21825396825396826,0.0001,1.0,chop_low_vol,-1.045158922888619,0.0,0.8097027247885584,0.06349206349206349,0.2222222222222222,0.0001,1.0,chop_low_vol,-1.033013473384498,0.0
12_squeeze_compression_expansion,166,2020-07-22 00:00:00+00:00,2020-07-22 12:00:00+00:00,0.2678170098263337,0.06746031746031746,0.14682539682539683,0.0001,1.0,chop_low_vol,-0.9265658475844397,1.0,0.23061209954983566,0.07142857142857142,0.15079365079365079,0.0001,1.0,chop_low_vol,-0.9160820446791846,1.0
12_squeeze_compression_expansion,167,2020-07-23 00:00:00+00:00,2020-07-23 12:00:00+00:00,0.8718806689816263,0.06746031746031746,0.24206349206349206,0.0001,1.0,chop_low_vol,-1.0855295569969718,1.0,1.4180202528716899,0.07142857142857142,0.24603174603174602,0.0001,1.0,chop_low_vol,-1.0858643758143893,1.0
12_squeeze_compression_expansion,168,2020-07-25 00:00:00+00:00,2020-08-12 00:00:00+00:00,2.2818956679477234,0.09126984126984126,0.1626984126984127,0.0001,1.0,chop_low_vol,-0.9373622412952447,1.0,6.518319908944998,0.6706349206349206,0.4801587301587302,0.0001,1.0,trend,2.134668121952538,0.0
12_squeeze_compression_expansion,169,2020-09-01 00:00:00+00:00,2020-09-03 00:00:00+00:00,3.5815406061114876,0.21825396825396826,0.6706349206349206,0.0001,1.0,trend,1.1762158095175,0.0,1.6485025671058657,0.5357142857142857,0.7658730158730159,0.00045038,1.0,chop,-0.7235780383400482,0.0
12_squeeze_compression_expansion,170,2020-09-14 00:00:00+00:00,2020-09-14 12:00:00+00:00,2.440058037560598,0.6150793650793651,0.8611111111111112,0.0001,1.0,chop,-0.475270738356191,0.0,2.3218802382192036,0.6190476190476191,0.8650793650793651,0.0001,1.0,chop,-0.48966642173222985,0.0
12_squeeze_compression_expansion,171,2020-09-15 00:00:00+00:00,2020-09-15 12:00:00+00:00,2.2306394490662975,0.623015873015873,0.7896825396825397,-0.0002227,1.0,chop,-0.363258470261872,0.0,2.0815486889878314,0.626984126984127,0.7936507936507936,-2.796e-05,1.0,chop,-0.37909771182854735,0.0
12_squeeze_compression_expansion,172,2020-09-16 00:00:00+00:00,2020-09-16 12:00:00+00:00,2.0210960676973557,0.6547619047619048,0.7738095238095238,-5.156e-05,1.0,chop,-0.16729097779477903,0.0,1.8137698109492884,0.6587301587301587,0.7777777777777778,-1.488e-05,1.0,chop,-0.18310606761004378,0.0
12_squeeze_compression_expansion,173,2020-09-19 00:00:00+00:00,2020-09-19 12:00:00+00:00,1.8729068328305558,0.5515873015873016,0.4801587301587302,-0.0001155,1.0,chop,-0.01292411367577401,0.0,1.5536900383195427,0.5555555555555556,0.48412698412698413,-0.0001098,1.0,chop,-0.029552359063171274,0.0
12_squeeze_compression_expansion,174,2020-10-08 00:00:00+00:00,2020-10-08 12:00:00+00:00,1.20004144378879,0.376984126984127,0.9920634920634921,2.693e-05,1.0,chop,0.2225990716905708,0.0,0.937547693808634,0.38095238095238093,0.9920634920634921,3.248e-05,1.0,chop,0.22354781039350838,0.0
12_squeeze_compression_expansion,175,2020-10-09 00:00:00+00:00,2020-10-09 12:00:00+00:00,0.509733273229348,0.376984126984127,0.4880952380952381,8.856e-05,1.0,chop,0.16880849344238633,0.0,0.18154483294585536,0.38095238095238093,0.49206349206349204,0.0001,1.0,chop,0.17220794385934324,0.0
12_squeeze_compression_expansion,176,2020-10-10 00:00:00+00:00,2020-10-10 12:00:00+00:00,0.2969521184779173,0.39285714285714285,0.5,0.0001,1.0,chop,0.6220240968627906,0.0,0.704941079897105,0.3968253968253968,0.5,0.0001,1.0,chop,0.6228538458755073,0.0
12_squeeze_compression_expansion,177,2020-10-11 00:00:00+00:00,2020-10-11 12:00:00+00:00,1.0952336191250687,0.21825396825396826,0.3611111111111111,0.0001,1.0,chop_low_vol,0.7935509258719503,0.0,1.4686507654605805,0.2222222222222222,0.36507936507936506,0.0001,1.0,chop_low_vol,0.7965042664842144,0.0
12_squeeze_compression_expansion,178,2020-10-12 00:00:00+00:00,2020-10-12 12:00:00+00:00,1.8085346667178492,0.2261904761904762,0.6666666666666666,0.0001,1.0,chop_low_vol,1.0876739501115904,0.0,2.197452099077763,0.23015873015873015,0.6666666666666666,0.0001,1.0,trend,1.088466126771035,0.0
12_squeeze_compression_expansion,179,2020-10-19 00:00:00+00:00,2020-10-20 00:00:00+00:00,3.6253115225369537,0.14682539682539683,0.5595238095238095,0.0001,1.0,trend,1.7049096585270638,0.0,4.148527470001268,0.15476190476190477,0.7777777777777778,0.0001,1.0,trend,1.9572676019424813,0.0
12_squeeze_compression_expansion,180,2020-10-21 00:00:00+00:00,2020-11-15 00:00:00+00:00,3.491933437186202,0.5753968253968254,0.8888888888888888,3.742e-05,1.0,trend,3.2301414996470426,0.0,7.566208239910779,0.9047619047619048,0.3333333333333333,4.277e-05,1.0,trend_high_vol,1.8597938600153732,0.0
12_squeeze_compression_expansion,181,2020-12-15 00:00:00+00:00,2020-12-15 12:00:00+00:00,5.650288870773124,0.8888888888888888,0.36904761904761907,0.0001,1.0,trend_high_vol,1.1201158158188154,0.0,5.6638231402296215,0.8888888888888888,0.373015873015873,0.0001,1.0,trend_high_vol,1.1072969705901659,0.0
12_squeeze_compression_expansion,182,2020-12-16 00:00:00+00:00,2021-01-01 00:00:00+00:00,4.406996874045532,0.9206349206349206,0.8492063492063492,0.0001,1.0,chop_high_vol,1.5954579245485025,0.0,8.973766612408829,0.8333333333333334,0.6904761904761905,0.00036744,1.0,trend_high_vol,2.1655432189979553,0.0
12_squeeze_compression_expansion,183,2021-02-08 00:00:00+00:00,2021-02-18 00:00:00+00:00,2.8646590946209547,1.0,0.9841269841269841,0.00059267,1.0,chop_high_vol,1.8592895919103034,0.0,6.677583581092025,0.7777777777777778,0.6190476190476191,0.00147112,1.0,trend_high_vol,1.9988019186439494,0.0
12_squeeze_compression_expansion,184,2021-02-19 00:00:00+00:00,2021-02-19 12:00:00+00:00,5.97294726501689,0.8412698412698413,0.7301587301587301,0.00125842,1.0,chop_high_vol,2.2695731734335065,0.0,6.179029842637087,0.8412698412698413,0.7301587301587301,0.00084526,1.0,trend_high_vol,2.2267447955091897,0.0
12_squeeze_compression_expansion,185,2021-02-20 00:00:00+00:00,2021-02-20 12:00:00+00:00,6.6306033870318135,0.8253968253968254,0.7936507936507936,0.00156318,1.0,trend_high_vol,2.1969258290415703,0.0,6.784493548507933,0.8253968253968254,0.7936507936507936,0.00116465,1.0,trend_high_vol,2.153080196315514,0.0
12_squeeze_compression_expansion,186,2021-02-21 00:00:00+00:00,2021-02-21 12:00:00+00:00,6.604089733888674,0.8253968253968254,0.5952380952380952,0.00122535,1.0,trend_high_vol,2.223671642527834,0.0,6.7518744287698995,0.8253968253968254,0.5952380952380952,0.00099022,1.0,trend_high_vol,2.1834952722741017,0.0
12_squeeze_compression_expansion,187,2021-03-07 00:00:00+00:00,2021-03-07 12:00:00+00:00,3.123482895474898,0.6190476190476191,0.36507936507936506,0.0001,1.0,chop,1.4094357288975843,0.0,3.1536437829664945,0.6190476190476191,0.36507936507936506,0.0001,1.0,chop,1.383503898851903,0.0
12_squeeze_compression_expansion,188,2021-03-08 00:00:00+00:00,2021-03-08 12:00:00+00:00,3.40582726640073,0.6111111111111112,0.4523809523809524,0.0001,1.0,chop,1.5142192248517974,0.0,3.470241003920393,0.6111111111111112,0.4523809523809524,0.0001,1.0,chop,1.4848802419511757,0.0
12_squeeze_compression_expansion,189,2021-03-09 00:00:00+00:00,2021-03-11 00:00:00+00:00,3.8864297411278255,0.5793650793650794,0.5,0.00072419,1.0,chop,1.5777425367652689,0.0,4.675755401449075,0.5396825396825397,0.5873015873015873,0.00095931,1.0,chop,1.6817083586114883,0.0
12_squeeze_compression_expansion,190,2021-03-13 00:00:00+00:00,2021-03-13 12:00:00+00:00,4.615574031087626,0.5476190476190477,0.6349206349206349,0.00047834,1.0,chop,1.8129542939632652,0.0,4.860239413916014,0.5476190476190477,0.6349206349206349,0.00060567,1.0,chop,1.7744658954617663,0.0
12_squeeze_compression_expansion,191,2021-03-30 00:00:00+00:00,2021-04-01 00:00:00+00:00,3.7967379096326543,0.06746031746031746,0.47619047619047616,0.00018171,1.0,chop_low_vol,1.239862186032928,0.0,4.942513428527796,0.04365079365079365,0.626984126984127,0.00058414,1.0,chop_low_vol,1.0874051045793376,0.0
12_squeeze_compression_expansion,192,2021-04-02 00:00:00+00:00,2021-04-02 12:00:00+00:00,5.135976037301074,0.003968253968253968,0.5634920634920635,0.00071058,1.0,chop_low_vol,1.1191705813391244,0.0,5.1965023983322585,0.007936507936507936,0.5634920634920635,0.00106221,1.0,chop_low_vol,1.1237646579277674,0.0
12_squeeze_compression_expansion,193,2021-04-10 00:00:00+00:00,2021-04-10 12:00:00+00:00,4.497927426061569,0.051587301587301584,0.5158730158730159,0.00021785,1.0,chop_low_vol,1.1128069571922035,0.0,4.566066800448612,0.05555555555555555,0.5158730158730159,0.00148624,1.0,chop_low_vol,1.0994229863582767,0.0
12_squeeze_compression_expansion,194,2021-04-11 00:00:00+00:00,2021-04-11 12:00:00+00:00,4.504410322753043,0.011904761904761904,0.19047619047619047,0.00119652,1.0,chop_low_vol,1.1609868717017022,0.0,4.575813458239896,0.015873015873015872,0.19047619047619047,0.00099427,1.0,chop_low_vol,1.1539783091400189,0.0
12_squeeze_compression_expansion,195,2021-04-13 00:00:00+00:00,2021-04-18 00:00:00+00:00,4.4720481106075844,0.051587301587301584,0.7698412698412699,0.00094343,1.0,chop_low_vol,1.6533165039134772,0.0,4.028706570475625,0.11507936507936507,0.9603174603174603,0.00087572,1.0,chop_low_vol,-0.1068525088854941,0.0
12_squeeze_compression_expansion,196,2021-07-23 00:00:00+00:00,2021-08-23 00:00:00+00:00,4.488958147517043,0.1865079365079365,0.06746031746031746,1.374e-05,0.0,trend,-0.34194587286743705,0.0,7.461290986359293,0.1746031746031746,0.376984126984127,0.00014813,1.0,trend,1.6638929566919387,0.0
12_squeeze_compression_expansion,197,2021-09-03 00:00:00+00:00,2021-09-03 12:00:00+00:00,5.819797774047829,0.03571428571428571,0.7182539682539683,0.00057405,1.0,trend,1.1400126215460407,0.0,5.846267306536507,0.03968253968253968,0.7222222222222222,0.00033375,1.0,trend,1.120939974899361,0.0
12_squeeze_compression_expansion,198,2021-09-05 00:00:00+00:00,2021-09-05 12:00:00+00:00,5.40438509778298,0.05952380952380952,0.26587301587301587,0.00019219,1.0,trend,1.2590777749621007,0.0,5.530508200546038,0.06349206349206349,0.2698412698412698,0.0001,1.0,trend,1.2377169776321881,0.0
12_squeeze_compression_expansion,199,2021-09-06 00:00:00+00:00,2021-09-06 12:00:00+00:00,5.392948551330158,0.03571428571428571,0.6388888888888888,0.0001,1.0,trend,1.3128802243931916,0.0,5.537815053042045,0.03968253968253968,0.6428571428571429,0.0001,1.0,trend,1.2912627045132614,0.0
12_squeeze_compression_expansion,200,2021-09-18 00:00:00+00:00,2021-09-18 12:00:00+00:00,1.160040197963603,0.26587301587301587,0.25793650793650796,0.0001,1.0,chop_low_vol,0.8927258812615645,0.0,1.206560999988923,0.2698412698412698,0.2619047619047619,0.0001,1.0,chop_low_vol,0.8971359727824354,0.0
12_squeeze_compression_expansion,201,2021-10-15 00:00:00+00:00,2021-10-16 00:00:00+00:00,5.3125984542497475,0.623015873015873,0.9761904761904762,0.00017282,1.0,trend,2.971858007993379,0.0,5.8130615428414725,0.6309523809523809,0.5277777777777778,0.0001,1.0,trend,2.614216176011722,0.0
12_squeeze_compression_expansion,202,2021-10-18 00:00:00+00:00,2021-10-18 12:00:00+00:00,6.4948742606912,0.5912698412698413,0.7182539682539683,0.0004425,1.0,trend,2.4621528211382544,0.0,6.6095724764105155,0.5952380952380952,0.7222222222222222,0.00022227,1.0,trend,2.3806625236874397,0.0
12_squeeze_compression_expansion,203,2021-10-19 00:00:00+00:00,2021-10-19 12:00:00+00:00,6.829109226209114,0.6150793650793651,0.8531746031746031,0.0001,1.0,trend,2.598417701249826,0.0,7.017290349319903,0.6190476190476191,0.8571428571428571,0.00014974,1.0,trend,2.5075533521345834,0.0
12_squeeze_compression_expansion,204,2021-10-20 00:00:00+00:00,2021-10-20 12:00:00+00:00,8.14100840824291,0.5595238095238095,0.8650793650793651,0.0001,1.0,trend,2.5785947329995405,0.0,8.383999353138778,0.5634920634920635,0.8650793650793651,0.0001,1.0,trend,2.4885292648458193,0.0
12_squeeze_compression_expansion,205,2021-11-02 00:00:00+00:00,2021-11-02 12:00:00+00:00,4.71321682748054,0.15476190476190477,0.7103174603174603,0.00015524,1.0,trend,1.3668167349657105,0.0,4.718940798653612,0.15873015873015872,0.7142857142857143,0.00033216,1.0,trend,1.3423903404249964,0.0
12_squeeze_compression_expansion,206,2021-11-07 00:00:00+00:00,2021-11-07 12:00:00+00:00,4.661675901931118,0.08333333333333333,0.12301587301587301,0.00037687,1.0,chop_low_vol,1.0879912446403084,0.0,4.665510814339553,0.0873015873015873,0.12698412698412698,0.00036277,1.0,chop_low_vol,1.0699320048427527,0.0
12_squeeze_compression_expansion,207,2021-11-08 00:00:00+00:00,2021-11-16 00:00:00+00:00,4.218181770126785,0.1626984126984127,0.8809523809523809,0.00037438,1.0,chop_low_vol,1.4473754545776574,0.0,4.509842524713518,0.09126984126984126,0.9444444444444444,0.00035998,1.0,chop_low_vol,0.29116396099933006,0.0
12_squeeze_compression_expansion,208,2021-12-23 00:00:00+00:00,2021-12-23 12:00:00+00:00,4.947268043183016,0.6746031746031746,0.14682539682539683,0.0001,1.0,trend,-0.967135941948135,0.0,4.623066544937255,0.6746031746031746,0.15079365079365079,0.0001,1.0,trend,-0.951313749538241,0.0
12_squeeze_compression_expansion,209,2021-12-24 00:00:00+00:00,2021-12-24 12:00:00+00:00,4.418279218848659,0.25,0.011904761904761904,4.018e-05,1.0,chop_low_vol,-0.9287512632727175,0.0,4.131042677889207,0.25396825396825395,0.015873015873015872,0.0001,1.0,chop_low_vol,-0.9133127143268028,0.0
12_squeeze_compression_expansion,210,2022-01-31 00:00:00+00:00,2022-01-31 12:00:00+00:00,8.47250250608956,0.3055555555555556,0.051587301587301584,8.927e-05,0.0,trend,-1.2385988115810416,0.0,8.215876160678127,0.30952380952380953,0.05555555555555555,-7.369e-05,0.0,trend,-1.2280075437433822,0.0
12_squeeze_compression_expansion,211,2022-02-01 00:00:00+00:00,2022-02-01 12:00:00+00:00,7.782518935137531,0.26587301587301587,0.04365079365079365,-5.648e-05,0.0,trend,-1.1786689623718707,0.0,7.518854723474493,0.2698412698412698,0.047619047619047616,6.113e-05,0.0,trend,-1.1629328490657687,0.0
12_squeeze_compression_expansion,212,2022-02-04 00:00:00+00:00,2022-02-14 00:00:00+00:00,5.740849728337706,0.9246031746031746,0.3611111111111111,-1.533e-05,0.0,trend_high_vol,-0.47551925427241876,0.0,0.2887182519871769,0.5198412698412699,0.11507936507936507,6.814e-05,0.0,chop,-0.3597494024472307,0.0
12_squeeze_compression_expansion,213,2022-02-15 00:00:00+00:00,2022-02-15 12:00:00+00:00,0.5356296436933992,0.623015873015873,0.17063492063492064,6.445e-05,0.0,chop,0.1840427949041514,0.0,0.7478175766680097,0.626984126984127,0.1746031746031746,-7.76e-05,0.0,chop,0.18988444009316732,0.0
12_squeeze_compression_expansion,214,2022-03-19 00:00:00+00:00,2022-03-19 12:00:00+00:00,0.07095782168472826,0.9365079365079365,0.1388888888888889,0.0001,0.0,chop_high_vol,0.4409351579479469,0.0,0.10103085672397859,0.9365079365079365,0.14285714285714285,0.0001,0.0,chop_high_vol,0.4520824692167517,0.0
12_squeeze_compression_expansion,215,2022-03-22 00:00:00+00:00,2022-03-22 12:00:00+00:00,0.4353895587931527,0.7142857142857143,0.6706349206349206,-9.3e-07,0.0,chop_high_vol,0.5819115385540238,0.0,0.5629793156395757,0.7142857142857143,0.6746031746031746,0.0001,0.0,chop_high_vol,0.5707178671150075,0.0
12_squeeze_compression_expansion,216,2022-03-23 00:00:00+00:00,2022-03-23 12:00:00+00:00,0.8772131439065017,0.6507936507936508,0.39285714285714285,0.0001,0.0,chop,0.6201163463098787,0.0,1.0499722827523705,0.6507936507936508,0.3968253968253968,0.0001,0.0,chop,0.6073110013692384,0.0
12_squeeze_compression_expansion,217,2022-03-24 00:00:00+00:00,2022-03-24 12:00:00+00:00,1.4522654527487637,0.46825396825396826,0.6626984126984127,7.014e-05,0.0,chop,0.7673939333887657,0.0,1.7141651244587461,0.46825396825396826,0.6666666666666666,8e-06,0.0,chop,0.7539476379900337,0.0
12_squeeze_compression_expansion,218,2022-03-25 00:00:00+00:00,2022-03-25 12:00:00+00:00,2.0284858441691043,0.46825396825396826,0.6388888888888888,-9.07e-06,0.0,chop,0.9275652764188266,0.0,2.2767641292121543,0.46825396825396826,0.6428571428571429,9.286e-05,0.0,chop,0.912146054457171,0.0
12_squeeze_compression_expansion,219,2022-03-26 00:00:00+00:00,2022-03-26 12:00:00+00:00,2.4982878492346936,0.3968253968253968,0.04365079365079365,5.473e-05,0.0,chop,0.9470364538563596,0.0,2.702623142470453,0.3968253968253968,0.047619047619047616,-7.111e-05,0.0,chop,0.9313316945443257,0.0
12_squeeze_compression_expansion,220,2022-03-27 00:00:00+00:00,2022-03-27 12:00:00+00:00,2.75199193924062,0.5158730158730159,0.5476190476190477,0.0001,0.0,chop,1.6514966301882903,0.0,3.1039796173272207,0.5158730158730159,0.5476190476190477,1.306e-05,0.0,chop,1.6176711204089027,0.0
12_squeeze_compression_expansion,221,2022-03-28 00:00:00+00:00,2022-03-28 12:00:00+00:00,3.9784422242986923,0.5079365079365079,0.8412698412698413,0.0001,0.0,trend,1.7784255670430813,0.0,4.321897315853634,0.5079365079365079,0.8412698412698413,0.0001,0.0,trend,1.738582739962461,0.0
12_squeeze_compression_expansion,222,2022-03-29 00:00:00+00:00,2022-03-29 12:00:00+00:00,4.648058709411139,0.15476190476190477,0.6944444444444444,0.0001,0.0,trend,1.992350797488724,0.0,4.940569864991297,0.15873015873015872,0.6984126984126984,0.0001,0.0,trend,1.9423932444553627,0.0
12_squeeze_compression_expansion,223,2022-05-30 00:00:00+00:00,2022-05-30 12:00:00+00:00,6.163829737359547,0.5793650793650794,0.9246031746031746,0.0001,0.0,trend,-0.7941480653675821,0.0,5.771794719961481,0.5793650793650794,0.9285714285714286,0.0001,0.0,trend,-0.780401504068573,0.0
12_squeeze_compression_expansion,224,2022-05-31 00:00:00+00:00,2022-05-31 12:00:00+00:00,5.622014045573662,0.5396825396825397,0.7857142857142857,0.0001,0.0,trend,-0.7187750501343219,0.0,5.264141885363635,0.5396825396825397,0.7857142857142857,0.0001,0.0,trend,-0.7058905227965295,0.0
12_squeeze_compression_expansion,225,2022-07-07 00:00:00+00:00,2022-07-07 12:00:00+00:00,13.961776535994996,0.44841269841269843,0.3333333333333333,8.373e-05,0.0,trend,-0.6476213872352495,0.0,13.253765888787953,0.4523809523809524,0.3333333333333333,0.0001,0.0,trend,-0.6347583385652497,0.0
12_squeeze_compression_expansion,226,2022-07-08 00:00:00+00:00,2022-07-08 12:00:00+00:00,12.64113547890696,0.3134920634920635,0.9444444444444444,0.0001,0.0,trend,-0.6079673884185932,0.0,11.994428964620079,0.31746031746031744,0.9444444444444444,0.0001,0.0,trend,-0.5966119060170243,0.0
12_squeeze_compression_expansion,227,2022-08-08 00:00:00+00:00,2022-08-08 12:00:00+00:00,1.4166696499347464,0.2222222222222222,0.4801587301587302,2.401e-05,0.0,chop_low_vol,0.8785347155974516,0.0,1.5642727969095414,0.2222222222222222,0.48412698412698413,2.79e-05,0.0,chop_low_vol,0.9311106469436398,0.0
12_squeeze_compression_expansion,228,2022-08-10 00:00:00+00:00,2022-08-10 12:00:00+00:00,1.8359551722646976,0.3253968253968254,0.6865079365079365,-1.314e-05,0.0,chop,1.0754779198852473,0.0,1.990096544126649,0.3253968253968254,0.6904761904761905,5.81e-06,0.0,chop,1.1163817276899777,0.0
12_squeeze_compression_expansion,229,2022-08-11 00:00:00+00:00,2022-08-11 12:00:00+00:00,2.5592188789886747,0.31746031746031744,0.8492063492063492,9.44e-05,0.0,chop,1.1831437071048303,0.0,2.700271862683682,0.31746031746031744,0.8492063492063492,0.0001,0.0,chop,1.2039134092055506,0.0
12_squeeze_compression_expansion,230,2022-08-12 00:00:00+00:00,2022-08-12 12:00:00+00:00,2.6737287974594315,0.31746031746031744,0.4126984126984127,4.911e-05,0.0,chop,1.35618839413229,0.0,2.8795078299398242,0.31746031746031744,0.4126984126984127,1.412e-05,0.0,chop,1.3356001007022467,0.0
12_squeeze_compression_expansion,231,2022-08-13 00:00:00+00:00,2022-08-13 12:00:00+00:00,3.140980181661763,0.30952380952380953,0.18253968253968253,-3.384e-05,0.0,chop,1.3259747464632274,0.0,3.302836583738447,0.30952380952380953,0.18253968253968253,8.455e-05,0.0,chop,1.3058267712542555,0.0
12_squeeze_compression_expansion,232,2022-09-09 00:00:00+00:00,2022-09-20 00:00:00+00:00,4.487192310075716,0.49206349206349204,0.9285714285714286,5.667e-05,0.0,trend,-0.10687712616382669,0.0,2.638119556768834,0.7103174603174603,0.8253968253968254,6e-06,0.0,chop_high_vol,-1.480923039059972,0.0
12_squeeze_compression_expansion,233,2022-09-29 00:00:00+00:00,2022-09-29 12:00:00+00:00,4.268409367050207,0.23412698412698413,0.8571428571428571,5.332e-05,0.0,trend,-0.5902686502722625,0.0,4.087733861162473,0.23809523809523808,0.8571428571428571,7.641e-05,0.0,trend,-0.5778604508106899,0.0
12_squeeze_compression_expansion,234,2022-10-03 00:00:00+00:00,2022-10-03 12:00:00+00:00,3.5487630922813245,0.027777777777777776,0.5277777777777778,3.996e-05,0.0,chop_low_vol,-0.7753994329497301,0.0,3.3660289739356135,0.031746031746031744,0.5317460317460317,8.316e-05,0.0,chop_low_vol,-0.7628255334678565,0.0
12_squeeze_compression_expansion,235,2022-10-04 00:00:00+00:00,2022-10-04 12:00:00+00:00,2.8334375175784112,0.03571428571428571,0.753968253968254,0.0001,0.0,chop_low_vol,-0.42933292602009676,1.0,2.4912100601513565,0.03968253968253968,0.753968253968254,0.0001,0.0,chop_low_vol,-0.41740488846427076,1.0
12_squeeze_compression_expansion,236,2022-10-17 00:00:00+00:00,2022-10-17 12:00:00+00:00,2.885309068815969,0.011904761904761904,0.38492063492063494,3.394e-05,0.0,trend,0.10182368177505714,0.0,2.705350702595775,0.015873015873015872,0.3888888888888889,4.84e-05,0.0,chop_low_vol,0.1382766766331659,0.0
12_squeeze_compression_expansion,237,2022-10-23 00:00:00+00:00,2022-10-23 12:00:00+00:00,2.8880957788151447,0.003968253968253968,0.13095238095238096,-3.19e-06,0.0,trend,0.44669979655804465,0.0,2.6430408175162228,0.007936507936507936,0.1349206349206349,1.171e-05,0.0,chop_low_vol,0.4606930704920343,0.0
12_squeeze_compression_expansion,238,2022-10-25 00:00:00+00:00,2022-11-08 00:00:00+00:00,1.5352926219421856,0.01984126984126984,0.9444444444444444,2.328e-05,0.0,chop_low_vol,1.4100395915674606,0.0,1.585036200315745,0.5753968253968254,1.0,6.515e-05,0.0,chop,-2.5297433236917817,1.0
12_squeeze_compression_expansion,239,2022-12-08 00:00:00+00:00,2022-12-10 00:00:00+00:00,4.374849632272029,0.25,0.1388888888888889,-1.492e-05,0.0,trend,-0.8389724220636834,0.0,3.5929103411826597,0.21031746031746032,0.003968253968253968,3.198e-05,0.0,trend,-0.8763141988468789,0.0
12_squeeze_compression_expansion,240,2022-12-13 00:00:00+00:00,2022-12-13 12:00:00+00:00,2.1125972430801356,0.11507936507936507,0.3253968253968254,3.003e-05,0.0,chop_low_vol,-0.5687115088898103,0.0,1.7517943705479115,0.11904761904761904,0.3253968253968254,1.971e-05,0.0,chop_low_vol,-0.5578408428502789,0.0
12_squeeze_compression_expansion,241,2022-12-14 00:00:00+00:00,2022-12-14 12:00:00+00:00,1.8174615451946183,0.11507936507936507,0.3055555555555556,0.0001,0.0,chop_low_vol,-0.5032791716920312,0.0,1.4190451647932603,0.11904761904761904,0.30952380952380953,0.0001,0.0,chop_low_vol,-0.4930956706346642,0.0
12_squeeze_compression_expansion,242,2022-12-26 00:00:00+00:00,2022-12-26 12:00:00+00:00,2.182171798227496,0.2261904761904762,0.027777777777777776,3.06e-05,0.0,chop_low_vol,-0.5459599156287009,0.0,2.106601563551151,0.23015873015873015,0.031746031746031744,-5.064e-05,0.0,chop_low_vol,-0.533147317732617,0.0
12_squeeze_compression_expansion,243,2023-01-06 00:00:00+00:00,2023-01-06 12:00:00+00:00,4.0770168873728165,0.003968253968253968,0.09126984126984126,7.264e-05,0.0,trend,-1.0419084780412138,0.0,3.726985031949408,0.007936507936507936,0.09523809523809523,6.591e-05,0.0,trend,-1.2702634869038367,0.0
12_squeeze_compression_expansion,244,2023-01-07 00:00:00+00:00,2023-01-07 12:00:00+00:00,3.5463394448453034,0.003968253968253968,0.003968253968253968,8.658e-05,0.0,trend,-1.3443181517036056,0.0,3.2351428822058197,0.007936507936507936,0.007936507936507936,6.71e-06,0.0,trend,-1.4722039610591209,0.0
12_squeeze_compression_expansion,245,2023-01-08 00:00:00+00:00,2023-01-08 12:00:00+00:00,2.4651684667070333,0.003968253968253968,0.027777777777777776,0.0001,0.0,chop_low_vol,-1.1091443876626543,0.0,2.0911462435179886,0.007936507936507936,0.031746031746031744,0.0001,0.0,chop_low_vol,-1.1001278806472596,0.0
12_squeeze_compression_expansion,246,2023-01-09 00:00:00+00:00,2023-01-09 12:00:00+00:00,1.586418474251482,0.003968253968253968,0.26587301587301587,7.452e-05,0.0,chop_low_vol,-1.030477736172345,0.0,1.1807602655585214,0.007936507936507936,0.2698412698412698,-6.66e-06,0.0,chop_low_vol,-1.0336895880169772,0.0
12_squeeze_compression_expansion,247,2023-01-10 00:00:00+00:00,2023-01-10 12:00:00+00:00,0.508129667910452,0.011904761904761904,0.15476190476190477,9.05e-06,0.0,chop_low_vol,-0.3154029236931164,0.0,0.045856554812900095,0.015873015873015872,0.15873015873015872,9.685e-05,0.0,chop_low_vol,-0.3039804954213715,0.0
12_squeeze_compression_expansion,248,2023-01-11 00:00:00+00:00,2023-01-30 00:00:00+00:00,0.8435245034666895,0.027777777777777776,0.26587301587301587,3.129e-05,0.0,chop_low_vol,0.9344891635164878,0.0,10.456359489427964,0.8214285714285714,0.5674603174603174,0.0001,1.0,trend_high_vol,1.8072249474511803,0.0
12_squeeze_compression_expansion,249,2023-03-13 00:00:00+00:00,2023-03-27 00:00:00+00:00,1.0959465449909238,0.8412698412698413,0.9563492063492064,-4.068e-05,1.0,chop_high_vol,0.7200064354683977,1.0,5.183557692959508,0.9404761904761905,0.3055555555555556,3.634e-05,1.0,trend_high_vol,1.3959315801945884,0.0
12_squeeze_compression_expansion,250,2023-04-10 00:00:00+00:00,2023-04-10 12:00:00+00:00,7.447964057897516,0.4603174603174603,0.39285714285714285,0.0001,1.0,trend,1.698549102045117,0.0,7.672367241444199,0.4603174603174603,0.3968253968253968,0.0001,1.0,trend,1.667883802011599,0.0
12_squeeze_compression_expansion,251,2023-04-11 00:00:00+00:00,2023-04-11 12:00:00+00:00,7.260735296937476,0.3888888888888889,0.4523809523809524,6.167e-05,1.0,trend,1.7857193136611464,0.0,7.5242751270127535,0.3888888888888889,0.4523809523809524,0.0001,1.0,trend,1.753754697660517,0.0
12_squeeze_compression_expansion,252,2023-04-13 00:00:00+00:00,2023-04-13 12:00:00+00:00,10.028495637820152,0.24206349206349206,0.3373015873015873,1.747e-05,1.0,trend,1.5074928535974863,0.0,10.216808884468488,0.24603174603174602,0.3412698412698413,4.427e-05,1.0,trend,1.484260530783885,0.0
12_squeeze_compression_expansion,253,2023-04-14 00:00:00+00:00,2023-04-14 12:00:00+00:00,11.305835878292543,0.24206349206349206,0.5238095238095238,0.0001,1.0,trend,1.7409156825294807,0.0,11.44956741527598,0.24603174603174602,0.5238095238095238,0.0001,1.0,trend,1.7102913179305,0.0
12_squeeze_compression_expansion,254,2023-05-28 00:00:00+00:00,2023-06-05 00:00:00+00:00,2.3669724672016654,0.07539682539682539,0.23412698412698413,7.362e-05,1.0,chop_low_vol,0.6093249084647309,0.0,1.3792699798687076,0.32936507936507936,0.6309523809523809,0.0001,1.0,chop,-1.7950714476029568,0.0
12_squeeze_compression_expansion,255,2023-07-03 00:00:00+00:00,2023-07-03 12:00:00+00:00,5.5590108183170575,0.44841269841269843,0.43253968253968256,0.0001,1.0,trend,2.128480046352323,0.0,5.638693125070095,0.4523809523809524,0.4365079365079365,0.0001,1.0,trend,2.071956334016246,0.0
12_squeeze_compression_expansion,256,2023-07-13 00:00:00+00:00,2023-07-13 12:00:00+00:00,6.2639675240621635,0.01984126984126984,0.8293650793650794,-1.135e-05,1.0,trend,1.422166933791768,0.0,6.440551126506524,0.023809523809523808,0.8333333333333334,6.12e-05,1.0,trend,1.3962657465041761,0.0
12_squeeze_compression_expansion,257,2023-08-08 00:00:00+00:00,2023-08-11 00:00:00+00:00,1.611790626952788,0.04365079365079365,0.7380952380952381,0.0001,1.0,chop_low_vol,0.4508955908133736,0.0,0.8215595734675581,0.051587301587301584,0.1626984126984127,0.0001,1.0,chop_low_vol,0.2528574374626346,0.0
12_squeeze_compression_expansion,258,2023-08-29 00:00:00+00:00,2023-08-31 00:00:00+00:00,5.375468877763423,0.7023809523809523,0.9761904761904762,8.24e-06,1.0,trend_high_vol,-0.9681165664434669,0.0,5.371936523136728,0.9444444444444444,0.8849206349206349,2.909e-05,0.0,trend_high_vol,-2.219253514021539,0.0
12_squeeze_compression_expansion,259,2023-10-01 00:00:00+00:00,2023-10-11 00:00:00+00:00,0.16764344966685968,0.25,0.21031746031746032,2.95e-06,0.0,chop_low_vol,1.4413418436425902,0.0,1.921024347577179,0.28174603174603174,0.6626984126984127,5.918e-05,0.0,chop_low_vol,0.3921463701552915,0.0
12_squeeze_compression_expansion,260,2023-10-16 00:00:00+00:00,2023-11-02 00:00:00+00:00,1.0424279199524775,0.5277777777777778,0.9761904761904762,5.11e-06,1.0,chop,1.4135090505207004,0.0,8.520062610506082,0.9365079365079365,0.9047619047619048,0.0001,1.0,trend_high_vol,2.0996340136000615,0.0
12_squeeze_compression_expansion,261,2023-11-07 00:00:00+00:00,2023-11-07 12:00:00+00:00,16.84216932258655,0.8809523809523809,0.8650793650793651,0.0001,1.0,trend_high_vol,1.9193579209457168,0.0,16.733392032804392,0.8809523809523809,0.8650793650793651,0.0001,1.0,trend_high_vol,1.875885777243889,0.0
12_squeeze_compression_expansion,262,2023-11-08 00:00:00+00:00,2023-11-08 12:00:00+00:00,18.3013648923617,0.873015873015873,0.8253968253968254,0.0001,1.0,trend_high_vol,1.9727068727901926,0.0,18.199070295644386,0.873015873015873,0.8253968253968254,0.0001,1.0,trend_high_vol,1.927007159446112,0.0
12_squeeze_compression_expansion,263,2023-11-09 00:00:00+00:00,2023-11-09 12:00:00+00:00,15.330702884578818,0.8650793650793651,0.9841269841269841,0.0001,1.0,trend_high_vol,2.1012345737066034,0.0,15.482349697068551,0.8650793650793651,0.9841269841269841,0.0001,1.0,trend_high_vol,2.049491183597294,0.0
12_squeeze_compression_expansion,264,2023-11-10 00:00:00+00:00,2023-11-10 12:00:00+00:00,14.447774907908583,0.8650793650793651,0.9285714285714286,0.0001,1.0,trend_high_vol,2.318507993558328,0.0,14.654559410181056,0.8650793650793651,0.9285714285714286,0.00011682,1.0,trend_high_vol,2.259413918757425,0.0
12_squeeze_compression_expansion,265,2023-11-15 00:00:00+00:00,2023-11-29 00:00:00+00:00,9.02714988165719,0.6825396825396826,0.9523809523809523,0.0001,1.0,trend,1.8787520776783628,0.0,5.891914079884225,0.7936507936507936,0.8333333333333334,0.0001,1.0,trend_high_vol,0.9085926176954461,0.0
12_squeeze_compression_expansion,266,2023-12-02 00:00:00+00:00,2023-12-02 12:00:00+00:00,5.924660530537595,0.8888888888888888,0.6507936507936508,9.95e-05,1.0,trend_high_vol,1.1023610945650417,0.0,6.068384535042777,0.8888888888888888,0.6507936507936508,6.973e-05,1.0,trend_high_vol,1.0843107356545192,0.0
12_squeeze_compression_expansion,267,2023-12-03 00:00:00+00:00,2023-12-03 12:00:00+00:00,6.473379649968824,0.8412698412698413,0.6666666666666666,0.0001,1.0,trend_high_vol,1.1847716961265164,0.0,6.647286519473097,0.8412698412698413,0.6666666666666666,0.0001,1.0,trend_high_vol,1.164863549680391,0.0
12_squeeze_compression_expansion,268,2023-12-04 00:00:00+00:00,2023-12-04 12:00:00+00:00,5.51508427477158,0.9126984126984127,0.9920634920634921,0.0001,1.0,trend_high_vol,1.8092170439780018,0.0,5.851227390749893,0.9126984126984127,0.9920634920634921,0.0001,1.0,trend_high_vol,1.7710876419604638,0.0
12_squeeze_compression_expansion,269,2023-12-05 00:00:00+00:00,2023-12-21 00:00:00+00:00,5.991493115028904,0.7698412698412699,0.9682539682539683,0.0001,1.0,trend_high_vol,2.193058119523036,0.0,5.28570647294809,0.8809523809523809,0.7817460317460317,0.00027143,1.0,trend_high_vol,1.505883425532247,0.0
12_squeeze_compression_expansion,270,2023-12-22 00:00:00+00:00,2023-12-22 12:00:00+00:00,5.714635238133673,0.8412698412698413,0.75,0.00030806,1.0,trend_high_vol,1.4118656324524803,0.0,5.735423947156739,0.8412698412698413,0.753968253968254,0.0002961,1.0,trend_high_vol,1.3912806136860487,0.0
12_squeeze_compression_expansion,271,2024-01-01 00:00:00+00:00,2024-01-13 00:00:00+00:00,3.781919359441682,0.373015873015873,0.6111111111111112,0.00037409,1.0,chop,1.1776243866283427,0.0,2.8499077286086334,0.9920634920634921,0.6190476190476191,0.0001,1.0,chop_high_vol,0.34391676265389665,0.0
12_squeeze_compression_expansion,272,2024-02-07 00:00:00+00:00,2024-02-07 12:00:00+00:00,0.9347837576512018,0.18253968253968253,0.5714285714285714,7.527e-05,1.0,chop_low_vol,0.9779348299986163,0.0,1.2093069811254167,0.18253968253968253,0.5714285714285714,5.373e-05,1.0,chop_low_vol,0.9803787359762902,0.0
12_squeeze_compression_expansion,273,2024-02-08 00:00:00+00:00,2024-02-08 12:00:00+00:00,1.4493635704055106,0.18253968253968253,0.8095238095238095,0.0001,1.0,chop_low_vol,1.6621847612119274,0.0,1.7864265718795387,0.18253968253968253,0.8095238095238095,6.535e-05,1.0,chop_low_vol,1.6479771786578485,0.0
12_squeeze_compression_expansion,274,2024-02-09 00:00:00+00:00,2024-02-09 12:00:00+00:00,2.379823007572934,0.25396825396825395,0.9206349206349206,3.16e-05,1.0,chop_low_vol,2.8233158103812497,0.0,2.915432328362204,0.25396825396825395,0.9206349206349206,0.0001,1.0,chop_low_vol,2.7098648149318287,0.0
12_squeeze_compression_expansion,275,2024-02-10 00:00:00+00:00,2024-02-10 12:00:00+00:00,3.3400054314091263,0.2619047619047619,0.31746031746031744,9.801e-05,1.0,chop_low_vol,2.931625307100346,0.0,3.8265952923851607,0.2619047619047619,0.31746031746031744,0.0001,1.0,chop_low_vol,2.8072410164023576,0.0
12_squeeze_compression_expansion,276,2024-02-11 00:00:00+00:00,2024-02-11 12:00:00+00:00,4.10024840886906,0.11904761904761904,0.4603174603174603,0.0001,1.0,chop_low_vol,2.953350040913317,0.0,4.523161157780302,0.11904761904761904,0.4603174603174603,0.0001,1.0,chop_low_vol,2.834954583358615,0.0
12_squeeze_compression_expansion,277,2024-02-12 00:00:00+00:00,2024-02-22 00:00:00+00:00,4.859596199820587,0.15079365079365079,0.8888888888888888,0.0001,1.0,trend,3.478209318141797,0.0,9.292475524876448,0.0873015873015873,0.7063492063492064,0.0001,1.0,trend,1.7642060087713165,0.0
12_squeeze_compression_expansion,278,2024-02-26 00:00:00+00:00,2024-03-14 00:00:00+00:00,8.63579926893693,0.24206349206349206,0.8611111111111112,0.00026761,1.0,trend,2.1158986699802487,0.0,8.77107118576779,1.0,0.9444444444444444,0.00045402,1.0,trend_high_vol,1.7287882099283733,0.0
12_squeeze_compression_expansion,279,2024-04-08 00:00:00+00:00,2024-04-08 12:00:00+00:00,3.83803846537204,0.7301587301587301,0.7182539682539683,0.0001,1.0,trend_high_vol,0.56499541308368,0.0,3.9641202841663645,0.7301587301587301,0.7222222222222222,0.0001,1.0,trend_high_vol,0.5537680146904603,0.0
12_squeeze_compression_expansion,280,2024-05-15 00:00:00+00:00,2024-05-27 00:00:00+00:00,1.2121867396136878,0.6904761904761905,0.7261904761904762,0.0001,1.0,chop,-0.37623291615530113,0.0,2.4575814444263986,0.5674603174603174,0.376984126984127,0.0001,1.0,chop,1.0115373876282283,0.0
12_squeeze_compression_expansion,281,2024-06-04 00:00:00+00:00,2024-06-04 12:00:00+00:00,3.5233104862053133,0.21825396825396826,0.5555555555555556,0.00012008,1.0,trend,1.7319216767785746,0.0,3.7156244594905967,0.2222222222222222,0.5555555555555556,0.0001,1.0,trend,1.7097229763678985,0.0
12_squeeze_compression_expansion,282,2024-06-05 00:00:00+00:00,2024-06-05 12:00:00+00:00,4.085415200638352,0.21031746031746032,0.5476190476190477,0.0001,1.0,trend,1.5978994128643444,0.0,4.286870917497694,0.21428571428571427,0.5476190476190477,0.00016387,1.0,trend,1.5874075102833534,0.0
12_squeeze_compression_expansion,283,2024-09-18 00:00:00+00:00,2024-09-19 00:00:00+00:00,0.4604462726643094,0.36904761904761907,0.8809523809523809,1.344e-05,0.0,chop,-0.27229810151450523,0.0,0.09806200601825646,0.376984126984127,0.9285714285714286,3.512e-05,0.0,chop,-0.057251470486502185,0.0
12_squeeze_compression_expansion,284,2024-09-20 00:00:00+00:00,2024-09-20 12:00:00+00:00,0.7549972696017299,0.376984126984127,0.7301587301587301,8.065e-05,0.0,chop,-0.13760194544321683,0.0,1.0358904106870679,0.38095238095238093,0.7301587301587301,-5.03e-06,0.0,chop,-0.12145032799416698,0.0
12_squeeze_compression_expansion,285,2024-09-21 00:00:00+00:00,2024-09-21 12:00:00+00:00,1.3012932752096877,0.3373015873015873,0.08333333333333333,5.543e-05,0.0,chop,-0.06220717373023765,0.0,1.5376058173805442,0.3412698412698413,0.0873015873015873,0.0001,0.0,chop,-0.0478690420068455,0.0
12_squeeze_compression_expansion,286,2024-09-22 00:00:00+00:00,2024-09-22 12:00:00+00:00,1.8272626862010628,0.2896825396825397,0.21428571428571427,6.285e-05,0.0,chop_low_vol,0.023717464445659163,0.0,2.0372570682909803,0.29365079365079366,0.21428571428571427,9.254e-05,0.0,chop_low_vol,0.037478356820297556,0.0
12_squeeze_compression_expansion,287,2024-09-24 00:00:00+00:00,2024-09-24 12:00:00+00:00,2.861430354297261,0.23412698412698413,0.5198412698412699,2.324e-05,1.0,trend,0.07461464339311738,0.0,3.0637199997462954,0.23809523809523808,0.5238095238095238,2.895e-05,1.0,trend,0.09922876043365282,0.0
12_squeeze_compression_expansion,288,2024-09-26 00:00:00+00:00,2024-09-26 12:00:00+00:00,2.9190285653171144,0.20238095238095238,0.7817460317460317,1.336e-05,1.0,trend,0.3116390660699256,0.0,3.1022189747688014,0.20634920634920634,0.7857142857142857,6.246e-05,1.0,trend,0.35245612941281235,0.0
12_squeeze_compression_expansion,289,2024-09-27 00:00:00+00:00,2024-09-27 12:00:00+00:00,3.795449661756113,0.21031746031746032,0.626984126984127,0.0001,1.0,trend,0.7660263826767304,0.0,4.006052546068243,0.21428571428571427,0.626984126984127,6.722e-05,1.0,trend,0.8207128158913694,0.0
12_squeeze_compression_expansion,290,2024-09-28 00:00:00+00:00,2024-09-28 12:00:00+00:00,4.352619237271787,0.20238095238095238,0.09126984126984126,5.455e-05,1.0,trend,0.8992248160073713,0.0,4.519414651963083,0.20634920634920634,0.09523809523809523,8.3e-05,1.0,trend,0.9520089165827851,0.0
12_squeeze_compression_expansion,291,2024-10-12 00:00:00+00:00,2024-10-24 00:00:00+00:00,0.7888776551403873,0.25793650793650796,0.12698412698412698,4.558e-05,0.0,chop_low_vol,0.17803102966108406,0.0,4.324090826354335,0.16666666666666666,0.5476190476190477,0.0001,1.0,trend,1.2380718961062225,0.0
12_squeeze_compression_expansion,292,2024-10-28 00:00:00+00:00,2024-11-21 00:00:00+00:00,4.727394656896397,0.2698412698412698,0.8134920634920635,9.425e-05,1.0,trend,1.7663083870191034,0.0,7.137749869355569,0.8095238095238095,0.9603174603174603,0.0001,1.0,trend_high_vol,2.3799172986617934,1.0
12_squeeze_compression_expansion,293,2024-12-06 00:00:00+00:00,2024-12-06 12:00:00+00:00,7.764029760683635,0.38492063492063494,0.9444444444444444,0.0001,1.0,trend,1.4327610643656437,0.0,7.7581295120289795,0.3888888888888889,0.9444444444444444,0.00014634,1.0,trend,1.4076887476324103,0.0
12_squeeze_compression_expansion,294,2024-12-07 00:00:00+00:00,2024-12-07 12:00:00+00:00,8.11614351594978,0.376984126984127,0.7063492063492064,0.00031972,1.0,trend,1.3832235519311256,0.0,8.077573999138016,0.38095238095238093,0.7063492063492064,0.00012374,1.0,trend,1.359360160483202,0.0
12_squeeze_compression_expansion,295,2024-12-08 00:00:00+00:00,2024-12-08 12:00:00+00:00,7.669095847118902,0.39285714285714285,0.6984126984126984,0.00016985,1.0,trend,1.4076432885880448,0.0,7.673563426341045,0.3968253968253968,0.6984126984126984,0.00016572,1.0,trend,1.3842713867205194,0.0
12_squeeze_compression_expansion,296,2024-12-13 00:00:00+00:00,2024-12-21 00:00:00+00:00,6.850164290905556,0.4880952380952381,0.7936507936507936,0.0001,1.0,trend,1.2136691619595805,0.0,4.872687633608937,0.5436507936507936,0.7222222222222222,0.0001,1.0,trend,0.7339101959512898,0.0
12_squeeze_compression_expansion,297,2025-01-05 00:00:00+00:00,2025-01-05 12:00:00+00:00,1.0628057172746808,0.34523809523809523,0.1388888888888889,0.0001,1.0,chop,0.4916748158880452,0.0,1.1657192335477076,0.3492063492063492,0.14285714285714285,0.0001,1.0,chop,0.4820816223959753,0.0
12_squeeze_compression_expansion,298,2025-01-06 00:00:00+00:00,2025-01-06 12:00:00+00:00,1.2654700522455071,0.4880952380952381,0.6984126984126984,0.0001,1.0,chop,1.075999699415353,0.0,1.534466847427188,0.49206349206349204,0.6984126984126984,0.0001,1.0,chop,1.0985547494597632,0.0
12_squeeze_compression_expansion,299,2025-02-20 00:00:00+00:00,2025-02-20 12:00:00+00:00,2.5886075876070986,0.003968253968253968,0.19444444444444445,2.42e-05,1.0,chop_low_vol,-1.3800873494828014,0.0,2.3569994571222552,0.007936507936507936,0.1984126984126984,3.269e-05,1.0,chop_low_vol,-1.3559652054006386,0.0
12_squeeze_compression_expansion,300,2025-04-21 00:00:00+00:00,2025-04-21 12:00:00+00:00,0.1720053067041906,0.7619047619047619,0.49603174603174605,5.232e-05,0.0,chop_high_vol,-1.2336595207033934,0.0,0.0033098313518514577,0.7619047619047619,0.5,5.403e-05,0.0,chop_high_vol,-1.2267812468054817,0.0
12_squeeze_compression_expansion,301,2025-04-22 00:00:00+00:00,2025-04-22 12:00:00+00:00,0.40282849161630213,0.8412698412698413,0.7658730158730159,1.553e-05,1.0,chop_high_vol,-0.2573049310664956,0.0,0.7598594639008378,0.8412698412698413,0.7698412698412699,-7.44e-06,1.0,chop_high_vol,-0.2414781762960375,0.0
12_squeeze_compression_expansion,302,2025-04-23 00:00:00+00:00,2025-04-23 12:00:00+00:00,1.4058179680177039,0.8333333333333334,0.5119047619047619,-1.389e-05,1.0,chop_high_vol,0.37990819222337097,0.0,1.7830953226577102,0.8333333333333334,0.5158730158730159,1.374e-05,1.0,chop_high_vol,0.4082946827501491,0.0
12_squeeze_compression_expansion,303,2025-04-24 00:00:00+00:00,2025-04-24 12:00:00+00:00,2.4204139708585966,0.8253968253968254,0.376984126984127,-2.671e-05,1.0,chop_high_vol,0.2108709180438506,0.0,2.768641309888871,0.8253968253968254,0.38095238095238093,5.21e-05,1.0,trend_high_vol,0.23806484163555464,0.0
12_squeeze_compression_expansion,304,2025-04-25 00:00:00+00:00,2025-04-25 12:00:00+00:00,3.7094563441476343,0.8174603174603174,0.503968253968254,-2.165e-05,1.0,trend_high_vol,0.6408456271789867,0.0,4.080066722680227,0.8174603174603174,0.5079365079365079,1.7e-06,1.0,trend_high_vol,0.659327999731878,0.0
12_squeeze_compression_expansion,305,2025-05-02 00:00:00+00:00,2025-05-02 12:00:00+00:00,6.686013292500646,0.13095238095238096,0.26587301587301587,-0.00012232,1.0,trend,1.6031096374865954,0.0,6.828834821909165,0.1349206349206349,0.2698412698412698,-9.382e-05,1.0,trend,1.5992006089929534,0.0
12_squeeze_compression_expansion,306,2025-05-07 00:00:00+00:00,2025-05-07 12:00:00+00:00,9.132302998678266,0.1626984126984127,0.9285714285714286,7.57e-06,1.0,trend,0.909951947430217,1.0,9.168896695169185,0.16666666666666666,0.9285714285714286,-2.5e-07,1.0,trend,0.9230727013699497,1.0
12_squeeze_compression_expansion,307,2025-05-08 00:00:00+00:00,2025-05-18 00:00:00+00:00,6.280765778952662,0.4126984126984127,0.8809523809523809,2.318e-05,1.0,trend,2.727894475380429,0.0,8.019032840986073,0.2261904761904762,0.7063492063492064,6.742e-05,1.0,trend,2.333432470720266,0.0
12_squeeze_compression_expansion,308,2025-05-20 00:00:00+00:00,2025-05-20 12:00:00+00:00,8.430906803048536,0.25,0.4722222222222222,8.378e-05,1.0,trend,1.7702471660084427,1.0,8.460682411088923,0.25396825396825395,0.47619047619047616,7.107e-05,1.0,trend,1.731590605643213,1.0
12_squeeze_compression_expansion,309,2025-05-21 00:00:00+00:00,2025-05-21 12:00:00+00:00,7.4457644619389125,0.25793650793650796,0.9285714285714286,8.767e-05,1.0,trend,1.9083671926300416,1.0,7.604313224710254,0.2619047619047619,0.9285714285714286,7.147e-05,1.0,trend,1.862753462634313,1.0
12_squeeze_compression_expansion,310,2025-05-22 00:00:00+00:00,2025-05-22 12:00:00+00:00,9.930504429476787,0.26587301587301587,0.8888888888888888,5.119e-05,1.0,trend,2.0883900104872613,0.0,10.197552105641865,0.2698412698412698,0.8888888888888888,0.0001,1.0,trend,2.0344072243370808,0.0
12_squeeze_compression_expansion,311,2025-06-09 00:00:00+00:00,2025-06-17 00:00:00+00:00,3.005913787195011,0.3611111111111111,0.8214285714285714,-2.164e-05,1.0,chop,1.1652624745148235,0.0,2.2289262686007247,0.1865079365079365,0.8253968253968254,1.847e-05,1.0,chop_low_vol,0.09151159225599642,0.0
12_squeeze_compression_expansion,312,2025-06-25 00:00:00+00:00,2025-07-03 00:00:00+00:00,0.6953332236915368,0.3333333333333333,0.7380952380952381,4.47e-06,1.0,chop,0.7122601957274848,0.0,1.951719980905298,0.03571428571428571,0.7182539682539683,4.13e-05,1.0,chop_low_vol,1.0211429330239261,0.0
12_squeeze_compression_expansion,313,2025-07-22 00:00:00+00:00,2025-07-22 12:00:00+00:00,6.349218081554779,0.003968253968253968,0.9523809523809523,0.0001,1.0,trend,1.4604371817656467,0.0,6.395600753503937,0.007936507936507936,0.9523809523809523,0.0001,1.0,trend,1.4331576738205463,0.0
12_squeeze_compression_expansion,314,2025-09-08 00:00:00+00:00,2025-09-08 12:00:00+00:00,3.1355123328786414,0.5595238095238095,0.15079365079365079,6.969e-05,1.0,trend,-2.033118011760782,0.0,2.9585544986596726,0.5634920634920635,0.15079365079365079,6.682e-05,1.0,trend,-1.9804194480200101,0.0
12_squeeze_compression_expansion,315,2025-09-10 00:00:00+00:00,2025-09-10 12:00:00+00:00,2.266650251817423,0.5833333333333334,0.5277777777777778,5.805e-05,1.0,chop,-1.5477137192930428,0.0,1.9830663822638341,0.5873015873015873,0.5317460317460317,5.026e-05,1.0,chop,-1.5171327281028046,0.0
12_squeeze_compression_expansion,316,2025-09-11 00:00:00+00:00,2025-09-11 12:00:00+00:00,1.5480746428174441,0.25,0.23412698412698413,5.843e-05,1.0,chop_low_vol,-1.2025167666931633,0.0,1.1997540865758276,0.25396825396825395,0.23809523809523808,4.283e-05,1.0,chop_low_vol,-1.1820362075721411,0.0
12_squeeze_compression_expansion,317,2025-09-12 00:00:00+00:00,2025-09-12 12:00:00+00:00,1.0553875903854975,0.21825396825396826,0.4880952380952381,3.326e-05,1.0,chop_low_vol,-1.1306116216723179,0.0,0.6392992053228879,0.2222222222222222,0.49206349206349204,3.768e-05,1.0,chop_low_vol,-1.1118787139027329,0.0
12_squeeze_compression_expansion,318,2025-09-16 00:00:00+00:00,2025-09-16 12:00:00+00:00,1.305311381861935,0.11507936507936507,0.25,8.189e-05,1.0,chop_low_vol,-1.0562919372375457,0.0,1.614136611409915,0.11904761904761904,0.25396825396825395,6.991e-05,1.0,chop_low_vol,-1.0387892597695907,0.0
12_squeeze_compression_expansion,319,2025-09-18 00:00:00+00:00,2025-09-18 12:00:00+00:00,2.402465960994886,0.003968253968253968,0.39285714285714285,6.303e-05,1.0,trend,-0.7132300230189478,0.0,2.6385244878103076,0.007936507936507936,0.3968253968253968,8.928e-05,1.0,trend,-0.700820753229498,0.0
12_squeeze_compression_expansion,320,2026-01-01 00:00:00+00:00,2026-01-01 12:00:00+00:00,5.594256558397472,0.11507936507936507,0.027777777777777776,3.75e-05,0.0,trend,-0.6755740803976621,0.0,5.316433165866338,0.11904761904761904,0.031746031746031744,0.0001,0.0,trend,-0.666706619569195,0.0
12_squeeze_compression_expansion,321,2026-01-02 00:00:00+00:00,2026-01-02 12:00:00+00:00,5.692686256570875,0.13095238095238096,0.3134920634920635,1.711e-05,0.0,trend,-0.47195425473078095,0.0,5.218855029571913,0.1349206349206349,0.31746031746031744,4.219e-05,0.0,trend,-0.4588958338140542,0.0
12_squeeze_compression_expansion,322,2026-01-03 00:00:00+00:00,2026-01-03 12:00:00+00:00,4.418368444913177,0.08333333333333333,0.051587301587301584,4.813e-05,0.0,trend,-0.35930637342400323,0.0,3.9426026124162807,0.0873015873015873,0.05555555555555555,1.055e-05,0.0,trend,-0.34521467675044826,0.0
12_squeeze_compression_expansion,323,2026-01-04 00:00:00+00:00,2026-01-04 12:00:00+00:00,3.158319744501956,0.05952380952380952,0.12301587301587301,9.488e-05,0.0,chop_low_vol,-0.2206603898001632,0.0,2.6755088890183445,0.06349206349206349,0.12698412698412698,5.813e-05,0.0,chop_low_vol,-0.20392354145459388,0.0
12_squeeze_compression_expansion,324,2026-01-05 00:00:00+00:00,2026-01-20 00:00:00+00:00,1.4514841390221283,0.10714285714285714,0.43253968253968256,8.893e-05,0.0,chop_low_vol,-0.20542977734995047,0.0,1.8386643689664273,0.4603174603174603,0.4523809523809524,2.494e-05,0.0,chop,-2.8649824524782552,1.0
12_squeeze_compression_expansion,325,2026-03-16 00:00:00+00:00,2026-03-16 12:00:00+00:00,0.7550843968844246,0.7619047619047619,0.6706349206349206,2.513e-05,0.0,chop_high_vol,0.07897005960386023,0.0,0.4387539568138577,0.7619047619047619,0.6746031746031746,7.139e-05,0.0,chop_high_vol,0.09929878499124485,0.0
12_squeeze_compression_expansion,326,2026-04-05 00:00:00+00:00,2026-04-05 12:00:00+00:00,2.5027817204466545,0.3134920634920635,0.1626984126984127,1.651e-05,0.0,chop,0.9577690956486066,0.0,2.3307135697503454,0.31746031746031744,0.16666666666666666,3.812e-05,0.0,chop,0.9579430859295067,0.0
12_squeeze_compression_expansion,327,2026-04-07 00:00:00+00:00,2026-04-07 12:00:00+00:00,1.5899603903412922,0.38492063492063494,0.5753968253968254,-3.15e-06,0.0,chop,1.5504725902585168,0.0,1.2185979460148768,0.3888888888888889,0.5793650793650794,3.703e-05,0.0,chop,1.5251493028534528,0.0
12_squeeze_compression_expansion,328,2026-04-10 00:00:00+00:00,2026-04-10 12:00:00+00:00,0.14727656347341184,0.32142857142857145,0.32142857142857145,4.11e-06,0.0,chop,1.3244324209693086,0.0,0.5139514960403981,0.3253968253968254,0.3253968253968254,2.458e-05,0.0,chop,1.3026121155090378,0.0
12_squeeze_compression_expansion,329,2026-04-11 00:00:00+00:00,2026-04-11 12:00:00+00:00,0.8451131125043554,0.3055555555555556,0.17857142857142858,-7.225e-05,0.0,chop,1.2956879034135576,0.0,1.142017000944813,0.30952380952380953,0.18253968253968253,-6.083e-05,0.0,chop,1.2737955606451614,0.0
12_squeeze_compression_expansion,330,2026-04-13 00:00:00+00:00,2026-04-15 12:00:00+00:00,1.1050074487684705,0.5119047619047619,0.7658730158730159,-3.35e-06,0.0,chop,1.5668301461891634,0.0,2.263564778304484,0.36507936507936506,0.42063492063492064,-5.085e-05,0.0,chop,1.164539234126587,0.0
13_drawdown_recovery_momentum,1,2015-05-18 12:00:00+00:00,2015-06-05 12:00:00+00:00,0.4186405506488479,0.01702127659574468,0.16666666666666666,0.0,0.0,chop_low_vol,-1.0193114513482395,0.0,4.527766928069649,0.05555555555555555,0.3253968253968254,0.0,0.0,trend,-0.4163623114330199,0.0
13_drawdown_recovery_momentum,2,2015-06-23 12:00:00+00:00,2015-08-16 12:00:00+00:00,3.5716552089410096,0.23809523809523808,0.25396825396825395,0.0,0.0,trend,1.6766677574058655,0.0,2.252290624890446,0.42857142857142855,0.8253968253968254,0.0,1.0,chop,-0.29615142999027677,0.0
13_drawdown_recovery_momentum,3,2015-10-04 00:00:00+00:00,2016-01-19 12:00:00+00:00,0.5517162197537308,0.015873015873015872,0.03571428571428571,0.0,0.0,chop_low_vol,-0.1690286985278612,0.0,1.8561879874685354,0.7857142857142857,0.5476190476190477,0.0,1.0,chop_high_vol,-0.8187981612667674,0.0
13_drawdown_recovery_momentum,4,2016-09-13 12:00:00+00:00,2017-01-26 00:00:00+00:00,2.1731338570640695,0.2619047619047619,0.5396825396825397,0.0,1.0,chop_low_vol,0.278773084773114,0.0,1.4739277646472728,0.8333333333333334,0.7777777777777778,0.0,1.0,chop_high_vol,0.5115417289779471,0.0
13_drawdown_recovery_momentum,5,2017-02-01 12:00:00+00:00,2017-03-27 00:00:00+00:00,4.045027594106465,0.7777777777777778,0.8253968253968254,0.0,1.0,chop_high_vol,0.9704393046783877,0.0,1.7485406120135674,0.8968253968253969,0.9126984126984127,0.0,1.0,chop_high_vol,-0.584308258196967,0.0
13_drawdown_recovery_momentum,6,2017-04-17 12:00:00+00:00,2017-07-12 00:00:00+00:00,5.327464274151295,0.16666666666666666,0.6746031746031746,0.0,1.0,trend,0.1717765656960959,0.0,0.151114928027467,0.2777777777777778,0.6904761904761905,0.0,1.0,chop_low_vol,0.14119004344023572,0.0
13_drawdown_recovery_momentum,7,2017-08-02 12:00:00+00:00,2017-09-22 12:00:00+00:00,1.6964887776465227,0.9841269841269841,0.5873015873015873,0.0,1.0,chop_high_vol,0.4233259249377533,0.0,1.0478983489007339,0.8333333333333334,0.31746031746031744,0.0,1.0,chop_high_vol,-0.19484879412666875,0.0
13_drawdown_recovery_momentum,8,2017-10-11 00:00:00+00:00,2018-01-16 00:00:00+00:00,6.288265634414592,0.0992063492063492,0.38492063492063494,0.0,1.0,trend,1.7440666641857367,0.0,0.28547952134136234,0.7857142857142857,0.9603174603174603,0.0,1.0,chop_high_vol,-0.6851811669022285,0.0
13_drawdown_recovery_momentum,9,2018-03-04 00:00:00+00:00,2018-03-21 00:00:00+00:00,0.630213226963391,0.2777777777777778,0.24603174603174602,0.0,1.0,chop_low_vol,0.26024242712402157,0.0,4.540755787713086,0.03571428571428571,0.15873015873015872,0.0,0.0,trend,-0.6294956908372523,0.0
13_drawdown_recovery_momentum,10,2018-04-27 00:00:00+00:00,2018-05-26 00:00:00+00:00,2.1821094235479666,0.2896825396825397,0.4880952380952381,0.0,0.0,chop_low_vol,0.41727436592018424,0.0,5.130079055969201,0.051587301587301584,0.027777777777777776,0.0,0.0,trend,-0.8003411755380864,0.0
13_drawdown_recovery_momentum,11,2018-07-22 00:00:00+00:00,2018-08-17 00:00:00+00:00,2.1176137884302255,0.23412698412698413,0.0992063492063492,0.0,0.0,chop_low_vol,1.5634038081810862,0.0,4.070486030042273,0.2976190476190476,0.503968253968254,0.0,0.0,chop_low_vol,0.10942815033396822,0.0
13_drawdown_recovery_momentum,12,2019-01-07 00:00:00+00:00,2019-01-26 00:00:00+00:00,1.558974466052571,0.6507936507936508,0.7222222222222222,0.0,0.0,chop,-0.34256486297200556,0.0,5.553862190304028,0.44047619047619047,0.6031746031746031,0.0,0.0,trend,-0.9348739217224533,0.0
13_drawdown_recovery_momentum,13,2019-02-22 12:00:00+00:00,2019-07-29 12:00:00+00:00,4.543040055001415,0.42857142857142855,0.9603174603174603,0.0,0.0,chop,1.0856752641336571,0.0,1.7625431738555897,0.6587301587301587,0.18253968253968253,0.0,1.0,chop,-0.5509020045864207,0.0
13_drawdown_recovery_momentum,14,2019-08-17 12:00:00+00:00,2019-08-28 12:00:00+00:00,0.4279921766643234,0.3492063492063492,0.1111111111111111,0.0,1.0,chop,-1.340095385315,0.0,1.8498649899935486,0.2619047619047619,0.36507936507936506,0.0,1.0,chop_low_vol,-1.805137135288692,0.0
13_drawdown_recovery_momentum,15,2019-11-05 12:00:00+00:00,2019-11-24 00:00:00+00:00,1.5722074045327052,0.6666666666666666,0.9126984126984127,0.0001,1.0,chop,0.5535955669955651,0.0,6.233396332247378,0.27380952380952384,0.9682539682539683,-0.00010216,0.0,trend,-2.5389456580813574,0.0
13_drawdown_recovery_momentum,16,2020-01-08 00:00:00+00:00,2020-03-06 00:00:00+00:00,0.79907872445353,0.3373015873015873,0.9603174603174603,0.00012514,0.0,chop,0.22271207061748152,0.0,1.9292643696874099,0.4801587301587302,0.8412698412698413,0.00019521,1.0,chop,-0.746348233928975,1.0
13_drawdown_recovery_momentum,17,2020-04-19 00:00:00+00:00,2020-06-29 00:00:00+00:00,0.09616738431116123,0.6190476190476191,0.35714285714285715,-0.00019142,0.0,chop,-0.24123201787120363,0.0,0.4620533588180488,0.05952380952380952,0.01984126984126984,0.0001,1.0,chop_low_vol,-1.2160658306137022,0.0
13_drawdown_recovery_momentum,18,2021-08-01 12:00:00+00:00,2021-09-23 00:00:00+00:00,3.1103105991031006,0.36507936507936506,0.16666666666666666,0.0001,0.0,chop,1.7077311475861192,0.0,0.779293533385161,0.5912698412698413,0.4722222222222222,0.0001,0.0,chop,0.14635875011404217,0.0
13_drawdown_recovery_momentum,19,2022-02-19 00:00:00+00:00,2022-03-07 12:00:00+00:00,0.10112904455656914,0.9166666666666666,0.003968253968253968,-9.36e-06,0.0,chop_high_vol,-1.011474977916644,0.0,0.9887302484305216,0.9761904761904762,0.5,-8.983e-05,0.0,chop_high_vol,-1.804888953814107,0.0
13_drawdown_recovery_momentum,20,2022-03-19 12:00:00+00:00,2022-03-20 00:00:00+00:00,0.10103085672397859,0.9365079365079365,0.14285714285714285,0.0001,0.0,chop_high_vol,0.4520824692167517,0.0,0.17296610866385917,0.7142857142857143,0.1626984126984127,0.0001,0.0,chop_high_vol,0.13605301890165572,0.0
13_drawdown_recovery_momentum,21,2022-03-27 00:00:00+00:00,2022-04-22 12:00:00+00:00,2.75199193924062,0.5158730158730159,0.5476190476190477,0.0001,0.0,chop,1.6514966301882903,0.0,2.355850434501946,0.2222222222222222,0.6031746031746031,-0.00016984,0.0,trend,-0.5616458993379314,0.0
13_drawdown_recovery_momentum,22,2022-07-28 12:00:00+00:00,2022-08-29 12:00:00+00:00,0.03801036660606234,0.6507936507936508,0.8809523809523809,0.0001,0.0,chop,0.4237293934419375,0.0,4.240996970277287,0.35714285714285715,0.6825396825396826,-0.00010056,0.0,chop,-1.04956625185079,0.0
13_drawdown_recovery_momentum,23,2022-12-25 12:00:00+00:00,2023-01-03 00:00:00+00:00,2.2543844316867006,0.23015873015873015,0.023809523809523808,1.855e-05,0.0,chop_low_vol,-0.5996580824947045,0.0,7.047621849419128,0.027777777777777776,0.06746031746031746,2.67e-05,0.0,trend,-0.8053180002753697,0.0
13_drawdown_recovery_momentum,24,2023-01-12 00:00:00+00:00,2023-03-10 12:00:00+00:00,1.922073947291252,0.10714285714285714,0.6904761904761905,7.549e-05,0.0,chop_low_vol,2.7077151983786316,0.0,2.9130210475669314,0.46825396825396826,0.9444444444444444,5.26e-06,1.0,chop,-1.2638378564141617,0.0
13_drawdown_recovery_momentum,25,2025-04-24 12:00:00+00:00,2025-06-29 12:00:00+00:00,2.768641309888871,0.8253968253968254,0.38095238095238093,5.21e-05,1.0,trend_high_vol,0.23806484163555464,0.0,1.9600252227845276,0.007936507936507936,0.373015873015873,5.36e-05,1.0,chop_low_vol,1.2353261127362127,0.0
13_drawdown_recovery_momentum,26,2026-01-08 12:00:00+00:00,2026-02-02 00:00:00+00:00,0.3523404070800642,0.06349206349206349,0.2777777777777778,0.0001,0.0,chop_low_vol,-0.5906185656674439,0.0,4.591807196001906,0.7936507936507936,0.8095238095238095,6.8e-07,0.0,trend_high_vol,-1.933362710777367,0.0
13_drawdown_recovery_momentum,27,2026-03-20 00:00:00+00:00,2026-04-06 12:00:00+00:00,0.28830589812526874,0.6984126984126984,0.26587301587301587,1.205e-05,0.0,chop,0.5209437258013555,0.0,2.543909313038179,0.30952380952380953,0.3968253968253968,5.544e-05,0.0,chop,0.8819738235875533,0.0
13_drawdown_recovery_momentum,28,2026-04-11 12:00:00+00:00,2026-04-12 12:00:00+00:00,1.142017000944813,0.30952380952380953,0.18253968253968253,-6.083e-05,0.0,chop,1.2737955606451614,0.0,1.0228644407283094,0.30952380952380953,0.21428571428571427,-3.69e-05,0.0,chop,0.7696969877628516,0.0
13_drawdown_recovery_momentum,29,2026-04-13 00:00:00+00:00,2026-04-15 12:00:00+00:00,1.1050074487684705,0.5119047619047619,0.7658730158730159,-3.35e-06,0.0,chop,1.5668301461891634,0.0,2.263564778304484,0.36507936507936506,0.42063492063492064,-5.085e-05,0.0,chop,1.164539234126587,0.0
14_funding_sentiment_filter,1,2015-03-01 00:00:00+00:00,2015-03-24 00:00:00+00:00,0.8822266873483252,,,0.0,0.0,chop,,0.0,1.0894981309496894,,,0.0,0.0,chop,-0.03158659076816814,0.0
14_funding_sentiment_filter,2,2015-05-03 00:00:00+00:00,2015-05-31 00:00:00+00:00,2.0672813560452723,,,0.0,0.0,chop,-0.28397819390589196,0.0,0.7354992028081092,0.027777777777777776,0.15476190476190477,0.0,0.0,chop_low_vol,-0.4712725712402083,0.0
14_funding_sentiment_filter,3,2015-06-16 00:00:00+00:00,2015-08-08 00:00:00+00:00,0.1582465570777925,0.21825396825396826,0.9285714285714286,0.0,0.0,chop_low_vol,3.1017201978010873,0.0,2.3948967270154955,0.4801587301587302,0.9841269841269841,0.0,1.0,chop,0.24579093702966737,0.0
14_funding_sentiment_filter,4,2015-09-07 00:00:00+00:00,2015-09-21 00:00:00+00:00,5.824088693450763,0.8412698412698413,0.503968253968254,0.0,0.0,trend_high_vol,-0.7328365469167366,0.0,5.084179963567747,0.1865079365079365,0.4126984126984127,0.0,0.0,trend,-0.9630264989159673,0.0
14_funding_sentiment_filter,5,2015-10-05 00:00:00+00:00,2016-01-15 00:00:00+00:00,0.2088850636200789,0.01984126984126984,0.6071428571428571,0.0,0.0,chop_low_vol,-0.016511805205739343,0.0,1.6532717369857344,0.7857142857142857,0.9761904761904762,0.0,1.0,chop_high_vol,-1.0193233841252876,0.0
14_funding_sentiment_filter,6,2016-02-14 00:00:00+00:00,2016-05-19 00:00:00+00:00,2.278731191403084,0.15873015873015872,0.7698412698412699,0.0,1.0,chop_low_vol,-1.152366226071581,0.0,3.346503886080704,0.2896825396825397,0.9523809523809523,0.0,1.0,trend,0.04119345661647528,0.0
14_funding_sentiment_filter,7,2016-05-27 00:00:00+00:00,2016-07-31 00:00:00+00:00,1.2401839948308497,0.44047619047619047,1.0,0.0,1.0,chop,3.5689997731187453,0.0,1.0110289029283757,0.46825396825396826,0.7142857142857143,0.0,1.0,chop,-1.1248440438817826,0.0
14_funding_sentiment_filter,8,2016-09-03 00:00:00+00:00,2017-01-11 00:00:00+00:00,4.875290251108399,0.11507936507936507,0.8571428571428571,0.0,1.0,trend,-0.20730346207460326,0.0,2.464883017060239,1.0,0.9761904761904762,0.0,1.0,chop_high_vol,-0.5381316179957518,0.0
14_funding_sentiment_filter,9,2017-01-31 00:00:00+00:00,2017-03-17 00:00:00+00:00,2.8553079865205984,0.7857142857142857,0.8650793650793651,0.0,1.0,chop_high_vol,0.794153304248828,0.0,2.9456565233409924,0.7936507936507936,1.0,0.0,1.0,chop_high_vol,0.2794332700045724,0.0
14_funding_sentiment_filter,10,2017-04-06 00:00:00+00:00,2017-07-01 00:00:00+00:00,0.17145600568000102,0.746031746031746,0.9523809523809523,0.0,1.0,chop_high_vol,0.6615210372937067,0.0,3.020728641020116,0.5158730158730159,0.5793650793650794,0.0,1.0,chop,0.4968924012566658,0.0
14_funding_sentiment_filter,11,2017-07-20 00:00:00+00:00,2017-09-13 00:00:00+00:00,0.8543288963418015,1.0,0.9841269841269841,0.0,1.0,chop_high_vol,1.455642351920302,0.0,2.771670351341369,0.373015873015873,0.8412698412698413,0.0,1.0,chop,0.2992835070681613,0.0
14_funding_sentiment_filter,12,2017-09-30 00:00:00+00:00,2017-12-30 00:00:00+00:00,0.4490495394453668,0.8015873015873016,0.34523809523809523,0.0,1.0,chop_high_vol,0.8724026434741093,0.0,3.033758483756851,0.8095238095238095,0.9365079365079365,0.0,1.0,chop_high_vol,0.4227289385090364,0.0
14_funding_sentiment_filter,13,2018-02-19 00:00:00+00:00,2018-03-08 00:00:00+00:00,1.7638075309762211,0.8253968253968254,0.4523809523809524,0.0,1.0,chop_high_vol,-0.2845919851833671,0.0,0.28151240723543164,0.2222222222222222,0.35714285714285715,0.0,1.0,chop_low_vol,-0.6846357357990989,0.0
14_funding_sentiment_filter,14,2018-04-15 00:00:00+00:00,2018-05-11 00:00:00+00:00,3.280771730424608,0.3055555555555556,0.11507936507936507,0.0,0.0,chop,-0.3834040817195126,0.0,3.315224111560165,0.0992063492063492,0.6626984126984127,0.0,0.0,chop_low_vol,0.20630905185511741,0.0
14_funding_sentiment_filter,15,2018-07-07 00:00:00+00:00,2018-08-06 00:00:00+00:00,3.947270271118564,0.25,0.0992063492063492,0.0,0.0,chop_low_vol,-0.27899448151449846,0.0,1.7703653363502545,0.34523809523809523,0.17063492063492064,0.0,0.0,chop,0.38800911787795456,0.0
14_funding_sentiment_filter,16,2018-08-27 00:00:00+00:00,2018-09-08 00:00:00+00:00,2.2385318445425573,0.23412698412698413,0.25,0.0,0.0,chop_low_vol,0.15155969685967674,0.0,0.45264802951519634,0.26587301587301587,0.1865079365079365,0.0,0.0,chop_low_vol,-1.1232621997121741,0.0
14_funding_sentiment_filter,17,2018-11-07 00:00:00+00:00,2018-11-14 00:00:00+00:00,2.629837368525051,0.027777777777777776,0.8412698412698413,0.0,0.0,trend,-0.22671385688589193,0.0,2.129912832324466,0.44841269841269843,1.0,0.0,0.0,trend,-4.04012228580504,0.0
14_funding_sentiment_filter,18,2019-02-09 00:00:00+00:00,2019-07-14 00:00:00+00:00,4.009797127973382,0.38095238095238093,0.8650793650793651,0.0,0.0,chop,-0.37134685798687544,0.0,3.7592307496784256,1.0,0.6825396825396826,0.0,1.0,chop_high_vol,0.3119670462940923,0.0
14_funding_sentiment_filter,19,2019-08-04 00:00:00+00:00,2019-08-28 00:00:00+00:00,0.15597238275936565,0.5317460317460317,0.29365079365079366,0.0,1.0,chop,0.372297435830668,0.0,1.6228881358322822,0.2619047619047619,0.36507936507936506,0.0,1.0,chop_low_vol,-1.8374009372316003,0.0
14_funding_sentiment_filter,20,2019-10-25 00:00:00+00:00,2019-10-27 00:00:00+00:00,4.275391683695748,0.6904761904761905,0.9285714285714286,0.0001,0.0,trend,-0.4323946734598822,0.0,1.3730675538051176,0.6984126984126984,0.9603174603174603,0.00030874,1.0,chop,0.5108883732367445,0.0
14_funding_sentiment_filter,21,2019-10-27 12:00:00+00:00,2019-10-28 12:00:00+00:00,0.9337901442340439,0.6984126984126984,0.9603174603174603,0.00018561,1.0,chop,0.5104725363396634,0.0,0.36692218895983386,0.6984126984126984,0.9444444444444444,0.00078363,1.0,chop,0.2743308471120853,0.0
14_funding_sentiment_filter,22,2019-10-29 12:00:00+00:00,2019-10-30 12:00:00+00:00,0.17995424071332736,0.6746031746031746,0.8968253968253969,0.00016366,1.0,chop,0.46599285573207094,0.0,0.48080521676115884,0.6904761904761905,0.8888888888888888,0.0002903,1.0,chop,0.2066450900367493,0.0
14_funding_sentiment_filter,23,2019-10-31 00:00:00+00:00,2019-10-31 12:00:00+00:00,0.6118409397134931,0.6626984126984127,0.876984126984127,0.0001317,1.0,chop,0.09023569368009106,0.0,0.7216888919558851,0.6666666666666666,0.8809523809523809,0.00038598,1.0,chop,0.09462249849003042,0.0
14_funding_sentiment_filter,24,2019-11-01 00:00:00+00:00,2019-11-01 12:00:00+00:00,0.8506529344425029,0.6706349206349206,0.8373015873015873,0.00015873,1.0,chop,0.18835435912900483,0.0,0.9554002389891115,0.6746031746031746,0.8412698412698413,0.00048728,1.0,chop,0.19770250884600937,0.0
14_funding_sentiment_filter,25,2019-11-02 00:00:00+00:00,2019-11-15 00:00:00+00:00,1.0503729832478825,0.6626984126984127,0.75,0.0001,1.0,chop,0.27355248862233955,0.0,0.09595797940827665,0.13095238095238096,0.8055555555555556,0.0001,0.0,chop_low_vol,-0.15083874587865426,0.0
14_funding_sentiment_filter,26,2020-01-06 00:00:00+00:00,2020-01-11 12:00:00+00:00,1.3216234797059712,0.7658730158730159,0.8412698412698413,0.0001,0.0,chop_high_vol,-0.4086141189835787,0.0,1.991147330204542,0.35714285714285715,0.8492063492063492,0.00017846,0.0,chop,0.3413229071158096,0.0
14_funding_sentiment_filter,27,2020-01-12 00:00:00+00:00,2020-01-14 12:00:00+00:00,2.109039005095884,0.34523809523809523,0.7698412698412699,0.0001,0.0,chop,0.6903322421385927,0.0,2.623955851404114,0.7698412698412699,1.0,0.000259,0.0,chop_high_vol,2.402084094364928,0.0
14_funding_sentiment_filter,28,2020-01-15 12:00:00+00:00,2020-01-16 12:00:00+00:00,3.119943768800957,0.7619047619047619,0.9761904761904762,0.00019497,0.0,chop_high_vol,2.2981860391573226,0.0,3.650359044192714,0.7698412698412699,0.9365079365079365,0.00041191,0.0,chop_high_vol,2.235672163849803,0.0
14_funding_sentiment_filter,29,2020-01-17 00:00:00+00:00,2020-01-18 00:00:00+00:00,4.09245704617864,0.7698412698412699,0.9682539682539683,0.0001,0.0,trend_high_vol,2.551507189366562,0.0,4.560435129587562,0.7619047619047619,0.9444444444444444,0.00056749,0.0,trend_high_vol,2.5328424105504856,0.0
14_funding_sentiment_filter,30,2020-01-19 00:00:00+00:00,2020-01-19 12:00:00+00:00,4.490517522237168,0.8015873015873016,0.9523809523809523,0.00020041,0.0,trend_high_vol,1.975112971316344,0.0,4.486871513585623,0.8015873015873016,0.9523809523809523,0.00039329,0.0,trend_high_vol,1.9578951103900606,0.0
14_funding_sentiment_filter,31,2020-01-20 12:00:00+00:00,2020-01-24 00:00:00+00:00,5.032502830072397,0.7777777777777778,0.8253968253968254,0.0001,0.0,trend_high_vol,1.7906231526078547,0.0,5.614820437277515,0.5793650793650794,0.7698412698412699,0.00054719,0.0,trend,1.0130667433777407,0.0
14_funding_sentiment_filter,32,2020-01-25 00:00:00+00:00,2020-01-28 12:00:00+00:00,5.3343694818613105,0.6190476190476191,0.4365079365079365,0.0001,0.0,trend,0.8269231030853277,0.0,5.276245375581008,0.5396825396825397,0.9603174603174603,0.00068689,1.0,trend,2.440405682932047,0.0
14_funding_sentiment_filter,33,2020-01-30 00:00:00+00:00,2020-01-31 00:00:00+00:00,5.64372098687373,0.43253968253968256,0.9285714285714286,0.000236,1.0,trend,2.327074973072322,0.0,6.257836895358918,0.44841269841269843,0.8650793650793651,0.00053551,1.0,trend,1.9701230855813003,0.0
14_funding_sentiment_filter,34,2020-02-02 00:00:00+00:00,2020-02-03 00:00:00+00:00,7.028856628457724,0.4166666666666667,0.8809523809523809,0.00028263,1.0,trend,1.775109806614699,0.0,7.019554942801735,0.13095238095238096,0.8809523809523809,0.00060677,1.0,trend,1.6747203936937045,0.0
14_funding_sentiment_filter,35,2020-02-03 12:00:00+00:00,2020-02-04 00:00:00+00:00,6.958615013987359,0.1349206349206349,0.8809523809523809,0.00035862,1.0,trend,1.6397268519923993,0.0,6.840125840876373,0.14682539682539683,0.8492063492063492,0.00099282,1.0,trend,1.6687485566133227,0.0
14_funding_sentiment_filter,36,2020-02-04 12:00:00+00:00,2020-02-06 00:00:00+00:00,6.693988584379185,0.15079365079365079,0.8492063492063492,0.0005445,1.0,trend,1.6356147575794613,0.0,6.197868733668427,0.19444444444444445,0.9682539682539683,0.00164021,1.0,trend,2.0713479382039064,0.0
14_funding_sentiment_filter,37,2020-02-07 00:00:00+00:00,2020-02-09 12:00:00+00:00,6.349651814519911,0.20238095238095238,0.9444444444444444,0.00035618,1.0,trend,2.0158784767392284,0.0,6.92950405477182,0.20634920634920634,0.9523809523809523,0.00081519,1.0,trend,2.093481728518372,0.0
14_funding_sentiment_filter,38,2020-02-11 00:00:00+00:00,2020-02-12 00:00:00+00:00,7.772738769104907,0.25793650793650796,0.9603174603174603,0.00043989,1.0,trend,2.065494087380333,0.0,7.772546706094172,0.21825396825396826,0.9841269841269841,0.003,1.0,trend,2.0602914106884227,0.0
14_funding_sentiment_filter,39,2020-02-13 12:00:00+00:00,2020-02-25 00:00:00+00:00,8.418269866192942,0.23809523809523808,1.0,0.00084403,1.0,trend,1.7725649351940158,0.0,3.0122785204521114,0.3888888888888889,0.8968253968253969,0.0001,1.0,chop,0.08120685485169933,0.0
14_funding_sentiment_filter,40,2020-04-02 00:00:00+00:00,2020-04-30 12:00:00+00:00,4.848825069627527,0.8333333333333334,0.9444444444444444,-0.0001933,0.0,trend_high_vol,-0.8175068592859437,0.0,4.122995981183979,0.7380952380952381,0.9920634920634921,0.00097517,1.0,chop_high_vol,1.55758025599332,0.0
14_funding_sentiment_filter,41,2020-05-01 00:00:00+00:00,2020-05-08 12:00:00+00:00,4.17565698666305,0.7380952380952381,0.8015873015873016,0.00021072,1.0,chop_high_vol,1.7153677572902455,0.0,7.373863297296299,0.6904761904761905,0.9523809523809523,0.00034016,1.0,trend,2.3107331853511015,0.0
14_funding_sentiment_filter,42,2020-05-10 12:00:00+00:00,2020-06-02 00:00:00+00:00,6.062922390005267,0.753968253968254,0.9841269841269841,0.0001,1.0,trend_high_vol,1.3405598239783836,0.0,3.0321736922442013,0.46825396825396826,0.5079365079365079,0.0003448,1.0,chop,1.013754929822467,0.0
14_funding_sentiment_filter,43,2020-06-03 00:00:00+00:00,2020-06-19 00:00:00+00:00,2.9769397752769384,0.4365079365079365,0.003968253968253968,0.0001,1.0,chop,1.2010680159034945,0.0,2.985474074756961,0.15079365079365079,0.027777777777777776,7.624e-05,1.0,chop_low_vol,0.09530899706326953,0.0
14_funding_sentiment_filter,44,2020-07-22 00:00:00+00:00,2020-07-27 00:00:00+00:00,0.2678170098263337,0.06746031746031746,0.14682539682539683,0.0001,1.0,chop_low_vol,-0.9265658475844397,1.0,2.429205177766145,0.2896825396825397,0.6785714285714286,0.00047138,1.0,chop_low_vol,1.5094091742238063,0.0
14_funding_sentiment_filter,45,2020-07-31 12:00:00+00:00,2020-08-02 00:00:00+00:00,6.321933666974907,0.30952380952380953,0.38095238095238093,0.00039348,1.0,trend,1.7175377694826037,0.0,5.450158568795023,0.45634920634920634,0.45634920634920634,0.00095567,1.0,trend,1.1222769429576531,0.0
14_funding_sentiment_filter,46,2020-08-02 12:00:00+00:00,2020-08-10 12:00:00+00:00,5.45819656110659,0.4603174603174603,0.4603174603174603,0.0004243,1.0,trend,1.1263468117707538,0.0,7.609357492862026,0.5873015873015873,0.5079365079365079,0.00131898,1.0,trend,1.8781712659055776,0.0
14_funding_sentiment_filter,47,2020-08-11 00:00:00+00:00,2020-08-18 00:00:00+00:00,6.873570202939756,0.6547619047619048,0.5198412698412699,0.00030218,1.0,trend,1.9598816542577022,0.0,7.4461731942035945,0.3055555555555556,0.5277777777777778,0.0008576,1.0,trend,1.5759569922114565,1.0
14_funding_sentiment_filter,48,2020-08-19 12:00:00+00:00,2020-08-25 00:00:00+00:00,8.071764014892397,0.31746031746031744,0.48412698412698413,0.00054924,1.0,trend,1.5011087456148668,0.0,5.9247926074135595,0.25793650793650796,0.5992063492063492,0.0001,1.0,trend,1.0831824616836643,0.0
14_funding_sentiment_filter,49,2020-10-10 00:00:00+00:00,2020-11-06 12:00:00+00:00,0.2969521184779173,0.39285714285714285,0.5,0.0001,1.0,chop,0.6220240968627906,0.0,7.767689926892201,0.9126984126984127,0.8492063492063492,0.00023315,1.0,trend_high_vol,2.3889040413939138,0.0
14_funding_sentiment_filter,50,2020-11-08 00:00:00+00:00,2020-11-18 12:00:00+00:00,6.5008624928856,1.0,0.5714285714285714,0.0001,1.0,trend_high_vol,2.18848991094051,0.0,6.786813277362854,0.9285714285714286,0.9603174603174603,0.00057572,1.0,trend_high_vol,2.2082187256324612,0.0
14_funding_sentiment_filter,51,2020-11-19 00:00:00+00:00,2020-11-19 12:00:00+00:00,9.221586656534843,0.9365079365079365,0.7936507936507936,0.00021486,1.0,trend_high_vol,2.1907395965706904,0.0,9.36317784171923,0.9365079365079365,0.7936507936507936,0.00025015,1.0,trend_high_vol,2.131776288940325,0.0
14_funding_sentiment_filter,52,2020-11-21 00:00:00+00:00,2020-11-22 00:00:00+00:00,9.783506475830194,0.9761904761904762,0.8333333333333334,0.0001,1.0,trend_high_vol,2.173091814319293,0.0,11.236034386675373,0.9761904761904762,0.8571428571428571,0.00059438,1.0,trend_high_vol,1.985103117353832,0.0
14_funding_sentiment_filter,53,2020-11-25 12:00:00+00:00,2020-11-26 00:00:00+00:00,10.470011123500198,0.5714285714285714,0.8650793650793651,0.00038079,1.0,trend,1.9273039539663457,0.0,9.396300141255207,0.9523809523809523,0.9841269841269841,0.00075292,1.0,trend_high_vol,1.4505327684417726,0.0
14_funding_sentiment_filter,54,2020-11-26 12:00:00+00:00,2020-12-18 12:00:00+00:00,8.974855572656464,0.9523809523809523,0.9841269841269841,0.0001313,1.0,trend_high_vol,1.4240294948810723,0.0,5.674716582557875,0.9920634920634921,0.7777777777777778,0.00053548,1.0,trend_high_vol,1.8504304981164934,0.0
14_funding_sentiment_filter,55,2020-12-19 00:00:00+00:00,2020-12-20 00:00:00+00:00,5.81407946643905,0.9920634920634921,0.7222222222222222,0.0001,1.0,trend_high_vol,1.996915938687156,0.0,6.421471147647843,0.8492063492063492,0.7063492063492064,0.00070544,1.0,trend_high_vol,1.8380773032824502,0.0
14_funding_sentiment_filter,56,2020-12-20 12:00:00+00:00,2020-12-28 00:00:00+00:00,6.628064359436257,0.8492063492063492,0.7063492063492064,0.00037486,1.0,trend_high_vol,1.8067351227961908,0.0,6.150195754206443,0.8809523809523809,0.9047619047619048,0.00071164,1.0,trend_high_vol,2.1453396738204464,0.0
14_funding_sentiment_filter,57,2020-12-28 12:00:00+00:00,2020-12-29 00:00:00+00:00,6.316590917683844,0.8809523809523809,0.9047619047619048,0.00036133,1.0,trend_high_vol,2.1004420224919462,0.0,6.398136896140356,0.873015873015873,0.8253968253968254,0.00071278,1.0,trend_high_vol,2.10502319713757,0.0
14_funding_sentiment_filter,58,2020-12-29 12:00:00+00:00,2020-12-30 12:00:00+00:00,6.5299017398871495,0.873015873015873,0.8253968253968254,0.0004893,1.0,trend_high_vol,2.0629206616032163,0.0,7.278225150873305,0.9365079365079365,0.9285714285714286,0.00076836,1.0,trend_high_vol,2.212838776071465,0.0
14_funding_sentiment_filter,59,2021-01-01 00:00:00+00:00,2021-01-03 00:00:00+00:00,8.973766612408829,0.8333333333333334,0.6904761904761905,0.00036744,1.0,trend_high_vol,2.1655432189979553,0.0,8.003719303820512,0.9920634920634921,1.0,0.00115471,1.0,trend_high_vol,2.499648228792549,0.0
14_funding_sentiment_filter,60,2021-01-05 00:00:00+00:00,2021-01-06 12:00:00+00:00,8.207953915783595,0.9523809523809523,0.9603174603174603,0.00056137,1.0,trend_high_vol,2.2921858664642594,1.0,7.550734335061611,0.9761904761904762,0.9841269841269841,0.00210008,1.0,trend_high_vol,2.5746816729678454,0.0
14_funding_sentiment_filter,61,2021-01-08 12:00:00+00:00,2021-01-09 00:00:00+00:00,7.625510712279937,1.0,1.0,0.00092044,1.0,trend_high_vol,2.7957403485610577,0.0,8.838577418713388,0.9920634920634921,0.9126984126984127,0.00131892,1.0,trend_high_vol,2.646446277801188,0.0
14_funding_sentiment_filter,62,2021-01-09 12:00:00+00:00,2021-01-10 00:00:00+00:00,9.039842270926794,0.9920634920634921,0.9126984126984127,0.00066918,1.0,trend_high_vol,2.5618168914937893,0.0,8.826802930512725,1.0,0.9761904761904762,0.00145604,1.0,trend_high_vol,2.298897632726374,0.0
14_funding_sentiment_filter,63,2021-01-11 00:00:00+00:00,2021-01-19 12:00:00+00:00,8.662349558309167,1.0,1.0,0.00086486,1.0,trend_high_vol,1.863468366768229,0.0,5.6300278138693916,0.9682539682539683,0.8412698412698413,0.0014009,1.0,chop_high_vol,1.3757187840389176,0.0
14_funding_sentiment_filter,64,2021-01-20 12:00:00+00:00,2021-01-27 00:00:00+00:00,5.973512101831684,0.9682539682539683,0.8888888888888888,0.00017967,1.0,chop_high_vol,1.2294954401294245,0.0,2.95945886443018,0.9523809523809523,0.8412698412698413,0.0001,1.0,chop_high_vol,0.5281094913890075,0.0
14_funding_sentiment_filter,65,2021-02-05 00:00:00+00:00,2021-02-07 00:00:00+00:00,3.2582305113281147,0.8253968253968254,0.746031746031746,0.00061936,1.0,chop_high_vol,1.2030924101934901,0.0,3.960113520671736,0.8174603174603174,0.8293650793650794,0.00155546,1.0,chop_high_vol,1.2210845882716284,0.0
14_funding_sentiment_filter,66,2021-02-07 12:00:00+00:00,2021-02-09 00:00:00+00:00,4.086981854509822,0.8174603174603174,0.8333333333333334,0.00065121,1.0,chop_high_vol,1.2067458953319161,0.0,3.5675446548270675,0.9920634920634921,0.9761904761904762,0.00248993,1.0,chop_high_vol,1.8307426920171186,0.0
14_funding_sentiment_filter,67,2021-02-11 00:00:00+00:00,2021-04-03 12:00:00+00:00,4.845294846442987,0.9126984126984127,0.9444444444444444,0.00076742,1.0,chop_high_vol,1.9103389163031947,0.0,4.603424058629617,0.007936507936507936,0.5634920634920635,0.00107843,1.0,chop_low_vol,0.9127266373525303,0.0
14_funding_sentiment_filter,68,2021-04-04 00:00:00+00:00,2021-04-10 12:00:00+00:00,4.406339014365977,0.003968253968253968,0.3492063492063492,0.0005209,1.0,chop_low_vol,1.048060075020143,0.0,4.566066800448612,0.05555555555555555,0.5158730158730159,0.00148624,1.0,chop_low_vol,1.0994229863582767,0.0
14_funding_sentiment_filter,69,2021-04-13 00:00:00+00:00,2021-04-14 00:00:00+00:00,4.4720481106075844,0.051587301587301584,0.7698412698412699,0.00094343,1.0,chop_low_vol,1.6533165039134772,0.0,4.8743594709058105,0.051587301587301584,0.8809523809523809,0.0012267,1.0,chop_low_vol,1.6145667439067182,0.0
14_funding_sentiment_filter,70,2021-04-15 12:00:00+00:00,2021-04-16 00:00:00+00:00,5.315583854796744,0.007936507936507936,0.5714285714285714,0.00082082,1.0,trend,1.402050328029609,0.0,4.985003834639095,0.011904761904761904,0.9206349206349206,0.00110324,1.0,trend,0.9952843747335005,0.0
14_funding_sentiment_filter,71,2021-04-17 12:00:00+00:00,2021-04-19 00:00:00+00:00,5.013935085757495,0.023809523809523808,0.6666666666666666,0.00054007,1.0,trend,0.7914426764966705,0.0,3.1351052517640046,0.10714285714285714,0.626984126984127,0.0001,1.0,chop_low_vol,-0.16215196963737416,0.0
14_funding_sentiment_filter,72,2021-05-08 00:00:00+00:00,2021-05-15 00:00:00+00:00,0.1847817493732738,0.46825396825396826,0.5912698412698413,0.00017144,1.0,chop,-0.21646434461706252,0.0,2.008333848830989,0.7301587301587301,0.44841269841269843,0.00015069,1.0,chop_high_vol,-3.111583080719209,0.0
14_funding_sentiment_filter,73,2021-06-14 00:00:00+00:00,2021-06-21 00:00:00+00:00,4.1775978025820475,0.6150793650793651,0.13095238095238096,0.0001,0.0,chop,-0.6090719547008474,0.0,4.311352657143653,0.7658730158730159,0.4246031746031746,-0.00018437,0.0,chop_high_vol,-1.3256299945407508,0.0
14_funding_sentiment_filter,74,2021-07-25 00:00:00+00:00,2021-08-23 12:00:00+00:00,2.618088783471127,0.17857142857142858,0.051587301587301584,-0.00010603,0.0,chop_low_vol,0.5378351402913557,0.0,7.506856135494451,0.1746031746031746,0.38095238095238093,0.0003918,1.0,trend,1.6289748523705105,0.0
14_funding_sentiment_filter,75,2021-08-24 00:00:00+00:00,2021-08-25 00:00:00+00:00,7.164173845303853,0.19047619047619047,0.4246031746031746,0.00023983,1.0,trend,1.3588713179055034,0.0,6.302909384140285,0.18253968253968253,0.2976190476190476,0.00041348,1.0,trend,1.527477987597782,0.0
14_funding_sentiment_filter,76,2021-08-25 12:00:00+00:00,2021-08-28 12:00:00+00:00,6.264036262251622,0.18253968253968253,0.30158730158730157,0.0001,1.0,trend,1.4985386713983928,0.0,6.129537482650158,0.1746031746031746,0.23809523809523808,0.0003224,1.0,trend,1.2584967871025396,0.0
14_funding_sentiment_filter,77,2021-08-29 00:00:00+00:00,2021-08-31 00:00:00+00:00,6.051555885445005,0.10317460317460317,0.17857142857142858,0.0001,1.0,trend,1.228217119878819,0.0,5.654707998356275,0.13095238095238096,0.45634920634920634,0.00036162,1.0,trend,0.9584182715875886,0.0
14_funding_sentiment_filter,78,2021-08-31 12:00:00+00:00,2021-09-01 00:00:00+00:00,5.436334290402703,0.1349206349206349,0.4603174603174603,0.00027795,1.0,trend,0.9426330380842661,0.0,4.7136542236684935,0.1388888888888889,0.6388888888888888,0.00044618,1.0,chop_low_vol,1.1358513964562167,0.0
14_funding_sentiment_filter,79,2021-09-01 12:00:00+00:00,2021-09-02 00:00:00+00:00,4.670958870806088,0.14285714285714285,0.6428571428571429,0.00027256,1.0,chop_low_vol,1.1168339506690192,0.0,5.099021246009045,0.03571428571428571,0.6547619047619048,0.00033967,1.0,chop_low_vol,1.1684132403163334,0.0
14_funding_sentiment_filter,80,2021-09-03 12:00:00+00:00,2021-09-08 00:00:00+00:00,5.846267306536507,0.03968253968253968,0.7222222222222222,0.00033375,1.0,trend,1.120939974899361,0.0,4.108456274431717,0.4246031746031746,0.7738095238095238,0.00022977,1.0,chop,0.6133388882503887,0.0
14_funding_sentiment_filter,81,2021-10-04 00:00:00+00:00,2021-10-07 12:00:00+00:00,0.12503063609909518,0.6150793650793651,0.4801587301587302,0.0001,1.0,chop,1.293421100650925,0.0,2.4016635648818814,0.7698412698412699,0.6587301587301587,0.0002918,1.0,chop_high_vol,2.5739750951766855,0.0
14_funding_sentiment_filter,82,2021-10-08 12:00:00+00:00,2021-10-15 12:00:00+00:00,3.113192074173498,0.7698412698412699,0.5873015873015873,0.00023355,1.0,chop_high_vol,2.4667414736459783,0.0,5.594112917466198,0.626984126984127,0.9761904761904762,0.00036685,1.0,trend,2.8436222342957533,0.0
14_funding_sentiment_filter,83,2021-10-16 00:00:00+00:00,2021-10-16 12:00:00+00:00,5.8130615428414725,0.6309523809523809,0.5277777777777778,0.0001,1.0,trend,2.614216176011722,0.0,5.976850148859725,0.6349206349206349,0.5317460317460317,0.00027876,1.0,trend,2.522839704439644,0.0
14_funding_sentiment_filter,84,2021-10-18 12:00:00+00:00,2021-10-21 00:00:00+00:00,6.6095724764105155,0.5952380952380952,0.7222222222222222,0.00022227,1.0,trend,2.3806625236874397,0.0,8.089425295452479,0.3055555555555556,0.9285714285714286,0.00068927,1.0,trend,1.941445363705142,0.0
14_funding_sentiment_filter,85,2021-10-22 12:00:00+00:00,2021-10-23 00:00:00+00:00,7.386744998179425,0.38095238095238093,0.7301587301587301,0.00024509,1.0,trend,1.5580625040155185,0.0,7.312231151929608,0.39285714285714285,0.2261904761904762,0.00033222,1.0,trend,1.618302043806314,0.0
14_funding_sentiment_filter,86,2021-10-23 12:00:00+00:00,2021-10-24 12:00:00+00:00,7.179937320087317,0.3968253968253968,0.23015873015873015,0.00014854,1.0,trend,1.5852207025240443,0.0,6.830598974412371,0.40476190476190477,0.25396825396825395,0.00037238,1.0,trend,1.4679844293348743,0.0
14_funding_sentiment_filter,87,2021-10-25 00:00:00+00:00,2021-10-26 12:00:00+00:00,6.858838234584768,0.27380952380952384,0.38492063492063494,0.00032862,1.0,trend,1.6554274061544494,0.0,6.35926080241233,0.15079365079365079,0.6190476190476191,0.00060638,1.0,trend,1.2951619580228222,0.0
14_funding_sentiment_filter,88,2021-10-27 12:00:00+00:00,2021-10-31 12:00:00+00:00,5.800666252625481,0.16666666666666666,0.9365079365079365,0.00030309,1.0,trend,0.9988713603447229,0.0,5.0847159991213005,0.15079365079365079,0.4603174603174603,0.00048915,1.0,trend,1.2314458023182657,0.0
14_funding_sentiment_filter,89,2021-11-01 12:00:00+00:00,2021-11-03 00:00:00+00:00,4.871443254373968,0.1349206349206349,0.6587301587301587,0.00031437,1.0,trend,1.1083606123907266,0.0,5.04065697250198,0.17063492063492064,0.6507936507936508,0.00047797,1.0,trend,1.3880359399806428,0.0
14_funding_sentiment_filter,90,2021-11-04 00:00:00+00:00,2021-11-04 12:00:00+00:00,5.535055707810161,0.03571428571428571,0.4722222222222222,0.00031399,1.0,trend,1.0599272030074498,0.0,5.373581184350269,0.03968253968253968,0.47619047619047616,0.0005075,1.0,trend,1.0442232847252149,0.0
14_funding_sentiment_filter,91,2021-11-05 00:00:00+00:00,2021-11-08 12:00:00+00:00,5.574516410999961,0.03571428571428571,0.3531746031746032,0.00018372,1.0,trend,0.9049327835583855,0.0,4.455051219654766,0.16666666666666666,0.8809523809523809,0.00049328,1.0,chop_low_vol,1.4208240614372738,0.0
14_funding_sentiment_filter,92,2021-11-09 00:00:00+00:00,2021-11-10 12:00:00+00:00,5.189273167031631,0.15476190476190477,0.8888888888888888,0.00038683,1.0,trend,1.3270537261647952,0.0,5.478685472522621,0.10317460317460317,0.9603174603174603,0.00068212,1.0,trend,1.0026947588564006,0.0
14_funding_sentiment_filter,93,2021-11-11 12:00:00+00:00,2021-11-18 00:00:00+00:00,6.134537363814217,0.06349206349206349,0.6349206349206349,0.0001,1.0,trend,0.9094182093285782,0.0,2.62788514927595,0.17063492063492064,0.8571428571428571,0.0001,1.0,chop_low_vol,-0.16342868728478246,0.0
14_funding_sentiment_filter,94,2021-12-24 00:00:00+00:00,2022-01-04 00:00:00+00:00,4.418279218848659,0.25,0.011904761904761904,4.018e-05,1.0,chop_low_vol,-0.9287512632727175,0.0,5.3643643120183135,0.003968253968253968,0.873015873015873,0.0001,0.0,trend,-1.4196148597828475,0.0
14_funding_sentiment_filter,95,2022-02-06 00:00:00+00:00,2022-04-11 00:00:00+00:00,4.460484933196736,0.9404761904761905,0.011904761904761904,0.0001,0.0,chop_high_vol,-0.23216309525500678,0.0,0.9946200619872785,0.20238095238095238,0.8611111111111112,2.43e-06,0.0,chop_low_vol,-0.87804486982108,0.0
14_funding_sentiment_filter,96,2022-05-30 00:00:00+00:00,2022-06-11 00:00:00+00:00,6.163829737359547,0.5793650793650794,0.9246031746031746,0.0001,0.0,trend,-0.7941480653675821,0.0,3.889287334165911,0.4007936507936508,0.4523809523809524,3.503e-05,0.0,trend,-1.4341128447979352,0.0
14_funding_sentiment_filter,97,2022-07-07 00:00:00+00:00,2022-08-19 00:00:00+00:00,13.961776535994996,0.44841269841269843,0.3333333333333333,8.373e-05,0.0,trend,-0.6476213872352495,0.0,1.333205694327938,0.29365079365079366,0.8809523809523809,0.0001,0.0,chop_low_vol,-0.5090311471906203,0.0
14_funding_sentiment_filter,98,2022-09-10 00:00:00+00:00,2022-09-21 00:00:00+00:00,3.5245617487713665,0.48412698412698413,0.8253968253968254,0.0001,0.0,chop,0.08696684646238809,0.0,3.0831657939853683,0.7261904761904762,0.9365079365079365,1.721e-05,0.0,chop_high_vol,-1.7587151945191501,0.0
14_funding_sentiment_filter,99,2022-10-04 00:00:00+00:00,2022-11-08 00:00:00+00:00,2.8334375175784112,0.03571428571428571,0.753968253968254,0.0001,0.0,chop_low_vol,-0.42933292602009676,1.0,1.585036200315745,0.5753968253968254,1.0,6.515e-05,0.0,chop,-2.5297433236917817,1.0
14_funding_sentiment_filter,100,2022-12-08 00:00:00+00:00,2022-12-19 00:00:00+00:00,4.374849632272029,0.25,0.1388888888888889,-1.492e-05,0.0,trend,-0.8389724220636834,0.0,2.2432192689524344,0.39285714285714285,0.09126984126984126,6.468e-05,0.0,chop,-0.9361903254642917,0.0
14_funding_sentiment_filter,101,2023-01-06 00:00:00+00:00,2023-01-14 12:00:00+00:00,4.0770168873728165,0.003968253968253968,0.09126984126984126,7.264e-05,0.0,trend,-1.0419084780412138,0.0,4.289498119453524,0.6190476190476191,0.7857142857142857,0.00045847,1.0,trend,4.603382696647874,0.0
14_funding_sentiment_filter,102,2023-01-15 00:00:00+00:00,2023-01-16 00:00:00+00:00,4.94071999711989,0.623015873015873,0.3055555555555556,0.0001,1.0,trend,4.096889884320602,0.0,5.741310255091572,0.6150793650793651,0.5119047619047619,0.00019892,1.0,trend,3.8698260729772556,0.0
14_funding_sentiment_filter,103,2023-01-16 12:00:00+00:00,2023-02-09 00:00:00+00:00,6.207772525168555,0.6190476190476191,0.5158730158730159,0.0001,1.0,trend,3.618648338359821,0.0,7.309791558967051,0.5833333333333334,0.7896825396825397,0.0001,1.0,trend,0.9784936630410656,0.0
14_funding_sentiment_filter,104,2023-02-15 00:00:00+00:00,2023-02-17 00:00:00+00:00,3.337622161794317,0.8095238095238095,0.7857142857142857,8.887e-05,1.0,chop_high_vol,1.7794664847891846,0.0,3.4388276104019404,0.8412698412698413,0.8888888888888888,0.00023171,1.0,chop_high_vol,1.7043118991776989,0.0
14_funding_sentiment_filter,105,2023-02-17 12:00:00+00:00,2023-03-07 00:00:00+00:00,3.656176754474417,0.8412698412698413,0.8888888888888888,0.0001,1.0,chop_high_vol,1.6702146412253887,0.0,0.9490938844394701,0.42063492063492064,0.4722222222222222,5.414e-05,1.0,chop,0.34839350158626264,0.0
14_funding_sentiment_filter,106,2023-03-14 00:00:00+00:00,2023-03-15 00:00:00+00:00,0.29743622255084917,0.8412698412698413,0.9722222222222222,0.0001,1.0,chop_high_vol,1.1185583257914433,1.0,0.3392228202231044,0.8452380952380952,0.9563492063492064,0.00029811,1.0,chop_high_vol,0.6659748488062615,1.0
14_funding_sentiment_filter,107,2023-03-16 12:00:00+00:00,2023-04-21 00:00:00+00:00,1.1044565019561836,0.8412698412698413,0.8968253968253969,0.0001,1.0,chop_high_vol,1.1698680204712424,0.0,4.367631329127771,0.46825396825396826,0.49603174603174605,5.898e-05,1.0,chop,0.23309616328729496,0.0
14_funding_sentiment_filter,108,2023-05-28 00:00:00+00:00,2023-06-05 00:00:00+00:00,2.3669724672016654,0.07539682539682539,0.23412698412698413,7.362e-05,1.0,chop_low_vol,0.6093249084647309,0.0,1.3792699798687076,0.32936507936507936,0.6309523809523809,0.0001,1.0,chop,-1.7950714476029568,0.0
14_funding_sentiment_filter,109,2023-06-20 00:00:00+00:00,2023-07-18 00:00:00+00:00,1.219529408217027,0.6428571428571429,0.7182539682539683,3.69e-05,1.0,chop,1.8382521830954581,0.0,4.1280604686940086,0.07539682539682539,0.32142857142857145,3.983e-05,1.0,trend,0.46534137508689233,0.0
14_funding_sentiment_filter,110,2023-10-01 00:00:00+00:00,2023-10-02 00:00:00+00:00,0.16764344966685968,0.25,0.21031746031746032,2.95e-06,0.0,chop_low_vol,1.4413418436425902,0.0,0.8313022483942114,0.23412698412698413,0.8809523809523809,5.831e-05,0.0,chop_low_vol,1.3081895515033646,0.0
14_funding_sentiment_filter,111,2023-10-02 12:00:00+00:00,2023-10-04 00:00:00+00:00,1.0349403488886093,0.23809523809523808,0.8809523809523809,7.28e-06,0.0,chop_low_vol,1.3100277195792227,0.0,1.562441652514753,0.24206349206349206,0.36904761904761907,6.031e-05,0.0,chop_low_vol,1.621714970845369,0.0
14_funding_sentiment_filter,112,2023-10-05 00:00:00+00:00,2023-10-10 00:00:00+00:00,1.947580428133921,0.25793650793650796,0.43253968253968256,-3.807e-05,0.0,chop_low_vol,1.347697862926859,0.0,2.4094284090710154,0.3055555555555556,0.2261904761904762,6.349e-05,0.0,chop,0.8906148979639267,0.0
14_funding_sentiment_filter,113,2023-10-10 12:00:00+00:00,2023-10-11 12:00:00+00:00,2.309756201425938,0.30952380952380953,0.23015873015873015,1.894e-05,0.0,chop,0.9073083205020371,0.0,1.6934131009864188,0.2857142857142857,0.6666666666666666,8.33e-05,0.0,chop_low_vol,0.4101978307319846,0.0
14_funding_sentiment_filter,114,2023-10-12 12:00:00+00:00,2023-10-23 00:00:00+00:00,1.401379221510404,0.30158730158730157,0.21428571428571427,2.661e-05,0.0,chop,0.39152989743088723,0.0,3.5488981994505644,0.9682539682539683,1.0,8.25e-05,1.0,trend_high_vol,3.5742860749184224,0.0
14_funding_sentiment_filter,115,2023-10-31 12:00:00+00:00,2023-11-11 12:00:00+00:00,8.94997542232075,0.9365079365079365,0.8015873015873016,0.0001,1.0,trend_high_vol,2.2098317199562563,0.0,14.951161917897549,0.8650793650793651,0.6507936507936508,0.00016607,1.0,trend_high_vol,2.1004901667667815,0.0
14_funding_sentiment_filter,116,2023-11-13 12:00:00+00:00,2023-11-14 00:00:00+00:00,14.419817781775167,0.15079365079365079,0.8571428571428571,0.00010893,1.0,trend,1.7008061545945248,0.0,12.422593854179317,0.24603174603174602,0.9365079365079365,0.00017382,1.0,trend,1.3533863120377077,0.0
14_funding_sentiment_filter,117,2023-11-15 00:00:00+00:00,2023-12-08 12:00:00+00:00,9.02714988165719,0.6825396825396826,0.9523809523809523,0.0001,1.0,trend,1.8787520776783628,0.0,8.705204561578734,0.6746031746031746,0.8888888888888888,0.00023288,1.0,trend,1.970877062084912,0.0
14_funding_sentiment_filter,118,2023-12-09 00:00:00+00:00,2023-12-09 12:00:00+00:00,8.618064133137763,0.6666666666666666,0.6984126984126984,0.00011504,1.0,trend,1.8474063607682825,0.0,8.701488506255055,0.6666666666666666,0.6984126984126984,0.00030159,1.0,trend,1.8122852722249267,0.0
14_funding_sentiment_filter,119,2023-12-11 00:00:00+00:00,2023-12-21 00:00:00+00:00,7.569880802985745,0.6825396825396826,0.9920634920634921,0.0001473,1.0,trend,1.3240270534557335,0.0,5.28570647294809,0.8809523809523809,0.7817460317460317,0.00027143,1.0,trend_high_vol,1.505883425532247,0.0
14_funding_sentiment_filter,120,2023-12-23 00:00:00+00:00,2023-12-26 00:00:00+00:00,5.837685403266807,0.8095238095238095,0.4444444444444444,0.00016285,1.0,trend_high_vol,1.295776042088493,0.0,5.5021886039356795,0.46825396825396826,0.9523809523809523,0.00043391,1.0,trend,0.8237119221642885,0.0
14_funding_sentiment_filter,121,2023-12-28 00:00:00+00:00,2023-12-28 12:00:00+00:00,4.854261573395271,0.48412698412698413,0.7936507936507936,0.00013021,1.0,chop,0.6994984611026509,0.0,4.664357268866025,0.48412698412698413,0.7936507936507936,0.00037879,1.0,chop,0.6864122123118184,0.0
14_funding_sentiment_filter,122,2023-12-31 00:00:00+00:00,2023-12-31 12:00:00+00:00,4.286107260726948,0.30952380952380953,0.5476190476190477,0.00027855,1.0,chop,0.5846282972099528,0.0,4.091324419842601,0.30952380952380953,0.5476190476190477,0.00034573,1.0,chop,0.5722227282162692,0.0
14_funding_sentiment_filter,123,2024-01-01 12:00:00+00:00,2024-01-02 00:00:00+00:00,3.895215434046362,0.373015873015873,0.6111111111111112,0.00027213,1.0,chop,1.160647340803871,0.0,3.8647516435907323,0.3611111111111111,0.9761904761904762,0.00065846,1.0,chop,1.3813774446169487,0.0
14_funding_sentiment_filter,124,2024-01-03 00:00:00+00:00,2024-01-14 00:00:00+00:00,3.8193982273099985,0.4801587301587302,1.0,0.00021159,1.0,chop,0.8676223054043944,0.0,2.16293380034581,1.0,0.5238095238095238,0.0001,1.0,chop_high_vol,-0.038936243960899036,0.0
14_funding_sentiment_filter,125,2024-02-07 00:00:00+00:00,2024-02-18 00:00:00+00:00,0.9347837576512018,0.18253968253968253,0.5714285714285714,7.527e-05,1.0,chop_low_vol,0.9779348299986163,0.0,7.974339916898995,0.07142857142857142,0.3333333333333333,0.0001724,1.0,trend,2.499896450053186,0.0
14_funding_sentiment_filter,126,2024-02-20 00:00:00+00:00,2024-02-25 12:00:00+00:00,8.055013082669054,0.05952380952380952,0.8571428571428571,0.00010461,1.0,trend,2.1502325982554877,0.0,9.805359456885965,0.07936507936507936,0.1746031746031746,0.00015012,1.0,trend,1.5260013383906463,0.0
14_funding_sentiment_filter,127,2024-02-28 12:00:00+00:00,2024-02-29 00:00:00+00:00,7.016273938269823,0.9047619047619048,1.0,0.00023682,1.0,trend_high_vol,3.0171446568747244,0.0,7.116950092406635,0.8968253968253969,0.9920634920634921,0.00069091,1.0,trend_high_vol,2.648148878638048,0.0
14_funding_sentiment_filter,128,2024-03-02 00:00:00+00:00,2024-03-02 12:00:00+00:00,7.940642076709456,0.9047619047619048,0.6031746031746031,0.00033426,1.0,trend_high_vol,2.2557310368882577,0.0,8.125462628252679,0.9047619047619048,0.6031746031746031,0.00057174,1.0,trend_high_vol,2.189245018585807,0.0
14_funding_sentiment_filter,129,2024-03-06 00:00:00+00:00,2024-03-10 12:00:00+00:00,6.00886323255072,1.0,0.9761904761904762,0.0003628,1.0,trend_high_vol,2.0010424613028737,1.0,6.37482539995415,0.9682539682539683,0.8174603174603174,0.00063451,1.0,trend_high_vol,1.7888941945473367,0.0
14_funding_sentiment_filter,130,2024-03-11 00:00:00+00:00,2024-03-11 12:00:00+00:00,6.362010364448987,1.0,0.9682539682539683,0.00035489,1.0,trend_high_vol,2.0071174347701675,0.0,6.480564056216695,1.0,0.9682539682539683,0.00078428,1.0,trend_high_vol,1.9561903412681692,0.0
14_funding_sentiment_filter,131,2024-03-12 00:00:00+00:00,2024-03-13 12:00:00+00:00,7.172516100989402,1.0,0.9523809523809523,0.0004447,1.0,trend_high_vol,1.9160977630538008,0.0,8.651826099317274,0.9841269841269841,0.9206349206349206,0.0006442,1.0,trend_high_vol,1.8709761392772681,0.0
14_funding_sentiment_filter,132,2024-03-14 00:00:00+00:00,2024-04-01 00:00:00+00:00,8.77107118576779,1.0,0.9444444444444444,0.00045402,1.0,trend_high_vol,1.7287882099283733,0.0,3.718253517085568,0.8888888888888888,0.6904761904761905,0.00070161,1.0,chop_high_vol,0.7799282734241904,0.0
14_funding_sentiment_filter,133,2024-04-01 12:00:00+00:00,2024-04-13 00:00:00+00:00,3.6485116816241687,0.8888888888888888,0.6904761904761905,0.00033491,1.0,chop_high_vol,0.767961305785567,0.0,2.140021321077485,0.5634920634920635,0.9047619047619048,0.0001,1.0,chop,-1.0042107052369804,0.0
14_funding_sentiment_filter,134,2024-05-15 00:00:00+00:00,2024-05-22 12:00:00+00:00,1.2121867396136878,0.6904761904761905,0.7261904761904762,0.0001,1.0,chop,-0.37623291615530113,0.0,1.9255573706019855,0.7063492063492064,0.5634920634920635,0.00015759,1.0,chop_high_vol,0.37420102951342066,0.0
14_funding_sentiment_filter,135,2024-05-23 00:00:00+00:00,2024-05-31 00:00:00+00:00,2.0517550830230116,0.5833333333333334,0.753968253968254,0.0001,1.0,chop,0.4712350649004365,0.0,2.9636935771052957,0.4722222222222222,0.42063492063492064,0.00014599,1.0,chop,0.8202371554040525,0.0
14_funding_sentiment_filter,136,2024-06-01 00:00:00+00:00,2024-06-03 12:00:00+00:00,2.7178445090592764,0.4722222222222222,0.015873015873015872,0.0001,1.0,chop,0.9119678291193746,0.0,3.5347667375466627,0.3968253968253968,0.5317460317460317,0.00014135,1.0,trend,1.0402744167343096,0.0
14_funding_sentiment_filter,137,2024-06-04 00:00:00+00:00,2024-06-05 12:00:00+00:00,3.5233104862053133,0.21825396825396826,0.5555555555555556,0.00012008,1.0,trend,1.7319216767785746,0.0,4.286870917497694,0.21428571428571427,0.5476190476190477,0.00016387,1.0,trend,1.5874075102833534,0.0
14_funding_sentiment_filter,138,2024-06-06 00:00:00+00:00,2024-06-11 00:00:00+00:00,4.80962296144242,0.20634920634920634,0.30158730158730157,0.0001,1.0,trend,1.3551147953647762,0.0,4.039139433477077,0.01984126984126984,0.6666666666666666,0.0001,1.0,trend,0.8849148965750904,0.0
14_funding_sentiment_filter,139,2024-07-15 00:00:00+00:00,2024-08-03 00:00:00+00:00,2.6041313168752227,0.4880952380952381,0.7420634920634921,4.59e-05,1.0,trend,-0.3717060175319479,0.0,1.1928666772583878,0.4801587301587302,0.6111111111111112,0.0001,0.0,chop,-1.1193708450165534,0.0
14_funding_sentiment_filter,140,2024-08-23 00:00:00+00:00,2024-09-01 00:00:00+00:00,1.2653118590697896,1.0,0.9166666666666666,-3.329e-05,1.0,chop_high_vol,0.05440583921656279,0.0,1.4329956705017863,0.43253968253968256,0.29365079365079366,4.113e-05,0.0,chop,-1.331982794438422,0.0
14_funding_sentiment_filter,141,2024-09-18 00:00:00+00:00,2024-09-20 00:00:00+00:00,0.4604462726643094,0.36904761904761907,0.8809523809523809,1.344e-05,0.0,chop,-0.27229810151450523,0.0,0.7549972696017299,0.376984126984127,0.7301587301587301,8.065e-05,0.0,chop,-0.13760194544321683,0.0
14_funding_sentiment_filter,142,2024-09-20 12:00:00+00:00,2024-09-21 12:00:00+00:00,1.0358904106870679,0.38095238095238093,0.7301587301587301,-5.03e-06,0.0,chop,-0.12145032799416698,0.0,1.5376058173805442,0.3412698412698413,0.0873015873015873,0.0001,0.0,chop,-0.0478690420068455,0.0
14_funding_sentiment_filter,143,2024-09-22 00:00:00+00:00,2024-09-22 12:00:00+00:00,1.8272626862010628,0.2896825396825397,0.21428571428571427,6.285e-05,0.0,chop_low_vol,0.023717464445659163,0.0,2.0372570682909803,0.29365079365079366,0.21428571428571427,9.254e-05,0.0,chop_low_vol,0.037478356820297556,0.0
14_funding_sentiment_filter,144,2024-09-23 00:00:00+00:00,2024-09-27 00:00:00+00:00,2.5692427050150077,0.2261904761904762,0.5753968253968254,6.546e-05,0.0,trend,-0.05737420179458432,0.0,3.795449661756113,0.21031746031746032,0.626984126984127,0.0001,1.0,trend,0.7660263826767304,0.0
14_funding_sentiment_filter,145,2024-09-27 12:00:00+00:00,2024-09-28 12:00:00+00:00,4.006052546068243,0.21428571428571427,0.626984126984127,6.722e-05,1.0,trend,0.8207128158913694,0.0,4.519414651963083,0.20634920634920634,0.09523809523809523,8.3e-05,1.0,trend,0.9520089165827851,0.0
14_funding_sentiment_filter,146,2024-09-29 00:00:00+00:00,2024-09-30 12:00:00+00:00,4.886802756695728,0.1865079365079365,0.09126984126984126,1.414e-05,1.0,trend,0.8990966165909694,0.0,4.354107534848845,0.23809523809523808,0.8095238095238095,7.939e-05,0.0,trend,0.22552320024180872,0.0
14_funding_sentiment_filter,147,2024-10-02 00:00:00+00:00,2024-10-02 12:00:00+00:00,3.5245782312545986,0.27380952380952384,0.8650793650793651,6.632e-05,0.0,trend,-0.9280984359552203,0.0,3.1222603673504064,0.2777777777777778,0.8650793650793651,8.409e-05,0.0,trend,-0.9129271637360606,0.0
14_funding_sentiment_filter,148,2024-10-03 00:00:00+00:00,2024-10-09 00:00:00+00:00,3.0607947095896915,0.21825396825396826,0.746031746031746,4.381e-05,0.0,trend,-0.9428883276171348,0.0,1.356767479302356,0.17063492063492064,0.4246031746031746,0.0001,0.0,chop_low_vol,-0.5060601084821371,0.0
14_funding_sentiment_filter,149,2024-10-14 00:00:00+00:00,2024-10-14 12:00:00+00:00,1.242989994308788,0.373015873015873,0.9523809523809523,5.429e-05,1.0,chop,1.514651734916437,0.0,1.558436280606476,0.373015873015873,0.9523809523809523,0.0001,1.0,chop,1.4865496786031143,0.0
14_funding_sentiment_filter,150,2024-10-16 00:00:00+00:00,2024-10-17 00:00:00+00:00,2.8001755618204505,0.30952380952380953,0.8015873015873016,8.325e-05,1.0,trend,1.7503439549957127,0.0,3.387706494120282,0.30158730158730157,0.6587301587301587,0.0001,1.0,trend,1.4388350381053476,0.0
14_funding_sentiment_filter,151,2024-10-17 12:00:00+00:00,2024-11-10 12:00:00+00:00,3.6170117979511676,0.30158730158730157,0.6587301587301587,0.0001,1.0,trend,1.4126714536068945,0.0,4.884764145958148,0.8095238095238095,0.9841269841269841,0.00025603,1.0,trend_high_vol,3.3291203756065704,0.0
14_funding_sentiment_filter,152,2024-11-11 12:00:00+00:00,2024-11-12 12:00:00+00:00,4.6125248455762815,0.8412698412698413,0.9920634920634921,0.0001,1.0,trend_high_vol,4.432977638397999,0.0,5.851789433265526,0.8333333333333334,1.0,0.00043737,1.0,trend_high_vol,3.755416759189756,0.0
14_funding_sentiment_filter,153,2024-11-13 00:00:00+00:00,2024-11-14 00:00:00+00:00,5.711008413983535,0.8333333333333334,0.9920634920634921,0.0001,1.0,trend_high_vol,3.90100265982802,0.0,6.317766720360636,0.8571428571428571,0.9603174603174603,0.00021856,1.0,trend_high_vol,3.1323202309853158,0.0
14_funding_sentiment_filter,154,2024-11-14 12:00:00+00:00,2024-11-18 12:00:00+00:00,6.441270204650076,0.8571428571428571,0.9603174603174603,0.0001,1.0,trend_high_vol,2.9905818579238588,0.0,6.6214687046847045,0.8333333333333334,0.9365079365079365,0.0003645,1.0,trend_high_vol,2.293306768310414,0.0
14_funding_sentiment_filter,155,2024-11-20 00:00:00+00:00,2024-11-25 00:00:00+00:00,7.9646116120702555,0.7936507936507936,0.9206349206349206,0.00017959,1.0,trend_high_vol,2.280162786607001,1.0,10.449294927025557,0.8650793650793651,0.9365079365079365,0.00021035,1.0,trend_high_vol,1.7108547179698754,0.0
14_funding_sentiment_filter,156,2024-11-25 12:00:00+00:00,2024-11-26 00:00:00+00:00,10.17290850470248,0.8650793650793651,0.9365079365079365,0.0001,1.0,trend_high_vol,1.67398588870497,0.0,9.843443994317571,0.7222222222222222,0.9523809523809523,0.00021902,1.0,trend_high_vol,1.5584971561920118,0.0
14_funding_sentiment_filter,157,2024-11-26 12:00:00+00:00,2024-11-27 00:00:00+00:00,9.52712879728509,0.7222222222222222,0.9523809523809523,0.00017936,1.0,trend_high_vol,1.5275609489963757,0.0,8.658460039468231,0.7222222222222222,0.8809523809523809,0.00031205,1.0,trend_high_vol,1.702470806435801,0.0
14_funding_sentiment_filter,158,2024-11-27 12:00:00+00:00,2024-12-02 12:00:00+00:00,8.56474847414935,0.7222222222222222,0.8809523809523809,0.00016795,1.0,trend_high_vol,1.6659133016357093,0.0,8.770174280160662,0.47619047619047616,0.8888888888888888,0.00024556,1.0,trend,1.3783051734612288,0.0
14_funding_sentiment_filter,159,2024-12-03 00:00:00+00:00,2024-12-03 12:00:00+00:00,9.20658910178361,0.42857142857142855,0.8650793650793651,0.00012779,1.0,trend,1.3414439581437185,0.0,9.00457069070244,0.42857142857142855,0.8650793650793651,0.00024926,1.0,trend,1.3182414563473086,0.0
14_funding_sentiment_filter,160,2024-12-05 00:00:00+00:00,2024-12-05 12:00:00+00:00,9.236583419217888,0.3531746031746032,1.0,0.00023234,1.0,trend,1.317213820520291,0.0,9.031593326119134,0.35714285714285715,1.0,0.00072446,1.0,trend,1.2946265022022156,0.0
14_funding_sentiment_filter,161,2024-12-06 00:00:00+00:00,2024-12-07 00:00:00+00:00,7.764029760683635,0.38492063492063494,0.9444444444444444,0.0001,1.0,trend,1.4327610643656437,0.0,8.11614351594978,0.376984126984127,0.7063492063492064,0.00031972,1.0,trend,1.3832235519311256,0.0
14_funding_sentiment_filter,162,2024-12-07 12:00:00+00:00,2024-12-09 00:00:00+00:00,8.077573999138016,0.38095238095238093,0.7063492063492064,0.00012374,1.0,trend,1.359360160483202,0.0,8.130245168005237,0.4642857142857143,0.9603174603174603,0.00030413,1.0,trend,1.0997623715693872,0.0
14_funding_sentiment_filter,163,2024-12-09 12:00:00+00:00,2024-12-22 00:00:00+00:00,7.8927645684443135,0.46825396825396826,0.9603174603174603,0.00021032,1.0,trend,1.0829932097747124,0.0,4.139333474018489,0.5833333333333334,0.6111111111111112,0.0001,1.0,chop,0.5750704160914638,0.0
14_funding_sentiment_filter,164,2025-01-17 00:00:00+00:00,2025-02-05 00:00:00+00:00,1.0420641706456075,0.5833333333333334,0.7936507936507936,4.598e-05,1.0,chop,1.1640578354975906,0.0,0.9084563793520236,0.5476190476190477,0.5,4.138e-05,1.0,chop,-2.5774891603601726,0.0
14_funding_sentiment_filter,165,2025-04-21 00:00:00+00:00,2025-05-09 12:00:00+00:00,0.1720053067041906,0.7619047619047619,0.49603174603174605,5.232e-05,0.0,chop_high_vol,-1.2336595207033934,0.0,7.565067094737966,0.4365079365079365,0.8015873015873016,0.0001,1.0,trend,2.1931615399887896,0.0
14_funding_sentiment_filter,166,2025-05-10 00:00:00+00:00,2025-05-10 12:00:00+00:00,7.186758713850679,0.4444444444444444,0.5873015873015873,4.378e-05,1.0,trend,2.4443642056639883,0.0,7.4810045251674975,0.4444444444444444,0.5873015873015873,0.0001,1.0,trend,2.3729233594070065,0.0
14_funding_sentiment_filter,167,2025-05-11 12:00:00+00:00,2025-05-12 00:00:00+00:00,8.051116065504756,0.3968253968253968,0.626984126984127,4.15e-05,1.0,trend,2.1528486754578466,0.0,8.220615455252952,0.08333333333333333,0.8412698412698413,0.0001,1.0,trend,2.4744200161899914,0.0
14_funding_sentiment_filter,168,2025-05-13 00:00:00+00:00,2025-05-13 12:00:00+00:00,7.987898723397276,0.0992063492063492,0.7182539682539683,6.847e-05,1.0,trend,2.42721506340299,0.0,8.055699019586134,0.10317460317460317,0.7222222222222222,0.0001,1.0,trend,2.3511841294241913,0.0
14_funding_sentiment_filter,169,2025-05-14 00:00:00+00:00,2025-05-22 12:00:00+00:00,7.896207887087903,0.11507936507936507,0.623015873015873,7.256e-05,1.0,trend,2.466855342140224,0.0,10.197552105641865,0.2698412698412698,0.8888888888888888,0.0001,1.0,trend,2.0344072243370808,0.0
14_funding_sentiment_filter,170,2025-05-23 00:00:00+00:00,2025-06-05 00:00:00+00:00,8.512152733905575,0.3611111111111111,0.8611111111111112,0.0001,1.0,trend,1.292484198447502,1.0,4.39729008358063,0.12301587301587301,0.8333333333333334,9.62e-06,1.0,trend,0.2919628482087724,0.0
14_funding_sentiment_filter,171,2025-07-02 00:00:00+00:00,2025-07-10 12:00:00+00:00,1.7093248387027244,0.027777777777777776,0.8293650793650794,1.109e-05,1.0,chop_low_vol,0.7193236960102543,0.0,3.3330264942924646,0.29365079365079366,1.0,8.523e-05,1.0,chop_low_vol,2.9014777193192773,0.0
14_funding_sentiment_filter,172,2025-07-11 00:00:00+00:00,2025-07-11 12:00:00+00:00,3.5145731509736606,0.2896825396825397,0.9841269841269841,1.908e-05,1.0,chop_low_vol,2.82689752462824,0.0,3.8925310548676104,0.29365079365079366,0.9841269841269841,0.0001,1.0,trend,2.713360013286208,0.0
14_funding_sentiment_filter,173,2025-07-14 00:00:00+00:00,2025-07-14 12:00:00+00:00,5.425517052613852,0.011904761904761904,1.0,8.051e-05,1.0,trend,2.7887154706992883,0.0,5.688045864650197,0.015873015873015872,1.0,0.0001,1.0,trend,2.6796964058149086,0.0
14_funding_sentiment_filter,174,2025-07-19 12:00:00+00:00,2025-07-31 00:00:00+00:00,7.07698721439435,0.10317460317460317,0.6428571428571429,0.0001,1.0,trend,1.7324525055673028,0.0,7.037316666286231,0.011904761904761904,0.8571428571428571,5.694e-05,1.0,trend,1.1312190139783787,0.0
14_funding_sentiment_filter,175,2025-08-12 00:00:00+00:00,2025-08-21 00:00:00+00:00,2.4946707119096887,0.0992063492063492,0.9047619047619048,0.0001,1.0,chop_low_vol,1.3024845319880356,0.0,0.348871811623392,0.4880952380952381,0.6746031746031746,4.936e-05,1.0,chop,-0.3723852999877325,0.0
14_funding_sentiment_filter,176,2025-09-12 00:00:00+00:00,2025-09-25 00:00:00+00:00,1.0553875903854975,0.21825396825396826,0.4880952380952381,3.326e-05,1.0,chop_low_vol,-1.1306116216723179,0.0,0.08713524663859964,0.20238095238095238,0.8888888888888888,-2.2e-06,1.0,chop_low_vol,-2.105752123627653,0.0
14_funding_sentiment_filter,177,2025-10-01 00:00:00+00:00,2025-10-02 12:00:00+00:00,0.20579752265412662,0.5555555555555556,0.8174603174603174,3.355e-05,1.0,chop,-0.8691302575613324,0.0,0.9088426803031485,0.6111111111111112,0.8174603174603174,0.0001,1.0,chop,-0.43279497955376944,0.0
14_funding_sentiment_filter,178,2025-10-03 00:00:00+00:00,2025-10-16 00:00:00+00:00,1.307270622079039,0.626984126984127,0.9206349206349206,9.543e-05,1.0,chop,-0.38276819791984373,0.0,0.4713033971084122,0.9761904761904762,0.9047619047619048,-2.741e-05,1.0,chop_high_vol,-3.453523768937052,1.0
14_funding_sentiment_filter,179,2026-01-03 00:00:00+00:00,2026-01-04 00:00:00+00:00,4.418368444913177,0.08333333333333333,0.051587301587301584,4.813e-05,0.0,trend,-0.35930637342400323,0.0,3.158319744501956,0.05952380952380952,0.12301587301587301,9.488e-05,0.0,chop_low_vol,-0.2206603898001632,0.0
14_funding_sentiment_filter,180,2026-01-04 12:00:00+00:00,2026-01-07 12:00:00+00:00,2.6755088890183445,0.06349206349206349,0.12698412698412698,5.813e-05,0.0,chop_low_vol,-0.20392354145459388,0.0,0.2580966390521944,0.15079365079365079,0.2857142857142857,0.0001,0.0,chop_low_vol,-0.5572332712463168,1.0
14_funding_sentiment_filter,181,2026-01-08 00:00:00+00:00,2026-01-08 12:00:00+00:00,0.3096307099397631,0.05952380952380952,0.27380952380952384,2.885e-05,0.0,chop_low_vol,-0.5968575290522318,0.0,0.3523404070800642,0.06349206349206349,0.2777777777777778,0.0001,0.0,chop_low_vol,-0.5906185656674439,0.0
14_funding_sentiment_filter,182,2026-01-09 00:00:00+00:00,2026-01-13 12:00:00+00:00,0.3217979499072525,0.06746031746031746,0.21825396825396826,6.436e-05,0.0,chop_low_vol,-0.8276961364260248,1.0,1.0785603440578035,0.30952380952380953,0.48412698412698413,9.838e-05,0.0,chop,-0.1286539418984537,0.0
14_funding_sentiment_filter,183,2026-01-14 00:00:00+00:00,2026-01-18 12:00:00+00:00,1.4619226101688307,0.32142857142857145,0.5634920634920635,1.29e-06,0.0,chop,0.08253611915946864,1.0,2.8870281341391975,0.3492063492063492,0.0873015873015873,9.616e-05,0.0,chop,-0.41915283251771,0.0
14_funding_sentiment_filter,184,2026-01-19 00:00:00+00:00,2026-01-25 00:00:00+00:00,3.027202062784064,0.3412698412698413,0.25793650793650796,6.571e-05,0.0,chop,-0.7236789585516514,0.0,0.7250285868255818,0.4126984126984127,0.19047619047619047,3.901e-05,0.0,chop,-3.07856772536742,1.0
14_funding_sentiment_filter,185,2026-03-04 00:00:00+00:00,2026-03-16 12:00:00+00:00,4.613312810236683,0.8333333333333334,0.8650793650793651,1.481e-05,0.0,chop_high_vol,-0.6574091689918322,0.0,0.4387539568138577,0.7619047619047619,0.6746031746031746,7.139e-05,0.0,chop_high_vol,0.09929878499124485,0.0
14_funding_sentiment_filter,186,2026-03-17 00:00:00+00:00,2026-03-29 00:00:00+00:00,0.21592506131165776,0.6984126984126984,0.5595238095238095,2.41e-06,0.0,chop,0.022754657286401813,0.0,1.9619334266046191,0.32936507936507936,0.13095238095238096,-1.73e-06,0.0,chop,0.43483062609616047,0.0
14_funding_sentiment_filter,187,2026-04-07 00:00:00+00:00,2026-04-08 00:00:00+00:00,1.5899603903412922,0.38492063492063494,0.5753968253968254,-3.15e-06,0.0,chop,1.5504725902585168,0.0,0.9702658586554374,0.36904761904761907,0.5119047619047619,6.02e-05,0.0,chop,1.0273997001330033,0.0
14_funding_sentiment_filter,188,2026-04-08 12:00:00+00:00,2026-04-09 12:00:00+00:00,0.7340537505910159,0.373015873015873,0.5158730158730159,1.563e-05,0.0,chop,1.0141837156183062,0.0,0.24136403491889488,0.38095238095238093,0.36507936507936506,5.239e-05,0.0,chop,0.9932230352403947,0.0
14_funding_sentiment_filter,189,2026-04-10 00:00:00+00:00,2026-04-15 12:00:00+00:00,0.14727656347341184,0.32142857142857145,0.32142857142857145,4.11e-06,0.0,chop,1.3244324209693086,0.0,2.263564778304484,0.36507936507936506,0.42063492063492064,-5.085e-05,0.0,chop,1.164539234126587,0.0
15_volume_confirmed_breakout,1,2015-03-02 00:00:00+00:00,2015-03-24 00:00:00+00:00,1.4291470698223558,,,0.0,0.0,chop,,0.0,1.0894981309496894,,,0.0,0.0,chop,-0.03158659076816814,0.0
15_volume_confirmed_breakout,2,2015-05-08 00:00:00+00:00,2015-05-31 00:00:00+00:00,0.8336612842079292,0.20093457943925233,0.626984126984127,0.0,0.0,chop_low_vol,-0.12990056759561802,0.0,0.7354992028081092,0.027777777777777776,0.15476190476190477,0.0,0.0,chop_low_vol,-0.4712725712402083,0.0
15_volume_confirmed_breakout,3,2015-06-16 00:00:00+00:00,2015-08-08 00:00:00+00:00,0.1582465570777925,0.21825396825396826,0.9285714285714286,0.0,0.0,chop_low_vol,3.1017201978010873,0.0,2.3948967270154955,0.4801587301587302,0.9841269841269841,0.0,1.0,chop,0.24579093702966737,0.0
15_volume_confirmed_breakout,4,2015-10-05 00:00:00+00:00,2016-01-15 00:00:00+00:00,0.2088850636200789,0.01984126984126984,0.6071428571428571,0.0,0.0,chop_low_vol,-0.016511805205739343,0.0,1.6532717369857344,0.7857142857142857,0.9761904761904762,0.0,1.0,chop_high_vol,-1.0193233841252876,0.0
15_volume_confirmed_breakout,5,2016-02-14 00:00:00+00:00,2016-05-19 00:00:00+00:00,2.278731191403084,0.15873015873015872,0.7698412698412699,0.0,1.0,chop_low_vol,-1.152366226071581,0.0,3.346503886080704,0.2896825396825397,0.9523809523809523,0.0,1.0,trend,0.04119345661647528,0.0
15_volume_confirmed_breakout,6,2016-05-27 00:00:00+00:00,2016-07-31 00:00:00+00:00,1.2401839948308497,0.44047619047619047,1.0,0.0,1.0,chop,3.5689997731187453,0.0,1.0110289029283757,0.46825396825396826,0.7142857142857143,0.0,1.0,chop,-1.1248440438817826,0.0
15_volume_confirmed_breakout,7,2016-09-03 00:00:00+00:00,2017-01-11 00:00:00+00:00,4.875290251108399,0.11507936507936507,0.8571428571428571,0.0,1.0,trend,-0.20730346207460326,0.0,2.464883017060239,1.0,0.9761904761904762,0.0,1.0,chop_high_vol,-0.5381316179957518,0.0
15_volume_confirmed_breakout,8,2017-01-31 00:00:00+00:00,2017-03-17 00:00:00+00:00,2.8553079865205984,0.7857142857142857,0.8650793650793651,0.0,1.0,chop_high_vol,0.794153304248828,0.0,2.9456565233409924,0.7936507936507936,1.0,0.0,1.0,chop_high_vol,0.2794332700045724,0.0
15_volume_confirmed_breakout,9,2017-04-06 00:00:00+00:00,2017-07-01 00:00:00+00:00,0.17145600568000102,0.746031746031746,0.9523809523809523,0.0,1.0,chop_high_vol,0.6615210372937067,0.0,3.020728641020116,0.5158730158730159,0.5793650793650794,0.0,1.0,chop,0.4968924012566658,0.0
15_volume_confirmed_breakout,10,2017-07-20 00:00:00+00:00,2017-09-13 00:00:00+00:00,0.8543288963418015,1.0,0.9841269841269841,0.0,1.0,chop_high_vol,1.455642351920302,0.0,2.771670351341369,0.373015873015873,0.8412698412698413,0.0,1.0,chop,0.2992835070681613,0.0
15_volume_confirmed_breakout,11,2017-10-09 00:00:00+00:00,2017-12-30 00:00:00+00:00,3.7669131627130312,0.17857142857142858,0.7698412698412699,0.0,1.0,trend,1.7672824046159108,0.0,3.033758483756851,0.8095238095238095,0.9365079365079365,0.0,1.0,chop_high_vol,0.4227289385090364,0.0
15_volume_confirmed_breakout,12,2018-04-20 00:00:00+00:00,2018-05-11 00:00:00+00:00,0.8187985705575035,0.1388888888888889,0.5436507936507936,0.0,0.0,chop_low_vol,0.12173584764403435,0.0,3.315224111560165,0.0992063492063492,0.6626984126984127,0.0,0.0,chop_low_vol,0.20630905185511741,0.0
15_volume_confirmed_breakout,13,2018-07-17 00:00:00+00:00,2018-08-06 00:00:00+00:00,1.6040521639310161,0.4166666666666667,0.6706349206349206,0.0,0.0,chop,1.2087376325610169,0.0,1.7703653363502545,0.34523809523809523,0.17063492063492064,0.0,0.0,chop,0.38800911787795456,0.0
15_volume_confirmed_breakout,14,2018-11-07 00:00:00+00:00,2018-11-14 00:00:00+00:00,2.629837368525051,0.027777777777777776,0.8412698412698413,0.0,0.0,trend,-0.22671385688589193,0.0,2.129912832324466,0.44841269841269843,1.0,0.0,0.0,trend,-4.04012228580504,0.0
15_volume_confirmed_breakout,15,2019-02-18 00:00:00+00:00,2019-07-14 00:00:00+00:00,0.08307231706743234,0.42857142857142855,1.0,0.0,0.0,chop,0.6288183508808547,0.0,3.7592307496784256,1.0,0.6825396825396826,0.0,1.0,chop_high_vol,0.3119670462940923,0.0
15_volume_confirmed_breakout,16,2019-08-05 00:00:00+00:00,2019-08-28 00:00:00+00:00,0.6836014371314085,0.30158730158730157,0.7142857142857143,0.0,1.0,chop,0.8712567798782701,0.0,1.6228881358322822,0.2619047619047619,0.36507936507936506,0.0,1.0,chop_low_vol,-1.8374009372316003,0.0
15_volume_confirmed_breakout,17,2019-10-25 00:00:00+00:00,2019-11-15 00:00:00+00:00,4.275391683695748,0.6904761904761905,0.9285714285714286,0.0001,0.0,trend,-0.4323946734598822,0.0,0.09595797940827665,0.13095238095238096,0.8055555555555556,0.0001,0.0,chop_low_vol,-0.15083874587865426,0.0
15_volume_confirmed_breakout,18,2020-01-07 00:00:00+00:00,2020-02-25 00:00:00+00:00,0.11834085473163848,0.32936507936507936,0.9444444444444444,0.0001,0.0,chop,0.19692232678867028,0.0,3.0122785204521114,0.3888888888888889,0.8968253968253969,0.0001,1.0,chop,0.08120685485169933,0.0
15_volume_confirmed_breakout,19,2020-04-29 00:00:00+00:00,2020-06-19 00:00:00+00:00,2.401595518290393,0.753968253968254,0.9920634920634921,0.0001,1.0,chop_high_vol,1.5498456186398273,0.0,2.985474074756961,0.15079365079365079,0.027777777777777776,7.624e-05,1.0,chop_low_vol,0.09530899706326953,0.0
15_volume_confirmed_breakout,20,2020-07-26 00:00:00+00:00,2020-08-25 00:00:00+00:00,2.794825773449608,0.027777777777777776,0.32936507936507936,0.0001,1.0,trend,-0.4076007045195903,0.0,5.9247926074135595,0.25793650793650796,0.5992063492063492,0.0001,1.0,trend,1.0831824616836643,0.0
15_volume_confirmed_breakout,21,2020-10-21 00:00:00+00:00,2021-01-27 00:00:00+00:00,3.491933437186202,0.5753968253968254,0.8888888888888888,3.742e-05,1.0,trend,3.2301414996470426,0.0,2.95945886443018,0.9523809523809523,0.8412698412698413,0.0001,1.0,chop_high_vol,0.5281094913890075,0.0
15_volume_confirmed_breakout,22,2021-02-08 00:00:00+00:00,2021-04-19 00:00:00+00:00,2.8646590946209547,1.0,0.9841269841269841,0.00059267,1.0,chop_high_vol,1.8592895919103034,0.0,3.1351052517640046,0.10714285714285714,0.626984126984127,0.0001,1.0,chop_low_vol,-0.16215196963737416,0.0
15_volume_confirmed_breakout,23,2021-07-26 00:00:00+00:00,2021-09-08 00:00:00+00:00,1.4561266944923836,0.27380952380952384,0.5436507936507936,-0.00054841,0.0,chop_low_vol,1.476413520063606,0.0,4.108456274431717,0.4246031746031746,0.7738095238095238,0.00022977,1.0,chop,0.6133388882503887,0.0
15_volume_confirmed_breakout,24,2021-10-06 00:00:00+00:00,2021-11-18 00:00:00+00:00,1.3797701340003352,0.7579365079365079,0.9523809523809523,1.61e-06,1.0,chop_high_vol,3.4513657094652177,0.0,2.62788514927595,0.17063492063492064,0.8571428571428571,0.0001,1.0,chop_low_vol,-0.16342868728478246,0.0
15_volume_confirmed_breakout,25,2022-02-08 00:00:00+00:00,2022-04-11 00:00:00+00:00,1.903671365361688,0.9484126984126984,0.5595238095238095,-9.617e-05,0.0,chop_high_vol,0.06329858512173936,0.0,0.9946200619872785,0.20238095238095238,0.8611111111111112,2.43e-06,0.0,chop_low_vol,-0.87804486982108,0.0
15_volume_confirmed_breakout,26,2022-07-08 00:00:00+00:00,2022-08-19 00:00:00+00:00,12.64113547890696,0.3134920634920635,0.9444444444444444,0.0001,0.0,trend,-0.6079673884185932,0.0,1.333205694327938,0.29365079365079366,0.8809523809523809,0.0001,0.0,chop_low_vol,-0.5090311471906203,0.0
15_volume_confirmed_breakout,27,2022-09-12 00:00:00+00:00,2022-09-21 00:00:00+00:00,2.0287962931235777,0.5277777777777778,0.9484126984126984,6.712e-05,0.0,chop,0.441590373682918,0.0,3.0831657939853683,0.7261904761904762,0.9365079365079365,1.721e-05,0.0,chop_high_vol,-1.7587151945191501,0.0
15_volume_confirmed_breakout,28,2022-10-26 00:00:00+00:00,2022-11-08 00:00:00+00:00,0.4303426123414107,0.0992063492063492,1.0,-1.66e-06,0.0,chop_low_vol,2.2571405590598084,0.0,1.585036200315745,0.5753968253968254,1.0,6.515e-05,0.0,chop,-2.5297433236917817,1.0
15_volume_confirmed_breakout,29,2022-12-13 00:00:00+00:00,2022-12-19 00:00:00+00:00,2.1125972430801356,0.11507936507936507,0.3253968253968254,3.003e-05,0.0,chop_low_vol,-0.5687115088898103,0.0,2.2432192689524344,0.39285714285714285,0.09126984126984126,6.468e-05,0.0,chop,-0.9361903254642917,0.0
15_volume_confirmed_breakout,30,2023-01-09 00:00:00+00:00,2023-02-09 00:00:00+00:00,1.586418474251482,0.003968253968253968,0.26587301587301587,7.452e-05,0.0,chop_low_vol,-1.030477736172345,0.0,7.309791558967051,0.5833333333333334,0.7896825396825397,0.0001,1.0,trend,0.9784936630410656,0.0
15_volume_confirmed_breakout,31,2023-02-15 00:00:00+00:00,2023-03-07 00:00:00+00:00,3.337622161794317,0.8095238095238095,0.7857142857142857,8.887e-05,1.0,chop_high_vol,1.7794664847891846,0.0,0.9490938844394701,0.42063492063492064,0.4722222222222222,5.414e-05,1.0,chop,0.34839350158626264,0.0
15_volume_confirmed_breakout,32,2023-03-14 00:00:00+00:00,2023-04-21 00:00:00+00:00,0.29743622255084917,0.8412698412698413,0.9722222222222222,0.0001,1.0,chop_high_vol,1.1185583257914433,1.0,4.367631329127771,0.46825396825396826,0.49603174603174605,5.898e-05,1.0,chop,0.23309616328729496,0.0
15_volume_confirmed_breakout,33,2023-06-20 00:00:00+00:00,2023-07-18 00:00:00+00:00,1.219529408217027,0.6428571428571429,0.7182539682539683,3.69e-05,1.0,chop,1.8382521830954581,0.0,4.1280604686940086,0.07539682539682539,0.32142857142857145,3.983e-05,1.0,trend,0.46534137508689233,0.0
15_volume_confirmed_breakout,34,2023-10-16 00:00:00+00:00,2024-01-14 00:00:00+00:00,1.0424279199524775,0.5277777777777778,0.9761904761904762,5.11e-06,1.0,chop,1.4135090505207004,0.0,2.16293380034581,1.0,0.5238095238095238,0.0001,1.0,chop_high_vol,-0.038936243960899036,0.0
15_volume_confirmed_breakout,35,2024-02-08 00:00:00+00:00,2024-04-13 00:00:00+00:00,1.4493635704055106,0.18253968253968253,0.8095238095238095,0.0001,1.0,chop_low_vol,1.6621847612119274,0.0,2.140021321077485,0.5634920634920635,0.9047619047619048,0.0001,1.0,chop,-1.0042107052369804,0.0
15_volume_confirmed_breakout,36,2024-05-15 00:00:00+00:00,2024-06-11 00:00:00+00:00,1.2121867396136878,0.6904761904761905,0.7261904761904762,0.0001,1.0,chop,-0.37623291615530113,0.0,4.039139433477077,0.01984126984126984,0.6666666666666666,0.0001,1.0,trend,0.8849148965750904,0.0
15_volume_confirmed_breakout,37,2024-07-15 00:00:00+00:00,2024-08-03 00:00:00+00:00,2.6041313168752227,0.4880952380952381,0.7420634920634921,4.59e-05,1.0,trend,-0.3717060175319479,0.0,1.1928666772583878,0.4801587301587302,0.6111111111111112,0.0001,0.0,chop,-1.1193708450165534,0.0
15_volume_confirmed_breakout,38,2024-08-23 00:00:00+00:00,2024-09-01 00:00:00+00:00,1.2653118590697896,1.0,0.9166666666666666,-3.329e-05,1.0,chop_high_vol,0.05440583921656279,0.0,1.4329956705017863,0.43253968253968256,0.29365079365079366,4.113e-05,0.0,chop,-1.331982794438422,0.0
15_volume_confirmed_breakout,39,2024-09-18 00:00:00+00:00,2024-10-09 00:00:00+00:00,0.4604462726643094,0.36904761904761907,0.8809523809523809,1.344e-05,0.0,chop,-0.27229810151450523,0.0,1.356767479302356,0.17063492063492064,0.4246031746031746,0.0001,0.0,chop_low_vol,-0.5060601084821371,0.0
15_volume_confirmed_breakout,40,2024-10-14 00:00:00+00:00,2024-12-22 00:00:00+00:00,1.242989994308788,0.373015873015873,0.9523809523809523,5.429e-05,1.0,chop,1.514651734916437,0.0,4.139333474018489,0.5833333333333334,0.6111111111111112,0.0001,1.0,chop,0.5750704160914638,0.0
15_volume_confirmed_breakout,41,2025-01-17 00:00:00+00:00,2025-02-05 00:00:00+00:00,1.0420641706456075,0.5833333333333334,0.7936507936507936,4.598e-05,1.0,chop,1.1640578354975906,0.0,0.9084563793520236,0.5476190476190477,0.5,4.138e-05,1.0,chop,-2.5774891603601726,0.0
15_volume_confirmed_breakout,42,2025-04-22 00:00:00+00:00,2025-06-05 00:00:00+00:00,0.40282849161630213,0.8412698412698413,0.7658730158730159,1.553e-05,1.0,chop_high_vol,-0.2573049310664956,0.0,4.39729008358063,0.12301587301587301,0.8333333333333334,9.62e-06,1.0,trend,0.2919628482087724,0.0
15_volume_confirmed_breakout,43,2025-07-09 00:00:00+00:00,2025-07-31 00:00:00+00:00,3.0531918831900526,0.09126984126984126,0.8888888888888888,3.601e-05,1.0,chop_low_vol,1.7949886379027666,0.0,7.037316666286231,0.011904761904761904,0.8571428571428571,5.694e-05,1.0,trend,1.1312190139783787,0.0
15_volume_confirmed_breakout,44,2025-08-13 00:00:00+00:00,2025-08-21 00:00:00+00:00,2.563340326691418,0.11507936507936507,0.9603174603174603,7.123e-05,1.0,chop_low_vol,1.700318835549102,0.0,0.348871811623392,0.4880952380952381,0.6746031746031746,4.936e-05,1.0,chop,-0.3723852999877325,0.0
15_volume_confirmed_breakout,45,2025-10-01 00:00:00+00:00,2025-10-16 00:00:00+00:00,0.20579752265412662,0.5555555555555556,0.8174603174603174,3.355e-05,1.0,chop,-0.8691302575613324,0.0,0.4713033971084122,0.9761904761904762,0.9047619047619048,-2.741e-05,1.0,chop_high_vol,-3.453523768937052,1.0
15_volume_confirmed_breakout,46,2026-01-05 00:00:00+00:00,2026-01-25 00:00:00+00:00,1.4514841390221283,0.10714285714285714,0.43253968253968256,8.893e-05,0.0,chop_low_vol,-0.20542977734995047,0.0,0.7250285868255818,0.4126984126984127,0.19047619047619047,3.901e-05,0.0,chop,-3.07856772536742,1.0
15_volume_confirmed_breakout,47,2026-03-04 00:00:00+00:00,2026-03-29 00:00:00+00:00,4.613312810236683,0.8333333333333334,0.8650793650793651,1.481e-05,0.0,chop_high_vol,-0.6574091689918322,0.0,1.9619334266046191,0.32936507936507936,0.13095238095238096,-1.73e-06,0.0,chop,0.43483062609616047,0.0
15_volume_confirmed_breakout,48,2026-04-07 00:00:00+00:00,2026-04-15 12:00:00+00:00,1.5899603903412922,0.38492063492063494,0.5753968253968254,-3.15e-06,0.0,chop,1.5504725902585168,0.0,2.263564778304484,0.36507936507936506,0.42063492063492064,-5.085e-05,0.0,chop,1.164539234126587,0.0
16_time_of_day_session_effect,1,2015-07-20 12:00:00+00:00,2015-07-21 00:00:00+00:00,3.776823870035956,0.7857142857142857,0.5952380952380952,0.0,1.0,trend_high_vol,1.7871254401583776,0.0,3.6615684672760898,0.7777777777777778,0.6111111111111112,0.0,1.0,trend_high_vol,1.6626521496655904,0.0
16_time_of_day_session_effect,2,2015-07-21 12:00:00+00:00,2015-07-22 00:00:00+00:00,3.5198759372013706,0.7777777777777778,0.6111111111111112,0.0,1.0,trend_high_vol,1.6277794907269947,0.0,3.5174860199321087,0.7738095238095238,0.44841269841269843,0.0,1.0,trend_high_vol,1.7525638177482494,0.0
16_time_of_day_session_effect,3,2015-07-22 12:00:00+00:00,2015-07-23 00:00:00+00:00,3.405899808089143,0.7777777777777778,0.4523809523809524,0.0,1.0,trend_high_vol,1.7141810967429947,0.0,3.3088021357612973,0.7817460317460317,0.4087301587301587,0.0,1.0,trend_high_vol,1.6129157382965438,0.0
16_time_of_day_session_effect,4,2015-07-23 12:00:00+00:00,2015-07-24 00:00:00+00:00,3.1873171593751133,0.7857142857142857,0.4126984126984127,0.0,1.0,chop_high_vol,1.5799977276455088,0.0,3.2758434615614282,0.8531746031746031,0.8968253968253969,0.0,1.0,trend_high_vol,2.0334453313981804,0.0
16_time_of_day_session_effect,5,2015-07-24 12:00:00+00:00,2015-07-25 00:00:00+00:00,3.3460695716447124,0.8571428571428571,0.8968253968253969,0.0,1.0,trend_high_vol,1.9820894418591093,0.0,3.734886440680028,0.7738095238095238,0.5158730158730159,0.0,1.0,trend_high_vol,1.9460792630713577,0.0
16_time_of_day_session_effect,6,2015-07-25 12:00:00+00:00,2015-07-26 00:00:00+00:00,3.7879154621990065,0.7777777777777778,0.5158730158730159,0.0,1.0,trend_high_vol,1.8986816236563413,0.0,4.612122920018902,0.7738095238095238,0.26587301587301587,0.0,1.0,trend_high_vol,1.9761999731834405,0.0
16_time_of_day_session_effect,7,2015-07-26 12:00:00+00:00,2015-07-27 00:00:00+00:00,4.7199621727552135,0.7777777777777778,0.2698412698412698,0.0,1.0,trend_high_vol,1.927281932952429,0.0,6.364734308328402,0.7738095238095238,0.8333333333333334,0.0,1.0,trend_high_vol,1.8217693783756352,0.0
16_time_of_day_session_effect,8,2015-07-27 12:00:00+00:00,2015-07-28 00:00:00+00:00,6.476171001632284,0.7777777777777778,0.8333333333333334,0.0,1.0,trend_high_vol,1.7805388019265869,0.0,7.0847664263001775,0.7738095238095238,0.6944444444444444,0.0,1.0,trend_high_vol,1.7662529119539643,0.0
16_time_of_day_session_effect,9,2015-07-28 12:00:00+00:00,2015-07-29 00:00:00+00:00,7.173431867095898,0.7777777777777778,0.6984126984126984,0.0,1.0,trend_high_vol,1.727670841226339,0.0,6.766398654963751,0.7896825396825397,0.6706349206349206,0.0,1.0,trend_high_vol,1.5792427829294553,0.0
16_time_of_day_session_effect,10,2015-07-29 12:00:00+00:00,2015-07-30 00:00:00+00:00,6.680243049914141,0.7936507936507936,0.6746031746031746,0.0,1.0,trend_high_vol,1.5486628368894013,0.0,7.454442525686782,0.6944444444444444,0.5595238095238095,0.0,1.0,trend,1.4986425644926125,0.0
16_time_of_day_session_effect,11,2015-07-30 12:00:00+00:00,2015-07-31 00:00:00+00:00,7.289104462695074,0.6984126984126984,0.5634920634920635,0.0,1.0,trend,1.471551717174016,0.0,6.846590774446016,0.6468253968253969,0.6428571428571429,0.0,1.0,trend,1.3069623510999202,0.0
16_time_of_day_session_effect,12,2015-07-31 12:00:00+00:00,2015-08-01 00:00:00+00:00,6.5998576731705425,0.6507936507936508,0.6428571428571429,0.0,1.0,trend,1.2869743586040165,0.0,6.565243560237476,0.4246031746031746,0.4126984126984127,0.0,1.0,trend,1.1753718694868385,0.0
16_time_of_day_session_effect,13,2015-08-01 12:00:00+00:00,2015-08-02 00:00:00+00:00,6.238030861426595,0.42857142857142855,0.4126984126984127,0.0,1.0,trend,1.1575994403335517,0.0,5.98643372946272,0.20238095238095238,0.3373015873015873,0.0,1.0,trend,1.1706842161439825,0.0
16_time_of_day_session_effect,14,2015-08-02 12:00:00+00:00,2015-08-03 00:00:00+00:00,5.728913589812923,0.20634920634920634,0.3412698412698413,0.0,1.0,trend,1.1528783643522096,0.0,6.0446793295136585,0.1865079365079365,0.5515873015873016,0.0,1.0,trend,1.1364490122080593,0.0
16_time_of_day_session_effect,15,2015-08-03 12:00:00+00:00,2015-08-04 00:00:00+00:00,5.7429724601355945,0.19047619047619047,0.5555555555555556,0.0,1.0,trend,1.1194351529358866,0.0,5.418974735925794,0.21031746031746032,0.5833333333333334,0.0,1.0,trend,1.214956326322485,0.0
16_time_of_day_session_effect,16,2015-08-04 12:00:00+00:00,2015-08-05 00:00:00+00:00,5.293028492042963,0.21428571428571427,0.5873015873015873,0.0,1.0,trend,1.1965726552010354,0.0,4.877708449271045,0.17063492063492064,0.4801587301587302,0.0,1.0,trend,1.1154584017025173,0.0
16_time_of_day_session_effect,17,2015-08-05 12:00:00+00:00,2015-08-06 00:00:00+00:00,4.654430317047448,0.1746031746031746,0.48412698412698413,0.0,1.0,trend,1.098790287095763,0.0,4.168911357547984,0.17857142857142858,0.39285714285714285,0.0,1.0,trend,0.9410282829618598,0.0
16_time_of_day_session_effect,18,2015-08-06 12:00:00+00:00,2015-08-07 00:00:00+00:00,3.878490733361492,0.18253968253968253,0.3968253968253968,0.0,1.0,trend,0.9271483049042741,0.0,4.913331075113424,0.17063492063492064,0.9365079365079365,0.0,1.0,trend,0.9130612480741376,0.0
16_time_of_day_session_effect,19,2015-08-07 12:00:00+00:00,2015-08-08 00:00:00+00:00,4.620049989758011,0.1746031746031746,0.9365079365079365,0.0,1.0,trend,0.8988426756971712,0.0,2.3948967270154955,0.4801587301587302,0.9841269841269841,0.0,1.0,chop,0.24579093702966737,0.0
16_time_of_day_session_effect,20,2015-08-08 12:00:00+00:00,2015-08-09 00:00:00+00:00,1.7019119338299424,0.48412698412698413,0.9841269841269841,0.0,1.0,chop,0.2325266770020156,0.0,1.1754547120932821,0.4722222222222222,0.6349206349206349,0.0,1.0,chop,0.36712271487532844,0.0
16_time_of_day_session_effect,21,2015-08-09 12:00:00+00:00,2015-08-10 00:00:00+00:00,0.7404164506271316,0.47619047619047616,0.6349206349206349,0.0,1.0,chop,0.35367958440165753,0.0,0.33321738197001305,0.4722222222222222,0.5238095238095238,0.0,1.0,chop,0.22731987337700615,0.0
16_time_of_day_session_effect,22,2015-08-10 12:00:00+00:00,2015-08-11 00:00:00+00:00,0.03667816172877543,0.47619047619047616,0.5238095238095238,0.0,1.0,chop,0.21319674009190673,0.0,0.16391486002634434,0.503968253968254,0.6984126984126984,0.0,1.0,chop,0.39139079158574713,0.0
16_time_of_day_session_effect,23,2015-08-11 12:00:00+00:00,2015-08-12 00:00:00+00:00,0.2812628878095154,0.5079365079365079,0.6984126984126984,0.0,1.0,chop,0.37790836030692476,0.0,0.5058866310153219,0.5357142857142857,0.7182539682539683,0.0,1.0,chop,0.06351719564756335,0.0
16_time_of_day_session_effect,24,2015-08-12 12:00:00+00:00,2015-08-13 00:00:00+00:00,0.6999322835554518,0.5396825396825397,0.7222222222222222,0.0,1.0,chop,0.048074322561529985,0.0,0.9337232830982055,0.4087301587301587,0.7698412698412699,0.0,1.0,chop,0.011583312313641837,0.0
16_time_of_day_session_effect,25,2015-08-13 12:00:00+00:00,2015-08-14 00:00:00+00:00,1.1422299449199609,0.4126984126984127,0.7698412698412699,0.0,1.0,chop,-0.004529230989183154,0.0,1.304172060568356,0.4166666666666667,0.7341269841269841,0.0,1.0,chop,0.07429038065516028,0.0
16_time_of_day_session_effect,26,2015-08-14 12:00:00+00:00,2015-08-15 00:00:00+00:00,1.4285314890913063,0.42063492063492064,0.7380952380952381,0.0,1.0,chop,0.05865300671499646,0.0,1.6388717258806158,0.4007936507936508,0.42857142857142855,0.0,1.0,chop,-0.12925329961082002,0.0
16_time_of_day_session_effect,27,2015-08-15 12:00:00+00:00,2015-08-16 00:00:00+00:00,1.834418206081628,0.40476190476190477,0.42857142857142855,0.0,1.0,chop,-0.1397735566638353,0.0,2.033891450830156,0.4246031746031746,0.8253968253968254,0.0,1.0,chop,-0.28511747508852203,0.0
16_time_of_day_session_effect,28,2015-10-28 12:00:00+00:00,2015-10-29 00:00:00+00:00,6.0933546583101,0.5158730158730159,0.9444444444444444,0.0,1.0,trend,3.226033950267048,0.0,5.884431940931052,0.5317460317460317,0.9920634920634921,0.0,1.0,trend,3.8795961230497276,0.0
16_time_of_day_session_effect,29,2015-10-29 12:00:00+00:00,2015-10-30 00:00:00+00:00,6.211126068896882,0.5317460317460317,0.9920634920634921,0.0,1.0,trend,3.6333500194341912,0.0,6.184886819570744,0.6111111111111112,0.9920634920634921,0.0,1.0,trend,4.0388631716868195,0.0
16_time_of_day_session_effect,30,2015-10-30 12:00:00+00:00,2015-10-31 00:00:00+00:00,6.581241792854084,0.6111111111111112,0.9920634920634921,0.0,1.0,trend,3.762444256090923,0.0,6.75088161643938,0.6349206349206349,0.9047619047619048,0.0,1.0,trend,3.0402839349102018,0.0
16_time_of_day_session_effect,31,2015-10-31 12:00:00+00:00,2015-11-01 00:00:00+00:00,6.86500425242446,0.6349206349206349,0.9047619047619048,0.0,1.0,trend,2.9098437405766484,0.0,6.812343496187589,0.6428571428571429,0.8095238095238095,0.0,1.0,trend,3.1789618234432657,0.0
16_time_of_day_session_effect,32,2015-11-01 12:00:00+00:00,2015-11-02 00:00:00+00:00,7.009693394394396,0.6428571428571429,0.8095238095238095,0.0,1.0,trend,3.0306522864992984,0.0,5.264431507329744,0.8412698412698413,1.0,0.0,1.0,trend_high_vol,3.96600474800649,0.0
16_time_of_day_session_effect,33,2015-11-02 12:00:00+00:00,2015-11-03 00:00:00+00:00,5.6523921932218215,0.8412698412698413,1.0,0.0,1.0,trend_high_vol,3.703154614111759,0.0,4.698292703412787,0.8412698412698413,1.0,0.0,1.0,trend_high_vol,4.529105263575401,0.0
16_time_of_day_session_effect,34,2015-11-03 12:00:00+00:00,2015-11-04 00:00:00+00:00,5.169505896965711,0.8412698412698413,1.0,0.0,1.0,trend_high_vol,4.153432474085685,0.0,5.438601583340573,0.8412698412698413,1.0,0.0,1.0,trend_high_vol,4.036626392767771,0.0
16_time_of_day_session_effect,35,2015-11-04 12:00:00+00:00,2015-11-05 00:00:00+00:00,5.829551750635469,0.8412698412698413,1.0,0.0,1.0,trend_high_vol,3.756304049488169,0.0,6.028935806321155,0.8492063492063492,0.9841269841269841,0.0,1.0,trend_high_vol,3.130841258214798,0.0
16_time_of_day_session_effect,36,2015-11-05 12:00:00+00:00,2015-11-06 00:00:00+00:00,6.167692850827177,0.8492063492063492,0.9841269841269841,0.0,1.0,trend_high_vol,2.984104098858994,0.0,6.160101823882585,0.8492063492063492,0.9761904761904762,0.0,1.0,trend_high_vol,2.7559305086015358,0.0
16_time_of_day_session_effect,37,2015-11-06 12:00:00+00:00,2015-11-07 00:00:00+00:00,6.174177173627843,0.8492063492063492,0.9761904761904762,0.0,1.0,trend_high_vol,2.6490387105821553,0.0,5.924251904738423,0.8333333333333334,0.8968253968253969,0.0,1.0,trend_high_vol,2.736879097795482,0.0
16_time_of_day_session_effect,38,2015-11-07 12:00:00+00:00,2015-11-08 00:00:00+00:00,5.978276890728274,0.8333333333333334,0.8968253968253969,0.0,1.0,trend_high_vol,2.6317603532607543,0.0,5.878890958471219,0.8492063492063492,0.8809523809523809,0.0,1.0,trend_high_vol,2.3434553742866853,0.0
16_time_of_day_session_effect,39,2015-11-08 12:00:00+00:00,2015-11-09 00:00:00+00:00,5.823883306913555,0.8492063492063492,0.8809523809523809,0.0,1.0,trend_high_vol,2.270860788953176,0.0,5.586978252143794,0.8412698412698413,0.9444444444444444,0.0,1.0,trend_high_vol,2.3006349572506344,0.0
16_time_of_day_session_effect,40,2015-11-09 12:00:00+00:00,2015-11-10 00:00:00+00:00,5.55845040949854,0.8412698412698413,0.9444444444444444,0.0,1.0,trend_high_vol,2.23107967510523,0.0,5.2486118807960445,0.9841269841269841,0.9523809523809523,0.0,1.0,trend_high_vol,1.5232911571014711,0.0
16_time_of_day_session_effect,41,2015-11-10 12:00:00+00:00,2015-11-11 00:00:00+00:00,4.969986819190994,0.9841269841269841,0.9523809523809523,0.0,1.0,trend_high_vol,1.493889253120809,0.0,4.67798301004827,1.0,0.9682539682539683,0.0,1.0,trend_high_vol,1.0593603142806978,0.0
16_time_of_day_session_effect,42,2015-11-11 12:00:00+00:00,2015-11-12 00:00:00+00:00,4.286590029464014,1.0,0.9682539682539683,0.0,1.0,chop_high_vol,1.0424307785923645,0.0,3.5072182484140715,1.0,0.9365079365079365,0.0,1.0,chop_high_vol,1.4859676564616628,0.0
16_time_of_day_session_effect,43,2015-11-12 12:00:00+00:00,2015-11-13 00:00:00+00:00,3.3518496283487575,1.0,0.9365079365079365,0.0,1.0,chop_high_vol,1.457507014607792,0.0,3.3793753896270595,0.9920634920634921,0.8531746031746031,0.0,1.0,chop_high_vol,1.4084750803628368,0.0
16_time_of_day_session_effect,44,2015-11-13 12:00:00+00:00,2015-11-14 00:00:00+00:00,3.226583925098452,0.9920634920634921,0.8571428571428571,0.0,1.0,chop_high_vol,1.382474530838174,0.0,3.2234223127712647,1.0,0.7738095238095238,0.0,1.0,chop_high_vol,1.2981632867849022,0.0
16_time_of_day_session_effect,45,2015-11-14 12:00:00+00:00,2015-11-15 00:00:00+00:00,3.0606446578299815,1.0,0.7777777777777778,0.0,1.0,chop_high_vol,1.2752801889277119,0.0,2.936713798334332,1.0,0.8055555555555556,0.0,1.0,chop_high_vol,1.0529848448995862,0.0
16_time_of_day_session_effect,46,2015-11-15 12:00:00+00:00,2015-11-16 00:00:00+00:00,2.7195073805983627,1.0,0.8095238095238095,0.0,1.0,chop_high_vol,1.03555718176491,0.0,2.784323366228763,1.0,0.8293650793650794,0.0,1.0,chop_high_vol,1.171310774124308,0.0
16_time_of_day_session_effect,47,2015-11-16 12:00:00+00:00,2015-11-17 00:00:00+00:00,2.6472585032959643,1.0,0.8333333333333334,0.0,1.0,chop_high_vol,1.15150042471417,0.0,2.968656010767187,0.9841269841269841,0.8571428571428571,0.0,1.0,chop_high_vol,1.2692720069632446,0.0
16_time_of_day_session_effect,48,2015-11-17 12:00:00+00:00,2015-11-18 00:00:00+00:00,2.8579460244994825,0.9841269841269841,0.8571428571428571,0.0,1.0,chop_high_vol,1.247270000948956,0.0,2.8454927741492293,0.9761904761904762,0.7936507936507936,0.0,1.0,chop_high_vol,1.217804060462921,0.0
16_time_of_day_session_effect,49,2015-11-18 12:00:00+00:00,2015-11-19 00:00:00+00:00,2.738121004685179,0.9761904761904762,0.7936507936507936,0.0,1.0,chop_high_vol,1.1971136229852468,0.0,2.818385971304089,0.9444444444444444,0.8055555555555556,0.0,1.0,chop_high_vol,1.0045238807017431,0.0
16_time_of_day_session_effect,50,2015-11-19 12:00:00+00:00,2015-11-20 00:00:00+00:00,2.646369225634899,0.9444444444444444,0.8095238095238095,0.0,1.0,chop_high_vol,0.987935216400628,0.0,2.5718026772768803,0.9365079365079365,0.873015873015873,0.0,1.0,chop_high_vol,0.9145214665772832,0.0
16_time_of_day_session_effect,51,2015-11-20 12:00:00+00:00,2015-11-21 00:00:00+00:00,2.3825138189295445,0.9365079365079365,0.873015873015873,0.0,1.0,chop_high_vol,0.899292552547643,0.0,2.2959725764147225,0.9285714285714286,0.6507936507936508,0.0,1.0,chop_high_vol,0.961359608758675,0.0
16_time_of_day_session_effect,52,2015-11-21 12:00:00+00:00,2015-11-22 00:00:00+00:00,2.1725048121035124,0.9285714285714286,0.6507936507936508,0.0,1.0,chop_high_vol,0.9454469978175151,0.0,2.169162691185724,0.8650793650793651,0.47619047619047616,0.0,1.0,chop_high_vol,0.8922414679276672,0.0
16_time_of_day_session_effect,53,2015-11-22 12:00:00+00:00,2015-11-23 00:00:00+00:00,2.0332986231873997,0.8650793650793651,0.47619047619047616,0.0,1.0,chop_high_vol,0.8772937779272668,0.0,1.9605594986719936,0.6984126984126984,0.6190476190476191,0.0,1.0,chop,0.8849508038074894,0.0
16_time_of_day_session_effect,54,2015-11-23 12:00:00+00:00,2015-11-24 00:00:00+00:00,1.8257542440148933,0.6984126984126984,0.6190476190476191,0.0,1.0,chop,0.8701116612974094,0.0,2.2075565770919017,0.6904761904761905,0.6507936507936508,0.0,1.0,chop,0.770831959937171,0.0
16_time_of_day_session_effect,55,2015-11-24 12:00:00+00:00,2015-11-25 00:00:00+00:00,2.018924254213667,0.6904761904761905,0.6507936507936508,0.0,1.0,chop,0.7572147177208093,0.0,2.2446039861054143,0.6825396825396826,0.753968253968254,0.0,1.0,chop,0.8935436783868552,0.0
16_time_of_day_session_effect,56,2015-11-25 12:00:00+00:00,2015-11-26 00:00:00+00:00,2.175503301715606,0.6825396825396826,0.753968253968254,0.0,1.0,chop,0.8786463008088092,0.0,2.42145803919048,0.7222222222222222,0.9603174603174603,0.0,1.0,chop_high_vol,1.239844893735641,0.0
16_time_of_day_session_effect,57,2015-11-26 12:00:00+00:00,2015-11-27 00:00:00+00:00,2.689719745397752,0.7222222222222222,0.9603174603174603,0.0,1.0,chop_high_vol,1.219893510399938,0.0,2.8459652877450408,0.7142857142857143,0.8650793650793651,0.0,1.0,chop_high_vol,1.3476430282539809,0.0
16_time_of_day_session_effect,58,2015-11-27 12:00:00+00:00,2015-11-28 00:00:00+00:00,3.1068803989461626,0.7142857142857143,0.8650793650793651,0.0,1.0,chop_high_vol,1.3244260598041833,0.0,3.445195353472298,0.6825396825396826,0.7063492063492064,0.0,1.0,chop,1.2924642300803775,0.0
16_time_of_day_session_effect,59,2015-11-28 12:00:00+00:00,2015-11-29 00:00:00+00:00,3.639057924253289,0.6825396825396826,0.7063492063492064,0.0,1.0,chop,1.2708932169504685,0.0,3.851772521828797,0.7142857142857143,0.7301587301587301,0.0,1.0,chop_high_vol,1.4466143053466842,0.0
16_time_of_day_session_effect,60,2015-11-29 12:00:00+00:00,2015-11-30 00:00:00+00:00,4.1631359341172764,0.7142857142857143,0.7301587301587301,0.0,1.0,chop_high_vol,1.4212094411383145,0.0,4.732882752834157,0.626984126984127,0.9206349206349206,0.0,1.0,trend,1.4324766262948163,0.0
16_time_of_day_session_effect,61,2015-11-30 12:00:00+00:00,2015-12-01 00:00:00+00:00,5.055663949241432,0.626984126984127,0.9206349206349206,0.0,1.0,trend,1.4074527650807969,0.0,4.836210725125276,0.6111111111111112,0.8809523809523809,0.0,1.0,trend,1.1880248515341016,0.0
16_time_of_day_session_effect,62,2015-12-01 12:00:00+00:00,2015-12-02 00:00:00+00:00,4.873090315606733,0.6111111111111112,0.8809523809523809,0.0,1.0,trend,1.169352050888975,0.0,4.767195918601372,0.5912698412698413,0.8412698412698413,0.0,1.0,trend,1.1505351781494058,0.0
16_time_of_day_session_effect,63,2015-12-02 12:00:00+00:00,2015-12-03 00:00:00+00:00,4.735324986414277,0.5952380952380952,0.8412698412698413,0.0,1.0,trend,1.1325900907112498,0.0,5.040582396425062,0.5873015873015873,0.7936507936507936,0.0,1.0,trend,1.1050796223551014,0.0
16_time_of_day_session_effect,64,2015-12-03 12:00:00+00:00,2015-12-04 00:00:00+00:00,5.017064137555638,0.5873015873015873,0.7936507936507936,0.0,1.0,trend,1.0881590041636795,0.0,5.112437927781857,0.5793650793650794,0.6507936507936508,0.0,1.0,trend,0.9906273448251574,0.0
16_time_of_day_session_effect,65,2015-12-04 12:00:00+00:00,2015-12-05 00:00:00+00:00,5.1009290521088095,0.5793650793650794,0.6507936507936508,0.0,1.0,trend,0.9752102615661169,0.0,4.22842066991329,0.5952380952380952,0.9047619047619048,0.0,1.0,chop,1.3228863496771386,0.0
16_time_of_day_session_effect,66,2015-12-05 12:00:00+00:00,2015-12-06 00:00:00+00:00,4.473817288068536,0.5952380952380952,0.9047619047619048,0.0,1.0,chop,1.3020391002369034,0.0,4.785386998555423,0.5873015873015873,0.9206349206349206,0.0,1.0,trend,1.280206869160331,0.0
16_time_of_day_session_effect,67,2015-12-06 12:00:00+00:00,2015-12-07 00:00:00+00:00,4.964987140617591,0.5873015873015873,0.9206349206349206,0.0,1.0,trend,1.2612926694547424,0.0,4.908944737934122,0.5873015873015873,0.8809523809523809,0.0,1.0,trend,1.3748429239862807,0.0
16_time_of_day_session_effect,68,2015-12-07 12:00:00+00:00,2015-12-08 00:00:00+00:00,5.093074359747696,0.5873015873015873,0.8809523809523809,0.0,1.0,trend,1.3546580114502598,0.0,4.628773343412746,0.5952380952380952,0.8333333333333334,0.0,1.0,trend,1.6000308737994071,0.0
16_time_of_day_session_effect,69,2015-12-08 12:00:00+00:00,2015-12-09 00:00:00+00:00,4.905989269339113,0.5952380952380952,0.8333333333333334,0.0,1.0,trend,1.5755304910837022,0.0,5.440857855419644,0.5873015873015873,0.9365079365079365,0.0,1.0,trend,1.5710312028177895,0.0
16_time_of_day_session_effect,70,2015-12-09 12:00:00+00:00,2015-12-10 00:00:00+00:00,5.670730613766345,0.5873015873015873,0.9365079365079365,0.0,1.0,trend,1.5478900560398325,0.0,7.327185753457741,0.5793650793650794,0.7857142857142857,0.0,1.0,trend,1.520713510319146,0.0
16_time_of_day_session_effect,71,2015-12-10 12:00:00+00:00,2015-12-11 00:00:00+00:00,7.504444909857435,0.5793650793650794,0.7857142857142857,0.0,1.0,trend,1.4990777501909456,0.0,5.9227799286622975,0.6190476190476191,0.9682539682539683,0.0,1.0,trend,1.9143998441630914,0.0
16_time_of_day_session_effect,72,2015-12-11 12:00:00+00:00,2015-12-12 00:00:00+00:00,6.303541448072582,0.6190476190476191,0.9682539682539683,0.0,1.0,trend,1.8835623686401215,0.0,6.110253338568899,0.6190476190476191,0.9761904761904762,0.0,1.0,trend,1.6470066050010732,0.0
16_time_of_day_session_effect,73,2015-12-12 12:00:00+00:00,2015-12-13 00:00:00+00:00,6.240999896928139,0.6190476190476191,0.9761904761904762,0.0,1.0,trend,1.6242580626808079,0.0,7.000725601086754,0.6111111111111112,0.7936507936507936,0.0,1.0,trend,1.587386605030158,0.0
16_time_of_day_session_effect,74,2015-12-13 12:00:00+00:00,2015-12-14 00:00:00+00:00,7.076873674933839,0.6111111111111112,0.7936507936507936,0.0,1.0,trend,1.56777452869233,0.0,6.907332949550436,0.6031746031746031,0.9682539682539683,0.0,1.0,trend,1.7434133899205988,0.0
16_time_of_day_session_effect,75,2015-12-14 12:00:00+00:00,2015-12-15 00:00:00+00:00,7.022925276885505,0.6031746031746031,0.9682539682539683,0.0,1.0,trend,1.7212721990393856,0.0,6.816938946885381,0.626984126984127,0.9047619047619048,0.0,1.0,trend,1.9625573242424001,0.0
16_time_of_day_session_effect,76,2015-12-15 12:00:00+00:00,2015-12-16 00:00:00+00:00,7.03771852994629,0.626984126984127,0.9047619047619048,0.0,1.0,trend,1.9298996360071408,0.0,7.041456998766136,0.5793650793650794,0.9444444444444444,0.0,1.0,trend,1.6931902039963282,0.0
16_time_of_day_session_effect,77,2015-12-16 12:00:00+00:00,2015-12-17 00:00:00+00:00,7.108242598039021,0.5793650793650794,0.9444444444444444,0.0,1.0,trend,1.6677239768604792,0.0,7.1942150723140195,0.5714285714285714,0.6825396825396826,0.0,1.0,trend,1.8039388140222963,0.0
16_time_of_day_session_effect,78,2015-12-17 12:00:00+00:00,2015-12-18 00:00:00+00:00,7.22686333708646,0.5714285714285714,0.6825396825396826,0.0,1.0,trend,1.780706040549102,0.0,6.9902625061816295,0.5714285714285714,0.8015873015873016,0.0,1.0,trend,1.7674512634396515,0.0
16_time_of_day_session_effect,79,2015-12-18 12:00:00+00:00,2015-12-19 00:00:00+00:00,7.041300679514097,0.5714285714285714,0.8015873015873016,0.0,1.0,trend,1.7451559486364667,0.0,8.57895146482135,0.5476190476190477,0.6666666666666666,0.0,1.0,trend,1.7061482096502913,0.0
16_time_of_day_session_effect,80,2015-12-19 12:00:00+00:00,2015-12-20 00:00:00+00:00,8.581567259987901,0.5476190476190477,0.6666666666666666,0.0,1.0,trend,1.6850079695954974,0.0,7.73277554921129,0.5873015873015873,0.8650793650793651,0.0,1.0,trend,1.4137566001700683,0.0
16_time_of_day_session_effect,81,2015-12-20 12:00:00+00:00,2015-12-21 00:00:00+00:00,7.541675834254724,0.5873015873015873,0.8650793650793651,0.0,1.0,trend,1.4006135871838035,0.0,7.555431145737796,0.5396825396825397,0.8650793650793651,0.0,1.0,trend,1.243157402776031,0.0
16_time_of_day_session_effect,82,2015-12-21 12:00:00+00:00,2015-12-22 00:00:00+00:00,7.331457578622081,0.5396825396825397,0.8650793650793651,0.0,1.0,trend,1.2307108045047817,0.0,8.185071345763086,0.5357142857142857,0.6904761904761905,0.0,1.0,trend,1.2295598943238553,0.0
16_time_of_day_session_effect,83,2015-12-22 12:00:00+00:00,2015-12-23 00:00:00+00:00,7.92355323196024,0.5396825396825397,0.6904761904761905,0.0,1.0,trend,1.217726969283079,0.0,7.429063713704167,0.5436507936507936,0.6388888888888888,0.0,1.0,trend,1.320489984775071,0.0
16_time_of_day_session_effect,84,2015-12-23 12:00:00+00:00,2015-12-24 00:00:00+00:00,7.251280719367782,0.5476190476190477,0.6428571428571429,0.0,1.0,trend,1.3077051821818386,0.0,6.527844148288384,0.5674603174603174,0.7698412698412699,0.0,1.0,trend,1.4289672415808308,0.0
16_time_of_day_session_effect,85,2015-12-24 12:00:00+00:00,2015-12-25 00:00:00+00:00,6.478324269038988,0.5714285714285714,0.7698412698412699,0.0,1.0,trend,1.415969439942795,0.0,8.58182570236956,0.5119047619047619,0.5634920634920635,0.0,1.0,trend,1.4135680974781306,0.0
16_time_of_day_session_effect,86,2015-12-25 12:00:00+00:00,2015-12-26 00:00:00+00:00,8.500656134042025,0.5158730158730159,0.5634920634920635,0.0,1.0,trend,1.4026884264383928,0.0,7.315813517353351,0.6547619047619048,0.9523809523809523,0.0,1.0,trend,0.7884048949133703,0.0
16_time_of_day_session_effect,87,2015-12-26 12:00:00+00:00,2015-12-27 00:00:00+00:00,6.823620618812137,0.6587301587301587,0.9523809523809523,0.0,1.0,trend,0.7777711029311885,0.0,6.136704494691045,0.6547619047619048,0.7222222222222222,0.0,1.0,trend,0.860410052615913,0.0
16_time_of_day_session_effect,88,2015-12-27 12:00:00+00:00,2015-12-28 00:00:00+00:00,5.789837533428264,0.6587301587301587,0.7222222222222222,0.0,1.0,trend,0.8495535961052443,0.0,5.896506368644661,0.6150793650793651,0.6547619047619048,0.0,1.0,trend,0.8728178786032903,0.0
16_time_of_day_session_effect,89,2015-12-28 12:00:00+00:00,2015-12-29 00:00:00+00:00,5.565584854433963,0.6190476190476191,0.6587301587301587,0.0,1.0,trend,0.8599874034520852,0.0,5.688908311776475,0.6309523809523809,0.6944444444444444,0.0,1.0,trend,0.9836688060185654,0.0
16_time_of_day_session_effect,90,2015-12-29 12:00:00+00:00,2015-12-30 00:00:00+00:00,5.506664526741375,0.6349206349206349,0.6984126984126984,0.0,1.0,trend,0.968626066038734,0.0,5.485192542167298,0.6388888888888888,0.6111111111111112,0.0,1.0,trend,0.9670093974006738,0.0
16_time_of_day_session_effect,91,2015-12-30 12:00:00+00:00,2015-12-31 00:00:00+00:00,5.233937343933551,0.6428571428571429,0.6111111111111112,0.0,1.0,trend,0.9545936995858544,0.0,4.877457372021125,0.4801587301587302,0.5952380952380952,0.0,1.0,trend,1.0104203132429515,0.0
16_time_of_day_session_effect,92,2015-12-31 12:00:00+00:00,2016-01-01 00:00:00+00:00,4.707802066435123,0.48412698412698413,0.5952380952380952,0.0,1.0,chop,0.996385627114768,0.0,4.6907441829154575,0.4642857142857143,0.49206349206349204,0.0,1.0,chop,1.0477490639769014,0.0
16_time_of_day_session_effect,93,2016-01-01 12:00:00+00:00,2016-01-02 00:00:00+00:00,4.576429581468872,0.46825396825396826,0.49206349206349204,0.0,1.0,chop,1.0304003788517961,0.0,4.474160847559934,0.4642857142857143,0.4523809523809524,0.0,1.0,chop,1.0017817365454187,0.0
16_time_of_day_session_effect,94,2016-01-02 12:00:00+00:00,2016-01-03 00:00:00+00:00,4.3528219102580366,0.46825396825396826,0.4523809523809524,0.0,1.0,chop,0.9896886789830946,0.0,4.874921742950281,0.4642857142857143,0.5317460317460317,0.0,1.0,trend,0.9186852706878954,0.0
16_time_of_day_session_effect,95,2016-01-03 12:00:00+00:00,2016-01-04 00:00:00+00:00,4.694361867702126,0.46825396825396826,0.5317460317460317,0.0,1.0,chop,0.9100646490100568,0.0,4.577530650686322,0.4007936507936508,0.5079365079365079,0.0,1.0,chop,0.8461144946913008,0.0
16_time_of_day_session_effect,96,2016-01-04 12:00:00+00:00,2016-01-05 00:00:00+00:00,4.455683742067594,0.40476190476190477,0.5079365079365079,0.0,1.0,chop,0.8347231017996996,0.0,4.372253279921358,0.39285714285714285,0.4523809523809524,0.0,1.0,chop,0.7793870924060978,0.0
16_time_of_day_session_effect,97,2016-01-05 12:00:00+00:00,2016-01-06 00:00:00+00:00,4.239382807284695,0.3968253968253968,0.4523809523809524,0.0,1.0,chop,0.7682027221656889,0.0,4.223499454018709,0.4007936507936508,0.4444444444444444,0.0,1.0,chop,0.6135171234564799,0.0
16_time_of_day_session_effect,98,2016-01-06 12:00:00+00:00,2016-01-07 00:00:00+00:00,4.053985614639923,0.40476190476190477,0.4444444444444444,0.0,1.0,chop,0.6061702348754512,0.0,3.4522695882431758,0.5277777777777778,0.8888888888888888,0.0,1.0,chop,0.982951364873692,1.0
16_time_of_day_session_effect,99,2016-01-07 12:00:00+00:00,2016-01-08 00:00:00+00:00,3.661223071912448,0.5317460317460317,0.8888888888888888,0.0,1.0,chop,0.9680000718683736,1.0,3.6865606401577966,0.5357142857142857,0.7619047619047619,0.0,1.0,chop,0.9420128165958619,0.0
16_time_of_day_session_effect,100,2016-01-08 12:00:00+00:00,2016-01-09 00:00:00+00:00,3.7810538339097404,0.5396825396825397,0.7619047619047619,0.0,1.0,chop,0.9284474045489387,0.0,5.2897671422674835,0.49603174603174605,0.42063492063492064,0.0,1.0,trend,0.819387666470824,0.0
16_time_of_day_session_effect,101,2016-01-09 12:00:00+00:00,2016-01-10 00:00:00+00:00,5.286108881841253,0.5,0.42063492063492064,0.0,1.0,trend,0.805297955242804,0.0,5.644490104167037,0.4880952380952381,0.4523809523809524,0.0,1.0,trend,0.7993421445416369,0.0
16_time_of_day_session_effect,102,2016-01-10 12:00:00+00:00,2016-01-11 00:00:00+00:00,5.624218395999999,0.49206349206349204,0.4523809523809524,0.0,1.0,trend,0.7871167520964493,0.0,5.606274860908978,0.4880952380952381,0.5238095238095238,0.0,1.0,trend,0.7901703427789687,0.0
16_time_of_day_session_effect,103,2016-01-11 12:00:00+00:00,2016-01-12 00:00:00+00:00,5.573978099909228,0.49206349206349204,0.5238095238095238,0.0,1.0,trend,0.7763658468519578,0.0,5.357993336622758,0.5317460317460317,0.9444444444444444,0.0,1.0,trend,0.6141139503591149,0.0
16_time_of_day_session_effect,104,2016-01-12 12:00:00+00:00,2016-01-13 00:00:00+00:00,5.0945436901054935,0.5317460317460317,0.9444444444444444,0.0,1.0,trend,0.6014182466475241,0.0,5.019692927438898,0.47619047619047616,0.9841269841269841,0.0,1.0,trend,0.5131976913423776,0.0
16_time_of_day_session_effect,105,2016-01-13 12:00:00+00:00,2016-01-14 00:00:00+00:00,4.718315224620261,0.47619047619047616,0.9841269841269841,0.0,1.0,chop,0.5005827814249726,0.0,4.5362974427583245,0.47619047619047616,0.5317460317460317,0.0,1.0,chop,0.5517825434636011,0.0
16_time_of_day_session_effect,106,2016-01-14 12:00:00+00:00,2016-01-15 00:00:00+00:00,4.2302694582257505,0.47619047619047616,0.5317460317460317,0.0,1.0,chop,0.5390441443000941,0.0,1.6532717369857344,0.7857142857142857,0.9761904761904762,0.0,1.0,chop_high_vol,-1.0193233841252876,0.0
16_time_of_day_session_effect,107,2016-01-15 12:00:00+00:00,2016-01-16 00:00:00+00:00,0.725499553242288,0.7857142857142857,0.9761904761904762,0.0,1.0,chop_high_vol,-1.0350392325961446,0.0,0.15218076101916864,0.8095238095238095,0.9365079365079365,0.0,1.0,chop_high_vol,-0.5178408333970499,0.0
16_time_of_day_session_effect,108,2016-01-16 12:00:00+00:00,2016-01-17 00:00:00+00:00,0.22179491649448888,0.8095238095238095,0.9365079365079365,0.0,1.0,chop_high_vol,-0.5319785262561962,0.0,0.6083481588139207,0.8095238095238095,0.5317460317460317,0.0,1.0,chop_high_vol,-0.6657960853497147,0.0
16_time_of_day_session_effect,109,2016-01-17 12:00:00+00:00,2016-01-18 00:00:00+00:00,0.953151108020146,0.8095238095238095,0.5317460317460317,0.0,1.0,chop_high_vol,-0.6807424730725641,0.0,1.1777144909209238,0.7857142857142857,0.6984126984126984,0.0,1.0,chop_high_vol,-0.5885770045278848,0.0
16_time_of_day_session_effect,110,2016-01-18 12:00:00+00:00,2016-01-19 00:00:00+00:00,1.39897326963903,0.7857142857142857,0.6984126984126984,0.0,1.0,chop_high_vol,-0.6104414083715075,0.0,1.62831742487923,0.7857142857142857,0.5476190476190477,0.0,1.0,chop_high_vol,-0.791579261743146,0.0
16_time_of_day_session_effect,111,2016-02-24 12:00:00+00:00,2016-02-25 00:00:00+00:00,3.409780408715133,0.07142857142857142,0.6587301587301587,0.0,1.0,chop_low_vol,-0.48425505031679217,0.0,3.4671663830540944,0.06349206349206349,0.6825396825396826,0.0,1.0,chop_low_vol,-0.47962045545484466,0.0
16_time_of_day_session_effect,112,2016-02-25 12:00:00+00:00,2016-02-26 00:00:00+00:00,3.4541031793996164,0.06349206349206349,0.6825396825396826,0.0,1.0,chop_low_vol,-0.46882023848182514,0.0,3.400347770028051,0.047619047619047616,0.6031746031746031,0.0,1.0,chop_low_vol,-0.09865291867977792,0.0
16_time_of_day_session_effect,113,2016-02-26 12:00:00+00:00,2016-02-27 00:00:00+00:00,3.470163027938167,0.047619047619047616,0.6031746031746031,0.0,1.0,chop_low_vol,-0.08918377529737757,0.0,3.8192431858027405,0.03968253968253968,0.20634920634920634,0.0,1.0,chop_low_vol,-0.06862970942699698,0.0
16_time_of_day_session_effect,114,2016-02-27 12:00:00+00:00,2016-02-28 00:00:00+00:00,3.868881572782023,0.03968253968253968,0.20634920634920634,0.0,1.0,chop_low_vol,-0.057371626098617304,0.0,4.66513535331135,0.023809523809523808,0.4444444444444444,0.0,1.0,trend,-0.020124904477596215,0.0
16_time_of_day_session_effect,115,2016-02-28 12:00:00+00:00,2016-02-29 00:00:00+00:00,4.708821928687588,0.023809523809523808,0.4444444444444444,0.0,1.0,trend,-0.008394321254914294,0.0,4.9636149445752515,0.023809523809523808,0.5952380952380952,0.0,1.0,trend,-0.01706690004008276,0.0
16_time_of_day_session_effect,116,2016-02-29 12:00:00+00:00,2016-03-01 00:00:00+00:00,5.047959860399671,0.023809523809523808,0.5952380952380952,0.0,1.0,trend,-0.004038297033274792,0.0,5.462707772481555,0.007936507936507936,0.7222222222222222,0.0,1.0,trend,-0.024875312118687213,0.0
16_time_of_day_session_effect,117,2016-03-01 12:00:00+00:00,2016-03-02 00:00:00+00:00,5.467425186503783,0.007936507936507936,0.7222222222222222,0.0,1.0,trend,-0.010485153615899547,0.0,5.257642697501713,0.05555555555555555,0.7222222222222222,0.0,1.0,trend,-0.41394032141655285,0.0
16_time_of_day_session_effect,118,2016-03-02 12:00:00+00:00,2016-03-03 00:00:00+00:00,5.041831475682685,0.05555555555555555,0.7222222222222222,0.0,1.0,trend,-0.40083041023839017,0.0,5.079141642643667,0.04365079365079365,0.8650793650793651,0.0,1.0,trend,-0.6168648971044185,0.0
16_time_of_day_session_effect,119,2016-03-03 12:00:00+00:00,2016-03-04 00:00:00+00:00,4.830435273044356,0.047619047619047616,0.8650793650793651,0.0,1.0,trend,-0.6041078519224699,0.0,3.9698994217547066,0.08333333333333333,0.8253968253968254,0.0,1.0,chop_low_vol,-1.0381080161039826,1.0
16_time_of_day_session_effect,120,2016-03-04 12:00:00+00:00,2016-03-05 00:00:00+00:00,3.589082506295751,0.0873015873015873,0.8253968253968254,0.0,1.0,chop_low_vol,-1.0236799589062853,1.0,3.366747822473712,0.04365079365079365,0.9603174603174603,0.0,1.0,chop_low_vol,-1.332082671111242,0.0
16_time_of_day_session_effect,121,2016-03-05 12:00:00+00:00,2016-03-06 00:00:00+00:00,2.8185201167316243,0.047619047619047616,0.9603174603174603,0.0,1.0,chop_low_vol,-1.313888307866446,0.0,2.2475287699224142,0.051587301587301584,0.8253968253968254,0.0,1.0,chop_low_vol,-1.0689929573061083,0.0
16_time_of_day_session_effect,122,2016-03-06 12:00:00+00:00,2016-03-07 00:00:00+00:00,1.9609963098378274,0.05555555555555555,0.8253968253968254,0.0,1.0,chop_low_vol,-1.0530775398201835,0.0,1.6750127834763713,0.04365079365079365,0.7817460317460317,0.0,1.0,chop_low_vol,-0.7628178313623707,0.0
16_time_of_day_session_effect,123,2016-03-07 12:00:00+00:00,2016-03-08 00:00:00+00:00,1.5615311541211636,0.047619047619047616,0.7857142857142857,0.0,1.0,chop_low_vol,-0.7527877146544334,0.0,1.7877463674484122,0.003968253968253968,0.6388888888888888,0.0,1.0,chop_low_vol,-0.7426669156522804,0.0
16_time_of_day_session_effect,124,2016-03-08 12:00:00+00:00,2016-03-09 00:00:00+00:00,1.6612963576210806,0.007936507936507936,0.6428571428571429,0.0,1.0,chop_low_vol,-0.7334283720917555,0.0,1.6390781545170543,0.003968253968253968,0.6388888888888888,0.0,1.0,chop_low_vol,-0.6295301729240895,0.0
16_time_of_day_session_effect,125,2016-03-09 12:00:00+00:00,2016-03-10 00:00:00+00:00,1.5439949024035131,0.007936507936507936,0.6428571428571429,0.0,1.0,chop_low_vol,-0.6188506224407669,0.0,1.4568977433844224,0.011904761904761904,0.7579365079365079,0.0,1.0,chop_low_vol,-0.7106394118274899,0.0
16_time_of_day_session_effect,126,2016-03-10 12:00:00+00:00,2016-03-11 00:00:00+00:00,1.4217954389091396,0.015873015873015872,0.7619047619047619,0.0,1.0,chop_low_vol,-0.7024271283947281,0.0,1.5381291393984897,0.003968253968253968,0.6785714285714286,0.0,1.0,chop_low_vol,-0.349531369091164,0.0
16_time_of_day_session_effect,127,2016-03-11 12:00:00+00:00,2016-03-12 00:00:00+00:00,1.59542192600251,0.007936507936507936,0.6825396825396826,0.0,1.0,chop_low_vol,-0.334439151589792,0.0,1.2606266867034432,0.011904761904761904,0.873015873015873,0.0,1.0,chop_low_vol,-0.7374981531600512,0.0
16_time_of_day_session_effect,128,2016-03-12 12:00:00+00:00,2016-03-13 00:00:00+00:00,1.1137356349929723,0.015873015873015872,0.873015873015873,0.0,1.0,chop_low_vol,-0.7315648162695573,0.0,1.0024689653639962,0.01984126984126984,0.6825396825396826,0.0,1.0,chop_low_vol,-0.6159689160411721,0.0
16_time_of_day_session_effect,129,2016-03-13 12:00:00+00:00,2016-03-14 00:00:00+00:00,0.9266323239459043,0.023809523809523808,0.6825396825396826,0.0,1.0,chop_low_vol,-0.6079908085729259,0.0,0.918404321201744,0.003968253968253968,0.8809523809523809,0.0,1.0,chop_low_vol,-0.25836000429536127,0.0
16_time_of_day_session_effect,130,2016-03-14 12:00:00+00:00,2016-03-15 00:00:00+00:00,0.8953524362880576,0.007936507936507936,0.8809523809523809,0.0,1.0,chop_low_vol,-0.23987711064425643,0.0,0.9051047433199446,0.003968253968253968,0.5833333333333334,0.0,1.0,chop_low_vol,0.018971477147581326,0.0
16_time_of_day_session_effect,131,2016-03-15 12:00:00+00:00,2016-03-16 00:00:00+00:00,0.8895670564229751,0.007936507936507936,0.5873015873015873,0.0,1.0,chop_low_vol,0.016339938760474078,0.0,1.0276602793797305,0.011904761904761904,0.5753968253968254,0.0,1.0,chop_low_vol,0.05305169372777328,0.0
16_time_of_day_session_effect,132,2016-03-16 12:00:00+00:00,2016-03-17 00:00:00+00:00,1.0126993276164207,0.015873015873015872,0.5793650793650794,0.0,1.0,chop_low_vol,0.06147559384360936,0.0,1.0522550645929507,0.003968253968253968,0.7857142857142857,0.0,1.0,chop_low_vol,-0.3524287623163335,0.0
16_time_of_day_session_effect,133,2016-03-17 12:00:00+00:00,2016-03-18 00:00:00+00:00,1.111987884361323,0.007936507936507936,0.7857142857142857,0.0,1.0,chop_low_vol,-0.34382195917274383,0.0,0.9226330999274384,0.03571428571428571,0.9047619047619048,0.0,1.0,chop_low_vol,-0.7238852841438056,0.0
16_time_of_day_session_effect,134,2016-03-18 12:00:00+00:00,2016-03-19 00:00:00+00:00,0.7305230129825522,0.03968253968253968,0.9047619047619048,0.0,1.0,chop_low_vol,-0.7108863719077886,0.0,0.6814746888594624,0.03571428571428571,0.5,0.0,1.0,chop_low_vol,-0.652136060169366,0.0
16_time_of_day_session_effect,135,2016-03-19 12:00:00+00:00,2016-03-20 00:00:00+00:00,0.5196396055900371,0.03968253968253968,0.5,0.0,1.0,chop_low_vol,-0.64096491353136,0.0,0.5014853319896492,0.03571428571428571,0.23809523809523808,0.0,1.0,chop_low_vol,-0.45337440029325904,0.0
16_time_of_day_session_effect,136,2016-03-20 12:00:00+00:00,2016-03-21 00:00:00+00:00,0.44967174229685725,0.03968253968253968,0.23809523809523808,0.0,1.0,chop_low_vol,-0.44052466955113295,0.0,0.4466229677489837,0.03571428571428571,0.5476190476190477,0.0,1.0,chop_low_vol,-0.26490685830216626,0.0
16_time_of_day_session_effect,137,2016-03-21 12:00:00+00:00,2016-03-22 00:00:00+00:00,0.3830530267511171,0.03968253968253968,0.5476190476190477,0.0,1.0,chop_low_vol,-0.2485173455625594,0.0,0.4397994276011891,0.011904761904761904,0.5873015873015873,0.0,1.0,chop_low_vol,-0.04698317245683163,0.0
16_time_of_day_session_effect,138,2016-03-22 12:00:00+00:00,2016-03-23 00:00:00+00:00,0.5256011499997318,0.015873015873015872,0.5873015873015873,0.0,1.0,chop_low_vol,-0.0390103650268507,0.0,0.6107405412560004,0.011904761904761904,0.5238095238095238,0.0,1.0,chop_low_vol,0.45250276904250564,0.0
16_time_of_day_session_effect,139,2016-03-23 12:00:00+00:00,2016-03-24 00:00:00+00:00,0.6769514227348141,0.015873015873015872,0.5238095238095238,0.0,1.0,chop_low_vol,0.4620700009344973,0.0,0.6948623194168445,0.003968253968253968,0.6111111111111112,0.0,1.0,chop_low_vol,0.43542091255385235,0.0
16_time_of_day_session_effect,140,2016-03-24 12:00:00+00:00,2016-03-25 00:00:00+00:00,0.698469945142088,0.007936507936507936,0.6111111111111112,0.0,1.0,chop_low_vol,0.46133071271169623,0.0,0.7890757821274883,0.003968253968253968,0.34523809523809523,0.0,1.0,chop_low_vol,0.5217174663739751,0.0
16_time_of_day_session_effect,141,2016-03-25 12:00:00+00:00,2016-03-26 00:00:00+00:00,0.8135542614818558,0.007936507936507936,0.3492063492063492,0.0,1.0,chop_low_vol,0.533782759447444,0.0,1.099457867542916,0.003968253968253968,0.1984126984126984,0.0,1.0,chop_low_vol,0.5892080700175961,0.0
16_time_of_day_session_effect,142,2016-03-26 12:00:00+00:00,2016-03-27 00:00:00+00:00,1.1508198218155792,0.007936507936507936,0.1984126984126984,0.0,1.0,chop_low_vol,0.5964083321308264,0.0,1.3047967780194571,0.011904761904761904,0.6428571428571429,0.0,1.0,chop_low_vol,1.1566266159766228,0.0
16_time_of_day_session_effect,143,2016-03-27 12:00:00+00:00,2016-03-28 00:00:00+00:00,1.6239948160404019,0.015873015873015872,0.6428571428571429,0.0,1.0,chop_low_vol,1.163852954465929,0.0,1.819710412393354,0.01984126984126984,0.6031746031746031,0.0,1.0,chop_low_vol,1.0297470800599497,0.0
16_time_of_day_session_effect,144,2016-03-28 12:00:00+00:00,2016-03-29 00:00:00+00:00,1.9853806176134106,0.023809523809523808,0.6031746031746031,0.0,1.0,chop_low_vol,1.021852617348962,0.0,1.5877171864789974,0.03571428571428571,0.7222222222222222,0.0,1.0,chop_low_vol,0.19848139866957296,0.0
16_time_of_day_session_effect,145,2016-03-29 12:00:00+00:00,2016-03-30 00:00:00+00:00,1.4757828342634793,0.03968253968253968,0.7222222222222222,0.0,1.0,chop_low_vol,0.2004323647635017,0.0,1.2818013525732526,0.03571428571428571,0.5317460317460317,0.0,1.0,chop_low_vol,0.27990794033752253,0.0
16_time_of_day_session_effect,146,2016-03-30 12:00:00+00:00,2016-03-31 00:00:00+00:00,1.142067917955591,0.03968253968253968,0.5317460317460317,0.0,1.0,chop_low_vol,0.2804164049105351,0.0,1.107652927744597,0.03571428571428571,0.45634920634920634,0.0,1.0,chop_low_vol,0.24028651513863325,0.0
16_time_of_day_session_effect,147,2016-04-11 12:00:00+00:00,2016-04-12 00:00:00+00:00,2.5762315519646823,0.007936507936507936,0.2857142857142857,0.0,1.0,trend,-0.18153282847973345,0.0,3.3573640817699064,0.011904761904761904,0.6349206349206349,0.0,1.0,trend,-0.07336723628354198,0.0
16_time_of_day_session_effect,148,2016-04-12 12:00:00+00:00,2016-04-13 00:00:00+00:00,3.5321563871747204,0.015873015873015872,0.6349206349206349,0.0,1.0,trend,-0.09963109048655897,0.0,3.6408958174883788,0.011904761904761904,0.6071428571428571,0.0,1.0,trend,0.10411435304720294,0.0
16_time_of_day_session_effect,149,2016-04-13 12:00:00+00:00,2016-04-14 00:00:00+00:00,3.6777639823021087,0.015873015873015872,0.6111111111111112,0.0,1.0,trend,0.08563484708361806,0.0,4.000850637022896,0.011904761904761904,0.15476190476190477,0.0,1.0,trend,0.735516527811673,0.0
16_time_of_day_session_effect,150,2016-04-14 12:00:00+00:00,2016-04-15 00:00:00+00:00,4.052321883403042,0.015873015873015872,0.15873015873015872,0.0,1.0,trend,0.7223281399700741,0.0,3.6644733373173444,0.06746031746031746,0.3611111111111111,0.0,1.0,trend,0.9245556037118108,0.0
16_time_of_day_session_effect,151,2016-04-15 12:00:00+00:00,2016-04-16 00:00:00+00:00,3.9776925478758467,0.07142857142857142,0.36507936507936506,0.0,1.0,trend,0.9111533995318619,0.0,4.705657089517122,0.003968253968253968,0.0992063492063492,0.0,1.0,trend,0.968967271192828,0.0
16_time_of_day_session_effect,152,2016-04-16 12:00:00+00:00,2016-04-17 00:00:00+00:00,5.012062315225181,0.007936507936507936,0.10317460317460317,0.0,1.0,trend,0.955259640188768,0.0,4.471326856850688,0.011904761904761904,0.3373015873015873,0.0,1.0,trend,0.6881027996915529,0.0
16_time_of_day_session_effect,153,2016-04-17 12:00:00+00:00,2016-04-18 00:00:00+00:00,4.503460987315285,0.015873015873015872,0.3412698412698413,0.0,1.0,trend,0.6847394669342403,0.0,4.465187377528387,0.003968253968253968,0.4007936507936508,0.0,1.0,trend,0.7656543960411265,0.0
16_time_of_day_session_effect,154,2016-04-18 12:00:00+00:00,2016-04-19 00:00:00+00:00,4.5324525318280955,0.007936507936507936,0.40476190476190477,0.0,1.0,trend,0.76194785391532,0.0,4.201603409975803,0.011904761904761904,0.3531746031746032,0.0,1.0,trend,0.7698375142192772,0.0
16_time_of_day_session_effect,155,2016-04-19 12:00:00+00:00,2016-04-20 00:00:00+00:00,4.52744461115349,0.015873015873015872,0.35714285714285715,0.0,1.0,trend,0.763299107578915,0.0,4.29008390696436,0.027777777777777776,0.6944444444444444,0.0,1.0,trend,1.2379977287720223,0.0
16_time_of_day_session_effect,156,2016-04-20 12:00:00+00:00,2016-04-21 00:00:00+00:00,4.705801322313314,0.031746031746031744,0.6984126984126984,0.0,1.0,trend,1.2451033816428794,0.0,4.407771986685058,0.07539682539682539,0.6111111111111112,0.0,1.0,trend,1.9933853645528772,0.0
16_time_of_day_session_effect,157,2016-04-21 12:00:00+00:00,2016-04-22 00:00:00+00:00,4.900322650475573,0.07936507936507936,0.6111111111111112,0.0,1.0,trend,1.9811356886608387,0.0,5.120406087994159,0.0992063492063492,0.4642857142857143,0.0,1.0,trend,2.263764421858159,0.0
16_time_of_day_session_effect,158,2016-04-22 12:00:00+00:00,2016-04-23 00:00:00+00:00,5.380196785158835,0.10317460317460317,0.46825396825396826,0.0,1.0,trend,2.259617667158649,0.0,5.277158075409309,0.13095238095238096,0.2777777777777778,0.0,1.0,trend,2.527903931059653,0.0
16_time_of_day_session_effect,159,2016-04-23 12:00:00+00:00,2016-04-24 00:00:00+00:00,5.568174133887423,0.1349206349206349,0.2777777777777778,0.0,1.0,trend,2.447117226555915,0.0,5.312336214130664,0.1388888888888889,0.6071428571428571,0.0,1.0,trend,2.9193373804452984,0.0
16_time_of_day_session_effect,160,2016-04-24 12:00:00+00:00,2016-04-25 00:00:00+00:00,5.688762872318391,0.14285714285714285,0.6111111111111112,0.0,1.0,trend,2.7995390284832564,0.0,5.855812798763499,0.14682539682539683,0.8650793650793651,0.0,1.0,trend,2.6346059799375334,0.0
16_time_of_day_session_effect,161,2016-04-25 12:00:00+00:00,2016-04-26 00:00:00+00:00,6.186718012000531,0.15079365079365079,0.8650793650793651,0.0,1.0,trend,2.541545261382924,0.0,6.3360321036222915,0.15476190476190477,0.7936507936507936,0.0,1.0,trend,2.6727349668405385,0.0
16_time_of_day_session_effect,162,2016-04-26 12:00:00+00:00,2016-04-27 00:00:00+00:00,6.666247541865173,0.15873015873015872,0.7936507936507936,0.0,1.0,trend,2.5940280641519697,0.0,5.085204484926038,0.3134920634920635,0.9126984126984127,0.0,1.0,trend,1.1291887032822112,0.0
16_time_of_day_session_effect,163,2016-04-27 12:00:00+00:00,2016-04-28 00:00:00+00:00,4.90652454454866,0.31746031746031744,0.9126984126984127,0.0,1.0,trend,1.1271703889496734,0.0,4.550643873048443,0.32142857142857145,0.7142857142857143,0.0,1.0,trend,1.0367689336352066,0.0
16_time_of_day_session_effect,164,2016-04-28 12:00:00+00:00,2016-04-29 00:00:00+00:00,4.466367521218367,0.3253968253968254,0.7142857142857143,0.0,1.0,trend,1.0375659099675938,0.0,4.412729580613548,0.3373015873015873,0.24603174603174602,0.0,1.0,trend,0.8983136619339015,1.0
16_time_of_day_session_effect,165,2016-04-29 12:00:00+00:00,2016-04-30 00:00:00+00:00,4.424807632944799,0.3412698412698413,0.24603174603174602,0.0,1.0,trend,0.9004269104943455,1.0,4.081993179772302,0.376984126984127,0.6388888888888888,0.0,1.0,trend,0.4881348632286559,1.0
16_time_of_day_session_effect,166,2016-04-30 12:00:00+00:00,2016-05-01 00:00:00+00:00,3.9719174243027893,0.38095238095238093,0.6428571428571429,0.0,1.0,trend,0.4934829000124108,1.0,3.8824458134225335,0.38492063492063494,0.12301587301587301,0.0,1.0,trend,0.7071559074476779,0.0
16_time_of_day_session_effect,167,2016-05-01 12:00:00+00:00,2016-05-02 00:00:00+00:00,3.8320255363479334,0.3888888888888889,0.12698412698412698,0.0,1.0,trend,0.6997252318097815,0.0,3.4837419762657373,0.39285714285714285,0.9047619047619048,0.0,1.0,trend,0.12768628350469136,0.0
16_time_of_day_session_effect,168,2016-05-02 12:00:00+00:00,2016-05-03 00:00:00+00:00,3.3283038717122757,0.3968253968253968,0.9047619047619048,0.0,1.0,trend,0.12226828639103733,0.0,3.284839680495168,0.4007936507936508,0.4603174603174603,0.0,1.0,trend,0.547782856289809,0.0
16_time_of_day_session_effect,169,2016-05-03 12:00:00+00:00,2016-05-04 00:00:00+00:00,3.2263711902930976,0.40476190476190477,0.4603174603174603,0.0,1.0,trend,0.5351064285478474,0.0,3.221871378513756,0.4087301587301587,0.2619047619047619,0.0,1.0,trend,0.6834116977240365,0.0
16_time_of_day_session_effect,170,2016-05-04 12:00:00+00:00,2016-05-05 00:00:00+00:00,3.1069049112547322,0.4126984126984127,0.2619047619047619,0.0,1.0,trend,0.6731364079588823,0.0,3.26056593120772,0.4007936507936508,0.2619047619047619,0.0,1.0,trend,0.7888914537269061,0.0
16_time_of_day_session_effect,171,2016-05-05 12:00:00+00:00,2016-05-06 00:00:00+00:00,3.167376924381085,0.40476190476190477,0.2619047619047619,0.0,1.0,trend,0.7770628588863423,0.0,2.92026053113583,0.43253968253968256,0.6746031746031746,0.0,1.0,chop,1.0318858012876237,0.0
16_time_of_day_session_effect,172,2016-05-06 12:00:00+00:00,2016-05-07 00:00:00+00:00,3.0068019773135943,0.4365079365079365,0.6746031746031746,0.0,1.0,chop,1.01583351184165,0.0,3.1921322965734236,0.43253968253968256,0.07142857142857142,0.0,1.0,trend,0.9290744233715648,0.0
16_time_of_day_session_effect,173,2016-05-07 12:00:00+00:00,2016-05-08 00:00:00+00:00,3.2354766620294435,0.4365079365079365,0.07142857142857142,0.0,1.0,trend,0.914358925647885,0.0,3.6077263714813808,0.44047619047619047,0.09523809523809523,0.0,1.0,trend,0.9001441072755124,0.0
16_time_of_day_session_effect,174,2016-05-08 12:00:00+00:00,2016-05-09 00:00:00+00:00,3.631327468866207,0.4444444444444444,0.09523809523809523,0.0,1.0,trend,0.8853202982479897,0.0,3.70729921206156,0.43253968253968256,0.35714285714285715,0.0,1.0,trend,1.6616078154458431,0.0
16_time_of_day_session_effect,175,2016-05-09 12:00:00+00:00,2016-05-10 00:00:00+00:00,3.7428578476215595,0.4365079365079365,0.35714285714285715,0.0,1.0,trend,1.633801624767473,0.0,3.453927798459757,0.4722222222222222,0.42063492063492064,0.0,1.0,trend,0.9970828871268228,0.0
16_time_of_day_session_effect,176,2016-05-10 12:00:00+00:00,2016-05-11 00:00:00+00:00,3.3149949670468812,0.47619047619047616,0.42063492063492064,0.0,1.0,trend,0.9806022198083613,0.0,4.140863275887698,0.44047619047619047,0.24603174603174602,0.0,1.0,trend,0.829857967494352,0.0
16_time_of_day_session_effect,177,2016-05-11 12:00:00+00:00,2016-05-12 00:00:00+00:00,4.017522020435775,0.4444444444444444,0.24603174603174602,0.0,1.0,trend,0.8169347735932806,0.0,4.076026459526997,0.43253968253968256,0.45634920634920634,0.0,1.0,trend,1.0545561803130683,0.0
16_time_of_day_session_effect,178,2016-05-12 12:00:00+00:00,2016-05-13 00:00:00+00:00,3.9998099468658035,0.4365079365079365,0.4603174603174603,0.0,1.0,trend,1.0395623042941855,0.0,4.297310989970273,0.43253968253968256,0.48412698412698413,0.0,1.0,trend,1.0458777034015443,0.0
16_time_of_day_session_effect,179,2016-05-13 12:00:00+00:00,2016-05-14 00:00:00+00:00,4.233590798965202,0.4365079365079365,0.48412698412698413,0.0,1.0,trend,1.0287985184375856,0.0,4.725381309625338,0.39285714285714285,0.031746031746031744,0.0,1.0,trend,1.011968896476798,0.0
16_time_of_day_session_effect,180,2016-05-14 12:00:00+00:00,2016-05-15 00:00:00+00:00,4.647784902207325,0.3968253968253968,0.031746031746031744,0.0,1.0,trend,0.995358762985451,0.0,4.765723989825118,0.39285714285714285,0.003968253968253968,0.0,1.0,trend,1.1118657564585903,0.0
16_time_of_day_session_effect,181,2016-05-15 12:00:00+00:00,2016-05-16 00:00:00+00:00,4.7326936117414355,0.3968253968253968,0.007936507936507936,0.0,1.0,trend,1.0933392578285142,0.0,5.022778536411713,0.39285714285714285,0.42857142857142855,0.0,1.0,trend,0.7990046917628747,0.0
16_time_of_day_session_effect,182,2016-05-16 12:00:00+00:00,2016-05-17 00:00:00+00:00,4.872811766809812,0.3968253968253968,0.42857142857142855,0.0,1.0,trend,0.785287998341847,0.0,5.360708471780911,0.23412698412698413,0.5277777777777778,0.0,1.0,trend,0.6738558415254202,0.0
16_time_of_day_session_effect,183,2016-05-17 12:00:00+00:00,2016-05-18 00:00:00+00:00,5.188922829231962,0.23809523809523808,0.5317460317460317,0.0,1.0,trend,0.66226422453474,0.0,5.426487193139379,0.21825396825396826,0.8690476190476191,0.0,1.0,trend,0.7806330882024339,0.0
16_time_of_day_session_effect,184,2016-05-18 12:00:00+00:00,2016-05-19 00:00:00+00:00,5.285942898444107,0.2222222222222222,0.873015873015873,0.0,1.0,trend,0.7699435907541567,0.0,3.346503886080704,0.2896825396825397,0.9523809523809523,0.0,1.0,trend,0.04119345661647528,0.0
16_time_of_day_session_effect,185,2016-05-19 12:00:00+00:00,2016-05-20 00:00:00+00:00,2.8258528098440325,0.29365079365079366,0.9523809523809523,0.0,1.0,chop_low_vol,0.024195896220592893,0.0,2.879912146840447,0.2896825396825397,0.8055555555555556,0.0,1.0,chop_low_vol,0.39203945190827677,0.0
16_time_of_day_session_effect,186,2016-05-20 12:00:00+00:00,2016-05-21 00:00:00+00:00,2.5038825699818497,0.29365079365079366,0.8095238095238095,0.0,1.0,chop_low_vol,0.37855153954642634,0.0,2.2037833876935333,0.2896825396825397,0.0992063492063492,0.0,1.0,chop_low_vol,0.40926646034489184,0.0
16_time_of_day_session_effect,187,2016-05-21 12:00:00+00:00,2016-05-22 00:00:00+00:00,1.9055942172004319,0.29365079365079366,0.10317460317460317,0.0,1.0,chop_low_vol,0.3963597188418434,0.0,1.3859474819050832,0.28174603174603174,0.06746031746031746,0.0,1.0,chop_low_vol,0.0509018061903705,0.0
16_time_of_day_session_effect,188,2016-05-22 12:00:00+00:00,2016-05-23 00:00:00+00:00,1.0470559482047426,0.2857142857142857,0.07142857142857142,0.0,1.0,chop_low_vol,0.042547160371555336,0.0,0.8334241052583037,0.28174603174603174,0.23412698412698413,0.0,1.0,chop_low_vol,0.49602677965234154,0.0
16_time_of_day_session_effect,189,2016-05-23 12:00:00+00:00,2016-05-24 00:00:00+00:00,0.7074588939622984,0.2857142857142857,0.23809523809523808,0.0,1.0,chop_low_vol,0.4848065471386484,0.0,0.7602304384860566,0.28174603174603174,0.5396825396825397,0.0,1.0,chop_low_vol,1.321594021611699,0.0
16_time_of_day_session_effect,190,2016-05-24 12:00:00+00:00,2016-05-25 00:00:00+00:00,0.6961103869504838,0.2857142857142857,0.5396825396825397,0.0,1.0,chop_low_vol,1.2985521520359777,0.0,0.7270326105126076,0.2976190476190476,0.5357142857142857,0.0,1.0,chop_low_vol,1.745244455415616,0.0
16_time_of_day_session_effect,191,2016-05-25 12:00:00+00:00,2016-05-26 00:00:00+00:00,0.783666629147366,0.30158730158730157,0.5396825396825397,0.0,1.0,chop,1.7082068754788216,0.0,0.9146869009222711,0.23412698412698413,0.5357142857142857,0.0,1.0,chop_low_vol,2.0768089123616584,0.0
16_time_of_day_session_effect,192,2016-05-26 12:00:00+00:00,2016-05-27 00:00:00+00:00,1.0625274706034868,0.23809523809523808,0.5396825396825397,0.0,1.0,chop_low_vol,2.022063391768118,0.0,1.2401839948308497,0.44047619047619047,1.0,0.0,1.0,chop,3.5689997731187453,0.0
16_time_of_day_session_effect,193,2016-05-27 12:00:00+00:00,2016-05-28 00:00:00+00:00,1.7040029011378728,0.4444444444444444,1.0,0.0,1.0,chop,3.3644751028392528,0.0,1.6293870529508667,0.8690476190476191,1.0,0.0,1.0,chop_high_vol,5.944987737543616,0.0
16_time_of_day_session_effect,194,2016-05-28 12:00:00+00:00,2016-05-29 00:00:00+00:00,2.339202336749019,0.873015873015873,1.0,0.0,1.0,chop_high_vol,5.203414897167129,0.0,2.9168600415380688,0.876984126984127,0.9841269841269841,0.0,1.0,chop_high_vol,4.542652526126855,0.0
16_time_of_day_session_effect,195,2016-05-29 12:00:00+00:00,2016-05-30 00:00:00+00:00,3.4360850235758607,0.8809523809523809,0.9841269841269841,0.0,1.0,trend_high_vol,4.1718648524243145,0.0,3.8154402952788504,0.8690476190476191,0.8809523809523809,0.0,1.0,trend_high_vol,4.1178388403185835,0.0
16_time_of_day_session_effect,196,2016-05-30 12:00:00+00:00,2016-05-31 00:00:00+00:00,4.268649330829891,0.873015873015873,0.8809523809523809,0.0,1.0,trend_high_vol,3.8308234932555587,0.0,4.597557993286566,0.876984126984127,0.9761904761904762,0.0,1.0,trend_high_vol,3.5044596936542565,0.0
16_time_of_day_session_effect,197,2016-05-31 12:00:00+00:00,2016-06-01 00:00:00+00:00,4.91659511839738,0.8809523809523809,0.9761904761904762,0.0,1.0,trend_high_vol,3.3122114381092875,0.0,5.036894381056571,0.8849206349206349,0.8412698412698413,0.0,1.0,trend_high_vol,3.327967167727034,0.0
16_time_of_day_session_effect,198,2016-06-01 12:00:00+00:00,2016-06-02 00:00:00+00:00,5.309315231581034,0.8888888888888888,0.8412698412698413,0.0,1.0,trend_high_vol,3.1583516595116423,0.0,6.263805950678824,0.8928571428571429,0.4126984126984127,0.0,1.0,trend_high_vol,3.0592181915244567,0.0
16_time_of_day_session_effect,199,2016-06-02 12:00:00+00:00,2016-06-03 00:00:00+00:00,6.494614509416308,0.8968253968253969,0.4126984126984127,0.0,1.0,trend_high_vol,2.922169244755994,0.0,5.562112173923599,0.9166666666666666,0.9603174603174603,0.0,1.0,trend_high_vol,3.193797831047161,0.0
16_time_of_day_session_effect,200,2016-06-03 12:00:00+00:00,2016-06-04 00:00:00+00:00,5.92550572584683,0.9206349206349206,0.9603174603174603,0.0,1.0,trend_high_vol,3.0406165254629203,0.0,6.126834856598022,0.9166666666666666,0.9206349206349206,0.0,1.0,trend_high_vol,2.9767699353492136,0.0
16_time_of_day_session_effect,201,2016-06-04 12:00:00+00:00,2016-06-05 00:00:00+00:00,6.4129243929024,0.9206349206349206,0.9206349206349206,0.0,1.0,trend_high_vol,2.84867809812698,0.0,6.752971783601553,0.9166666666666666,0.5793650793650794,0.0,1.0,trend_high_vol,2.7762580155557868,0.0
16_time_of_day_session_effect,202,2016-06-05 12:00:00+00:00,2016-06-06 00:00:00+00:00,6.974285230306855,0.9206349206349206,0.5793650793650794,0.0,1.0,trend_high_vol,2.668265117079917,0.0,6.946531699529959,0.9246031746031746,0.6428571428571429,0.0,1.0,trend_high_vol,2.721838610473972,0.0
16_time_of_day_session_effect,203,2016-06-06 12:00:00+00:00,2016-06-07 00:00:00+00:00,7.164811343155596,0.9285714285714286,0.6428571428571429,0.0,1.0,trend_high_vol,2.62014272478345,0.0,7.127742804301231,0.9484126984126984,0.9523809523809523,0.0,1.0,trend_high_vol,2.3779948608589048,0.0
16_time_of_day_session_effect,204,2016-06-07 12:00:00+00:00,2016-06-08 00:00:00+00:00,7.205958617784313,0.9523809523809523,0.9523809523809523,0.0,1.0,trend_high_vol,2.305396341280486,0.0,7.222524321047779,0.9166666666666666,0.753968253968254,0.0,1.0,trend_high_vol,2.2035722249854035,0.0
16_time_of_day_session_effect,205,2016-06-08 12:00:00+00:00,2016-06-09 00:00:00+00:00,7.290250554869947,0.9206349206349206,0.753968253968254,0.0,1.0,trend_high_vol,2.142968318796948,0.0,7.285935403414907,0.9246031746031746,0.6190476190476191,0.0,1.0,trend_high_vol,1.8932674799310203,0.0
16_time_of_day_session_effect,206,2016-06-09 12:00:00+00:00,2016-06-10 00:00:00+00:00,7.260439856864749,0.9285714285714286,0.6190476190476191,0.0,1.0,trend_high_vol,1.8493616140080533,0.0,8.20103986245894,0.9246031746031746,0.5,0.0,1.0,trend_high_vol,1.8307420923425224,0.0
16_time_of_day_session_effect,207,2016-06-10 12:00:00+00:00,2016-06-11 00:00:00+00:00,8.166516913972673,0.9285714285714286,0.5,0.0,1.0,trend_high_vol,1.7905351294829788,0.0,10.505190933090415,0.9801587301587301,0.7698412698412699,0.0,1.0,trend_high_vol,2.2007880088641,0.0
16_time_of_day_session_effect,208,2016-06-11 12:00:00+00:00,2016-06-12 00:00:00+00:00,10.720392700371848,0.9841269841269841,0.7698412698412699,0.0,1.0,trend_high_vol,2.1410848090643344,0.0,7.139872053902972,1.0,1.0,0.0,1.0,trend_high_vol,2.9637165001252384,0.0
16_time_of_day_session_effect,209,2016-06-12 12:00:00+00:00,2016-06-13 00:00:00+00:00,7.62323251483311,1.0,1.0,0.0,1.0,trend_high_vol,2.8407449249674497,0.0,7.156786325426547,1.0,0.9920634920634921,0.0,1.0,trend_high_vol,3.017650460241879,0.0
16_time_of_day_session_effect,210,2016-06-13 12:00:00+00:00,2016-06-14 00:00:00+00:00,7.631984930489102,1.0,0.9920634920634921,0.0,1.0,trend_high_vol,2.886762755495375,0.0,7.664143822722393,1.0,0.9841269841269841,0.0,1.0,trend_high_vol,2.5633503539959857,0.0
16_time_of_day_session_effect,211,2016-06-14 12:00:00+00:00,2016-06-15 00:00:00+00:00,7.903724943059866,1.0,0.9841269841269841,0.0,1.0,trend_high_vol,2.4753308665726035,0.0,7.992176950546957,0.9920634920634921,0.9047619047619048,0.0,1.0,trend_high_vol,2.4848153754431728,0.0
16_time_of_day_session_effect,212,2016-06-15 12:00:00+00:00,2016-06-16 00:00:00+00:00,8.19252557622856,0.9920634920634921,0.9047619047619048,0.0,1.0,trend_high_vol,2.4030821996223866,0.0,6.250040496320428,1.0,0.9920634920634921,0.0,1.0,trend_high_vol,2.9329149564807295,0.0
16_time_of_day_session_effect,213,2016-06-16 12:00:00+00:00,2016-06-17 00:00:00+00:00,6.598235173288913,1.0,0.9920634920634921,0.0,1.0,trend_high_vol,2.811356897326597,0.0,7.5422298846076465,0.9603174603174603,1.0,0.0,1.0,trend_high_vol,2.575462307472598,0.0
16_time_of_day_session_effect,214,2016-06-17 12:00:00+00:00,2016-06-18 00:00:00+00:00,7.750178167564133,0.9603174603174603,1.0,0.0,1.0,trend_high_vol,2.4869953663700213,0.0,7.811868102585814,0.9523809523809523,0.9761904761904762,0.0,1.0,trend_high_vol,2.464369822100264,0.0
16_time_of_day_session_effect,215,2016-06-18 12:00:00+00:00,2016-06-19 00:00:00+00:00,7.972009598769912,0.9523809523809523,0.9761904761904762,0.0,1.0,trend_high_vol,2.3848298831578365,0.0,7.942383287211014,0.9444444444444444,0.9206349206349206,0.0,1.0,trend_high_vol,2.3683136953340385,0.0
16_time_of_day_session_effect,216,2016-06-19 12:00:00+00:00,2016-06-20 00:00:00+00:00,8.063818462585157,0.9444444444444444,0.9206349206349206,0.0,1.0,trend_high_vol,2.2953274630372684,0.0,8.03900743422397,0.9682539682539683,0.9444444444444444,0.0,1.0,trend_high_vol,2.038231931134898,0.0
16_time_of_day_session_effect,217,2016-06-20 12:00:00+00:00,2016-06-21 00:00:00+00:00,8.001322037664616,0.9682539682539683,0.9444444444444444,0.0,1.0,trend_high_vol,1.9855903958082428,0.0,7.2173640164461625,1.0,0.9920634920634921,0.0,1.0,trend_high_vol,1.4589537686880905,0.0
16_time_of_day_session_effect,218,2016-06-21 12:00:00+00:00,2016-06-22 00:00:00+00:00,6.9038410625457605,1.0,0.9920634920634921,0.0,1.0,trend_high_vol,1.4313712420134324,0.0,6.0088268145839185,1.0,0.9682539682539683,0.0,1.0,trend_high_vol,0.7867754354993703,0.0
16_time_of_day_session_effect,219,2016-06-22 12:00:00+00:00,2016-06-23 00:00:00+00:00,5.502661556623669,1.0,0.9682539682539683,0.0,1.0,trend_high_vol,0.7742411674222954,0.0,4.664058074697168,0.9920634920634921,0.9603174603174603,0.0,1.0,trend_high_vol,1.0503329288936596,0.0
16_time_of_day_session_effect,220,2016-06-23 12:00:00+00:00,2016-06-24 00:00:00+00:00,4.363148257872121,0.9920634920634921,0.9603174603174603,0.0,1.0,trend_high_vol,1.033573551624836,0.0,3.6374100373435003,1.0,0.9365079365079365,0.0,1.0,chop_high_vol,1.120666675019685,1.0
16_time_of_day_session_effect,221,2016-06-24 12:00:00+00:00,2016-06-25 00:00:00+00:00,3.525202658782371,1.0,0.9365079365079365,0.0,1.0,chop_high_vol,1.1023048115707426,1.0,3.666718041542868,1.0,0.8650793650793651,0.0,1.0,chop_high_vol,1.0829655007074193,1.0
16_time_of_day_session_effect,222,2016-06-25 12:00:00+00:00,2016-06-26 00:00:00+00:00,3.5543388043400523,1.0,0.8650793650793651,0.0,1.0,chop_high_vol,1.0654716401042164,1.0,3.825834128511206,1.0,0.8492063492063492,0.0,1.0,chop_high_vol,0.7418907467175859,1.0
16_time_of_day_session_effect,223,2016-06-26 12:00:00+00:00,2016-06-27 00:00:00+00:00,3.5883599243897115,1.0,0.8492063492063492,0.0,1.0,chop_high_vol,0.72906597438078,1.0,3.3570016538773833,1.0,0.8571428571428571,0.0,1.0,chop_high_vol,0.9300566571604719,1.0
16_time_of_day_session_effect,224,2016-06-27 12:00:00+00:00,2016-06-28 00:00:00+00:00,3.241226512444814,1.0,0.8571428571428571,0.0,1.0,chop_high_vol,0.9146454073484096,1.0,3.2124940508409696,1.0,0.8809523809523809,0.0,1.0,chop_high_vol,0.859142248929055,1.0
16_time_of_day_session_effect,225,2016-06-28 12:00:00+00:00,2016-06-29 00:00:00+00:00,3.075478082681441,1.0,0.8809523809523809,0.0,1.0,chop_high_vol,0.8446678119596649,1.0,2.961950111941526,0.9920634920634921,0.8888888888888888,0.0,1.0,chop_high_vol,0.7321123673042796,0.0
16_time_of_day_session_effect,226,2016-06-29 12:00:00+00:00,2016-06-30 00:00:00+00:00,2.8142014247781395,0.9920634920634921,0.8888888888888888,0.0,1.0,chop_high_vol,0.7189188793006429,0.0,2.9041287943046834,1.0,0.8809523809523809,0.0,1.0,chop_high_vol,1.0152814833112445,0.0
16_time_of_day_session_effect,227,2016-06-30 12:00:00+00:00,2016-07-01 00:00:00+00:00,2.885719965779459,1.0,0.8809523809523809,0.0,1.0,chop_high_vol,0.9985942035216234,0.0,2.9580856591786153,0.9920634920634921,0.8412698412698413,0.0,1.0,chop_high_vol,0.9295459467138003,0.0
16_time_of_day_session_effect,228,2016-07-01 12:00:00+00:00,2016-07-02 00:00:00+00:00,2.9412002062942286,0.9920634920634921,0.8412698412698413,0.0,1.0,chop_high_vol,0.914276484390648,0.0,2.755652066278012,0.9206349206349206,0.8095238095238095,0.0,1.0,chop_high_vol,1.1234763385463054,0.0
16_time_of_day_session_effect,229,2016-07-02 12:00:00+00:00,2016-07-03 00:00:00+00:00,2.821292802261313,0.9206349206349206,0.8095238095238095,0.0,1.0,chop_high_vol,1.105270301155418,0.0,2.6467594064971127,0.9285714285714286,0.8333333333333334,0.0,1.0,chop_high_vol,0.7118718012267174,0.0
16_time_of_day_session_effect,230,2016-07-03 12:00:00+00:00,2016-07-04 00:00:00+00:00,2.5436734639828433,0.9285714285714286,0.8333333333333334,0.0,1.0,chop_high_vol,0.6987247756869228,0.0,2.4297136016500214,0.9365079365079365,0.7063492063492064,0.0,1.0,chop_high_vol,0.8995824504802451,0.0
16_time_of_day_session_effect,231,2016-07-04 12:00:00+00:00,2016-07-05 00:00:00+00:00,2.4166837977932105,0.9365079365079365,0.7063492063492064,0.0,1.0,chop_high_vol,0.8846387908638842,0.0,2.7323062043258344,0.9365079365079365,0.8333333333333334,0.0,1.0,chop_high_vol,0.6739028240740901,0.0
16_time_of_day_session_effect,232,2016-07-05 12:00:00+00:00,2016-07-06 00:00:00+00:00,2.66262641734413,0.9365079365079365,0.8333333333333334,0.0,1.0,chop_high_vol,0.6610284160849498,0.0,3.1355150103793026,0.8888888888888888,0.8412698412698413,0.0,1.0,chop_high_vol,0.6698601834860127,0.0
16_time_of_day_session_effect,233,2016-07-06 12:00:00+00:00,2016-07-07 00:00:00+00:00,3.0840113159598403,0.8888888888888888,0.8412698412698413,0.0,1.0,chop_high_vol,0.6569498237157985,0.0,2.9725782051848397,0.8888888888888888,0.9603174603174603,0.0,1.0,chop_high_vol,0.3337041112477921,0.0
16_time_of_day_session_effect,234,2016-07-07 12:00:00+00:00,2016-07-08 00:00:00+00:00,2.755058978560634,0.8888888888888888,0.9603174603174603,0.0,1.0,chop_high_vol,0.32194376452793283,0.0,2.72750572234267,0.8888888888888888,0.873015873015873,0.0,1.0,chop_high_vol,0.5655655848477283,0.0
16_time_of_day_session_effect,235,2016-07-08 12:00:00+00:00,2016-07-09 00:00:00+00:00,2.655107920880537,0.8888888888888888,0.873015873015873,0.0,1.0,chop_high_vol,0.5533723324767105,0.0,2.4391540800683686,0.8888888888888888,0.9047619047619048,0.0,1.0,chop_high_vol,0.39692696086903323,0.0
16_time_of_day_session_effect,236,2016-07-09 12:00:00+00:00,2016-07-10 00:00:00+00:00,2.3045629822251863,0.8888888888888888,0.9047619047619048,0.0,1.0,chop_high_vol,0.3848153479397842,0.0,2.4466156152468663,0.873015873015873,0.7380952380952381,0.0,1.0,chop_high_vol,0.35724821796868117,0.0
16_time_of_day_session_effect,237,2016-07-10 12:00:00+00:00,2016-07-11 00:00:00+00:00,2.306883447691223,0.873015873015873,0.7380952380952381,0.0,1.0,chop_high_vol,0.34485608348771246,0.0,2.3964985187629675,0.8333333333333334,0.753968253968254,0.0,1.0,chop_high_vol,0.3234246166337152,0.0
16_time_of_day_session_effect,238,2016-07-11 12:00:00+00:00,2016-07-12 00:00:00+00:00,2.253315520316516,0.8333333333333334,0.753968253968254,0.0,1.0,chop_high_vol,0.31099196686673447,0.0,2.091165216165552,0.7619047619047619,0.8333333333333334,0.0,1.0,chop_high_vol,0.5642867765020142,0.0
16_time_of_day_session_effect,239,2016-07-12 12:00:00+00:00,2016-07-13 00:00:00+00:00,2.060791606076765,0.7619047619047619,0.8333333333333334,0.0,1.0,chop_high_vol,0.5515800876400843,0.0,1.9806323314617127,0.753968253968254,0.8015873015873016,0.0,1.0,chop_high_vol,0.3978756488893803,0.0
16_time_of_day_session_effect,240,2016-07-13 12:00:00+00:00,2016-07-14 00:00:00+00:00,1.8960957620150034,0.753968253968254,0.8015873015873016,0.0,1.0,chop_high_vol,0.38505366624409765,0.0,2.0738112712555803,0.746031746031746,0.6984126984126984,0.0,1.0,chop_high_vol,0.46481299370906237,0.0
16_time_of_day_session_effect,241,2016-07-14 12:00:00+00:00,2016-07-15 00:00:00+00:00,2.0095553191634288,0.746031746031746,0.6984126984126984,0.0,1.0,chop_high_vol,0.4519757411745997,0.0,1.946151087537911,0.746031746031746,0.5793650793650794,0.0,1.0,chop_high_vol,0.5175846513899754,0.0
16_time_of_day_session_effect,242,2016-07-15 12:00:00+00:00,2016-07-16 00:00:00+00:00,1.916916131761584,0.746031746031746,0.5793650793650794,0.0,1.0,chop_high_vol,0.5046977492832665,0.0,2.0986472915878496,0.6587301587301587,0.12301587301587301,0.0,1.0,chop,0.465207964016822,0.0
16_time_of_day_session_effect,243,2016-07-16 12:00:00+00:00,2016-07-17 00:00:00+00:00,2.047699198235131,0.6587301587301587,0.12698412698412698,0.0,1.0,chop,0.45204587720130024,0.0,2.3395084651758804,0.6190476190476191,0.5555555555555556,0.0,1.0,chop,0.6417899693960014,0.0
16_time_of_day_session_effect,244,2016-07-17 12:00:00+00:00,2016-07-18 00:00:00+00:00,2.416106404180838,0.6190476190476191,0.5555555555555556,0.0,1.0,chop,0.6295314508164532,0.0,2.7350369051734056,0.6031746031746031,0.4880952380952381,0.0,1.0,chop,0.5362676807124519,0.0
16_time_of_day_session_effect,245,2016-07-18 12:00:00+00:00,2016-07-19 00:00:00+00:00,2.742655937412656,0.6031746031746031,0.49206349206349204,0.0,1.0,chop,0.523887820211761,0.0,2.965725638346832,0.5873015873015873,0.3373015873015873,0.0,1.0,chop,0.49017432042747666,0.0
16_time_of_day_session_effect,246,2016-07-19 12:00:00+00:00,2016-07-20 00:00:00+00:00,2.9579415339803052,0.5873015873015873,0.3412698412698413,0.0,1.0,chop,0.47736512730990477,0.0,2.8985808425583337,0.5793650793650794,0.6746031746031746,0.0,1.0,chop,0.45504227233972805,0.0
16_time_of_day_session_effect,247,2016-07-20 12:00:00+00:00,2016-07-21 00:00:00+00:00,2.81838380875576,0.5793650793650794,0.6746031746031746,0.0,1.0,chop,0.4419349003824941,0.0,3.56036317450038,0.5714285714285714,0.32142857142857145,0.0,1.0,chop,0.3426743730172708,0.0
16_time_of_day_session_effect,248,2016-07-21 12:00:00+00:00,2016-07-22 00:00:00+00:00,3.4542086509386962,0.5714285714285714,0.3253968253968254,0.0,1.0,chop,0.3274083375432798,0.0,3.6288741908581503,0.5634920634920635,0.8015873015873016,0.0,1.0,chop,0.15890123615160187,0.0
16_time_of_day_session_effect,249,2016-07-22 12:00:00+00:00,2016-07-23 00:00:00+00:00,3.331554454010109,0.5634920634920635,0.8015873015873016,0.0,1.0,chop,0.13830776058498548,0.0,3.449092568722917,0.5555555555555556,0.49206349206349204,0.0,1.0,chop,0.19380949018108132,0.0
16_time_of_day_session_effect,250,2016-07-23 12:00:00+00:00,2016-07-24 00:00:00+00:00,3.2416298560115204,0.5555555555555556,0.49206349206349204,0.0,1.0,chop,0.17403738607038943,0.0,2.980603734189952,0.5476190476190477,0.746031746031746,0.0,1.0,chop,0.24848705552612552,0.0
16_time_of_day_session_effect,251,2016-07-24 12:00:00+00:00,2016-07-25 00:00:00+00:00,2.8871303843407787,0.5476190476190477,0.746031746031746,0.0,1.0,chop,0.23002966491863294,0.0,2.576053714964938,0.5396825396825397,0.5634920634920635,0.0,1.0,chop,0.11494354715313161,0.0
16_time_of_day_session_effect,252,2016-09-13 12:00:00+00:00,2016-09-14 00:00:00+00:00,2.1731338570640695,0.2619047619047619,0.5396825396825397,0.0,1.0,chop_low_vol,0.278773084773114,0.0,2.1865198653126083,0.25793650793650796,0.07539682539682539,0.0,1.0,chop_low_vol,0.29990790221578983,0.0
16_time_of_day_session_effect,253,2016-09-14 12:00:00+00:00,2016-09-15 00:00:00+00:00,2.1827829632245606,0.2619047619047619,0.07936507936507936,0.0,1.0,chop_low_vol,0.3135221574542688,0.0,2.123642527072361,0.27380952380952384,0.15476190476190477,0.0,1.0,chop_low_vol,0.33869016481945685,0.0
16_time_of_day_session_effect,254,2016-09-15 12:00:00+00:00,2016-09-16 00:00:00+00:00,2.0584313727982884,0.2777777777777778,0.15873015873015872,0.0,1.0,chop_low_vol,0.3601205422796946,0.0,2.070109061576089,0.24206349206349206,0.24603174603174602,0.0,1.0,chop_low_vol,0.4783765030134742,0.0
16_time_of_day_session_effect,255,2016-09-16 12:00:00+00:00,2016-09-17 00:00:00+00:00,2.004278524277792,0.24603174603174602,0.24603174603174602,0.0,1.0,chop_low_vol,0.49940068434222723,0.0,2.649311573380069,0.24206349206349206,0.011904761904761904,0.0,1.0,chop_low_vol,0.49071990139197436,0.0
16_time_of_day_session_effect,256,2016-09-17 12:00:00+00:00,2016-09-18 00:00:00+00:00,2.544144795807775,0.24603174603174602,0.015873015873015872,0.0,1.0,chop_low_vol,0.5126027780426139,0.0,2.8314556194486573,0.25793650793650796,0.07936507936507936,0.0,1.0,chop_low_vol,0.6560567455694336,0.0
16_time_of_day_session_effect,257,2016-09-18 12:00:00+00:00,2016-09-19 00:00:00+00:00,2.8194549975981524,0.2619047619047619,0.07936507936507936,0.0,1.0,chop_low_vol,0.6804427363419489,0.0,2.8613464338576833,0.25,0.12301587301587301,0.0,1.0,chop_low_vol,0.5664691731119549,0.0
16_time_of_day_session_effect,258,2016-09-19 12:00:00+00:00,2016-09-20 00:00:00+00:00,2.823511463290851,0.25396825396825395,0.12698412698412698,0.0,1.0,chop_low_vol,0.5884392211644383,0.0,2.9241557668233504,0.23809523809523808,0.3412698412698413,0.0,1.0,chop_low_vol,0.5720442371571669,0.0
16_time_of_day_session_effect,259,2016-09-20 12:00:00+00:00,2016-09-21 00:00:00+00:00,2.8557555889291235,0.23809523809523808,0.3412698412698413,0.0,1.0,chop_low_vol,0.5894677054710356,0.0,2.1977302853082175,0.30158730158730157,0.4880952380952381,0.0,1.0,chop,0.019168467349893453,0.0
16_time_of_day_session_effect,260,2016-09-21 12:00:00+00:00,2016-09-22 00:00:00+00:00,1.8774724414130333,0.30158730158730157,0.49206349206349204,0.0,1.0,chop,0.036598112589118076,0.0,1.930001601688736,0.2857142857142857,0.28174603174603174,0.0,1.0,chop_low_vol,-0.19312651901996228,0.0
16_time_of_day_session_effect,261,2016-09-22 12:00:00+00:00,2016-09-23 00:00:00+00:00,1.580314187120024,0.2857142857142857,0.2857142857142857,0.0,1.0,chop_low_vol,-0.1761076741355228,0.0,1.3620902903629488,0.08333333333333333,0.11507936507936507,0.0,1.0,chop_low_vol,0.14153415874776104,0.0
16_time_of_day_session_effect,262,2016-09-23 12:00:00+00:00,2016-09-24 00:00:00+00:00,1.272369210390635,0.0873015873015873,0.11904761904761904,0.0,1.0,chop_low_vol,0.16332056571554676,0.0,1.1931619511091935,0.03571428571428571,0.003968253968253968,0.0,1.0,chop_low_vol,0.1764741514158306,0.0
16_time_of_day_session_effect,263,2016-09-24 12:00:00+00:00,2016-09-25 00:00:00+00:00,1.1097258389322768,0.03968253968253968,0.007936507936507936,0.0,1.0,chop_low_vol,0.1991976003352454,0.0,1.391499566093668,0.03571428571428571,0.003968253968253968,0.0,1.0,chop_low_vol,0.14882306938002507,0.0
16_time_of_day_session_effect,264,2016-09-25 12:00:00+00:00,2016-09-26 00:00:00+00:00,1.2214965822762065,0.03968253968253968,0.007936507936507936,0.0,1.0,chop_low_vol,0.17287073151333138,0.0,1.1658344767533189,0.08333333333333333,0.15873015873015872,0.0,1.0,chop_low_vol,0.46111284499281213,0.0
16_time_of_day_session_effect,265,2016-09-26 12:00:00+00:00,2016-09-27 00:00:00+00:00,1.2800254744664006,0.0873015873015873,0.15873015873015872,0.0,1.0,chop_low_vol,0.4922434634597243,0.0,1.2875301942847013,0.08333333333333333,0.09126984126984126,0.0,1.0,chop_low_vol,0.7201750237331982,0.0
16_time_of_day_session_effect,266,2016-09-27 12:00:00+00:00,2016-09-28 00:00:00+00:00,1.3122191418113223,0.0873015873015873,0.09523809523809523,0.0,1.0,chop_low_vol,0.7529054612742418,0.0,1.2832154784587027,0.003968253968253968,0.08333333333333333,0.0,1.0,chop_low_vol,0.858777499759242,0.0
16_time_of_day_session_effect,267,2016-09-28 12:00:00+00:00,2016-09-29 00:00:00+00:00,1.2517233804167238,0.007936507936507936,0.0873015873015873,0.0,1.0,chop_low_vol,0.8946786758573865,0.0,1.3350512713165945,0.003968253968253968,0.14682539682539683,0.0,1.0,chop_low_vol,0.8953327764527935,0.0
16_time_of_day_session_effect,268,2016-09-29 12:00:00+00:00,2016-09-30 00:00:00+00:00,1.3354659076990314,0.007936507936507936,0.15079365079365079,0.0,1.0,chop_low_vol,0.9004267386013396,0.0,1.3428790283299503,0.01984126984126984,0.15476190476190477,0.0,1.0,chop_low_vol,1.2747564692423157,0.0
16_time_of_day_session_effect,269,2016-09-30 12:00:00+00:00,2016-10-01 00:00:00+00:00,1.4618859157013753,0.023809523809523808,0.15873015873015872,0.0,1.0,chop_low_vol,1.2580431580244322,0.0,1.5793330215154724,0.003968253968253968,0.17063492063492064,0.0,1.0,chop_low_vol,1.4729743214081916,0.0
16_time_of_day_session_effect,270,2016-10-01 12:00:00+00:00,2016-10-02 00:00:00+00:00,1.7815039091332647,0.007936507936507936,0.1746031746031746,0.0,1.0,chop_low_vol,1.486789697521349,0.0,1.9048894031550552,0.011904761904761904,0.04365079365079365,0.0,1.0,chop_low_vol,1.3131488024785967,0.0
16_time_of_day_session_effect,271,2016-10-02 12:00:00+00:00,2016-10-03 00:00:00+00:00,1.9732264792731022,0.015873015873015872,0.047619047619047616,0.0,1.0,chop_low_vol,1.300766633029275,0.0,2.0394646724121444,0.01984126984126984,0.07539682539682539,0.0,1.0,chop_low_vol,1.4506659344788986,0.0
16_time_of_day_session_effect,272,2016-10-03 12:00:00+00:00,2016-10-04 00:00:00+00:00,2.120531920811767,0.023809523809523808,0.07936507936507936,0.0,1.0,chop_low_vol,1.428682817285554,0.0,2.0878718488035246,0.027777777777777776,0.12301587301587301,0.0,1.0,chop_low_vol,2.3393568441740933,0.0
16_time_of_day_session_effect,273,2016-10-04 12:00:00+00:00,2016-10-05 00:00:00+00:00,2.088836946591798,0.031746031746031744,0.12698412698412698,0.0,1.0,chop_low_vol,2.2742093356516215,0.0,2.650749179920974,0.011904761904761904,0.3373015873015873,0.0,1.0,chop_low_vol,2.3432541846665087,0.0
16_time_of_day_session_effect,274,2016-10-05 12:00:00+00:00,2016-10-06 00:00:00+00:00,2.720342273482956,0.015873015873015872,0.3412698412698413,0.0,1.0,chop_low_vol,2.2710602405941436,0.0,2.8207240670734195,0.01984126984126984,0.20238095238095238,0.0,1.0,trend,2.568972378355576,0.0
16_time_of_day_session_effect,275,2016-10-06 12:00:00+00:00,2016-10-07 00:00:00+00:00,2.8830927408561142,0.023809523809523808,0.20634920634920634,0.0,1.0,trend,2.4787909810617985,0.0,3.299953568455006,0.051587301587301584,0.2976190476190476,0.0,1.0,trend,2.5901595077648163,0.0
16_time_of_day_session_effect,276,2016-10-07 12:00:00+00:00,2016-10-08 00:00:00+00:00,3.492072374390427,0.05555555555555555,0.30158730158730157,0.0,1.0,trend,2.4982159102778234,0.0,3.55033559834572,0.027777777777777776,0.051587301587301584,0.0,1.0,trend,2.495192066318862,0.0
16_time_of_day_session_effect,277,2016-10-08 12:00:00+00:00,2016-10-09 00:00:00+00:00,3.7521163806686393,0.031746031746031744,0.05555555555555555,0.0,1.0,trend,2.4121443580788267,0.0,3.7948323045639243,0.05952380952380952,0.04365079365079365,0.0,1.0,trend,2.243306088261836,0.0
16_time_of_day_session_effect,278,2016-10-09 12:00:00+00:00,2016-10-10 00:00:00+00:00,3.8570369747347772,0.06349206349206349,0.047619047619047616,0.0,1.0,trend,2.178087951419782,0.0,4.60729569571556,0.06746031746031746,0.3611111111111111,0.0,1.0,trend,2.202219811748262,0.0
16_time_of_day_session_effect,279,2016-10-10 12:00:00+00:00,2016-10-11 00:00:00+00:00,4.736233591558693,0.07142857142857142,0.36507936507936506,0.0,1.0,trend,2.1402083787118955,0.0,3.4858774605946135,0.11507936507936507,0.6706349206349206,0.0,1.0,trend,2.7847978090696808,0.0
16_time_of_day_session_effect,280,2016-10-11 12:00:00+00:00,2016-10-12 00:00:00+00:00,4.06550093174459,0.11904761904761904,0.6746031746031746,0.0,1.0,trend,2.6766845749579358,0.0,4.219391120954548,0.12301587301587301,0.6190476190476191,0.0,1.0,trend,2.4522293981878365,0.0
16_time_of_day_session_effect,281,2016-10-12 12:00:00+00:00,2016-10-13 00:00:00+00:00,4.5317286538963355,0.12698412698412698,0.6190476190476191,0.0,1.0,trend,2.3732536656133174,0.0,4.8473273625456335,0.11507936507936507,0.3134920634920635,0.0,1.0,trend,2.263637729969779,0.0
16_time_of_day_session_effect,282,2016-10-13 12:00:00+00:00,2016-10-14 00:00:00+00:00,5.09309225032282,0.11904761904761904,0.31746031746031744,0.0,1.0,trend,2.205338969042879,0.0,5.426090887731167,0.13095238095238096,0.23412698412698413,0.0,1.0,trend,2.2961009621060295,0.0
16_time_of_day_session_effect,283,2016-10-14 12:00:00+00:00,2016-10-15 00:00:00+00:00,5.685151045126536,0.1349206349206349,0.23809523809523808,0.0,1.0,trend,2.240240636688536,0.0,6.171170832044315,0.12301587301587301,0.04365079365079365,0.0,1.0,trend,2.1310904776262145,0.0
16_time_of_day_session_effect,284,2016-10-15 12:00:00+00:00,2016-10-16 00:00:00+00:00,6.322165757085605,0.12698412698412698,0.047619047619047616,0.0,1.0,trend,2.081044211495112,0.0,6.522037561835427,0.10714285714285714,0.06746031746031746,0.0,1.0,trend,2.123732824344348,0.0
16_time_of_day_session_effect,285,2016-10-16 12:00:00+00:00,2016-10-17 00:00:00+00:00,6.688859417634756,0.1111111111111111,0.07142857142857142,0.0,1.0,trend,2.0751898717860127,0.0,6.643687021060091,0.11507936507936507,0.25,0.0,1.0,trend,1.9394327356468208,0.0
16_time_of_day_session_effect,286,2016-10-17 12:00:00+00:00,2016-10-18 00:00:00+00:00,6.6892001128738805,0.11904761904761904,0.25396825396825395,0.0,1.0,trend,1.9019751877190367,0.0,6.791566140914828,0.11507936507936507,0.376984126984127,0.0,1.0,trend,1.7305423922059897,0.0
16_time_of_day_session_effect,287,2016-10-18 12:00:00+00:00,2016-10-19 00:00:00+00:00,6.770390356967126,0.11904761904761904,0.38095238095238093,0.0,1.0,trend,1.698739504066078,0.0,6.049965443749364,0.17063492063492064,0.4246031746031746,0.0,1.0,trend,1.3369416817902113,0.0
16_time_of_day_session_effect,288,2016-10-19 12:00:00+00:00,2016-10-20 00:00:00+00:00,5.8411449010606,0.1746031746031746,0.42857142857142855,0.0,1.0,trend,1.314906573101399,0.0,5.665159000150356,0.17063492063492064,0.24206349206349206,0.0,1.0,trend,1.3384933042987845,0.0
16_time_of_day_session_effect,289,2016-10-20 12:00:00+00:00,2016-10-21 00:00:00+00:00,5.481222724205047,0.1746031746031746,0.24603174603174602,0.0,1.0,trend,1.316826096679443,0.0,5.551566191603423,0.17063492063492064,0.21031746031746032,0.0,1.0,trend,1.3494770052209515,0.0
16_time_of_day_session_effect,290,2016-10-21 12:00:00+00:00,2016-10-22 00:00:00+00:00,5.421710036230841,0.1746031746031746,0.21428571428571427,0.0,1.0,trend,1.3264320453623288,0.0,4.085150739978827,0.4007936507936508,0.5595238095238095,0.0,1.0,trend,2.0183118488319267,0.0
16_time_of_day_session_effect,291,2016-10-22 12:00:00+00:00,2016-10-23 00:00:00+00:00,4.391689697173762,0.40476190476190477,0.5634920634920635,0.0,1.0,trend,1.9730705583880332,0.0,4.787318366261887,0.4087301587301587,0.19444444444444445,0.0,1.0,trend,1.922331448830122,0.0
16_time_of_day_session_effect,292,2016-10-23 12:00:00+00:00,2016-10-24 00:00:00+00:00,5.016816950378378,0.4126984126984127,0.1984126984126984,0.0,1.0,trend,1.8803559380733372,0.0,5.1165501200407615,0.4166666666666667,0.376984126984127,0.0,1.0,trend,1.8052499251817415,0.0
16_time_of_day_session_effect,293,2016-10-24 12:00:00+00:00,2016-10-25 00:00:00+00:00,5.223572675664215,0.42063492063492064,0.38095238095238093,0.0,1.0,trend,1.7689207661961452,0.0,7.0703596173042245,0.4246031746031746,0.6706349206349206,0.0,1.0,trend,1.6983690149283832,0.0
16_time_of_day_session_effect,294,2016-10-25 12:00:00+00:00,2016-10-26 00:00:00+00:00,7.236953895844847,0.42857142857142855,0.6746031746031746,0.0,1.0,trend,1.6660457308654604,0.0,6.064994547039708,0.5436507936507936,0.6706349206349206,0.0,1.0,trend,2.2835696104183136,0.0
16_time_of_day_session_effect,295,2016-10-26 12:00:00+00:00,2016-10-27 00:00:00+00:00,6.4893374461831135,0.5476190476190477,0.6746031746031746,0.0,1.0,trend,2.2297510448716222,0.0,6.202583458079723,0.5515873015873016,0.7182539682539683,0.0,1.0,trend,2.383311101446806,0.0
16_time_of_day_session_effect,296,2016-10-27 12:00:00+00:00,2016-10-28 00:00:00+00:00,6.624221066385594,0.5555555555555556,0.7222222222222222,0.0,1.0,trend,2.3210614594055814,0.0,7.199768527995477,0.5595238095238095,0.5992063492063492,0.0,1.0,trend,2.196556328136307,0.0
16_time_of_day_session_effect,297,2016-10-28 12:00:00+00:00,2016-10-29 00:00:00+00:00,7.537629578059984,0.5634920634920635,0.6031746031746031,0.0,1.0,trend,2.146465385286188,0.0,6.298546580324482,0.5912698412698413,0.8888888888888888,0.0,1.0,trend,2.6627723637522402,0.0
16_time_of_day_session_effect,298,2016-10-29 12:00:00+00:00,2016-10-30 00:00:00+00:00,6.76671542087613,0.5952380952380952,0.8888888888888888,0.0,1.0,trend,2.5756481849180775,0.0,6.598073167416449,0.5992063492063492,0.75,0.0,1.0,trend,2.221062132379417,0.0
16_time_of_day_session_effect,299,2016-10-30 12:00:00+00:00,2016-10-31 00:00:00+00:00,6.786949111074357,0.6031746031746031,0.753968253968254,0.0,1.0,trend,2.1654109933915646,0.0,7.042117499489246,0.5674603174603174,0.7341269841269841,0.0,1.0,trend,2.1446405092051823,0.0
16_time_of_day_session_effect,300,2016-10-31 12:00:00+00:00,2016-11-01 00:00:00+00:00,7.156973682015043,0.5714285714285714,0.7380952380952381,0.0,1.0,trend,2.096756961043566,0.0,5.933939688605913,0.6150793650793651,0.8611111111111112,0.0,1.0,trend,2.4795873779368183,0.0
16_time_of_day_session_effect,301,2016-11-01 12:00:00+00:00,2016-11-02 00:00:00+00:00,6.230262419043728,0.6190476190476191,0.8650793650793651,0.0,1.0,trend,2.412566174382316,0.0,6.384489902929947,0.623015873015873,0.6388888888888888,0.0,1.0,trend,2.328771141610189,0.0
16_time_of_day_session_effect,302,2016-11-02 12:00:00+00:00,2016-11-03 00:00:00+00:00,6.680783636267967,0.626984126984127,0.6428571428571429,0.0,1.0,trend,2.2613188327701055,0.0,5.220223566482508,0.6626984126984127,0.9603174603174603,0.0,1.0,trend,1.2059416639343576,0.0
16_time_of_day_session_effect,303,2016-11-03 12:00:00+00:00,2016-11-04 00:00:00+00:00,5.037526039533162,0.6666666666666666,0.9603174603174603,0.0,1.0,trend,1.185347087200972,0.0,4.578976422466297,0.6706349206349206,0.7658730158730159,0.0,1.0,trend,1.4533336805412664,0.0
16_time_of_day_session_effect,304,2016-11-04 12:00:00+00:00,2016-11-05 00:00:00+00:00,4.515732280194218,0.6746031746031746,0.7698412698412699,0.0,1.0,trend,1.4263212753944639,0.0,5.100678505328629,0.6785714285714286,0.1865079365079365,0.0,1.0,trend,1.404756826922122,0.0
16_time_of_day_session_effect,305,2016-11-05 12:00:00+00:00,2016-11-06 00:00:00+00:00,5.022622036931363,0.6825396825396826,0.19047619047619047,0.0,1.0,trend,1.3801627167889268,0.0,4.747093237329421,0.6865079365079365,0.3373015873015873,0.0,1.0,trend,1.5178302299440236,0.0
16_time_of_day_session_effect,306,2016-11-06 12:00:00+00:00,2016-11-07 00:00:00+00:00,4.722970746356363,0.6904761904761905,0.3412698412698413,0.0,1.0,trend,1.48932401229404,0.0,4.569879814123064,0.6944444444444444,0.4246031746031746,0.0,1.0,trend,1.5654481407247751,0.0
16_time_of_day_session_effect,307,2016-11-07 12:00:00+00:00,2016-11-08 00:00:00+00:00,4.475526146239877,0.6984126984126984,0.42857142857142855,0.0,1.0,trend,1.5342920932763313,0.0,4.332377641681747,0.6944444444444444,0.6071428571428571,0.0,1.0,trend,1.6868888804687594,0.0
16_time_of_day_session_effect,308,2016-11-08 12:00:00+00:00,2016-11-09 00:00:00+00:00,4.284362933550991,0.6984126984126984,0.6111111111111112,0.0,1.0,trend,1.6511994554587595,0.0,4.446898484305359,0.7103174603174603,0.8928571428571429,0.0,1.0,trend_high_vol,1.8751945704820647,0.0
16_time_of_day_session_effect,309,2016-11-09 12:00:00+00:00,2016-11-10 00:00:00+00:00,4.479185103542553,0.7142857142857143,0.8968253968253969,0.0,1.0,trend_high_vol,1.8312708372426607,0.0,4.556304757816861,0.7182539682539683,0.4722222222222222,0.0,1.0,trend_high_vol,1.724491588603474,0.0
16_time_of_day_session_effect,310,2016-11-10 12:00:00+00:00,2016-11-11 00:00:00+00:00,4.510507746313295,0.7222222222222222,0.47619047619047616,0.0,1.0,trend_high_vol,1.6895891840295523,0.0,4.472946064808109,0.6626984126984127,0.4007936507936508,0.0,1.0,trend,1.671012951834319,0.0
16_time_of_day_session_effect,311,2016-11-11 12:00:00+00:00,2016-11-12 00:00:00+00:00,4.423613523972131,0.6666666666666666,0.40476190476190477,0.0,1.0,trend,1.6374088061224141,0.0,4.706892284496386,0.6706349206349206,0.4246031746031746,0.0,1.0,trend,1.3998273933255865,0.0
16_time_of_day_session_effect,312,2016-11-12 12:00:00+00:00,2016-11-13 00:00:00+00:00,4.557485873852455,0.6746031746031746,0.42857142857142855,0.0,1.0,trend,1.3748677360890404,0.0,4.659848514594911,0.6706349206349206,0.6468253968253969,0.0,1.0,trend,1.295483397717873,0.0
16_time_of_day_session_effect,313,2016-11-13 12:00:00+00:00,2016-11-14 00:00:00+00:00,4.4887669928172995,0.6746031746031746,0.6507936507936508,0.0,1.0,trend,1.2732922044068757,0.0,4.279437239477774,0.6706349206349206,0.4007936507936508,0.0,1.0,chop,1.7581428061882753,0.0
16_time_of_day_session_effect,314,2016-11-14 12:00:00+00:00,2016-11-15 00:00:00+00:00,4.150408452650916,0.6746031746031746,0.40476190476190477,0.0,1.0,chop,1.7215408865475161,0.0,4.675314078868423,0.6626984126984127,0.5436507936507936,0.0,1.0,trend,1.77299098542335,0.0
16_time_of_day_session_effect,315,2016-11-15 12:00:00+00:00,2016-11-16 00:00:00+00:00,4.597297887129208,0.6666666666666666,0.5476190476190477,0.0,1.0,trend,1.735451359611376,0.0,4.030432626791916,0.7579365079365079,0.9523809523809523,0.0,1.0,chop_high_vol,2.244863403132555,0.0
16_time_of_day_session_effect,316,2016-11-16 12:00:00+00:00,2016-11-17 00:00:00+00:00,4.20770264130221,0.7619047619047619,0.9523809523809523,0.0,1.0,chop_high_vol,2.183460587482055,0.0,6.048729816818258,0.7658730158730159,0.8650793650793651,0.0,1.0,trend_high_vol,2.1402856496848743,0.0
16_time_of_day_session_effect,317,2016-11-17 12:00:00+00:00,2016-11-18 00:00:00+00:00,6.188304738036609,0.7698412698412699,0.8650793650793651,0.0,1.0,trend_high_vol,2.0845222962902734,0.0,6.598946553558031,0.6785714285714286,0.7619047619047619,0.0,1.0,trend,2.266948918163384,0.0
16_time_of_day_session_effect,318,2016-11-18 12:00:00+00:00,2016-11-19 00:00:00+00:00,6.801522047610599,0.6825396825396826,0.7619047619047619,0.0,1.0,trend,2.2047746667130275,0.0,6.977390550582762,0.6706349206349206,0.873015873015873,0.0,1.0,trend,2.147290415029938,0.0
16_time_of_day_session_effect,319,2016-11-19 12:00:00+00:00,2016-11-20 00:00:00+00:00,7.111483018424604,0.6746031746031746,0.873015873015873,0.0,1.0,trend,2.092874376450874,0.0,6.5234577396164495,0.7261904761904762,0.9603174603174603,0.0,1.0,trend_high_vol,1.7465680407191349,0.0
16_time_of_day_session_effect,320,2016-11-20 12:00:00+00:00,2016-11-21 00:00:00+00:00,6.387859025038331,0.7301587301587301,0.9603174603174603,0.0,1.0,trend_high_vol,1.7156123349633685,0.0,6.294439479845552,0.6626984126984127,0.3531746031746032,0.0,1.0,trend,1.7997802116045014,0.0
16_time_of_day_session_effect,321,2016-11-21 12:00:00+00:00,2016-11-22 00:00:00+00:00,6.243219001825403,0.6666666666666666,0.35714285714285715,0.0,1.0,trend,1.7700134858657692,0.0,5.987768099960084,0.6706349206349206,0.8968253968253969,0.0,1.0,trend,1.9020914608470139,0.0
16_time_of_day_session_effect,322,2016-11-22 12:00:00+00:00,2016-11-23 00:00:00+00:00,6.039482540919183,0.6746031746031746,0.8968253968253969,0.0,1.0,trend,1.8667114075879823,0.0,6.400099155418483,0.5992063492063492,0.5912698412698413,0.0,1.0,trend,1.9319627158153438,0.0
16_time_of_day_session_effect,323,2016-11-23 12:00:00+00:00,2016-11-24 00:00:00+00:00,6.348964729118638,0.6031746031746031,0.5952380952380952,0.0,1.0,trend,1.896363929832025,0.0,6.459105323761782,0.5753968253968254,0.7063492063492064,0.0,1.0,trend,1.801445582935169,0.0
16_time_of_day_session_effect,324,2016-11-24 12:00:00+00:00,2016-11-25 00:00:00+00:00,6.344395962581849,0.5793650793650794,0.7063492063492064,0.0,1.0,trend,1.7724694570011592,0.0,6.209952206705961,0.5753968253968254,0.4722222222222222,0.0,1.0,trend,1.8610423058891132,0.0
16_time_of_day_session_effect,325,2016-11-25 12:00:00+00:00,2016-11-26 00:00:00+00:00,6.106851228741342,0.5793650793650794,0.47619047619047616,0.0,1.0,trend,1.8289050350063445,0.0,6.250899670063227,0.5753968253968254,0.21031746031746032,0.0,1.0,trend,1.7064046273772255,0.0
16_time_of_day_session_effect,326,2016-11-26 12:00:00+00:00,2016-11-27 00:00:00+00:00,6.068380834594041,0.5793650793650794,0.21428571428571427,0.0,1.0,trend,1.679153194249187,0.0,5.867714274240142,0.5753968253968254,0.17857142857142858,0.0,1.0,trend,1.6037381193894695,0.0
16_time_of_day_session_effect,327,2016-11-27 12:00:00+00:00,2016-11-28 00:00:00+00:00,5.659315655396666,0.5793650793650794,0.18253968253968253,0.0,1.0,trend,1.579995697028917,0.0,5.448677622265101,0.5753968253968254,0.39285714285714285,0.0,1.0,trend,1.4996470717113928,0.0
16_time_of_day_session_effect,328,2016-11-28 12:00:00+00:00,2016-11-29 00:00:00+00:00,5.302031481058049,0.5793650793650794,0.3968253968253968,0.0,1.0,trend,1.4795003965694569,0.0,5.461007134520877,0.5674603174603174,0.5119047619047619,0.0,1.0,trend,1.4800465883631388,0.0
16_time_of_day_session_effect,329,2016-11-29 12:00:00+00:00,2016-11-30 00:00:00+00:00,5.311259103427186,0.5714285714285714,0.5158730158730159,0.0,1.0,trend,1.459236578729334,0.0,6.592889884124856,0.5753968253968254,0.7103174603174603,0.0,1.0,trend,1.7476450385212934,0.0
16_time_of_day_session_effect,330,2016-11-30 12:00:00+00:00,2016-12-01 00:00:00+00:00,6.561804363021978,0.5793650793650794,0.7142857142857143,0.0,1.0,trend,1.7193023879745155,0.0,6.077456921356967,0.5793650793650794,0.6706349206349206,0.0,1.0,trend,1.8910652275562563,0.0
16_time_of_day_session_effect,331,2016-12-01 12:00:00+00:00,2016-12-02 00:00:00+00:00,6.1750058897067674,0.5793650793650794,0.6746031746031746,0.0,1.0,trend,1.859967609104546,0.0,5.785907862501311,0.626984126984127,0.9126984126984127,0.0,1.0,trend,2.052564286087558,0.0
16_time_of_day_session_effect,332,2016-12-02 12:00:00+00:00,2016-12-03 00:00:00+00:00,6.075998717307116,0.626984126984127,0.9126984126984127,0.0,1.0,trend,2.0147813090484323,0.0,5.937823621679823,0.626984126984127,0.5317460317460317,0.0,1.0,trend,1.8782529488105644,0.0
16_time_of_day_session_effect,333,2016-12-03 12:00:00+00:00,2016-12-04 00:00:00+00:00,6.059975211473754,0.626984126984127,0.5317460317460317,0.0,1.0,trend,1.8421801028487141,0.0,7.287569966926898,0.623015873015873,0.34523809523809523,0.0,1.0,trend,1.8446962279290149,0.0
16_time_of_day_session_effect,334,2016-12-04 12:00:00+00:00,2016-12-05 00:00:00+00:00,7.407953942353943,0.626984126984127,0.3492063492063492,0.0,1.0,trend,1.8098420337672452,0.0,6.981507793845135,0.6587301587301587,0.8690476190476191,0.0,1.0,trend,1.573318526333515,0.0
16_time_of_day_session_effect,335,2016-12-05 12:00:00+00:00,2016-12-06 00:00:00+00:00,6.856223444075697,0.6587301587301587,0.873015873015873,0.0,1.0,trend,1.546419334731411,0.0,7.22614796880157,0.45634920634920634,0.9007936507936508,0.0,1.0,trend,1.655502882863871,0.0
16_time_of_day_session_effect,336,2016-12-06 12:00:00+00:00,2016-12-07 00:00:00+00:00,7.162392305663071,0.4603174603174603,0.9047619047619048,0.0,1.0,trend,1.6256298614515925,0.0,7.328042440352046,0.45634920634920634,0.8214285714285714,0.0,1.0,trend,1.5836595470832753,0.0
16_time_of_day_session_effect,337,2016-12-07 12:00:00+00:00,2016-12-08 00:00:00+00:00,7.298094348047543,0.4603174603174603,0.8253968253968254,0.0,1.0,trend,1.5561535397274768,0.0,7.404394971333022,0.4166666666666667,0.6626984126984127,0.0,1.0,trend,1.614041671498005,0.0
16_time_of_day_session_effect,338,2016-12-08 12:00:00+00:00,2016-12-09 00:00:00+00:00,7.386061883645199,0.42063492063492064,0.6666666666666666,0.0,1.0,trend,1.5866501160785706,0.0,7.3216380931331955,0.4246031746031746,0.5079365079365079,0.0,1.0,trend,1.6812635265989766,0.0
16_time_of_day_session_effect,339,2016-12-09 12:00:00+00:00,2016-12-10 00:00:00+00:00,7.3036747024700555,0.42857142857142855,0.5079365079365079,0.0,1.0,trend,1.6518712723718652,0.0,7.651669013369901,0.3134920634920635,0.1865079365079365,0.0,1.0,trend,1.645102405586277,0.0
16_time_of_day_session_effect,340,2016-12-10 12:00:00+00:00,2016-12-11 00:00:00+00:00,7.631285875871752,0.31746031746031744,0.19047619047619047,0.0,1.0,trend,1.6136033843688886,0.0,7.453532569835551,0.3134920634920635,0.2896825396825397,0.0,1.0,trend,1.5175845166287985,0.0
16_time_of_day_session_effect,341,2016-12-11 12:00:00+00:00,2016-12-12 00:00:00+00:00,7.336604472227065,0.31746031746031744,0.29365079365079366,0.0,1.0,trend,1.4910421851124818,0.0,6.8147739809844055,0.3134920634920635,0.6349206349206349,0.0,1.0,trend,1.5678447873994872,0.0
16_time_of_day_session_effect,342,2016-12-12 12:00:00+00:00,2016-12-13 00:00:00+00:00,6.835357595268241,0.31746031746031744,0.6349206349206349,0.0,1.0,trend,1.5404545055321186,0.0,6.824787289624606,0.3134920634920635,0.7103174603174603,0.0,1.0,trend,1.5801514478431264,0.0
16_time_of_day_session_effect,343,2016-12-13 12:00:00+00:00,2016-12-14 00:00:00+00:00,6.8190022080777695,0.31746031746031744,0.7142857142857143,0.0,1.0,trend,1.5520576696253243,0.0,7.531963721487637,0.2896825396825397,0.623015873015873,0.0,1.0,trend,1.4966100846471568,0.0
16_time_of_day_session_effect,344,2016-12-14 12:00:00+00:00,2016-12-15 00:00:00+00:00,7.508865059416308,0.29365079365079366,0.626984126984127,0.0,1.0,trend,1.4716462196549023,0.0,8.184600007774682,0.3055555555555556,0.7142857142857143,0.0,1.0,trend,1.7029479128073866,0.0
16_time_of_day_session_effect,345,2016-12-15 12:00:00+00:00,2016-12-16 00:00:00+00:00,8.076100101708908,0.30952380952380953,0.7142857142857143,0.0,1.0,trend,1.6715982360685357,0.0,9.77305631034922,0.2896825396825397,0.7380952380952381,0.0,1.0,trend,1.6635647227218648,0.0
16_time_of_day_session_effect,346,2016-12-16 12:00:00+00:00,2016-12-17 00:00:00+00:00,9.758431677568904,0.29365079365079366,0.7380952380952381,0.0,1.0,trend,1.6347548202636504,0.0,9.911346354065126,0.2896825396825397,0.6507936507936508,0.0,1.0,trend,1.6845669996839483,0.0
16_time_of_day_session_effect,347,2016-12-17 12:00:00+00:00,2016-12-18 00:00:00+00:00,9.97304258670071,0.29365079365079366,0.6507936507936508,0.0,1.0,trend,1.6568707542556165,0.0,10.382431403706725,0.2896825396825397,0.3531746031746032,0.0,1.0,trend,1.6296202866797558,0.0
16_time_of_day_session_effect,348,2016-12-18 12:00:00+00:00,2016-12-19 00:00:00+00:00,10.384656296399216,0.29365079365079366,0.35714285714285715,0.0,1.0,trend,1.6076049827728567,0.0,13.024613747726509,0.2896825396825397,0.5793650793650794,0.0,1.0,trend,1.5677001293420914,0.0
16_time_of_day_session_effect,349,2016-12-19 12:00:00+00:00,2016-12-20 00:00:00+00:00,13.027636745114972,0.29365079365079366,0.5793650793650794,0.0,1.0,trend,1.5481318680259148,0.0,12.525682023048562,0.2896825396825397,0.8571428571428571,0.0,1.0,trend,1.7186846780678753,0.0
16_time_of_day_session_effect,350,2016-12-20 12:00:00+00:00,2016-12-21 00:00:00+00:00,12.670277292305435,0.29365079365079366,0.8571428571428571,0.0,1.0,trend,1.6963648526659507,0.0,8.578675565310698,0.5753968253968254,0.9841269841269841,0.0,1.0,trend,2.094662490029102,0.0
16_time_of_day_session_effect,351,2016-12-21 12:00:00+00:00,2016-12-22 00:00:00+00:00,9.1155149467004,0.5793650793650794,0.9841269841269841,0.0,1.0,trend,2.050558744072935,0.0,7.4273959553694935,0.6468253968253969,1.0,0.0,1.0,trend,2.3874562955138248,0.0
16_time_of_day_session_effect,352,2016-12-22 12:00:00+00:00,2016-12-23 00:00:00+00:00,8.047369701208673,0.6507936507936508,1.0,0.0,1.0,trend,2.327595850987975,0.0,5.963900622645172,0.8214285714285714,1.0,0.0,1.0,trend_high_vol,2.862938440640111,0.0
16_time_of_day_session_effect,353,2016-12-23 12:00:00+00:00,2016-12-24 00:00:00+00:00,6.664836443131569,0.8253968253968254,1.0,0.0,1.0,trend_high_vol,2.7671749731647255,0.0,6.543384535030468,0.8293650793650794,0.9444444444444444,0.0,1.0,trend_high_vol,2.4467335624093094,0.0
16_time_of_day_session_effect,354,2016-12-24 12:00:00+00:00,2016-12-25 00:00:00+00:00,6.883794788313978,0.8333333333333334,0.9444444444444444,0.0,1.0,trend_high_vol,2.3848076686372104,0.0,7.285602789619044,0.8293650793650794,0.9523809523809523,0.0,1.0,trend_high_vol,2.2923410091689433,0.0
16_time_of_day_session_effect,355,2016-12-25 12:00:00+00:00,2016-12-26 00:00:00+00:00,7.515950720700198,0.8333333333333334,0.9523809523809523,0.0,1.0,trend_high_vol,2.2327834421242003,0.0,7.716644177079301,0.8333333333333334,0.8809523809523809,0.0,1.0,trend_high_vol,2.2875348272219096,0.0
16_time_of_day_session_effect,356,2016-12-26 12:00:00+00:00,2016-12-27 00:00:00+00:00,7.942861668280016,0.8333333333333334,0.8809523809523809,0.0,1.0,trend_high_vol,2.2266208147272466,0.0,7.1903877896613695,0.8412698412698413,0.9761904761904762,0.0,1.0,trend_high_vol,2.36871929484244,0.0
16_time_of_day_session_effect,357,2016-12-27 12:00:00+00:00,2016-12-28 00:00:00+00:00,7.463075999216567,0.8412698412698413,0.9761904761904762,0.0,1.0,trend_high_vol,2.3035947261242313,0.0,6.455680594717175,0.8571428571428571,0.9920634920634921,0.0,1.0,trend_high_vol,2.592148761320207,0.0
16_time_of_day_session_effect,358,2016-12-28 12:00:00+00:00,2016-12-29 00:00:00+00:00,6.80340383725699,0.8571428571428571,0.9920634920634921,0.0,1.0,trend_high_vol,2.505376859779445,0.0,7.150100821046708,0.8571428571428571,0.9761904761904762,0.0,1.0,trend_high_vol,2.290949118754288,0.0
16_time_of_day_session_effect,359,2016-12-29 12:00:00+00:00,2016-12-30 00:00:00+00:00,7.390587564955129,0.8571428571428571,0.9761904761904762,0.0,1.0,trend_high_vol,2.228598087937097,0.0,7.5230728931774395,0.8650793650793651,0.9682539682539683,0.0,1.0,trend_high_vol,2.1146021273016555,0.0
16_time_of_day_session_effect,360,2016-12-30 12:00:00+00:00,2016-12-31 00:00:00+00:00,7.6276445549680085,0.8650793650793651,0.9682539682539683,0.0,1.0,trend_high_vol,2.062819579682737,0.0,7.8283793486771796,0.8571428571428571,0.7777777777777778,0.0,1.0,trend_high_vol,2.0311466426941234,0.0
16_time_of_day_session_effect,361,2016-12-31 12:00:00+00:00,2017-01-01 00:00:00+00:00,7.892775167480061,0.8571428571428571,0.7777777777777778,0.0,1.0,trend_high_vol,1.9814092225633866,0.0,6.980376392877373,0.9206349206349206,0.9206349206349206,0.0,1.0,trend_high_vol,2.1964892653925476,0.0
16_time_of_day_session_effect,362,2017-01-01 12:00:00+00:00,2017-01-02 00:00:00+00:00,7.1362232083433765,0.9206349206349206,0.9206349206349206,0.0,1.0,trend_high_vol,2.137712897442812,0.0,6.767266227944509,0.9206349206349206,0.9841269841269841,0.0,1.0,trend_high_vol,2.258418176211781,0.0
16_time_of_day_session_effect,363,2017-01-02 12:00:00+00:00,2017-01-03 00:00:00+00:00,6.941404358660393,0.9206349206349206,0.9841269841269841,0.0,1.0,trend_high_vol,2.205479082619325,0.0,6.799887318025448,0.9603174603174603,0.9523809523809523,0.0,1.0,trend_high_vol,2.2401834473755375,0.0
16_time_of_day_session_effect,364,2017-01-03 12:00:00+00:00,2017-01-04 00:00:00+00:00,6.982172301302133,0.9603174603174603,0.9523809523809523,0.0,1.0,trend_high_vol,2.1857618334403512,0.0,5.795573888284124,1.0,1.0,0.0,1.0,chop_high_vol,2.7999191052016124,0.0
16_time_of_day_session_effect,365,2017-01-04 12:00:00+00:00,2017-01-05 00:00:00+00:00,6.183801646109616,1.0,1.0,0.0,1.0,chop_high_vol,2.7046299299025183,0.0,5.7646919851116225,1.0,1.0,0.0,1.0,chop_high_vol,1.6636330790112654,0.0
16_time_of_day_session_effect,366,2017-01-05 12:00:00+00:00,2017-01-06 00:00:00+00:00,5.673276821315603,1.0,1.0,0.0,1.0,chop_high_vol,1.6343653581363757,0.0,5.446244914494667,1.0,0.9920634920634921,0.0,1.0,chop_high_vol,0.8552358655712677,0.0
16_time_of_day_session_effect,367,2017-01-06 12:00:00+00:00,2017-01-07 00:00:00+00:00,5.052692213607413,1.0,0.9920634920634921,0.0,1.0,chop_high_vol,0.8411732933934445,0.0,4.833346269913542,0.9920634920634921,0.9761904761904762,0.0,1.0,chop_high_vol,0.8765055708442842,0.0
16_time_of_day_session_effect,368,2017-01-07 12:00:00+00:00,2017-01-08 00:00:00+00:00,4.506464313056398,0.9920634920634921,0.9761904761904762,0.0,1.0,chop_high_vol,0.8621769701738103,0.0,4.2004165218760665,0.9841269841269841,0.8968253968253969,0.0,1.0,chop_high_vol,0.8681065672507657,0.0
16_time_of_day_session_effect,369,2017-01-08 12:00:00+00:00,2017-01-09 00:00:00+00:00,3.9284821500176537,0.9841269841269841,0.8968253968253969,0.0,1.0,chop_high_vol,0.8536701918559342,0.0,3.7098205898300045,1.0,0.8571428571428571,0.0,1.0,chop_high_vol,0.7026068336776419,0.0
16_time_of_day_session_effect,370,2017-01-09 12:00:00+00:00,2017-01-10 00:00:00+00:00,3.449587981784896,1.0,0.8571428571428571,0.0,1.0,chop_high_vol,0.6894656794745868,0.0,3.3511240191823615,0.9682539682539683,0.7777777777777778,0.0,1.0,chop_high_vol,0.7111592122905667,0.0
16_time_of_day_session_effect,371,2017-01-10 12:00:00+00:00,2017-01-11 00:00:00+00:00,3.134065696010766,0.9682539682539683,0.7777777777777778,0.0,1.0,chop_high_vol,0.6980064017831482,0.0,2.464883017060239,1.0,0.9761904761904762,0.0,1.0,chop_high_vol,-0.5381316179957518,0.0
16_time_of_day_session_effect,372,2017-01-11 12:00:00+00:00,2017-01-12 00:00:00+00:00,1.9191964611842418,1.0,0.9761904761904762,0.0,1.0,chop_high_vol,-0.5539874737861826,0.0,1.3865281735264046,0.9920634920634921,0.9444444444444444,0.0,1.0,chop_high_vol,-0.3309918583196229,0.0
16_time_of_day_session_effect,373,2017-01-12 12:00:00+00:00,2017-01-13 00:00:00+00:00,1.0488643457345217,0.9920634920634921,0.9444444444444444,0.0,1.0,chop_high_vol,-0.3478733684142624,0.0,0.7673698862855698,0.9920634920634921,0.8888888888888888,0.0,1.0,chop_high_vol,-0.15380832351096993,0.0
16_time_of_day_session_effect,374,2017-01-13 12:00:00+00:00,2017-01-14 00:00:00+00:00,0.5514613570520387,0.9920634920634921,0.8888888888888888,0.0,1.0,chop_high_vol,-0.16716106490323418,0.0,0.34182735697065086,0.9920634920634921,0.6587301587301587,0.0,1.0,chop_high_vol,-0.2343451641061769,0.0
16_time_of_day_session_effect,375,2017-01-14 12:00:00+00:00,2017-01-15 00:00:00+00:00,0.15330455920014027,0.9920634920634921,0.6587301587301587,0.0,1.0,chop_high_vol,-0.24778182285633474,0.0,0.006678055666064296,0.9682539682539683,0.44047619047619047,0.0,1.0,chop_high_vol,-0.2238650049217227,0.0
16_time_of_day_session_effect,376,2017-01-15 12:00:00+00:00,2017-01-16 00:00:00+00:00,0.15623796101253715,0.9682539682539683,0.4444444444444444,0.0,1.0,chop_high_vol,-0.23364126784048508,0.0,0.26347253381520325,0.9603174603174603,0.5714285714285714,0.0,1.0,chop_high_vol,-0.14680047698004167,0.0
16_time_of_day_session_effect,377,2017-01-16 12:00:00+00:00,2017-01-17 00:00:00+00:00,0.3578491615738845,0.9603174603174603,0.5714285714285714,0.0,1.0,chop_high_vol,-0.15698872518648074,0.0,0.18005557749758982,1.0,0.8571428571428571,0.0,1.0,chop_high_vol,0.44882303352004166,0.0
16_time_of_day_session_effect,378,2017-01-17 12:00:00+00:00,2017-01-18 00:00:00+00:00,0.077853140310567,1.0,0.8571428571428571,0.0,1.0,chop_high_vol,0.43777688135294535,0.0,0.043321791171766,1.0,0.9444444444444444,0.0,1.0,chop_high_vol,0.23271290238277376,0.0
16_time_of_day_session_effect,379,2017-01-18 12:00:00+00:00,2017-01-19 00:00:00+00:00,0.0007565658659637453,1.0,0.9444444444444444,0.0,1.0,chop_high_vol,0.22243509897637323,0.0,0.08678835152178564,1.0,0.7063492063492064,0.0,1.0,chop_high_vol,0.4021357654478552,0.0
16_time_of_day_session_effect,380,2017-01-19 12:00:00+00:00,2017-01-20 00:00:00+00:00,0.16507166663925332,1.0,0.7063492063492064,0.0,1.0,chop_high_vol,0.3900382677678565,0.0,0.2832195911878213,1.0,0.5952380952380952,0.0,1.0,chop_high_vol,0.3150083488280922,0.0
16_time_of_day_session_effect,381,2017-01-20 12:00:00+00:00,2017-01-21 00:00:00+00:00,0.34688240717791996,1.0,0.5952380952380952,0.0,1.0,chop_high_vol,0.3031970530012568,0.0,0.4747604943443115,0.9761904761904762,0.7301587301587301,0.0,1.0,chop_high_vol,0.5491066253621432,0.0
16_time_of_day_session_effect,382,2017-01-21 12:00:00+00:00,2017-01-22 00:00:00+00:00,0.6141107681584769,0.9761904761904762,0.7301587301587301,0.0,1.0,chop_high_vol,0.5369008514283284,0.0,0.7460136019298389,0.9603174603174603,0.746031746031746,0.0,1.0,chop_high_vol,0.5524442581752044,0.0
16_time_of_day_session_effect,383,2017-01-22 12:00:00+00:00,2017-01-23 00:00:00+00:00,0.8644579192332709,0.9603174603174603,0.746031746031746,0.0,1.0,chop_high_vol,0.5403110841194262,0.0,0.9704719216254396,0.9523809523809523,0.42063492063492064,0.0,1.0,chop_high_vol,0.41365417634219565,0.0
16_time_of_day_session_effect,384,2017-01-23 12:00:00+00:00,2017-01-24 00:00:00+00:00,1.0500012326541377,0.9523809523809523,0.42063492063492064,0.0,1.0,chop_high_vol,0.40175132025532795,0.0,0.9759439885289678,0.8968253968253969,0.7222222222222222,0.0,1.0,chop_high_vol,0.14206022984160718,0.0
16_time_of_day_session_effect,385,2017-01-24 12:00:00+00:00,2017-01-25 00:00:00+00:00,0.9354608921115428,0.8968253968253969,0.7222222222222222,0.0,1.0,chop_high_vol,0.13091667799507886,0.0,1.3417666449201473,0.8492063492063492,0.746031746031746,0.0,1.0,chop_high_vol,0.3095404582211272,0.0
16_time_of_day_session_effect,386,2017-01-25 12:00:00+00:00,2017-01-26 00:00:00+00:00,1.3336826026551993,0.8492063492063492,0.746031746031746,0.0,1.0,chop_high_vol,0.2975026177147712,0.0,1.4739277646472728,0.8333333333333334,0.7777777777777778,0.0,1.0,chop_high_vol,0.5115417289779471,0.0
16_time_of_day_session_effect,387,2017-02-01 12:00:00+00:00,2017-02-02 00:00:00+00:00,4.045027594106465,0.7777777777777778,0.8253968253968254,0.0,1.0,chop_high_vol,0.9704393046783877,0.0,4.260449899519835,0.7698412698412699,0.8095238095238095,0.0,1.0,chop_high_vol,1.0942695300620984,0.0
16_time_of_day_session_effect,388,2017-02-02 12:00:00+00:00,2017-02-03 00:00:00+00:00,4.681032446674432,0.7698412698412699,0.8095238095238095,0.0,1.0,chop_high_vol,1.076913610751887,0.0,4.772027508411468,0.7619047619047619,0.9206349206349206,0.0,1.0,chop_high_vol,1.2284788895478402,0.0
16_time_of_day_session_effect,389,2017-02-03 12:00:00+00:00,2017-02-04 00:00:00+00:00,5.170089831686582,0.7619047619047619,0.9206349206349206,0.0,1.0,chop_high_vol,1.2105223350615495,0.0,6.008138324830958,0.7777777777777778,0.8253968253968254,0.0,1.0,trend_high_vol,1.321786116300504,0.0
16_time_of_day_session_effect,390,2017-02-04 12:00:00+00:00,2017-02-05 00:00:00+00:00,6.4079941609040265,0.7777777777777778,0.8253968253968254,0.0,1.0,trend_high_vol,1.3014989559708452,0.0,6.3676055485477026,0.7777777777777778,0.6587301587301587,0.0,1.0,trend_high_vol,1.1252898541428311,0.0
16_time_of_day_session_effect,391,2017-02-05 12:00:00+00:00,2017-02-06 00:00:00+00:00,6.5543758793652644,0.7777777777777778,0.6587301587301587,0.0,1.0,trend_high_vol,1.108803407977478,0.0,6.508164581148703,0.48412698412698413,0.6507936507936508,0.0,1.0,trend,1.1035381785637701,0.0
16_time_of_day_session_effect,392,2017-02-06 12:00:00+00:00,2017-02-07 00:00:00+00:00,6.687882597235776,0.48412698412698413,0.6507936507936508,0.0,1.0,trend,1.0871829162625994,0.0,7.1052099667985384,0.47619047619047616,0.7936507936507936,0.0,1.0,trend,1.2693714608552167,0.0
16_time_of_day_session_effect,393,2017-02-07 12:00:00+00:00,2017-02-08 00:00:00+00:00,7.359737771676441,0.47619047619047616,0.7936507936507936,0.0,1.0,trend,1.2499349781746938,0.0,7.881654355473373,0.46825396825396826,0.9206349206349206,0.0,1.0,trend,1.2187770585392486,0.0
16_time_of_day_session_effect,394,2017-02-08 12:00:00+00:00,2017-02-09 00:00:00+00:00,8.07176261604463,0.46825396825396826,0.9206349206349206,0.0,1.0,trend,1.2004528408519979,0.0,6.7280636659001445,0.6428571428571429,0.9920634920634921,0.0,1.0,trend,0.47848681424338896,0.0
16_time_of_day_session_effect,395,2017-02-09 12:00:00+00:00,2017-02-10 00:00:00+00:00,6.465619101807414,0.6428571428571429,0.9920634920634921,0.0,1.0,trend,0.4657209077638006,0.0,6.134863027393716,0.5714285714285714,0.8809523809523809,0.0,1.0,trend,0.3950430073242155,0.0
16_time_of_day_session_effect,396,2017-02-10 12:00:00+00:00,2017-02-11 00:00:00+00:00,5.870139138139287,0.5714285714285714,0.8809523809523809,0.0,1.0,chop,0.38231120321444967,0.0,5.32886467230734,0.5873015873015873,0.5555555555555556,0.0,1.0,chop,0.5503373889838996,0.0
16_time_of_day_session_effect,397,2017-02-11 12:00:00+00:00,2017-02-12 00:00:00+00:00,5.1865757172982345,0.5873015873015873,0.5555555555555556,0.0,1.0,chop,0.5376227874486336,0.0,4.989544778627599,0.5873015873015873,0.21428571428571427,0.0,1.0,chop,0.46362050499844143,0.0
16_time_of_day_session_effect,398,2017-02-12 12:00:00+00:00,2017-02-13 00:00:00+00:00,4.829401712498253,0.5873015873015873,0.21428571428571427,0.0,1.0,chop,0.45074331474470497,0.0,4.540643142635028,0.49206349206349204,0.5396825396825397,0.0,1.0,chop,0.4331373328348582,0.0
16_time_of_day_session_effect,399,2017-02-13 12:00:00+00:00,2017-02-14 00:00:00+00:00,4.354548373467766,0.49206349206349204,0.5396825396825397,0.0,1.0,chop,0.42080706383439154,0.0,4.9099089095944475,0.49206349206349204,0.7301587301587301,0.0,1.0,chop,0.5818486342713206,0.0
16_time_of_day_session_effect,400,2017-02-14 12:00:00+00:00,2017-02-15 00:00:00+00:00,4.794511147660881,0.49206349206349204,0.7301587301587301,0.0,1.0,chop,0.569164675826325,0.0,5.031768301493336,0.47619047619047616,0.4642857142857143,0.0,1.0,chop,0.5143824448168276,0.0
16_time_of_day_session_effect,401,2017-02-15 12:00:00+00:00,2017-02-16 00:00:00+00:00,4.929153348951445,0.47619047619047616,0.46825396825396826,0.0,1.0,chop,0.5019148326153915,0.0,4.9350042080377,0.49206349206349204,0.6507936507936508,0.0,1.0,chop,0.6503257338841192,0.0
16_time_of_day_session_effect,402,2017-02-16 12:00:00+00:00,2017-02-17 00:00:00+00:00,4.9509090237708975,0.49206349206349204,0.6507936507936508,0.0,1.0,chop,0.6374217575035754,0.0,4.97880043963319,0.5158730158730159,0.7142857142857143,0.0,1.0,chop,0.8781768364145628,0.0
16_time_of_day_session_effect,403,2017-02-17 12:00:00+00:00,2017-02-18 00:00:00+00:00,5.079734643830623,0.5158730158730159,0.7142857142857143,0.0,1.0,chop,0.8643424462716568,0.0,5.28758598295477,0.5079365079365079,0.49206349206349204,0.0,1.0,chop,0.9499990574825553,0.0
16_time_of_day_session_effect,404,2017-02-18 12:00:00+00:00,2017-02-19 00:00:00+00:00,5.3961881882735225,0.5079365079365079,0.49206349206349204,0.0,1.0,chop,0.9349369537375813,0.0,5.706411531325122,0.5317460317460317,0.29365079365079366,0.0,1.0,chop,0.8392975589678919,0.0
16_time_of_day_session_effect,405,2017-02-19 12:00:00+00:00,2017-02-20 00:00:00+00:00,5.733592526519181,0.5317460317460317,0.29365079365079366,0.0,1.0,chop,0.8251462156801893,0.0,5.269033581119993,0.42063492063492064,0.5634920634920635,0.0,1.0,chop,1.199403051412662,0.0
16_time_of_day_session_effect,406,2017-02-20 12:00:00+00:00,2017-02-21 00:00:00+00:00,5.441853159737585,0.42063492063492064,0.5634920634920635,0.0,1.0,chop,1.179491154047264,0.0,5.36772163222086,0.4365079365079365,0.8650793650793651,0.0,1.0,chop,1.5700963960830983,0.0
16_time_of_day_session_effect,407,2017-02-21 12:00:00+00:00,2017-02-22 00:00:00+00:00,5.652376885803301,0.4365079365079365,0.8650793650793651,0.0,1.0,chop,1.5439568146033844,0.0,5.887956829543401,0.42857142857142855,0.6984126984126984,0.0,1.0,chop,1.5933375876866156,0.0
16_time_of_day_session_effect,408,2017-02-22 12:00:00+00:00,2017-02-23 00:00:00+00:00,6.1019514210073655,0.42857142857142855,0.6984126984126984,0.0,1.0,trend,1.563033937350239,0.0,6.882195683905521,0.48412698412698413,0.873015873015873,0.0,1.0,trend,1.8715968580878393,0.0
16_time_of_day_session_effect,409,2017-02-23 12:00:00+00:00,2017-02-24 00:00:00+00:00,7.294563675132818,0.48412698412698413,0.873015873015873,0.0,1.0,trend,1.8285212013140786,0.0,7.635029373682214,0.46825396825396826,0.9682539682539683,0.0,1.0,trend,1.7954444593025618,0.0
16_time_of_day_session_effect,410,2017-02-24 12:00:00+00:00,2017-02-25 00:00:00+00:00,7.96844320884273,0.46825396825396826,0.9682539682539683,0.0,1.0,trend,1.7569072354351514,0.0,7.9343796824350274,0.5396825396825397,0.7063492063492064,0.0,1.0,trend,1.4321988796219105,0.0
16_time_of_day_session_effect,411,2017-02-25 12:00:00+00:00,2017-02-26 00:00:00+00:00,8.01021859877037,0.5396825396825397,0.7063492063492064,0.0,1.0,trend,1.4104266151972757,0.0,7.57845487135067,0.5634920634920635,0.5793650793650794,0.0,1.0,trend,1.6021448223606944,0.0
16_time_of_day_session_effect,412,2017-02-26 12:00:00+00:00,2017-02-27 00:00:00+00:00,7.705436052716956,0.5634920634920635,0.5793650793650794,0.0,1.0,trend,1.5808815949055046,0.0,7.649023775677489,0.5158730158730159,0.6428571428571429,0.0,1.0,trend,1.6898817083759703,0.0
16_time_of_day_session_effect,413,2017-02-27 12:00:00+00:00,2017-02-28 00:00:00+00:00,7.784662315815204,0.5158730158730159,0.6428571428571429,0.0,1.0,trend,1.661531811814082,0.0,8.376529093562079,0.5158730158730159,0.8333333333333334,0.0,1.0,trend,1.6737090825784435,0.0
16_time_of_day_session_effect,414,2017-02-28 12:00:00+00:00,2017-03-01 00:00:00+00:00,8.457270553364857,0.5158730158730159,0.8333333333333334,0.0,1.0,trend,1.6445304047355611,0.0,7.366255850119209,0.30952380952380953,0.9285714285714286,0.0,1.0,trend,2.0124958660631043,0.0
16_time_of_day_session_effect,415,2017-03-01 12:00:00+00:00,2017-03-02 00:00:00+00:00,7.566743366679595,0.30952380952380953,0.9285714285714286,0.0,1.0,trend,1.966713614334158,0.0,7.580159809819952,0.31746031746031744,0.9841269841269841,0.0,1.0,trend,2.291078992445564,0.0
16_time_of_day_session_effect,416,2017-03-02 12:00:00+00:00,2017-03-03 00:00:00+00:00,7.817868961238674,0.31746031746031744,0.9841269841269841,0.0,1.0,trend,2.2333471070375497,0.0,7.940645227378555,0.31746031746031744,0.9523809523809523,0.0,1.0,trend,2.4106323691927942,0.0
16_time_of_day_session_effect,417,2017-03-03 12:00:00+00:00,2017-03-04 00:00:00+00:00,8.188001253042199,0.31746031746031744,0.9523809523809523,0.0,1.0,trend,2.348234334015314,0.0,8.197204923434748,0.3253968253968254,0.8015873015873016,0.0,1.0,trend,2.151110613264329,0.0
16_time_of_day_session_effect,418,2017-03-04 12:00:00+00:00,2017-03-05 00:00:00+00:00,8.282396775592485,0.3253968253968254,0.8015873015873016,0.0,1.0,trend,2.107684602378459,0.0,8.212528594640522,0.30952380952380953,0.626984126984127,0.0,1.0,trend,2.1791937634689194,0.0
16_time_of_day_session_effect,419,2017-03-05 12:00:00+00:00,2017-03-06 00:00:00+00:00,8.290534296465172,0.30952380952380953,0.626984126984127,0.0,1.0,trend,2.162213656337735,0.0,9.200839881057494,0.30158730158730157,0.7222222222222222,0.0,1.0,trend,2.1548126002133934,0.0
16_time_of_day_session_effect,420,2017-03-06 12:00:00+00:00,2017-03-07 00:00:00+00:00,9.25516550511824,0.30158730158730157,0.7222222222222222,0.0,1.0,trend,2.1015966113343962,0.0,9.19790445842819,0.38095238095238093,0.9365079365079365,0.0,1.0,trend,1.7770348001216842,0.0
16_time_of_day_session_effect,421,2017-03-07 12:00:00+00:00,2017-03-08 00:00:00+00:00,8.995791116471743,0.38095238095238093,0.9365079365079365,0.0,1.0,trend,1.7372536947541533,0.0,7.322427619760939,0.7380952380952381,0.9603174603174603,0.0,1.0,trend_high_vol,1.2247015817760594,0.0
16_time_of_day_session_effect,422,2017-03-08 12:00:00+00:00,2017-03-09 00:00:00+00:00,6.88227249270861,0.7380952380952381,0.9603174603174603,0.0,1.0,trend_high_vol,1.2040114839270464,0.0,6.640677098402274,0.7380952380952381,0.8650793650793651,0.0,1.0,trend_high_vol,1.500864041593224,0.0
16_time_of_day_session_effect,423,2017-03-09 12:00:00+00:00,2017-03-10 00:00:00+00:00,6.400428392839801,0.7380952380952381,0.8650793650793651,0.0,1.0,chop_high_vol,1.471981660193348,0.0,5.303764716535762,0.7857142857142857,1.0,0.0,1.0,chop_high_vol,0.9413719107095987,0.0
16_time_of_day_session_effect,424,2017-03-10 12:00:00+00:00,2017-03-11 00:00:00+00:00,4.870388915091343,0.7857142857142857,1.0,0.0,1.0,chop_high_vol,0.9261522511628362,0.0,4.136025281979647,0.7857142857142857,0.9126984126984127,0.0,1.0,chop_high_vol,1.3367586036911245,0.0
16_time_of_day_session_effect,425,2017-03-11 12:00:00+00:00,2017-03-12 00:00:00+00:00,3.9845720730940126,0.7857142857142857,0.9126984126984127,0.0,1.0,chop_high_vol,1.3128338168728348,0.0,3.649583100445982,0.7857142857142857,0.873015873015873,0.0,1.0,chop_high_vol,1.6118030492810422,0.0
16_time_of_day_session_effect,426,2017-03-12 12:00:00+00:00,2017-03-13 00:00:00+00:00,3.6447834061187354,0.7857142857142857,0.873015873015873,0.0,1.0,chop_high_vol,1.5948845113335992,0.0,3.669166494724354,0.7698412698412699,0.9761904761904762,0.0,1.0,chop_high_vol,1.633538543643463,0.0
16_time_of_day_session_effect,427,2017-03-13 12:00:00+00:00,2017-03-14 00:00:00+00:00,3.678228284431647,0.7698412698412699,0.9761904761904762,0.0,1.0,chop_high_vol,1.6125489783926412,0.0,3.619057360074127,0.7698412698412699,0.8809523809523809,0.0,1.0,chop_high_vol,1.6468297055195416,0.0
16_time_of_day_session_effect,428,2017-03-14 12:00:00+00:00,2017-03-15 00:00:00+00:00,3.632230637513322,0.7698412698412699,0.8809523809523809,0.0,1.0,chop_high_vol,1.6227227249241822,0.0,3.907028001778984,0.753968253968254,0.9126984126984127,0.0,1.0,chop_high_vol,1.6782453279545246,0.0
16_time_of_day_session_effect,429,2017-03-15 12:00:00+00:00,2017-03-16 00:00:00+00:00,3.928830386568299,0.753968253968254,0.9126984126984127,0.0,1.0,chop_high_vol,1.6556525427254807,0.0,3.6886265905103786,0.7857142857142857,1.0,0.0,1.0,chop_high_vol,1.0127419094243209,0.0
16_time_of_day_session_effect,430,2017-03-16 12:00:00+00:00,2017-03-17 00:00:00+00:00,3.521050125519623,0.7857142857142857,1.0,0.0,1.0,chop_high_vol,1.000563794886906,0.0,2.9456565233409924,0.7936507936507936,1.0,0.0,1.0,chop_high_vol,0.2794332700045724,0.0
16_time_of_day_session_effect,431,2017-03-17 12:00:00+00:00,2017-03-18 00:00:00+00:00,2.576936866649729,0.7936507936507936,1.0,0.0,1.0,chop_high_vol,0.2648896607894786,0.0,1.740883741980427,0.8333333333333334,0.9841269841269841,0.0,1.0,chop_high_vol,-0.8682744657517688,0.0
16_time_of_day_session_effect,432,2017-03-18 12:00:00+00:00,2017-03-19 00:00:00+00:00,1.1522410212970167,0.8333333333333334,0.9841269841269841,0.0,1.0,chop_high_vol,-0.8768312679844504,0.0,0.6782114246096296,0.8412698412698413,0.9523809523809523,0.0,1.0,chop_high_vol,-0.30844419897458236,0.0
16_time_of_day_session_effect,433,2017-03-19 12:00:00+00:00,2017-03-20 00:00:00+00:00,0.4019415033630979,0.8412698412698413,0.9523809523809523,0.0,1.0,chop_high_vol,-0.32306419144776977,0.0,0.18729955525075745,0.8412698412698413,0.8650793650793651,0.0,1.0,chop_high_vol,-0.20560672445431982,0.0
16_time_of_day_session_effect,434,2017-03-20 12:00:00+00:00,2017-03-21 00:00:00+00:00,0.007771354196147032,0.8412698412698413,0.8650793650793651,0.0,1.0,chop_high_vol,-0.21816445365221662,0.0,0.0046190384664822216,0.8412698412698413,0.9126984126984127,0.0,1.0,chop_high_vol,0.2621124216591097,0.0
16_time_of_day_session_effect,435,2017-03-21 12:00:00+00:00,2017-03-22 00:00:00+00:00,0.015041339885836611,0.8412698412698413,0.9126984126984127,0.0,1.0,chop_high_vol,0.2492372878016181,0.0,0.17896284066981683,0.8492063492063492,0.9444444444444444,0.0,1.0,chop_high_vol,-0.43774530026144953,0.0
16_time_of_day_session_effect,436,2017-03-22 12:00:00+00:00,2017-03-23 00:00:00+00:00,0.3244100755857506,0.8492063492063492,0.9444444444444444,0.0,1.0,chop_high_vol,-0.4485921464747702,0.0,0.4991613413040156,0.8412698412698413,0.8174603174603174,0.0,1.0,chop_high_vol,-0.5409550749083374,0.0
16_time_of_day_session_effect,437,2017-03-23 12:00:00+00:00,2017-03-24 00:00:00+00:00,0.6406087401450289,0.8412698412698413,0.8174603174603174,0.0,1.0,chop_high_vol,-0.5514509285379688,0.0,1.0390840720254302,0.8888888888888888,0.9603174603174603,0.0,1.0,chop_high_vol,-1.59937934544292,0.0
16_time_of_day_session_effect,438,2017-03-24 12:00:00+00:00,2017-03-25 00:00:00+00:00,1.3666591301355397,0.8888888888888888,0.9603174603174603,0.0,1.0,chop_high_vol,-1.5966603183263328,0.0,1.5524286562079503,0.8888888888888888,0.9523809523809523,0.0,1.0,chop_high_vol,-1.2359237391654867,0.0
16_time_of_day_session_effect,439,2017-03-25 12:00:00+00:00,2017-03-26 00:00:00+00:00,1.7319134768103006,0.8888888888888888,0.9523809523809523,0.0,1.0,chop_high_vol,-1.2496119406049475,0.0,2.0150361475830407,0.8809523809523809,0.8492063492063492,0.0,1.0,chop_high_vol,-1.3209069233977073,0.0
16_time_of_day_session_effect,440,2017-03-26 12:00:00+00:00,2017-03-27 00:00:00+00:00,2.1725128795551583,0.8809523809523809,0.8492063492063492,0.0,1.0,chop_high_vol,-1.3280983504698503,0.0,1.7485406120135674,0.8968253968253969,0.9126984126984127,0.0,1.0,chop_high_vol,-0.584308258196967,0.0
16_time_of_day_session_effect,441,2017-04-17 12:00:00+00:00,2017-04-18 00:00:00+00:00,5.327464274151295,0.16666666666666666,0.6746031746031746,0.0,1.0,trend,0.1717765656960959,0.0,5.2383160326272575,0.1746031746031746,0.6825396825396826,0.0,1.0,trend,0.3259504787933239,0.0
16_time_of_day_session_effect,442,2017-04-18 12:00:00+00:00,2017-04-19 00:00:00+00:00,5.3836380483722355,0.1746031746031746,0.6825396825396826,0.0,1.0,trend,0.31615220691917245,0.0,5.725706152206608,0.14285714285714285,0.7142857142857143,0.0,1.0,trend,0.39368599633145207,0.0
16_time_of_day_session_effect,443,2017-04-19 12:00:00+00:00,2017-04-20 00:00:00+00:00,5.813624133073899,0.14285714285714285,0.7142857142857143,0.0,1.0,trend,0.38387124330344274,0.0,7.765891849881019,0.06349206349206349,0.7698412698412699,0.0,1.0,trend,0.5644460293065564,0.0
16_time_of_day_session_effect,444,2017-04-20 12:00:00+00:00,2017-04-21 00:00:00+00:00,7.997471138884289,0.06349206349206349,0.7698412698412699,0.0,1.0,trend,0.5529312509090022,0.0,8.103869437282206,0.06349206349206349,0.6666666666666666,0.0,1.0,trend,0.4153905429197402,0.0
16_time_of_day_session_effect,445,2017-04-21 12:00:00+00:00,2017-04-22 00:00:00+00:00,8.191112132512183,0.06349206349206349,0.6666666666666666,0.0,1.0,trend,0.4068405651913247,0.0,7.813051071459536,0.047619047619047616,0.6349206349206349,0.0,1.0,trend,0.5016348227302204,0.0
16_time_of_day_session_effect,446,2017-04-22 12:00:00+00:00,2017-04-23 00:00:00+00:00,7.929174086753024,0.047619047619047616,0.6349206349206349,0.0,1.0,trend,0.4948518259254196,0.0,7.362422509130244,0.03968253968253968,0.6507936507936508,0.0,1.0,trend,0.23237078762852573,0.0
16_time_of_day_session_effect,447,2017-04-23 12:00:00+00:00,2017-04-24 00:00:00+00:00,7.220544656325695,0.03968253968253968,0.6507936507936508,0.0,1.0,trend,0.22878352192305892,0.0,5.723012095811499,0.05555555555555555,0.5873015873015873,0.0,1.0,trend,0.7884806428845912,0.0
16_time_of_day_session_effect,448,2017-04-24 12:00:00+00:00,2017-04-25 00:00:00+00:00,5.879860463735197,0.05555555555555555,0.5873015873015873,0.0,1.0,trend,0.7813124171560598,0.0,6.141136964893405,0.03968253968253968,0.6031746031746031,0.0,1.0,trend,1.0287261003803214,0.0
16_time_of_day_session_effect,449,2017-04-25 12:00:00+00:00,2017-04-26 00:00:00+00:00,6.338147321802585,0.03968253968253968,0.6031746031746031,0.0,1.0,trend,1.0170666169139397,0.0,6.213138694145341,0.007936507936507936,0.7936507936507936,0.0,1.0,trend,1.1892746429320113,0.0
16_time_of_day_session_effect,450,2017-04-26 12:00:00+00:00,2017-04-27 00:00:00+00:00,6.42774741488681,0.007936507936507936,0.7936507936507936,0.0,1.0,trend,1.1710949327404012,0.0,6.554588972031685,0.015873015873015872,0.9285714285714286,0.0,1.0,trend,1.483196683467581,0.0
16_time_of_day_session_effect,451,2017-04-27 12:00:00+00:00,2017-04-28 00:00:00+00:00,6.898891306342263,0.015873015873015872,0.9285714285714286,0.0,1.0,trend,1.4576972215437367,0.0,7.212703354768455,0.01984126984126984,0.9603174603174603,0.0,1.0,trend,1.400417551022472,0.0
16_time_of_day_session_effect,452,2017-04-28 12:00:00+00:00,2017-04-29 00:00:00+00:00,7.453018529853356,0.023809523809523808,0.9603174603174603,0.0,1.0,trend,1.3788448410549399,0.0,7.664396286904052,0.011904761904761904,0.8888888888888888,0.0,1.0,trend,1.4055731314878364,0.0
16_time_of_day_session_effect,453,2017-04-29 12:00:00+00:00,2017-04-30 00:00:00+00:00,7.8548269598098095,0.015873015873015872,0.8888888888888888,0.0,1.0,trend,1.3840638849792688,0.0,7.550767367909384,0.03571428571428571,0.873015873015873,0.0,1.0,trend,1.5942351729924793,0.0
16_time_of_day_session_effect,454,2017-04-30 12:00:00+00:00,2017-05-01 00:00:00+00:00,7.7967271740259925,0.03968253968253968,0.873015873015873,0.0,1.0,trend,1.571683794094891,0.0,6.435556975560199,0.11507936507936507,1.0,0.0,1.0,trend,2.2633224228928115,0.0
16_time_of_day_session_effect,455,2017-05-01 12:00:00+00:00,2017-05-02 00:00:00+00:00,6.853122936492908,0.11904761904761904,1.0,0.0,1.0,trend,2.214616061925009,0.0,6.980404455854912,0.14682539682539683,0.9126984126984127,0.0,1.0,trend,2.3900637588781874,0.0
16_time_of_day_session_effect,456,2017-05-02 12:00:00+00:00,2017-05-03 00:00:00+00:00,7.3876849404046725,0.15079365079365079,0.9126984126984127,0.0,1.0,trend,2.3387816855324375,0.0,6.983371425267105,0.09126984126984126,0.9682539682539683,0.0,1.0,trend,2.6099684350793333,0.0
16_time_of_day_session_effect,457,2017-05-03 12:00:00+00:00,2017-05-04 00:00:00+00:00,7.368221007149176,0.09523809523809523,0.9682539682539683,0.0,1.0,trend,2.53458077169605,0.0,7.185263883803225,0.15476190476190477,1.0,0.0,1.0,trend,2.9144110147706463,0.0
16_time_of_day_session_effect,458,2017-05-04 12:00:00+00:00,2017-05-05 00:00:00+00:00,7.582509415001073,0.15873015873015872,1.0,0.0,1.0,trend,2.810933518263442,0.0,7.730056268424895,0.17063492063492064,1.0,0.0,1.0,trend,2.8310198098138493,0.0
16_time_of_day_session_effect,459,2017-05-05 12:00:00+00:00,2017-05-06 00:00:00+00:00,8.05920920379817,0.1746031746031746,1.0,0.0,1.0,trend,2.734770422208884,0.0,8.088421425544519,0.1865079365079365,0.9444444444444444,0.0,1.0,trend,2.7631594670515565,0.0
16_time_of_day_session_effect,460,2017-05-06 12:00:00+00:00,2017-05-07 00:00:00+00:00,8.375121257946654,0.19047619047619047,0.9444444444444444,0.0,1.0,trend,2.6646152533110823,0.0,8.82936046999667,0.19444444444444445,1.0,0.0,1.0,trend,2.6562454500481665,0.0
16_time_of_day_session_effect,461,2017-05-07 12:00:00+00:00,2017-05-08 00:00:00+00:00,9.07879864952863,0.1984126984126984,1.0,0.0,1.0,trend,2.5600853155999994,0.0,7.786499457759744,0.42857142857142855,1.0,0.0,1.0,trend,3.0300384192054493,0.0
16_time_of_day_session_effect,462,2017-05-08 12:00:00+00:00,2017-05-09 00:00:00+00:00,8.209612546916603,0.42857142857142855,1.0,0.0,1.0,trend,2.89891991768756,0.0,8.335944551881406,0.42063492063492064,0.9920634920634921,0.0,1.0,trend,2.9618901207897186,0.0
16_time_of_day_session_effect,463,2017-05-09 12:00:00+00:00,2017-05-10 00:00:00+00:00,8.700101509397527,0.42063492063492064,0.9920634920634921,0.0,1.0,trend,2.8342448970075704,0.0,8.773705623102531,0.43253968253968256,0.9603174603174603,0.0,1.0,trend,2.819090965559986,0.0
16_time_of_day_session_effect,464,2017-05-10 12:00:00+00:00,2017-05-11 00:00:00+00:00,9.088145753842365,0.4365079365079365,0.9603174603174603,0.0,1.0,trend,2.7080613331718237,0.0,9.029609774933437,0.44047619047619047,0.9523809523809523,0.0,1.0,trend,2.7838188217590765,0.0
16_time_of_day_session_effect,465,2017-05-11 12:00:00+00:00,2017-05-12 00:00:00+00:00,9.358365741698647,0.4444444444444444,0.9523809523809523,0.0,1.0,trend,2.6784511648824716,0.0,8.413992788390788,0.5515873015873016,0.9444444444444444,0.0,1.0,trend,2.1730905361099864,0.0
16_time_of_day_session_effect,466,2017-05-12 12:00:00+00:00,2017-05-13 00:00:00+00:00,8.38618872149862,0.5555555555555556,0.9444444444444444,0.0,1.0,trend,2.1165116315124606,0.0,7.367577474600698,0.5595238095238095,0.8809523809523809,0.0,1.0,trend,2.3154130095141148,0.0
16_time_of_day_session_effect,467,2017-05-13 12:00:00+00:00,2017-05-14 00:00:00+00:00,7.447005315159851,0.5634920634920635,0.8809523809523809,0.0,1.0,trend,2.249183723484149,0.0,7.791633508166242,0.5515873015873016,0.8095238095238095,0.0,1.0,trend,2.1995866636673753,0.0
16_time_of_day_session_effect,468,2017-05-14 12:00:00+00:00,2017-05-15 00:00:00+00:00,7.832031845393928,0.5555555555555556,0.8095238095238095,0.0,1.0,trend,2.141351537991976,0.0,8.331775359851928,0.6150793650793651,0.9365079365079365,0.0,1.0,trend,1.8697755894159396,0.0
16_time_of_day_session_effect,469,2017-05-15 12:00:00+00:00,2017-05-16 00:00:00+00:00,8.205544116964,0.6190476190476191,0.9365079365079365,0.0,1.0,trend,1.8266917151413038,0.0,8.479437123686452,0.623015873015873,0.9761904761904762,0.0,1.0,trend,1.7469923702317296,0.0
16_time_of_day_session_effect,470,2017-05-16 12:00:00+00:00,2017-05-17 00:00:00+00:00,8.330198549057776,0.626984126984127,0.9761904761904762,0.0,1.0,trend,1.7085440260833464,0.0,7.293806848934493,0.6309523809523809,0.9761904761904762,0.0,1.0,trend,1.8749596752110251,0.0
16_time_of_day_session_effect,471,2017-05-17 12:00:00+00:00,2017-05-18 00:00:00+00:00,7.331043165387817,0.6349206349206349,0.9761904761904762,0.0,1.0,trend,1.8346528291782174,0.0,7.327041961868939,0.6388888888888888,0.9365079365079365,0.0,1.0,trend,1.944103849690616,0.0
16_time_of_day_session_effect,472,2017-05-18 12:00:00+00:00,2017-05-19 00:00:00+00:00,7.406042550005326,0.6428571428571429,0.9365079365079365,0.0,1.0,trend,1.8978800979396007,0.0,6.632046050489535,0.6626984126984127,0.9841269841269841,0.0,1.0,trend,2.0892859065110034,0.0
16_time_of_day_session_effect,473,2017-05-19 12:00:00+00:00,2017-05-20 00:00:00+00:00,6.798392456163044,0.6666666666666666,0.9841269841269841,0.0,1.0,trend,2.035033191607358,0.0,6.304748787556954,0.6785714285714286,0.9603174603174603,0.0,1.0,trend,2.1976142807458023,0.0
16_time_of_day_session_effect,474,2017-05-20 12:00:00+00:00,2017-05-21 00:00:00+00:00,6.518392676778049,0.6825396825396826,0.9603174603174603,0.0,1.0,trend,2.1355204765155507,0.0,6.651274384719054,0.6785714285714286,0.9761904761904762,0.0,1.0,trend,1.987203991217283,0.0
16_time_of_day_session_effect,475,2017-05-21 12:00:00+00:00,2017-05-22 00:00:00+00:00,6.7410314281941215,0.6825396825396826,0.9761904761904762,0.0,1.0,trend,1.9394234578458864,0.0,6.75572353466508,0.6944444444444444,1.0,0.0,1.0,trend,2.1357314370404445,0.0
16_time_of_day_session_effect,476,2017-05-22 12:00:00+00:00,2017-05-23 00:00:00+00:00,6.957039371789228,0.6984126984126984,1.0,0.0,1.0,trend,2.0805122210021776,0.0,6.246606543392275,0.7103174603174603,0.9920634920634921,0.0,1.0,trend_high_vol,2.3259870374784524,0.0
16_time_of_day_session_effect,477,2017-05-23 12:00:00+00:00,2017-05-24 00:00:00+00:00,6.510141432857268,0.7142857142857143,0.9920634920634921,0.0,1.0,trend_high_vol,2.267199900479338,0.0,6.137508140180953,0.7341269841269841,0.9920634920634921,0.0,1.0,trend_high_vol,2.4240520116088855,0.0
16_time_of_day_session_effect,478,2017-05-24 12:00:00+00:00,2017-05-25 00:00:00+00:00,6.414312336344755,0.7380952380952381,0.9920634920634921,0.0,1.0,trend_high_vol,2.355947999030403,0.0,6.643672829451622,0.7896825396825397,1.0,0.0,1.0,trend_high_vol,2.053762859051659,0.0
16_time_of_day_session_effect,479,2017-05-25 12:00:00+00:00,2017-05-26 00:00:00+00:00,6.712452845245327,0.7936507936507936,1.0,0.0,1.0,trend_high_vol,2.008556379059029,0.0,7.231668189823644,0.8055555555555556,0.9841269841269841,0.0,1.0,trend_high_vol,1.7472222051108122,0.0
16_time_of_day_session_effect,480,2017-05-26 12:00:00+00:00,2017-05-27 00:00:00+00:00,7.156722518012287,0.8095238095238095,0.9841269841269841,0.0,1.0,trend_high_vol,1.7119995260696805,0.0,7.106994652330425,0.8452380952380952,0.9682539682539683,0.0,1.0,trend_high_vol,1.3762566123628366,0.0
16_time_of_day_session_effect,481,2017-05-27 12:00:00+00:00,2017-05-28 00:00:00+00:00,6.842807831875304,0.8492063492063492,0.9682539682539683,0.0,1.0,trend_high_vol,1.3529534755325776,0.0,5.839580093474558,0.8293650793650794,0.9206349206349206,0.0,1.0,chop_high_vol,1.5491183587101691,0.0
16_time_of_day_session_effect,482,2017-05-28 12:00:00+00:00,2017-05-29 00:00:00+00:00,5.738417062383435,0.8333333333333334,0.9206349206349206,0.0,1.0,chop_high_vol,1.5215843575796644,0.0,5.423903047500217,0.8452380952380952,0.8968253968253969,0.0,1.0,chop_high_vol,1.6709510196615502,0.0
16_time_of_day_session_effect,483,2017-05-29 12:00:00+00:00,2017-05-30 00:00:00+00:00,5.4110240763015955,0.8492063492063492,0.8968253968253969,0.0,1.0,chop_high_vol,1.6401975135082916,0.0,5.247981622981773,0.8690476190476191,0.9603174603174603,0.0,1.0,chop_high_vol,1.4863593708124925,0.0
16_time_of_day_session_effect,484,2017-05-30 12:00:00+00:00,2017-05-31 00:00:00+00:00,5.147383257303099,0.873015873015873,0.9603174603174603,0.0,1.0,chop_high_vol,1.460182853900589,0.0,4.967297340835245,0.8888888888888888,0.9603174603174603,0.0,1.0,chop_high_vol,1.5957007446190548,0.0
16_time_of_day_session_effect,485,2017-05-31 12:00:00+00:00,2017-06-01 00:00:00+00:00,4.960336583487444,0.8888888888888888,0.9603174603174603,0.0,1.0,chop_high_vol,1.5662689636601688,0.0,4.626995558824412,0.8333333333333334,0.9603174603174603,0.0,1.0,chop_high_vol,1.7484637951581152,0.0
16_time_of_day_session_effect,486,2017-06-01 12:00:00+00:00,2017-06-02 00:00:00+00:00,4.694368500762334,0.8333333333333334,0.9603174603174603,0.0,1.0,chop_high_vol,1.7132191898890063,0.0,4.780992231704897,0.8174603174603174,0.9206349206349206,0.0,1.0,chop_high_vol,1.7724002055571777,0.0
16_time_of_day_session_effect,487,2017-06-02 12:00:00+00:00,2017-06-03 00:00:00+00:00,4.875343170341177,0.8174603174603174,0.9206349206349206,0.0,1.0,chop_high_vol,1.7352861340743435,0.0,5.198015557180579,0.8095238095238095,0.9444444444444444,0.0,1.0,chop_high_vol,1.7395491885437542,0.0
16_time_of_day_session_effect,488,2017-06-03 12:00:00+00:00,2017-06-04 00:00:00+00:00,5.276585072673441,0.8095238095238095,0.9444444444444444,0.0,1.0,chop_high_vol,1.7044582352271158,0.0,5.499715231417682,0.7857142857142857,0.9206349206349206,0.0,1.0,chop_high_vol,1.6657277795046674,0.0
16_time_of_day_session_effect,489,2017-06-04 12:00:00+00:00,2017-06-05 00:00:00+00:00,5.539013194088106,0.7857142857142857,0.9206349206349206,0.0,1.0,chop_high_vol,1.633681152597783,0.0,5.307304589224148,0.8412698412698413,0.9206349206349206,0.0,1.0,chop_high_vol,1.8360457033847928,0.0
16_time_of_day_session_effect,490,2017-06-05 12:00:00+00:00,2017-06-06 00:00:00+00:00,5.445861769174612,0.8412698412698413,0.9206349206349206,0.0,1.0,chop_high_vol,1.7960288948950236,0.0,5.3704181059197715,0.8492063492063492,0.9920634920634921,0.0,1.0,chop_high_vol,1.9397559619090523,0.0
16_time_of_day_session_effect,491,2017-06-06 12:00:00+00:00,2017-06-07 00:00:00+00:00,5.577370113739085,0.8492063492063492,0.9920634920634921,0.0,1.0,chop_high_vol,1.895566100771031,0.0,5.985169753030182,0.8888888888888888,0.9365079365079365,0.0,1.0,trend_high_vol,1.7036327020392656,0.0
16_time_of_day_session_effect,492,2017-06-07 12:00:00+00:00,2017-06-08 00:00:00+00:00,6.03816178148355,0.8888888888888888,0.9365079365079365,0.0,1.0,trend_high_vol,1.6697830422923756,0.0,6.26272555995167,0.8492063492063492,0.873015873015873,0.0,1.0,trend_high_vol,1.7644228370234731,0.0
16_time_of_day_session_effect,493,2017-06-08 12:00:00+00:00,2017-06-09 00:00:00+00:00,6.336273957235288,0.8492063492063492,0.873015873015873,0.0,1.0,trend_high_vol,1.7282077793664814,0.0,6.781095159353322,0.8174603174603174,0.8888888888888888,0.0,1.0,trend_high_vol,1.735916034464539,0.0
16_time_of_day_session_effect,494,2017-06-09 12:00:00+00:00,2017-06-10 00:00:00+00:00,6.830126434070779,0.8174603174603174,0.8888888888888888,0.0,1.0,trend_high_vol,1.7010659893982711,0.0,7.0485910433052394,0.8333333333333334,0.9841269841269841,0.0,1.0,trend_high_vol,1.8104666379098682,0.0
16_time_of_day_session_effect,495,2017-06-10 12:00:00+00:00,2017-06-11 00:00:00+00:00,7.160505752994619,0.8333333333333334,0.9841269841269841,0.0,1.0,trend_high_vol,1.7730322560638643,0.0,8.017356372583262,0.753968253968254,0.9603174603174603,0.0,1.0,trend_high_vol,1.749100633253786,0.0
16_time_of_day_session_effect,496,2017-06-11 12:00:00+00:00,2017-06-12 00:00:00+00:00,8.092682022395197,0.753968253968254,0.9603174603174603,0.0,1.0,trend_high_vol,1.7147398513117638,0.0,7.852337481455146,0.8968253968253969,1.0,0.0,1.0,trend_high_vol,1.3403977660245012,0.0
16_time_of_day_session_effect,497,2017-06-12 12:00:00+00:00,2017-06-13 00:00:00+00:00,7.60977639447121,0.8968253968253969,1.0,0.0,1.0,trend_high_vol,1.319545498207582,0.0,7.467079494336969,0.8650793650793651,0.9603174603174603,0.0,1.0,trend_high_vol,1.3710116849678444,0.0
16_time_of_day_session_effect,498,2017-06-13 12:00:00+00:00,2017-06-14 00:00:00+00:00,7.292767654141034,0.8650793650793651,0.9603174603174603,0.0,1.0,trend_high_vol,1.3500497251657684,0.0,7.133189691018968,0.8968253968253969,0.9206349206349206,0.0,1.0,trend_high_vol,1.040795252477779,0.0
16_time_of_day_session_effect,499,2017-06-14 12:00:00+00:00,2017-06-15 00:00:00+00:00,6.761094484566486,0.8968253968253969,0.9206349206349206,0.0,1.0,trend_high_vol,1.0253981808142774,0.0,6.927960660038597,0.873015873015873,0.9761904761904762,0.0,1.0,trend_high_vol,1.008480880926794,0.0
16_time_of_day_session_effect,500,2017-06-15 12:00:00+00:00,2017-06-16 00:00:00+00:00,6.531684978434013,0.873015873015873,0.9761904761904762,0.0,1.0,trend_high_vol,0.9936083036880177,0.0,6.228747390442406,0.7222222222222222,0.8095238095238095,0.0,1.0,trend_high_vol,1.0489233207045177,0.0
16_time_of_day_session_effect,501,2017-06-16 12:00:00+00:00,2017-06-17 00:00:00+00:00,5.939871882588334,0.7222222222222222,0.8095238095238095,0.0,1.0,trend_high_vol,1.0339320302108035,0.0,5.0894511927871395,0.7142857142857143,0.8888888888888888,0.0,1.0,chop_high_vol,1.2049041257434425,0.0
16_time_of_day_session_effect,502,2017-06-17 12:00:00+00:00,2017-06-18 00:00:00+00:00,4.988508297783385,0.7142857142857143,0.8888888888888888,0.0,1.0,chop_high_vol,1.1882382405996856,0.0,4.654691484518059,0.7222222222222222,0.7936507936507936,0.0,1.0,chop_high_vol,1.0251912571737198,0.0
16_time_of_day_session_effect,503,2017-06-18 12:00:00+00:00,2017-06-19 00:00:00+00:00,4.462818645150971,0.7222222222222222,0.7936507936507936,0.0,1.0,chop_high_vol,1.010891809225105,0.0,4.671936413556641,0.6825396825396826,0.8650793650793651,0.0,1.0,chop,1.0830871071400099,0.0
16_time_of_day_session_effect,504,2017-06-19 12:00:00+00:00,2017-06-20 00:00:00+00:00,4.524937971398357,0.6825396825396826,0.8650793650793651,0.0,1.0,chop,1.0684303774976112,0.0,4.421702789102695,0.6825396825396826,0.9523809523809523,0.0,1.0,chop,1.246657296450587,0.0
16_time_of_day_session_effect,505,2017-06-20 12:00:00+00:00,2017-06-21 00:00:00+00:00,4.4096149815341805,0.6825396825396826,0.9523809523809523,0.0,1.0,chop,1.2313647996731407,0.0,4.709996924228754,0.6428571428571429,0.8888888888888888,0.0,1.0,chop,1.1641295116474304,0.0
16_time_of_day_session_effect,506,2017-06-21 12:00:00+00:00,2017-06-22 00:00:00+00:00,4.647402318656315,0.6428571428571429,0.8888888888888888,0.0,1.0,chop,1.1503760686940758,0.0,4.77288979424689,0.6349206349206349,0.7301587301587301,0.0,1.0,chop,1.148391304909462,0.0
16_time_of_day_session_effect,507,2017-06-22 12:00:00+00:00,2017-06-23 00:00:00+00:00,4.717765026646617,0.6349206349206349,0.7301587301587301,0.0,1.0,chop,1.1368577471432422,0.0,4.557654497181348,0.6349206349206349,0.6904761904761905,0.0,1.0,chop,1.1539221930385117,0.0
16_time_of_day_session_effect,508,2017-06-23 12:00:00+00:00,2017-06-24 00:00:00+00:00,4.535365218785608,0.6349206349206349,0.6904761904761905,0.0,1.0,chop,1.1415346391445733,0.0,4.526806213890244,0.6507936507936508,0.6984126984126984,0.0,1.0,chop,0.9236357522016869,0.0
16_time_of_day_session_effect,509,2017-06-24 12:00:00+00:00,2017-06-25 00:00:00+00:00,4.34771202914763,0.6507936507936508,0.6984126984126984,0.0,1.0,chop,0.9122984022443816,0.0,4.153458710145473,0.5952380952380952,0.753968253968254,0.0,1.0,chop,0.8699301391287723,0.0
16_time_of_day_session_effect,510,2017-06-25 12:00:00+00:00,2017-06-26 00:00:00+00:00,3.9724770194427608,0.5952380952380952,0.753968253968254,0.0,1.0,chop,0.8589583982215186,0.0,4.352689017943093,0.5793650793650794,0.8968253968253969,0.0,1.0,chop,0.6926800521794774,0.0
16_time_of_day_session_effect,511,2017-06-26 12:00:00+00:00,2017-06-27 00:00:00+00:00,4.02578849909805,0.5793650793650794,0.8968253968253969,0.0,1.0,chop,0.6810740753359563,0.0,3.6454249954777644,0.5714285714285714,0.8412698412698413,0.0,1.0,chop,0.8011956142897242,0.0
16_time_of_day_session_effect,512,2017-06-27 12:00:00+00:00,2017-06-28 00:00:00+00:00,3.4672199064902034,0.5714285714285714,0.8412698412698413,0.0,1.0,chop,0.7910368093795089,0.0,3.910704414710885,0.5555555555555556,0.753968253968254,0.0,1.0,chop,0.8158399742566453,0.0
16_time_of_day_session_effect,513,2017-06-28 12:00:00+00:00,2017-06-29 00:00:00+00:00,3.7572906384633296,0.5555555555555556,0.753968253968254,0.0,1.0,chop,0.8068195136218099,0.0,3.6352447544969886,0.5555555555555556,0.6349206349206349,0.0,1.0,chop,0.7448660081858467,0.0
16_time_of_day_session_effect,514,2017-06-29 12:00:00+00:00,2017-06-30 00:00:00+00:00,3.4443489014137336,0.5555555555555556,0.6349206349206349,0.0,1.0,chop,0.7357011808361363,0.0,3.2390219802633005,0.5158730158730159,0.5952380952380952,0.0,1.0,chop,0.6204180322700447,0.0
16_time_of_day_session_effect,515,2017-06-30 12:00:00+00:00,2017-07-01 00:00:00+00:00,2.985153188369552,0.5158730158730159,0.5952380952380952,0.0,1.0,chop,0.6089785418360547,0.0,3.020728641020116,0.5158730158730159,0.5793650793650794,0.0,1.0,chop,0.4968924012566658,0.0
16_time_of_day_session_effect,516,2017-07-01 12:00:00+00:00,2017-07-02 00:00:00+00:00,2.7032212921576932,0.5158730158730159,0.5793650793650794,0.0,1.0,chop,0.4841601660244412,0.0,2.5541177696413975,0.42063492063492064,0.5873015873015873,0.0,1.0,chop,0.6333016458337418,0.0
16_time_of_day_session_effect,517,2017-07-02 12:00:00+00:00,2017-07-03 00:00:00+00:00,2.4048274027912457,0.42063492063492064,0.5873015873015873,0.0,1.0,chop,0.6220416707789235,0.0,2.2698804223223816,0.42063492063492064,0.6587301587301587,0.0,1.0,chop,0.8483452912702435,0.0
16_time_of_day_session_effect,518,2017-07-03 12:00:00+00:00,2017-07-04 00:00:00+00:00,2.23558859452688,0.42063492063492064,0.6587301587301587,0.0,1.0,chop,0.8377188174839312,0.0,2.5092040177530945,0.30952380952380953,0.6666666666666666,0.0,1.0,chop,0.9137567435213448,0.0
16_time_of_day_session_effect,519,2017-07-04 12:00:00+00:00,2017-07-05 00:00:00+00:00,2.5332340029762173,0.30952380952380953,0.6666666666666666,0.0,1.0,chop,0.9037607048529329,0.0,2.656914357793132,0.30158730158730157,0.6031746031746031,0.0,1.0,chop,0.8816767495865852,0.0
16_time_of_day_session_effect,520,2017-07-05 12:00:00+00:00,2017-07-06 00:00:00+00:00,2.6665907991046227,0.30158730158730157,0.6031746031746031,0.0,1.0,chop,0.8719482039601829,0.0,2.709868778476526,0.29365079365079366,0.5396825396825397,0.0,1.0,chop_low_vol,0.8688976969867351,0.0
16_time_of_day_session_effect,521,2017-07-06 12:00:00+00:00,2017-07-07 00:00:00+00:00,2.7183968110914005,0.29365079365079366,0.5396825396825397,0.0,1.0,chop_low_vol,0.8597423373939485,0.0,2.453258421726701,0.2777777777777778,0.5873015873015873,0.0,1.0,chop_low_vol,0.6884218353997051,0.0
16_time_of_day_session_effect,522,2017-07-07 12:00:00+00:00,2017-07-08 00:00:00+00:00,2.2915986645670765,0.2777777777777778,0.5873015873015873,0.0,1.0,chop_low_vol,0.6761711103625488,0.0,2.4333818612510143,0.23809523809523808,0.5158730158730159,0.0,1.0,chop_low_vol,0.8051638196346289,0.0
16_time_of_day_session_effect,523,2017-07-08 12:00:00+00:00,2017-07-09 00:00:00+00:00,2.3830693295207848,0.23809523809523808,0.5158730158730159,0.0,1.0,chop_low_vol,0.7926254454045558,0.0,2.1614319394775516,0.24603174603174602,0.42857142857142855,0.0,1.0,chop_low_vol,0.6341410775945222,0.0
16_time_of_day_session_effect,524,2017-07-09 12:00:00+00:00,2017-07-10 00:00:00+00:00,2.0150121409778494,0.24603174603174602,0.42857142857142855,0.0,1.0,chop_low_vol,0.6215184437015754,0.0,1.5900411404772146,0.24603174603174602,0.6984126984126984,0.0,1.0,chop_low_vol,0.15778822908682827,0.0
16_time_of_day_session_effect,525,2017-07-10 12:00:00+00:00,2017-07-11 00:00:00+00:00,1.1923098852458829,0.24603174603174602,0.6984126984126984,0.0,1.0,chop_low_vol,0.1439238671469344,0.0,0.8142132006202115,0.24603174603174602,0.7777777777777778,0.0,1.0,chop_low_vol,0.006720854236416249,0.0
16_time_of_day_session_effect,526,2017-07-11 12:00:00+00:00,2017-07-12 00:00:00+00:00,0.3999933156885225,0.24603174603174602,0.7777777777777778,0.0,1.0,chop_low_vol,-0.013393400705623405,0.0,0.151114928027467,0.2777777777777778,0.6904761904761905,0.0,1.0,chop_low_vol,0.14119004344023572,0.0
16_time_of_day_session_effect,527,2017-08-02 12:00:00+00:00,2017-08-03 00:00:00+00:00,1.6964887776465227,0.9841269841269841,0.5873015873015873,0.0,1.0,chop_high_vol,0.4233259249377533,0.0,2.3522770082485094,0.9603174603174603,0.3888888888888889,0.0,1.0,chop_high_vol,0.9149894986908067,0.0
16_time_of_day_session_effect,528,2017-08-03 12:00:00+00:00,2017-08-04 00:00:00+00:00,2.3962536861852746,0.9603174603174603,0.3888888888888889,0.0,1.0,chop_high_vol,0.900367881625058,0.0,2.5480103107983214,0.8809523809523809,0.5555555555555556,0.0,1.0,chop_high_vol,1.413462977692156,0.0
16_time_of_day_session_effect,529,2017-08-04 12:00:00+00:00,2017-08-05 00:00:00+00:00,2.6579833165223117,0.8809523809523809,0.5555555555555556,0.0,1.0,chop_high_vol,1.3918530214871427,0.0,2.4315822156800073,0.9206349206349206,0.9523809523809523,0.0,1.0,chop_high_vol,2.8318869378709226,0.0
16_time_of_day_session_effect,530,2017-08-05 12:00:00+00:00,2017-08-06 00:00:00+00:00,2.7493605673595463,0.9206349206349206,0.9523809523809523,0.0,1.0,chop_high_vol,2.7323984852920025,0.0,3.123992660800272,0.8650793650793651,0.5873015873015873,0.0,1.0,chop_high_vol,2.4939849202077826,0.0
16_time_of_day_session_effect,531,2017-08-06 12:00:00+00:00,2017-08-07 00:00:00+00:00,3.347383081539215,0.8650793650793651,0.5873015873015873,0.0,1.0,chop_high_vol,2.4135295696018746,0.0,3.2461702075201186,0.8650793650793651,0.8015873015873016,0.0,1.0,chop_high_vol,2.8873924782979628,0.0
16_time_of_day_session_effect,532,2017-08-07 12:00:00+00:00,2017-08-08 00:00:00+00:00,3.5010109249533587,0.8650793650793651,0.8015873015873016,0.0,1.0,chop_high_vol,2.7769947040143035,0.0,4.073021293433214,0.8492063492063492,0.9126984126984127,0.0,1.0,chop_high_vol,2.814762320989417,0.0
16_time_of_day_session_effect,533,2017-08-08 12:00:00+00:00,2017-08-09 00:00:00+00:00,4.30780049809762,0.8492063492063492,0.9126984126984127,0.0,1.0,chop_high_vol,2.7129687969887106,0.0,4.511605374042255,0.6309523809523809,0.7857142857142857,0.0,1.0,chop,2.2849924957210646,0.0
16_time_of_day_session_effect,534,2017-08-09 12:00:00+00:00,2017-08-10 00:00:00+00:00,4.627037530225832,0.6349206349206349,0.7857142857142857,0.0,1.0,trend,2.235970538572251,0.0,5.12342156724362,0.5833333333333334,0.8253968253968254,0.0,1.0,trend,2.220279057655883,0.0
16_time_of_day_session_effect,535,2017-08-10 12:00:00+00:00,2017-08-11 00:00:00+00:00,5.232767639403302,0.5873015873015873,0.8253968253968254,0.0,1.0,trend,2.1749384374526244,0.0,4.867701270431402,0.6349206349206349,0.9603174603174603,0.0,1.0,trend,2.772948092950818,0.0
16_time_of_day_session_effect,536,2017-08-11 12:00:00+00:00,2017-08-12 00:00:00+00:00,5.111431287809986,0.6349206349206349,0.9603174603174603,0.0,1.0,trend,2.6653738961097235,0.0,4.845135926451559,0.6984126984126984,0.9761904761904762,0.0,1.0,trend,3.076641822110643,0.0
16_time_of_day_session_effect,537,2017-08-12 12:00:00+00:00,2017-08-13 00:00:00+00:00,5.140561306961505,0.6984126984126984,0.9761904761904762,0.0,1.0,trend,2.9381273460620547,0.0,4.9356131723827,0.7380952380952381,1.0,0.0,1.0,trend_high_vol,3.167315125826081,0.0
16_time_of_day_session_effect,538,2017-08-13 12:00:00+00:00,2017-08-14 00:00:00+00:00,5.230101535786164,0.7380952380952381,1.0,0.0,1.0,trend_high_vol,3.0176665130870983,0.0,5.142926431460777,0.6111111111111112,0.9841269841269841,0.0,1.0,trend,3.3124479659861716,0.0
16_time_of_day_session_effect,539,2017-08-14 12:00:00+00:00,2017-08-15 00:00:00+00:00,5.462909539091389,0.6111111111111112,0.9841269841269841,0.0,1.0,trend,3.1449216350364906,0.0,6.064616307545983,0.6587301587301587,1.0,0.0,1.0,trend,2.83600128355089,0.0
16_time_of_day_session_effect,540,2017-08-15 12:00:00+00:00,2017-08-16 00:00:00+00:00,6.2380133852076876,0.6587301587301587,1.0,0.0,1.0,trend,2.721720570677307,0.0,5.778267865025995,0.626984126984127,0.9603174603174603,0.0,1.0,trend,2.876165908728913,0.0
16_time_of_day_session_effect,541,2017-08-16 12:00:00+00:00,2017-08-17 00:00:00+00:00,5.97069127087145,0.626984126984127,0.9603174603174603,0.0,1.0,trend,2.7575535105120546,0.0,6.416536651661237,0.5634920634920635,0.9761904761904762,0.0,1.0,trend,2.550281023895294,0.0
16_time_of_day_session_effect,542,2017-08-17 12:00:00+00:00,2017-08-18 00:00:00+00:00,6.529640168775704,0.5634920634920635,0.9761904761904762,0.0,1.0,trend,2.4618116881278627,0.0,6.712264106040289,0.6031746031746031,0.9841269841269841,0.0,1.0,trend,2.1622710432479852,0.0
16_time_of_day_session_effect,543,2017-08-18 12:00:00+00:00,2017-08-19 00:00:00+00:00,6.6896974228059625,0.6031746031746031,0.9841269841269841,0.0,1.0,trend,2.101890250278139,0.0,8.144698919506522,0.6031746031746031,0.9841269841269841,0.0,1.0,trend,2.088549065465336,0.0
16_time_of_day_session_effect,544,2017-08-19 12:00:00+00:00,2017-08-20 00:00:00+00:00,8.109525953167555,0.6031746031746031,0.9841269841269841,0.0,1.0,trend,2.033618956857174,0.0,7.981284088721081,0.626984126984127,0.9126984126984127,0.0,1.0,trend,1.8484873282573706,0.0
16_time_of_day_session_effect,545,2017-08-20 12:00:00+00:00,2017-08-21 00:00:00+00:00,7.853306649789089,0.626984126984127,0.9126984126984127,0.0,1.0,trend,1.8060606077984087,0.0,8.31591819080726,0.5079365079365079,0.9682539682539683,0.0,1.0,trend,1.637194191820238,0.0
16_time_of_day_session_effect,546,2017-08-21 12:00:00+00:00,2017-08-22 00:00:00+00:00,8.111318111108583,0.5079365079365079,0.9682539682539683,0.0,1.0,trend,1.60412489330589,0.0,7.596297081855776,0.5079365079365079,1.0,0.0,1.0,trend,1.716529913667569,0.0
16_time_of_day_session_effect,547,2017-08-22 12:00:00+00:00,2017-08-23 00:00:00+00:00,7.472593586746213,0.5079365079365079,1.0,0.0,1.0,trend,1.6802002040410102,0.0,7.4447931757057555,0.48412698412698413,0.9206349206349206,0.0,1.0,trend,1.6905076184086796,0.0
16_time_of_day_session_effect,548,2017-08-23 12:00:00+00:00,2017-08-24 00:00:00+00:00,7.347090015758476,0.48412698412698413,0.9206349206349206,0.0,1.0,trend,1.6544766906862822,0.0,6.62291813521213,0.5079365079365079,0.873015873015873,0.0,1.0,trend,1.8343576893640345,0.0
16_time_of_day_session_effect,549,2017-08-24 12:00:00+00:00,2017-08-25 00:00:00+00:00,6.632520740318612,0.5079365079365079,0.873015873015873,0.0,1.0,trend,1.7919423094169364,0.0,7.641894535972235,0.36507936507936506,0.7857142857142857,0.0,1.0,trend,1.76959139261403,0.0
16_time_of_day_session_effect,550,2017-08-25 12:00:00+00:00,2017-08-26 00:00:00+00:00,7.643881387729948,0.36507936507936506,0.7857142857142857,0.0,1.0,trend,1.7304943910908122,0.0,8.82482761593534,0.3492063492063492,0.6825396825396826,0.0,1.0,trend,1.6727429743102813,0.0
16_time_of_day_session_effect,551,2017-08-26 12:00:00+00:00,2017-08-27 00:00:00+00:00,8.774978751325273,0.3492063492063492,0.6825396825396826,0.0,1.0,trend,1.637447407698211,0.0,9.716502159445815,0.3253968253968254,0.7222222222222222,0.0,1.0,trend,1.634788428515244,0.0
16_time_of_day_session_effect,552,2017-08-27 12:00:00+00:00,2017-08-28 00:00:00+00:00,9.658123710859558,0.3253968253968254,0.7222222222222222,0.0,1.0,trend,1.6009804962301024,0.0,11.663737760504903,0.3253968253968254,0.8412698412698413,0.0,1.0,trend,1.509966491443749,0.0
16_time_of_day_session_effect,553,2017-08-28 12:00:00+00:00,2017-08-29 00:00:00+00:00,11.558009923826964,0.3253968253968254,0.8412698412698413,0.0,1.0,trend,1.4807340247888894,0.0,10.728847167088347,0.3253968253968254,0.9365079365079365,0.0,1.0,trend,1.6320470538862504,0.0
16_time_of_day_session_effect,554,2017-08-29 12:00:00+00:00,2017-08-30 00:00:00+00:00,10.797223059557775,0.3253968253968254,0.9365079365079365,0.0,1.0,trend,1.5987373634236852,0.0,12.720773171574914,0.3333333333333333,0.8095238095238095,0.0,1.0,trend,1.5705009845663684,0.0
16_time_of_day_session_effect,555,2017-08-30 12:00:00+00:00,2017-08-31 00:00:00+00:00,12.716706039270466,0.3333333333333333,0.8095238095238095,0.0,1.0,trend,1.5398272145148777,0.0,11.570043117444564,0.23015873015873015,0.8174603174603174,0.0,1.0,trend,1.609597964539823,0.0
16_time_of_day_session_effect,556,2017-08-31 12:00:00+00:00,2017-09-01 00:00:00+00:00,11.661054688673856,0.23015873015873015,0.8174603174603174,0.0,1.0,trend,1.5771623341131196,0.0,11.447595836342309,0.1984126984126984,0.9523809523809523,0.0,1.0,trend,1.6824983161381837,0.0
16_time_of_day_session_effect,557,2017-09-01 12:00:00+00:00,2017-09-02 00:00:00+00:00,11.656189322700564,0.1984126984126984,0.9523809523809523,0.0,1.0,trend,1.6468797934035009,0.0,10.172468987718643,0.24603174603174602,0.9523809523809523,0.0,1.0,trend,1.3421601616855194,0.0
16_time_of_day_session_effect,558,2017-09-02 12:00:00+00:00,2017-09-03 00:00:00+00:00,10.004517369336515,0.24603174603174602,0.9523809523809523,0.0,1.0,trend,1.3180998766664114,0.0,10.611824399491299,0.18253968253968253,0.7777777777777778,0.0,1.0,trend,1.2984176092587485,0.0
16_time_of_day_session_effect,559,2017-09-03 12:00:00+00:00,2017-09-04 00:00:00+00:00,10.426271986917078,0.18253968253968253,0.7777777777777778,0.0,1.0,trend,1.2755382454624542,0.0,9.05964400153832,0.24603174603174602,0.9761904761904762,0.0,1.0,trend,0.934379364332761,0.0
16_time_of_day_session_effect,560,2017-09-04 12:00:00+00:00,2017-09-05 00:00:00+00:00,8.58507552527693,0.24603174603174602,0.9761904761904762,0.0,1.0,trend,0.9192630389889668,0.0,7.828837395589675,0.23809523809523808,0.9365079365079365,0.0,1.0,trend,0.9916000067334761,0.0
16_time_of_day_session_effect,561,2017-09-05 12:00:00+00:00,2017-09-06 00:00:00+00:00,7.550993942819542,0.23809523809523808,0.9365079365079365,0.0,1.0,trend,0.9752832388845328,0.0,6.462059258137936,0.2777777777777778,0.8492063492063492,0.0,1.0,trend,1.174045135395617,0.0
16_time_of_day_session_effect,562,2017-09-06 12:00:00+00:00,2017-09-07 00:00:00+00:00,6.398760923018949,0.2777777777777778,0.8492063492063492,0.0,1.0,trend,1.1541732265577682,0.0,7.085344922262648,0.23015873015873015,0.7380952380952381,0.0,1.0,trend,1.1035914807598513,0.0
16_time_of_day_session_effect,563,2017-09-07 12:00:00+00:00,2017-09-08 00:00:00+00:00,7.001223393110843,0.23015873015873015,0.7380952380952381,0.0,1.0,trend,1.0851915772836824,0.0,5.972760474206417,0.373015873015873,0.9365079365079365,0.0,1.0,trend,0.7254627085735049,0.0
16_time_of_day_session_effect,564,2017-09-08 12:00:00+00:00,2017-09-09 00:00:00+00:00,5.620185037366959,0.373015873015873,0.9365079365079365,0.0,1.0,trend,0.712234943337598,0.0,5.339705780778072,0.35714285714285715,0.5158730158730159,0.0,1.0,trend,0.6964460686428793,0.0
16_time_of_day_session_effect,565,2017-09-09 12:00:00+00:00,2017-09-10 00:00:00+00:00,5.029999430983378,0.35714285714285715,0.5158730158730159,0.0,1.0,trend,0.6833565185348832,0.0,4.589835124729199,0.35714285714285715,0.6587301587301587,0.0,1.0,chop,0.5682593833159506,0.0
16_time_of_day_session_effect,566,2017-09-10 12:00:00+00:00,2017-09-11 00:00:00+00:00,4.2522642057859095,0.35714285714285715,0.6587301587301587,0.0,1.0,chop,0.5560050871762329,0.0,3.8553634329598996,0.3412698412698413,0.626984126984127,0.0,1.0,chop,0.6293238514538342,0.0
16_time_of_day_session_effect,567,2017-09-11 12:00:00+00:00,2017-09-12 00:00:00+00:00,3.6029506498774193,0.3412698412698413,0.626984126984127,0.0,1.0,chop,0.6165722353121506,0.0,3.6708461139304953,0.3333333333333333,0.7380952380952381,0.0,1.0,chop,0.5820871438411412,0.0
16_time_of_day_session_effect,568,2017-09-12 12:00:00+00:00,2017-09-13 00:00:00+00:00,3.4101896000513037,0.3333333333333333,0.7380952380952381,0.0,1.0,chop,0.56931158336605,0.0,2.771670351341369,0.373015873015873,0.8412698412698413,0.0,1.0,chop,0.2992835070681613,0.0
16_time_of_day_session_effect,569,2017-09-13 12:00:00+00:00,2017-09-14 00:00:00+00:00,2.3873754475517517,0.373015873015873,0.8412698412698413,0.0,1.0,chop,0.28391218499716986,0.0,1.3519170818044983,0.8412698412698413,0.9365079365079365,0.0,1.0,chop_high_vol,-0.700492603174447,0.0
16_time_of_day_session_effect,570,2017-09-14 12:00:00+00:00,2017-09-15 00:00:00+00:00,0.5807835715974994,0.8412698412698413,0.9365079365079365,0.0,1.0,chop_high_vol,-0.7371232688339963,0.0,0.18004194600484622,0.8412698412698413,1.0,0.0,1.0,chop_high_vol,-0.05424691632261782,0.0
16_time_of_day_session_effect,571,2017-09-15 12:00:00+00:00,2017-09-16 00:00:00+00:00,0.04193887966443245,0.8412698412698413,1.0,0.0,1.0,chop_high_vol,-0.07286252440916195,0.0,0.26997309944427395,0.8333333333333334,0.6904761904761905,0.0,1.0,chop_high_vol,-0.10794035824565908,0.0
16_time_of_day_session_effect,572,2017-09-16 12:00:00+00:00,2017-09-17 00:00:00+00:00,0.4699737716691387,0.8333333333333334,0.6904761904761905,0.0,1.0,chop_high_vol,-0.1265545341320833,0.0,0.6703027617004775,0.8333333333333334,0.373015873015873,0.0,1.0,chop_high_vol,-0.20850976069389857,0.0
16_time_of_day_session_effect,573,2017-09-17 12:00:00+00:00,2017-09-18 00:00:00+00:00,0.8496738698965339,0.8333333333333334,0.373015873015873,0.0,1.0,chop_high_vol,-0.2309744495018858,0.0,0.5884259764682176,0.8650793650793651,0.7380952380952381,0.0,1.0,chop_high_vol,0.49892786443010356,0.0
16_time_of_day_session_effect,574,2017-09-18 12:00:00+00:00,2017-09-19 00:00:00+00:00,0.4958139828388779,0.8650793650793651,0.7380952380952381,0.0,1.0,chop_high_vol,0.48715548463656866,0.0,0.4952131649517347,0.8650793650793651,0.5793650793650794,0.0,1.0,chop_high_vol,0.2827512231411471,0.0
16_time_of_day_session_effect,575,2017-09-19 12:00:00+00:00,2017-09-20 00:00:00+00:00,0.4785856512100479,0.8650793650793651,0.5793650793650794,0.0,1.0,chop_high_vol,0.2697938335667193,0.0,0.5047087463932274,0.8492063492063492,0.3492063492063492,0.0,1.0,chop_high_vol,0.20624200045272428,0.0
16_time_of_day_session_effect,576,2017-09-20 12:00:00+00:00,2017-09-21 00:00:00+00:00,0.49737408045433057,0.8492063492063492,0.3492063492063492,0.0,1.0,chop_high_vol,0.19447446089346687,0.0,0.6223650484701795,0.873015873015873,0.4444444444444444,0.0,1.0,chop_high_vol,-0.14029648758600657,0.0
16_time_of_day_session_effect,577,2017-09-21 12:00:00+00:00,2017-09-22 00:00:00+00:00,0.7418571936424959,0.873015873015873,0.4444444444444444,0.0,1.0,chop_high_vol,-0.1542650243128836,0.0,0.9447438033271716,0.8333333333333334,0.31746031746031744,0.0,1.0,chop_high_vol,-0.18071907784542438,0.0
16_time_of_day_session_effect,578,2017-10-11 12:00:00+00:00,2017-10-12 00:00:00+00:00,6.560800794822254,0.10317460317460317,0.3888888888888889,0.0,1.0,trend,1.706038978395789,0.0,4.4591185450780575,0.32936507936507936,0.9365079365079365,0.0,1.0,trend,2.885653081341368,0.0
16_time_of_day_session_effect,579,2017-10-12 12:00:00+00:00,2017-10-13 00:00:00+00:00,4.981602633295096,0.3333333333333333,0.9365079365079365,0.0,1.0,trend,2.765979427980331,0.0,4.929498958348863,0.32936507936507936,0.9841269841269841,0.0,1.0,trend,2.94767380771951,0.0
16_time_of_day_session_effect,580,2017-10-13 12:00:00+00:00,2017-10-14 00:00:00+00:00,5.396369677980042,0.3333333333333333,0.9841269841269841,0.0,1.0,trend,2.8267071216113617,0.0,5.875479532292503,0.3134920634920635,0.6150793650793651,0.0,1.0,trend,2.99843524344274,0.0
16_time_of_day_session_effect,581,2017-10-14 12:00:00+00:00,2017-10-15 00:00:00+00:00,6.330018339329801,0.31746031746031744,0.6190476190476191,0.0,1.0,trend,2.868256160421889,0.0,6.609782170249986,0.3134920634920635,0.7698412698412699,0.0,1.0,trend,2.534628047211228,0.0
16_time_of_day_session_effect,582,2017-10-15 12:00:00+00:00,2017-10-16 00:00:00+00:00,6.857145415297036,0.31746031746031744,0.7698412698412699,0.0,1.0,trend,2.453149322098221,0.0,6.913269047244033,0.3055555555555556,0.7738095238095238,0.0,1.0,trend,2.452212615029073,0.0
16_time_of_day_session_effect,583,2017-10-16 12:00:00+00:00,2017-10-17 00:00:00+00:00,7.104764749256219,0.30952380952380953,0.7777777777777778,0.0,1.0,trend,2.3746779117085532,0.0,7.33613109083735,0.2261904761904762,0.6825396825396826,0.0,1.0,trend,2.2380508405360744,0.0
16_time_of_day_session_effect,584,2017-10-17 12:00:00+00:00,2017-10-18 00:00:00+00:00,7.393183284915584,0.23015873015873015,0.6825396825396826,0.0,1.0,trend,2.173290611168923,0.0,7.776770038592552,0.2261904761904762,0.8571428571428571,0.0,1.0,trend,2.1113070768253195,0.0
16_time_of_day_session_effect,585,2017-10-18 12:00:00+00:00,2017-10-19 00:00:00+00:00,7.78345876253043,0.23015873015873015,0.8571428571428571,0.0,1.0,trend,2.054807805368176,0.0,7.736313951029279,0.23412698412698413,0.6626984126984127,0.0,1.0,trend,2.111652088765812,0.0
16_time_of_day_session_effect,586,2017-10-19 12:00:00+00:00,2017-10-20 00:00:00+00:00,7.779721627902721,0.23809523809523808,0.6666666666666666,0.0,1.0,trend,2.0544007035490055,0.0,6.837055956195159,0.27380952380952384,0.8412698412698413,0.0,1.0,trend,2.4072314146806417,0.0
16_time_of_day_session_effect,587,2017-10-20 12:00:00+00:00,2017-10-21 00:00:00+00:00,6.992752326561657,0.2777777777777778,0.8412698412698413,0.0,1.0,trend,2.330276749297413,0.0,7.264064033669538,0.27380952380952384,0.8015873015873016,0.0,1.0,trend,2.280519484366556,0.0
16_time_of_day_session_effect,588,2017-10-21 12:00:00+00:00,2017-10-22 00:00:00+00:00,7.37164335749456,0.2777777777777778,0.8015873015873016,0.0,1.0,trend,2.2123463913933494,0.0,8.198575050523505,0.2896825396825397,0.7698412698412699,0.0,1.0,trend,2.124446498728444,0.0
16_time_of_day_session_effect,589,2017-10-22 12:00:00+00:00,2017-10-23 00:00:00+00:00,8.246370207632811,0.29365079365079366,0.7698412698412699,0.0,1.0,trend,2.066421939441736,0.0,8.83654679643709,0.27380952380952384,0.8571428571428571,0.0,1.0,trend,1.9311131849204857,0.0
16_time_of_day_session_effect,590,2017-10-23 12:00:00+00:00,2017-10-24 00:00:00+00:00,8.792986178948913,0.2777777777777778,0.8571428571428571,0.0,1.0,trend,1.8850830922195956,0.0,7.6765357357553325,0.38492063492063494,0.9206349206349206,0.0,1.0,trend,1.427841624676121,0.0
16_time_of_day_session_effect,591,2017-10-24 12:00:00+00:00,2017-10-25 00:00:00+00:00,7.38749594828056,0.3888888888888889,0.9206349206349206,0.0,1.0,trend,1.4031413166042057,0.0,6.495242777343626,0.4166666666666667,0.7142857142857143,0.0,1.0,trend,1.6149380986241393,0.0
16_time_of_day_session_effect,592,2017-10-25 12:00:00+00:00,2017-10-26 00:00:00+00:00,6.372617898296306,0.42063492063492064,0.7142857142857143,0.0,1.0,trend,1.5831317150719508,0.0,7.925700867893804,0.4246031746031746,0.6587301587301587,0.0,1.0,trend,1.7481439700700951,0.0
16_time_of_day_session_effect,593,2017-10-26 12:00:00+00:00,2017-10-27 00:00:00+00:00,7.866017063688827,0.42857142857142855,0.6587301587301587,0.0,1.0,trend,1.7108011948908013,0.0,8.237895434805989,0.44047619047619047,0.5873015873015873,0.0,1.0,trend,1.5442549228926394,0.0
16_time_of_day_session_effect,594,2017-10-27 12:00:00+00:00,2017-10-28 00:00:00+00:00,8.069610365306694,0.4444444444444444,0.5873015873015873,0.0,1.0,trend,1.5146825736270266,0.0,8.621996828005319,0.4246031746031746,0.4365079365079365,0.0,1.0,trend,1.460583053081495,0.0
16_time_of_day_session_effect,595,2017-10-28 12:00:00+00:00,2017-10-29 00:00:00+00:00,8.418071205239691,0.42857142857142855,0.4365079365079365,0.0,1.0,trend,1.435301128468366,0.0,7.01881617343212,0.49603174603174605,0.9365079365079365,0.0,1.0,trend,1.7794608417749034,0.0
16_time_of_day_session_effect,596,2017-10-29 12:00:00+00:00,2017-10-30 00:00:00+00:00,7.096039793634419,0.5,0.9365079365079365,0.0,1.0,trend,1.7412477695293245,0.0,7.253666148247566,0.5,0.6031746031746031,0.0,1.0,trend,1.662124272985662,0.0
16_time_of_day_session_effect,597,2017-10-30 12:00:00+00:00,2017-10-31 00:00:00+00:00,7.272267048347346,0.5,0.6031746031746031,0.0,1.0,trend,1.6298598318203907,0.0,6.483522733828537,0.5,0.8095238095238095,0.0,1.0,trend,1.9069539078308462,0.0
16_time_of_day_session_effect,598,2017-10-31 12:00:00+00:00,2017-11-01 00:00:00+00:00,6.647851695994293,0.5,0.8095238095238095,0.0,1.0,trend,1.864695325462398,0.0,5.97587949955877,0.17063492063492064,0.9365079365079365,0.0,1.0,trend,2.018811546568442,0.0
16_time_of_day_session_effect,599,2017-11-01 12:00:00+00:00,2017-11-02 00:00:00+00:00,6.1998849019117435,0.1746031746031746,0.9365079365079365,0.0,1.0,trend,1.9675541700226205,0.0,5.914105491762863,0.19444444444444445,1.0,0.0,1.0,trend,2.131309655353552,0.0
16_time_of_day_session_effect,600,2017-11-02 12:00:00+00:00,2017-11-03 00:00:00+00:00,6.179514295464921,0.1984126984126984,1.0,0.0,1.0,trend,2.073284486538762,0.0,6.872058610546469,0.17857142857142858,0.9682539682539683,0.0,1.0,trend,2.132202985770637,0.0
16_time_of_day_session_effect,601,2017-11-03 12:00:00+00:00,2017-11-04 00:00:00+00:00,7.126293267063362,0.18253968253968253,0.9682539682539683,0.0,1.0,trend,2.073916624278552,0.0,6.911081236510756,0.17063492063492064,0.8253968253968254,0.0,1.0,trend,2.1238633825161584,0.0
16_time_of_day_session_effect,602,2017-11-04 12:00:00+00:00,2017-11-05 00:00:00+00:00,7.142199440801811,0.1746031746031746,0.8253968253968254,0.0,1.0,trend,2.06590023254335,0.0,7.320574679314544,0.1746031746031746,0.7936507936507936,0.0,1.0,trend,2.027446262136841,0.0
16_time_of_day_session_effect,603,2017-11-05 12:00:00+00:00,2017-11-06 00:00:00+00:00,7.486064609543936,0.1746031746031746,0.7936507936507936,0.0,1.0,trend,1.9751984889173406,0.0,7.214854818265116,0.30952380952380953,0.9444444444444444,0.0,1.0,trend,1.6587869006230642,0.0
16_time_of_day_session_effect,604,2017-11-06 12:00:00+00:00,2017-11-07 00:00:00+00:00,7.162772036220687,0.30952380952380953,0.9444444444444444,0.0,1.0,trend,1.6242535935138205,0.0,7.863722026277477,0.30952380952380953,0.7619047619047619,0.0,1.0,trend,1.680912758053811,0.0
16_time_of_day_session_effect,605,2017-11-07 12:00:00+00:00,2017-11-08 00:00:00+00:00,7.8374992372914996,0.30952380952380953,0.7619047619047619,0.0,1.0,trend,1.6455533001815443,0.0,7.54951412888154,0.3412698412698413,0.9920634920634921,0.0,1.0,trend,1.7622263909945843,0.0
16_time_of_day_session_effect,606,2017-11-08 12:00:00+00:00,2017-11-09 00:00:00+00:00,7.627200073532291,0.3412698412698413,0.9920634920634921,0.0,1.0,trend,1.7236168702935326,0.0,7.595421680916806,0.3412698412698413,0.9444444444444444,0.0,1.0,trend,1.5011101107804605,0.0
16_time_of_day_session_effect,607,2017-11-09 12:00:00+00:00,2017-11-10 00:00:00+00:00,7.496266133454503,0.3412698412698413,0.9444444444444444,0.0,1.0,trend,1.4727014962543055,0.0,6.906912876746529,0.47619047619047616,1.0,0.0,1.0,trend,1.1804034469585851,0.0
16_time_of_day_session_effect,608,2017-11-10 12:00:00+00:00,2017-11-11 00:00:00+00:00,6.591917508635967,0.47619047619047616,1.0,0.0,1.0,trend,1.1604066756679121,0.0,6.017784614138959,0.49206349206349204,0.9920634920634921,0.0,1.0,chop,0.9795167902775354,0.0
16_time_of_day_session_effect,609,2017-11-11 12:00:00+00:00,2017-11-12 00:00:00+00:00,5.645520539610003,0.49206349206349204,0.9920634920634921,0.0,1.0,chop,0.9633276641562842,0.0,5.532049412902079,0.5,1.0,0.0,1.0,chop,0.6792232849204441,0.0
16_time_of_day_session_effect,610,2017-11-12 12:00:00+00:00,2017-11-13 00:00:00+00:00,5.015762143167638,0.5,1.0,0.0,1.0,chop,0.6663397393186872,0.0,3.6917011717263426,0.626984126984127,0.9920634920634921,0.0,1.0,chop,1.0420306694470662,0.0
16_time_of_day_session_effect,611,2017-11-13 12:00:00+00:00,2017-11-14 00:00:00+00:00,3.5548349568328046,0.626984126984127,0.9920634920634921,0.0,1.0,chop,1.0315619699018581,0.0,3.6658513398668364,0.5634920634920635,0.9047619047619048,0.0,1.0,chop,1.0512791427018982,0.0
16_time_of_day_session_effect,612,2017-11-14 12:00:00+00:00,2017-11-15 00:00:00+00:00,3.5599303317070334,0.5634920634920635,0.9047619047619048,0.0,1.0,chop,1.0361264481158001,0.0,3.074492685349002,0.6746031746031746,0.9523809523809523,0.0,1.0,chop,1.4526133505428829,0.0
16_time_of_day_session_effect,613,2017-11-15 12:00:00+00:00,2017-11-16 00:00:00+00:00,3.182816021916998,0.6746031746031746,0.9523809523809523,0.0,1.0,chop,1.4320007427745314,0.0,3.060458271381238,0.6746031746031746,0.9761904761904762,0.0,1.0,chop,1.720641770367018,0.0
16_time_of_day_session_effect,614,2017-11-16 12:00:00+00:00,2017-11-17 00:00:00+00:00,3.2639382122010523,0.6746031746031746,0.9761904761904762,0.0,1.0,chop,1.6950012713482059,0.0,3.4527312897151217,0.6746031746031746,0.9523809523809523,0.0,1.0,chop,1.5136028459952224,0.0
16_time_of_day_session_effect,615,2017-11-17 12:00:00+00:00,2017-11-18 00:00:00+00:00,3.563117369073187,0.6746031746031746,0.9523809523809523,0.0,1.0,chop,1.4868938405093675,0.0,3.712436340278516,0.6587301587301587,0.9126984126984127,0.0,1.0,chop,1.506819685149337,0.0
16_time_of_day_session_effect,616,2017-11-18 12:00:00+00:00,2017-11-19 00:00:00+00:00,3.8072721109359486,0.6587301587301587,0.9126984126984127,0.0,1.0,chop,1.4821781149551796,0.0,3.6776980695842836,0.6587301587301587,0.8571428571428571,0.0,1.0,chop,1.5905407262304216,0.0
16_time_of_day_session_effect,617,2017-11-19 12:00:00+00:00,2017-11-20 00:00:00+00:00,3.792020241356932,0.6587301587301587,0.8571428571428571,0.0,1.0,chop,1.5646969401736686,0.0,4.035826869236527,0.6349206349206349,0.8968253968253969,0.0,1.0,chop,1.6989395843136383,0.0
16_time_of_day_session_effect,618,2017-11-20 12:00:00+00:00,2017-11-21 00:00:00+00:00,4.153524465990415,0.6349206349206349,0.8968253968253969,0.0,1.0,chop,1.674949975312406,0.0,4.291975043194837,0.6150793650793651,0.9365079365079365,0.0,1.0,chop,1.562960311410072,0.0
16_time_of_day_session_effect,619,2017-11-21 12:00:00+00:00,2017-11-22 00:00:00+00:00,4.337993439587741,0.6190476190476191,0.9365079365079365,0.0,1.0,chop,1.5440110139731413,0.0,4.469851106878109,0.6150793650793651,0.8968253968253969,0.0,1.0,chop,1.5842232234579883,0.0
16_time_of_day_session_effect,620,2017-11-22 12:00:00+00:00,2017-11-23 00:00:00+00:00,4.534654624715557,0.6190476190476191,0.8968253968253969,0.0,1.0,chop,1.5627926643347045,0.0,4.766050997664167,0.623015873015873,0.9285714285714286,0.0,1.0,chop,1.4291664129203525,0.0
16_time_of_day_session_effect,621,2017-11-23 12:00:00+00:00,2017-11-24 00:00:00+00:00,4.743860561853777,0.626984126984127,0.9285714285714286,0.0,1.0,chop,1.414522559613169,0.0,5.034966895463239,0.6309523809523809,0.9682539682539683,0.0,1.0,chop,1.5319537206450415,0.0
16_time_of_day_session_effect,622,2017-11-24 12:00:00+00:00,2017-11-25 00:00:00+00:00,5.055571253423112,0.6349206349206349,0.9682539682539683,0.0,1.0,chop,1.5128193653400934,0.0,4.699401020525917,0.6706349206349206,0.9285714285714286,0.0,1.0,chop,1.7786249843747424,0.0
16_time_of_day_session_effect,623,2017-11-25 12:00:00+00:00,2017-11-26 00:00:00+00:00,4.8301335184193,0.6746031746031746,0.9285714285714286,0.0,1.0,chop,1.7549271777277358,0.0,4.8158778382202545,0.6626984126984127,0.9841269841269841,0.0,1.0,chop,1.9911611845674142,0.0
16_time_of_day_session_effect,624,2017-11-26 12:00:00+00:00,2017-11-27 00:00:00+00:00,5.023885398549071,0.6666666666666666,0.9841269841269841,0.0,1.0,chop,1.9523890754367066,0.0,5.531473383769626,0.6944444444444444,0.9841269841269841,0.0,1.0,chop,2.1163336491389977,0.0
16_time_of_day_session_effect,625,2017-11-27 12:00:00+00:00,2017-11-28 00:00:00+00:00,5.802537872573708,0.6984126984126984,0.9841269841269841,0.0,1.0,trend,2.0734405842599704,0.0,5.815267927188201,0.6944444444444444,0.9920634920634921,0.0,1.0,trend,2.134975148153346,0.0
16_time_of_day_session_effect,626,2017-11-28 12:00:00+00:00,2017-11-29 00:00:00+00:00,6.055266907332342,0.6984126984126984,0.9920634920634921,0.0,1.0,trend,2.0921996483378247,0.0,7.467310256165113,0.6547619047619048,1.0,0.0,1.0,trend,2.0166817273456354,0.0
16_time_of_day_session_effect,627,2017-11-29 12:00:00+00:00,2017-11-30 00:00:00+00:00,7.619454632252139,0.6587301587301587,1.0,0.0,1.0,trend,1.9764599093994124,0.0,8.309981352126655,0.6071428571428571,0.9841269841269841,0.0,1.0,trend,2.1124687465778678,0.0
16_time_of_day_session_effect,628,2017-11-30 12:00:00+00:00,2017-12-01 00:00:00+00:00,8.508393663109477,0.6111111111111112,0.9841269841269841,0.0,1.0,trend,2.067124693422197,0.0,7.417773584828353,0.6150793650793651,0.9761904761904762,0.0,1.0,trend,2.2963269134585818,0.0
16_time_of_day_session_effect,629,2017-12-01 12:00:00+00:00,2017-12-02 00:00:00+00:00,7.70493524656808,0.6190476190476191,0.9761904761904762,0.0,1.0,trend,2.240785981879348,0.0,7.9261692300069875,0.44841269841269843,0.9285714285714286,0.0,1.0,trend,2.2273563277739696,0.0
16_time_of_day_session_effect,630,2017-12-02 12:00:00+00:00,2017-12-03 00:00:00+00:00,8.146910512411395,0.4523809523809524,0.9285714285714286,0.0,1.0,trend,2.1786451687913635,0.0,8.371251336397345,0.36904761904761907,0.9682539682539683,0.0,1.0,trend,2.2245721756696843,0.0
16_time_of_day_session_effect,631,2017-12-03 12:00:00+00:00,2017-12-04 00:00:00+00:00,8.57468871129285,0.373015873015873,0.9682539682539683,0.0,1.0,trend,2.179564604374233,0.0,8.41503040513765,0.38492063492063494,0.9444444444444444,0.0,1.0,trend,2.2639443788220324,0.0
16_time_of_day_session_effect,632,2017-12-04 12:00:00+00:00,2017-12-05 00:00:00+00:00,8.61451211204316,0.3888888888888889,0.9444444444444444,0.0,1.0,trend,2.2150765405330053,0.0,8.534553542875841,0.10714285714285714,0.9761904761904762,0.0,1.0,trend,2.2934980477445195,0.0
16_time_of_day_session_effect,633,2017-12-05 12:00:00+00:00,2017-12-06 00:00:00+00:00,8.712732443787734,0.1111111111111111,0.9761904761904762,0.0,1.0,trend,2.2431307868953865,0.0,5.783301791337936,0.7658730158730159,1.0,0.0,1.0,trend_high_vol,2.875309337860325,0.0
16_time_of_day_session_effect,634,2017-12-06 12:00:00+00:00,2017-12-07 00:00:00+00:00,6.177819679408401,0.7698412698412699,1.0,0.0,1.0,trend_high_vol,2.7810340395377082,0.0,4.2123571228684655,0.9801587301587301,1.0,0.0,1.0,chop_high_vol,3.5023962522035728,0.0
16_time_of_day_session_effect,635,2017-12-07 12:00:00+00:00,2017-12-08 00:00:00+00:00,4.682636883227453,0.9841269841269841,1.0,0.0,1.0,chop_high_vol,3.3310138171442456,0.0,5.096410820702197,1.0,1.0,0.0,1.0,chop_high_vol,2.9436059022091463,0.0
16_time_of_day_session_effect,636,2017-12-08 12:00:00+00:00,2017-12-09 00:00:00+00:00,5.348984256798355,1.0,1.0,0.0,1.0,chop_high_vol,2.833623258778548,0.0,5.811999670308987,1.0,0.9841269841269841,0.0,1.0,trend_high_vol,2.4598827588070944,0.0
16_time_of_day_session_effect,637,2017-12-09 12:00:00+00:00,2017-12-10 00:00:00+00:00,5.878043020668473,1.0,0.9841269841269841,0.0,1.0,trend_high_vol,2.3912204347068036,0.0,6.121854548936355,0.9920634920634921,0.9761904761904762,0.0,1.0,trend_high_vol,2.3823790090721966,0.0
16_time_of_day_session_effect,638,2017-12-10 12:00:00+00:00,2017-12-11 00:00:00+00:00,6.176865175486181,0.9920634920634921,0.9761904761904762,0.0,1.0,trend_high_vol,2.3185065511426037,0.0,5.545565687798294,1.0,0.9603174603174603,0.0,1.0,trend_high_vol,2.5289635310808976,0.0
16_time_of_day_session_effect,639,2017-12-11 12:00:00+00:00,2017-12-12 00:00:00+00:00,5.681777891768057,1.0,0.9603174603174603,0.0,1.0,trend_high_vol,2.4480525675202123,0.0,5.652114146146431,1.0,0.9841269841269841,0.0,1.0,trend_high_vol,2.4633824477714414,0.0
16_time_of_day_session_effect,640,2017-12-12 12:00:00+00:00,2017-12-13 00:00:00+00:00,5.7723070441220425,1.0,0.9841269841269841,0.0,1.0,trend_high_vol,2.386330349271727,0.0,5.882452782352531,1.0,0.9603174603174603,0.0,1.0,trend_high_vol,2.1337196030266306,0.0
16_time_of_day_session_effect,641,2017-12-13 12:00:00+00:00,2017-12-14 00:00:00+00:00,5.87517073745945,1.0,0.9603174603174603,0.0,1.0,trend_high_vol,2.077626314794465,0.0,5.9658974177199156,1.0,0.9682539682539683,0.0,1.0,trend_high_vol,2.0329864309426924,0.0
16_time_of_day_session_effect,642,2017-12-14 12:00:00+00:00,2017-12-15 00:00:00+00:00,5.947892573662484,1.0,0.9682539682539683,0.0,1.0,trend_high_vol,1.9834578208759026,0.0,5.6545056819765485,1.0,0.9761904761904762,0.0,1.0,trend_high_vol,2.1122048553708614,0.0
16_time_of_day_session_effect,643,2017-12-15 12:00:00+00:00,2017-12-16 00:00:00+00:00,5.70514673696038,1.0,0.9761904761904762,0.0,1.0,trend_high_vol,2.058340241351759,0.0,4.887103366062288,1.0,0.9365079365079365,0.0,1.0,chop_high_vol,2.2550223703504697,0.0
16_time_of_day_session_effect,644,2017-12-16 12:00:00+00:00,2017-12-17 00:00:00+00:00,5.014487578715698,1.0,0.9365079365079365,0.0,1.0,chop_high_vol,2.1931622746873116,0.0,5.207381624376999,1.0,0.9444444444444444,0.0,1.0,trend_high_vol,2.0892835621939025,0.0
16_time_of_day_session_effect,645,2017-12-17 12:00:00+00:00,2017-12-18 00:00:00+00:00,5.267044434572279,1.0,0.9444444444444444,0.0,1.0,trend_high_vol,2.0374587427721926,0.0,5.4591088762346915,1.0,0.9841269841269841,0.0,1.0,trend_high_vol,1.9693452584466764,0.0
16_time_of_day_session_effect,646,2017-12-18 12:00:00+00:00,2017-12-19 00:00:00+00:00,5.483879242732187,1.0,0.9841269841269841,0.0,1.0,trend_high_vol,1.92359008072209,0.0,5.543632078861937,1.0,0.9841269841269841,0.0,1.0,trend_high_vol,1.7066007868609623,0.0
16_time_of_day_session_effect,647,2017-12-19 12:00:00+00:00,2017-12-20 00:00:00+00:00,5.448955101627686,1.0,0.9841269841269841,0.0,1.0,trend_high_vol,1.6713588445358836,0.0,6.429591745271276,1.0,1.0,0.0,1.0,trend_high_vol,1.466281219717013,0.0
16_time_of_day_session_effect,648,2017-12-20 12:00:00+00:00,2017-12-21 00:00:00+00:00,6.21321000741442,1.0,1.0,0.0,1.0,trend_high_vol,1.4393821400228044,0.0,7.944040078058568,1.0,0.9682539682539683,0.0,1.0,trend_high_vol,1.2894219033550043,0.0
16_time_of_day_session_effect,649,2017-12-21 12:00:00+00:00,2017-12-22 00:00:00+00:00,7.585814948596116,1.0,0.9682539682539683,0.0,1.0,trend_high_vol,1.2673903542507634,0.0,7.489880239770504,1.0,1.0,0.0,1.0,trend_high_vol,0.9090804267862342,0.0
16_time_of_day_session_effect,650,2017-12-22 12:00:00+00:00,2017-12-23 00:00:00+00:00,6.913691982334142,1.0,1.0,0.0,1.0,trend_high_vol,0.89393715265316,0.0,6.28453983457312,1.0,0.8968253968253969,0.0,1.0,trend_high_vol,1.027576824422658,0.0
16_time_of_day_session_effect,651,2017-12-23 12:00:00+00:00,2017-12-24 00:00:00+00:00,5.9124358849796,1.0,0.8968253968253969,0.0,1.0,trend_high_vol,1.0113867210551921,0.0,5.523539720620703,1.0,0.8571428571428571,0.0,1.0,chop_high_vol,0.8623358240824023,0.0
16_time_of_day_session_effect,652,2017-12-24 12:00:00+00:00,2017-12-25 00:00:00+00:00,5.107786054007156,1.0,0.8571428571428571,0.0,1.0,chop_high_vol,0.8478932927978837,0.0,5.285177414630355,0.9920634920634921,0.8412698412698413,0.0,1.0,chop_high_vol,0.8514392944217767,0.0
16_time_of_day_session_effect,653,2017-12-25 12:00:00+00:00,2017-12-26 00:00:00+00:00,4.904296307487732,0.9920634920634921,0.8412698412698413,0.0,1.0,chop_high_vol,0.8370584883109317,0.0,3.6263216412971375,0.9682539682539683,0.9126984126984127,0.0,1.0,chop_high_vol,1.150394245645747,0.0
16_time_of_day_session_effect,654,2017-12-26 12:00:00+00:00,2017-12-27 00:00:00+00:00,3.586376754653739,0.9682539682539683,0.9126984126984127,0.0,1.0,chop_high_vol,1.1325254221010943,0.0,3.7591490098120954,0.7142857142857143,0.8571428571428571,0.0,1.0,chop_high_vol,1.0684394463380722,0.0
16_time_of_day_session_effect,655,2017-12-27 12:00:00+00:00,2017-12-28 00:00:00+00:00,3.6818193100719667,0.7142857142857143,0.8571428571428571,0.0,1.0,chop_high_vol,1.0521043547940643,0.0,3.4554072258973574,0.7142857142857143,0.8492063492063492,0.0,1.0,chop_high_vol,0.8158844406922556,0.0
16_time_of_day_session_effect,656,2017-12-28 12:00:00+00:00,2017-12-29 00:00:00+00:00,3.2500084565712126,0.7142857142857143,0.8492063492063492,0.0,1.0,chop_high_vol,0.801887667034338,0.0,3.305741752654437,0.6984126984126984,0.8809523809523809,0.0,1.0,chop,0.7726474293024587,0.0
16_time_of_day_session_effect,657,2017-12-29 12:00:00+00:00,2017-12-30 00:00:00+00:00,3.119848522020735,0.6984126984126984,0.8809523809523809,0.0,1.0,chop,0.7590601456710583,0.0,3.033758483756851,0.8095238095238095,0.9365079365079365,0.0,1.0,chop_high_vol,0.4227289385090364,0.0
16_time_of_day_session_effect,658,2017-12-30 12:00:00+00:00,2017-12-31 00:00:00+00:00,2.6416816924742608,0.8095238095238095,0.9365079365079365,0.0,1.0,chop_high_vol,0.41091545150310305,0.0,2.055920561584353,0.7777777777777778,0.8174603174603174,0.0,1.0,chop_high_vol,0.6348435067599,0.0
16_time_of_day_session_effect,659,2017-12-31 12:00:00+00:00,2018-01-01 00:00:00+00:00,1.9103697444449865,0.7777777777777778,0.8174603174603174,0.0,1.0,chop_high_vol,0.6222165261602579,0.0,1.7147307515238361,0.7698412698412699,0.7857142857142857,0.0,1.0,chop_high_vol,0.513956640832473,0.0
16_time_of_day_session_effect,660,2018-01-01 12:00:00+00:00,2018-01-02 00:00:00+00:00,1.5385853243978294,0.7698412698412699,0.7857142857142857,0.0,1.0,chop_high_vol,0.5022262917421529,0.0,1.3573262091400848,0.8492063492063492,0.9603174603174603,0.0,1.0,chop_high_vol,0.725019917391522,0.0
16_time_of_day_session_effect,661,2018-01-02 12:00:00+00:00,2018-01-03 00:00:00+00:00,1.3496894097004697,0.8492063492063492,0.9603174603174603,0.0,1.0,chop_high_vol,0.7118459801694269,0.0,1.418037220755597,0.8492063492063492,0.9603174603174603,0.0,1.0,chop_high_vol,0.7329937371076023,0.0
16_time_of_day_session_effect,662,2018-01-03 12:00:00+00:00,2018-01-04 00:00:00+00:00,1.4269439541867954,0.8492063492063492,0.9603174603174603,0.0,1.0,chop_high_vol,0.7197787479686651,0.0,1.4752644653837959,0.8174603174603174,0.9841269841269841,0.0,1.0,chop_high_vol,0.7705385499354088,0.0
16_time_of_day_session_effect,663,2018-01-04 12:00:00+00:00,2018-01-05 00:00:00+00:00,1.5148211181826021,0.8174603174603174,0.9841269841269841,0.0,1.0,chop_high_vol,0.756934911610826,0.0,1.5745661596587515,0.8333333333333334,1.0,0.0,1.0,chop_high_vol,1.0456412431409983,0.0
16_time_of_day_session_effect,664,2018-01-05 12:00:00+00:00,2018-01-06 00:00:00+00:00,1.7565676922832334,0.8333333333333334,1.0,0.0,1.0,chop_high_vol,1.029206552041857,0.0,2.049297564795216,0.8253968253968254,0.9603174603174603,0.0,1.0,chop_high_vol,1.0282171913269964,0.0
16_time_of_day_session_effect,665,2018-01-06 12:00:00+00:00,2018-01-07 00:00:00+00:00,2.205310617282238,0.8253968253968254,0.9603174603174603,0.0,1.0,chop_high_vol,1.0119769686644424,0.0,2.352278608560775,0.8492063492063492,0.9126984126984127,0.0,1.0,chop_high_vol,0.8242007498604291,0.0
16_time_of_day_session_effect,666,2018-01-07 12:00:00+00:00,2018-01-08 00:00:00+00:00,2.371590603015681,0.8492063492063492,0.9126984126984127,0.0,1.0,chop_high_vol,0.8100975514395469,0.0,2.2365793120719775,0.8492063492063492,0.9603174603174603,0.0,1.0,chop_high_vol,0.5666185521348679,0.0
16_time_of_day_session_effect,667,2018-01-08 12:00:00+00:00,2018-01-09 00:00:00+00:00,2.1147940159210146,0.8492063492063492,0.9603174603174603,0.0,1.0,chop_high_vol,0.5539717152041803,0.0,2.2988162789817763,0.8333333333333334,0.9126984126984127,0.0,1.0,chop_high_vol,0.4448038710541692,0.0
16_time_of_day_session_effect,668,2018-01-09 12:00:00+00:00,2018-01-10 00:00:00+00:00,2.106675005792438,0.8333333333333334,0.9126984126984127,0.0,1.0,chop_high_vol,0.4317718269511298,0.0,1.9054794064250649,0.8095238095238095,0.9603174603174603,0.0,1.0,chop_high_vol,0.4815059557854315,0.0
16_time_of_day_session_effect,669,2018-01-10 12:00:00+00:00,2018-01-11 00:00:00+00:00,1.7913377076407595,0.8095238095238095,0.9603174603174603,0.0,1.0,chop_high_vol,0.46840935028021197,0.0,1.6093360873830025,0.753968253968254,0.8968253968253969,0.0,1.0,chop_high_vol,0.10634948930505493,0.0
16_time_of_day_session_effect,670,2018-01-11 12:00:00+00:00,2018-01-12 00:00:00+00:00,1.3145318644026212,0.753968253968254,0.8968253968253969,0.0,1.0,chop_high_vol,0.08823284617798867,0.0,1.0291928073633496,0.6904761904761905,0.7301587301587301,0.0,1.0,chop,0.17564076950537638,0.0
16_time_of_day_session_effect,671,2018-01-12 12:00:00+00:00,2018-01-13 00:00:00+00:00,0.8720006902552461,0.6904761904761905,0.7301587301587301,0.0,1.0,chop,0.15943133329623035,0.0,0.8434758619419598,0.6428571428571429,0.7777777777777778,0.0,1.0,chop,0.23266867506648867,0.0
16_time_of_day_session_effect,672,2018-01-13 12:00:00+00:00,2018-01-14 00:00:00+00:00,0.7484364653055107,0.6428571428571429,0.7777777777777778,0.0,1.0,chop,0.2166604008290868,0.0,0.6522160299881152,0.6746031746031746,0.6984126984126984,0.0,1.0,chop,0.056078582564961656,0.0
16_time_of_day_session_effect,673,2018-01-14 12:00:00+00:00,2018-01-15 00:00:00+00:00,0.48526642576410595,0.6746031746031746,0.6984126984126984,0.0,1.0,chop,0.03951523556219465,0.0,0.3566529366981207,0.5396825396825397,0.7698412698412699,0.0,1.0,chop,0.036926124520132816,0.0
16_time_of_day_session_effect,674,2018-01-15 12:00:00+00:00,2018-01-16 00:00:00+00:00,0.22214523187561325,0.5396825396825397,0.7698412698412699,0.0,1.0,chop,0.021528325928592357,0.0,0.28547952134136234,0.7857142857142857,0.9603174603174603,0.0,1.0,chop_high_vol,-0.6851811669022285,0.0
16_time_of_day_session_effect,675,2018-03-04 12:00:00+00:00,2018-03-05 00:00:00+00:00,0.8069899691580331,0.2777777777777778,0.24603174603174602,0.0,1.0,chop_low_vol,0.2746016434370002,0.0,1.0908944143071613,0.2222222222222222,0.2857142857142857,0.0,1.0,chop_low_vol,0.3278239509692884,0.0
16_time_of_day_session_effect,676,2018-03-05 12:00:00+00:00,2018-03-06 00:00:00+00:00,1.2590009707476324,0.2222222222222222,0.2857142857142857,0.0,1.0,chop_low_vol,0.3447280314892005,0.0,1.1584644744483048,0.16666666666666666,0.31746031746031744,0.0,1.0,chop_low_vol,-0.05164593701717551,0.0
16_time_of_day_session_effect,677,2018-03-06 12:00:00+00:00,2018-03-07 00:00:00+00:00,1.1022560286824623,0.16666666666666666,0.31746031746031744,0.0,1.0,chop_low_vol,-0.031412999306232384,0.0,0.8884531322075906,0.1746031746031746,0.5,0.0,1.0,chop_low_vol,-0.4030875763875879,0.0
16_time_of_day_session_effect,678,2018-03-07 12:00:00+00:00,2018-03-08 00:00:00+00:00,0.6399272091538729,0.1746031746031746,0.5,0.0,1.0,chop_low_vol,-0.38919472996412924,0.0,0.28151240723543164,0.2222222222222222,0.35714285714285715,0.0,1.0,chop_low_vol,-0.6846357357990989,0.0
16_time_of_day_session_effect,679,2018-03-08 12:00:00+00:00,2018-03-09 00:00:00+00:00,0.082296630268056,0.2222222222222222,0.35714285714285715,0.0,1.0,chop_low_vol,-0.6752573130129603,0.0,0.44631972553381544,0.11904761904761904,0.48412698412698413,0.0,1.0,chop_low_vol,-0.7113815901879894,0.0
16_time_of_day_session_effect,680,2018-03-09 12:00:00+00:00,2018-03-10 00:00:00+00:00,0.7672491671121651,0.11904761904761904,0.48412698412698413,0.0,1.0,chop_low_vol,-0.7003340662804035,0.0,1.252686995759034,0.11904761904761904,0.16666666666666666,0.0,0.0,chop_low_vol,-1.0068490836591484,0.0
16_time_of_day_session_effect,681,2018-03-10 12:00:00+00:00,2018-03-11 00:00:00+00:00,1.6521374968651075,0.11904761904761904,0.16666666666666666,0.0,0.0,chop_low_vol,-0.9960777138024366,0.0,1.4624961336536961,0.14285714285714285,0.23809523809523808,0.0,1.0,chop_low_vol,-0.4946583686304536,0.0
16_time_of_day_session_effect,682,2018-03-11 12:00:00+00:00,2018-03-12 00:00:00+00:00,1.5521424047343004,0.14285714285714285,0.23809523809523808,0.0,1.0,chop_low_vol,-0.4820178117535617,0.0,1.906724799824288,0.14285714285714285,0.24603174603174602,0.0,1.0,chop_low_vol,-0.7177604187533183,0.0
16_time_of_day_session_effect,683,2018-03-12 12:00:00+00:00,2018-03-13 00:00:00+00:00,2.0753552538392817,0.14285714285714285,0.24603174603174602,0.0,1.0,chop_low_vol,-0.7050445168393737,0.0,2.3711566767304224,0.0873015873015873,0.18253968253968253,0.0,1.0,chop_low_vol,-0.7342115413476803,0.0
16_time_of_day_session_effect,684,2018-03-13 12:00:00+00:00,2018-03-14 00:00:00+00:00,2.5083673638233224,0.0873015873015873,0.18253968253968253,0.0,1.0,chop_low_vol,-0.7227192667815596,0.0,2.851768782207457,0.18253968253968253,0.23809523809523808,0.0,0.0,chop_low_vol,-1.448025812318641,0.0
16_time_of_day_session_effect,685,2018-03-14 12:00:00+00:00,2018-03-15 00:00:00+00:00,3.1989049427142384,0.18253968253968253,0.23809523809523808,0.0,0.0,trend,-1.4397253176883549,0.0,3.7993482186005822,0.15079365079365079,0.29365079365079366,0.0,0.0,trend,-1.358861066879901,0.0
16_time_of_day_session_effect,686,2018-03-15 12:00:00+00:00,2018-03-16 00:00:00+00:00,4.0773514943952325,0.15079365079365079,0.29365079365079366,0.0,0.0,trend,-1.347958843377904,0.0,4.348811006824464,0.11904761904761904,0.11904761904761904,0.0,0.0,trend,-1.2745646632515695,0.0
16_time_of_day_session_effect,687,2018-03-16 12:00:00+00:00,2018-03-17 00:00:00+00:00,4.544901339661071,0.11904761904761904,0.11904761904761904,0.0,0.0,trend,-1.267166884492695,0.0,4.976064839660373,0.15873015873015872,0.07539682539682539,0.0,0.0,trend,-1.633441411365639,0.0
16_time_of_day_session_effect,688,2018-03-17 12:00:00+00:00,2018-03-18 00:00:00+00:00,5.245780815890668,0.15873015873015872,0.07936507936507936,0.0,0.0,trend,-1.6011688011110672,0.0,4.843915797234961,0.07936507936507936,0.25793650793650796,0.0,0.0,trend,-1.288568067833174,0.0
16_time_of_day_session_effect,689,2018-03-18 12:00:00+00:00,2018-03-19 00:00:00+00:00,4.934286154293417,0.07936507936507936,0.2619047619047619,0.0,0.0,trend,-1.266017005532829,0.0,4.320699873949642,0.09523809523809523,0.2698412698412698,0.0,0.0,trend,-0.9171425439164138,0.0
16_time_of_day_session_effect,690,2018-03-19 12:00:00+00:00,2018-03-20 00:00:00+00:00,4.267479607466325,0.09523809523809523,0.2698412698412698,0.0,0.0,trend,-0.901903065061791,0.0,4.244880573587043,0.1111111111111111,0.21428571428571427,0.0,0.0,trend,-0.6115617645148509,0.0
16_time_of_day_session_effect,691,2018-03-20 12:00:00+00:00,2018-03-21 00:00:00+00:00,4.112384845750362,0.1111111111111111,0.21428571428571427,0.0,0.0,trend,-0.5990579235499616,0.0,4.540755787713086,0.03571428571428571,0.15873015873015872,0.0,0.0,trend,-0.6294956908372523,0.0
16_time_of_day_session_effect,692,2019-04-24 12:00:00+00:00,2019-04-25 00:00:00+00:00,9.947898433787579,0.23809523809523808,0.9682539682539683,0.0,1.0,trend,1.63676491259994,0.0,10.126535267780586,0.32142857142857145,0.9126984126984127,0.0,1.0,trend,1.2781859755037486,0.0
16_time_of_day_session_effect,693,2019-04-25 12:00:00+00:00,2019-04-26 00:00:00+00:00,9.727748485412313,0.3253968253968254,0.9126984126984127,0.0,1.0,trend,1.2568137194065148,0.0,8.967059218115429,0.32936507936507936,0.9444444444444444,0.0,1.0,trend,1.2766620551261971,0.0
16_time_of_day_session_effect,694,2019-04-26 12:00:00+00:00,2019-04-27 00:00:00+00:00,8.704553174223973,0.3333333333333333,0.9444444444444444,0.0,1.0,trend,1.254876508083182,0.0,8.426877497619131,0.3134920634920635,0.8412698412698413,0.0,1.0,trend,1.2194753540872487,0.0
16_time_of_day_session_effect,695,2019-04-27 12:00:00+00:00,2019-04-28 00:00:00+00:00,8.168822554843521,0.31746031746031744,0.8412698412698413,0.0,1.0,trend,1.1992427832746946,0.0,8.32396851013983,0.3055555555555556,0.8333333333333334,0.0,1.0,trend,1.2012260005159447,0.0
16_time_of_day_session_effect,696,2019-04-28 12:00:00+00:00,2019-04-29 00:00:00+00:00,8.092483106497152,0.30952380952380953,0.8333333333333334,0.0,1.0,trend,1.1813867472028796,0.0,8.367059313052483,0.3055555555555556,0.873015873015873,0.0,1.0,trend,1.1464152411919615,0.0
16_time_of_day_session_effect,697,2019-04-29 12:00:00+00:00,2019-04-30 00:00:00+00:00,8.085065490688805,0.30952380952380953,0.873015873015873,0.0,1.0,trend,1.1276517508627144,0.0,8.38680128093978,0.3055555555555556,0.8809523809523809,0.0,1.0,trend,1.220193511321544,0.0
16_time_of_day_session_effect,698,2019-04-30 12:00:00+00:00,2019-05-01 00:00:00+00:00,8.253057722687508,0.30952380952380953,0.8809523809523809,0.0,1.0,trend,1.199788126432566,0.0,7.832804783253821,0.21031746031746032,0.8492063492063492,0.0,1.0,trend,1.253306291611317,0.0
16_time_of_day_session_effect,699,2019-05-01 12:00:00+00:00,2019-05-02 00:00:00+00:00,7.764670250827883,0.21428571428571427,0.8492063492063492,0.0,1.0,trend,1.2322961163683972,0.0,7.297721633656707,0.21825396825396826,0.8888888888888888,0.0,1.0,trend,1.4022544744684675,0.0
16_time_of_day_session_effect,700,2019-05-02 12:00:00+00:00,2019-05-03 00:00:00+00:00,7.339692556091606,0.2222222222222222,0.8888888888888888,0.0,1.0,trend,1.3780526964015232,0.0,5.965405030959124,0.32142857142857145,0.9841269841269841,0.0,1.0,trend,1.6195730031868238,0.0
16_time_of_day_session_effect,701,2019-05-03 12:00:00+00:00,2019-05-04 00:00:00+00:00,6.210999000041201,0.3253968253968254,0.9841269841269841,0.0,1.0,trend,1.5901548269067773,0.0,6.2980021166797435,0.32142857142857145,0.9682539682539683,0.0,1.0,trend,1.6318648846445123,0.0
16_time_of_day_session_effect,702,2019-05-04 12:00:00+00:00,2019-05-05 00:00:00+00:00,6.52004227958513,0.3253968253968254,0.9682539682539683,0.0,1.0,trend,1.6001058239360655,0.0,6.6642442534709785,0.25793650793650796,0.8809523809523809,0.0,1.0,trend,1.5293496385406442,0.0
16_time_of_day_session_effect,703,2019-05-05 12:00:00+00:00,2019-05-06 00:00:00+00:00,6.782602172619683,0.2619047619047619,0.8809523809523809,0.0,1.0,trend,1.5012243075237024,0.0,7.093816508369534,0.23412698412698413,0.8968253968253969,0.0,1.0,trend,1.4054273202243484,0.0
16_time_of_day_session_effect,704,2019-05-06 12:00:00+00:00,2019-05-07 00:00:00+00:00,7.11719437130476,0.23809523809523808,0.8968253968253969,0.0,1.0,trend,1.3809529345135303,0.0,7.658165642074763,0.25,0.9682539682539683,0.0,1.0,trend,1.4423032537251077,0.0
16_time_of_day_session_effect,705,2019-05-07 12:00:00+00:00,2019-05-08 00:00:00+00:00,7.728625187751268,0.25396825396825395,0.9682539682539683,0.0,1.0,trend,1.417721712318717,0.0,7.512067755748682,0.26587301587301587,0.8650793650793651,0.0,1.0,trend,1.582847208919237,0.0
16_time_of_day_session_effect,706,2019-05-08 12:00:00+00:00,2019-05-09 00:00:00+00:00,7.6783567719035615,0.2698412698412698,0.8650793650793651,0.0,1.0,trend,1.5536416612374386,0.0,8.272288451879314,0.376984126984127,0.9126984126984127,0.0,1.0,trend,1.7085458407194394,0.0
16_time_of_day_session_effect,707,2019-05-09 12:00:00+00:00,2019-05-10 00:00:00+00:00,8.562440373271961,0.38095238095238093,0.9126984126984127,0.0,1.0,trend,1.675584382260206,0.0,8.01172989205008,0.4246031746031746,0.9841269841269841,0.0,1.0,trend,1.8400991653997945,0.0
16_time_of_day_session_effect,708,2019-05-10 12:00:00+00:00,2019-05-11 00:00:00+00:00,8.361490644453218,0.42857142857142855,0.9841269841269841,0.0,1.0,trend,1.8029043740351105,0.0,5.4652783954732165,0.7579365079365079,1.0,0.0,1.0,chop_high_vol,2.5158635465407713,0.0
16_time_of_day_session_effect,709,2019-05-11 12:00:00+00:00,2019-05-12 00:00:00+00:00,6.0171433531693275,0.7619047619047619,1.0,0.0,1.0,trend_high_vol,2.4411626740871646,0.0,6.098142361145652,0.7738095238095238,0.9920634920634921,0.0,1.0,trend_high_vol,2.1800719851053527,0.0
16_time_of_day_session_effect,710,2019-05-12 12:00:00+00:00,2019-05-13 00:00:00+00:00,6.385734977302657,0.7777777777777778,0.9920634920634921,0.0,1.0,trend_high_vol,2.128731074089644,0.0,4.90727591857345,1.0,0.9920634920634921,0.0,1.0,chop_high_vol,2.668796674619751,0.0
16_time_of_day_session_effect,711,2019-05-13 12:00:00+00:00,2019-05-14 00:00:00+00:00,5.326086117410942,1.0,0.9920634920634921,0.0,1.0,chop_high_vol,2.5821970772089413,0.0,5.590435124222497,0.9920634920634921,1.0,0.0,1.0,chop_high_vol,2.6480588135327205,0.0
16_time_of_day_session_effect,712,2019-05-14 12:00:00+00:00,2019-05-15 00:00:00+00:00,5.95139707087159,0.9920634920634921,1.0,0.0,1.0,trend_high_vol,2.5629721672405923,0.0,5.980231795968871,0.9047619047619048,0.9761904761904762,0.0,1.0,trend_high_vol,2.61127192051343,0.0
16_time_of_day_session_effect,713,2019-05-15 12:00:00+00:00,2019-05-16 00:00:00+00:00,6.292726894888584,0.9047619047619048,0.9761904761904762,0.0,1.0,trend_high_vol,2.526743430774591,0.0,6.467423384644078,0.9841269841269841,1.0,0.0,1.0,trend_high_vol,2.2926803354308385,0.0
16_time_of_day_session_effect,714,2019-05-16 12:00:00+00:00,2019-05-17 00:00:00+00:00,6.594413893407647,0.9841269841269841,1.0,0.0,1.0,trend_high_vol,2.2318790776463047,0.0,6.734208218740583,1.0,0.9841269841269841,0.0,1.0,trend_high_vol,1.859572209197499,0.0
16_time_of_day_session_effect,715,2019-05-17 12:00:00+00:00,2019-05-18 00:00:00+00:00,6.641155133950552,1.0,0.9841269841269841,0.0,1.0,trend_high_vol,1.821557394777307,0.0,6.594539056249049,1.0,0.9365079365079365,0.0,1.0,trend_high_vol,1.7350826413436116,0.0
16_time_of_day_session_effect,716,2019-05-18 12:00:00+00:00,2019-05-19 00:00:00+00:00,6.468404410357928,1.0,0.9365079365079365,0.0,1.0,trend_high_vol,1.7020440272081439,0.0,4.878044614506081,1.0,0.9444444444444444,0.0,1.0,chop_high_vol,2.2597592236815496,0.0
16_time_of_day_session_effect,717,2019-05-19 12:00:00+00:00,2019-05-20 00:00:00+00:00,4.999740050011215,1.0,0.9444444444444444,0.0,1.0,chop_high_vol,2.2012463458318208,0.0,5.045476400243139,1.0,0.9365079365079365,0.0,1.0,chop_high_vol,2.012794148422765,0.0
16_time_of_day_session_effect,718,2019-05-20 12:00:00+00:00,2019-05-21 00:00:00+00:00,5.071052463359976,1.0,0.9365079365079365,0.0,1.0,chop_high_vol,1.9698033564842972,0.0,5.179830763911599,1.0,0.9365079365079365,0.0,1.0,chop_high_vol,1.935935910177633,0.0
16_time_of_day_session_effect,719,2019-05-21 12:00:00+00:00,2019-05-22 00:00:00+00:00,5.175661742313887,1.0,0.9365079365079365,0.0,1.0,chop_high_vol,1.8975694945906114,0.0,5.20330259248684,1.0,0.9285714285714286,0.0,1.0,chop_high_vol,1.6837470330147786,0.0
16_time_of_day_session_effect,720,2019-05-22 12:00:00+00:00,2019-05-23 00:00:00+00:00,5.109273115863841,1.0,0.9285714285714286,0.0,1.0,chop_high_vol,1.6553338382628044,0.0,4.980092042221356,0.9920634920634921,0.9206349206349206,0.0,1.0,chop_high_vol,1.7099676798670662,0.0
16_time_of_day_session_effect,721,2019-05-23 12:00:00+00:00,2019-05-24 00:00:00+00:00,4.93353199712585,0.9920634920634921,0.9206349206349206,0.0,1.0,chop_high_vol,1.6817857380739554,0.0,4.984561254757246,0.9920634920634921,0.9444444444444444,0.0,1.0,chop_high_vol,1.726635155140817,0.0
16_time_of_day_session_effect,722,2019-05-24 12:00:00+00:00,2019-05-25 00:00:00+00:00,4.951538886170001,0.9920634920634921,0.9444444444444444,0.0,1.0,chop_high_vol,1.70091454732776,0.0,5.949135933315489,0.9761904761904762,0.8888888888888888,0.0,1.0,trend_high_vol,1.7143332829908031,0.0
16_time_of_day_session_effect,723,2019-05-25 12:00:00+00:00,2019-05-26 00:00:00+00:00,5.911529437035553,0.9761904761904762,0.8888888888888888,0.0,1.0,trend_high_vol,1.6892116606121168,0.0,5.215739281071154,1.0,0.9444444444444444,0.0,1.0,chop_high_vol,2.0159539212846806,0.0
16_time_of_day_session_effect,724,2019-05-26 12:00:00+00:00,2019-05-27 00:00:00+00:00,5.32454557871583,1.0,0.9444444444444444,0.0,1.0,chop_high_vol,1.978088185681268,0.0,6.501191439849204,1.0,0.9523809523809523,0.0,1.0,trend_high_vol,2.0123773211118334,0.0
16_time_of_day_session_effect,725,2019-05-27 12:00:00+00:00,2019-05-28 00:00:00+00:00,6.618232049812319,1.0,0.9523809523809523,0.0,1.0,trend_high_vol,1.9745861516431342,0.0,6.929146615434783,1.0,0.8888888888888888,0.0,1.0,trend_high_vol,1.9164892693911721,0.0
16_time_of_day_session_effect,726,2019-05-28 12:00:00+00:00,2019-05-29 00:00:00+00:00,6.970987166342416,1.0,0.8888888888888888,0.0,1.0,trend_high_vol,1.8833385322657146,0.0,7.31346696514659,0.9761904761904762,0.873015873015873,0.0,1.0,trend_high_vol,1.8042870187742455,0.0
16_time_of_day_session_effect,727,2019-05-29 12:00:00+00:00,2019-05-30 00:00:00+00:00,7.298487394902603,0.9761904761904762,0.873015873015873,0.0,1.0,trend_high_vol,1.7762487273547598,0.0,7.4332795062102335,1.0,0.9761904761904762,0.0,1.0,trend_high_vol,1.5362856102631048,0.0
16_time_of_day_session_effect,728,2019-05-30 12:00:00+00:00,2019-05-31 00:00:00+00:00,7.2740989195485355,1.0,0.9761904761904762,0.0,1.0,trend_high_vol,1.5169521674771882,0.0,7.618242713926357,0.9047619047619048,0.9047619047619048,0.0,1.0,trend_high_vol,1.5732505071579854,0.0
16_time_of_day_session_effect,729,2019-05-31 12:00:00+00:00,2019-06-01 00:00:00+00:00,7.543378755476993,0.9047619047619048,0.9047619047619048,0.0,1.0,trend_high_vol,1.5530968639506255,0.0,7.619095422763213,0.8968253968253969,0.8412698412698413,0.0,1.0,trend_high_vol,1.518385816737557,0.0
16_time_of_day_session_effect,730,2019-06-01 12:00:00+00:00,2019-06-02 00:00:00+00:00,7.5221780551589665,0.8968253968253969,0.8412698412698413,0.0,1.0,trend_high_vol,1.4907741614906713,0.0,9.835753095750485,0.8412698412698413,0.8095238095238095,0.0,1.0,trend_high_vol,1.5624548361154806,0.0
16_time_of_day_session_effect,731,2019-06-02 12:00:00+00:00,2019-06-03 00:00:00+00:00,9.779107936828307,0.8412698412698413,0.8095238095238095,0.0,1.0,trend_high_vol,1.5330660191205054,0.0,9.041587893885266,0.873015873015873,0.8253968253968254,0.0,1.0,trend_high_vol,1.142633460608511,0.0
16_time_of_day_session_effect,732,2019-06-03 12:00:00+00:00,2019-06-04 00:00:00+00:00,8.713081381109838,0.873015873015873,0.8253968253968254,0.0,1.0,trend_high_vol,1.1240843764734505,0.0,7.408608713731559,0.873015873015873,0.8809523809523809,0.0,1.0,trend_high_vol,0.7984605286800169,0.0
16_time_of_day_session_effect,733,2019-06-04 12:00:00+00:00,2019-06-05 00:00:00+00:00,6.926690146291678,0.873015873015873,0.8809523809523809,0.0,1.0,trend_high_vol,0.7845779904080393,0.0,6.778881468792776,0.8650793650793651,0.8095238095238095,0.0,1.0,trend_high_vol,0.826015251893843,0.0
16_time_of_day_session_effect,734,2019-06-05 12:00:00+00:00,2019-06-06 00:00:00+00:00,6.400484184647409,0.8650793650793651,0.8095238095238095,0.0,1.0,trend_high_vol,0.8118380905825543,0.0,6.485001672097716,0.8253968253968254,0.7777777777777778,0.0,1.0,trend_high_vol,0.7622382722011943,0.0
16_time_of_day_session_effect,735,2019-06-06 12:00:00+00:00,2019-06-07 00:00:00+00:00,6.131370261858197,0.8253968253968254,0.7777777777777778,0.0,1.0,chop_high_vol,0.7488025824400518,0.0,5.524433818858836,0.8253968253968254,0.7619047619047619,0.0,1.0,chop_high_vol,0.8603103239876404,0.0
16_time_of_day_session_effect,736,2019-06-07 12:00:00+00:00,2019-06-08 00:00:00+00:00,5.333697860263948,0.8253968253968254,0.7619047619047619,0.0,1.0,chop_high_vol,0.8457759407474249,0.0,5.124096846741469,0.6190476190476191,0.6587301587301587,0.0,1.0,chop,0.7757394917446752,0.0
16_time_of_day_session_effect,737,2019-06-08 12:00:00+00:00,2019-06-09 00:00:00+00:00,4.909803130885813,0.6190476190476191,0.6587301587301587,0.0,1.0,chop,0.7620624761386524,0.0,5.35302918043858,0.6190476190476191,0.6666666666666666,0.0,1.0,chop,0.5784033895060405,0.0
16_time_of_day_session_effect,738,2019-06-09 12:00:00+00:00,2019-06-10 00:00:00+00:00,4.993028280341049,0.6190476190476191,0.6666666666666666,0.0,1.0,chop,0.5663892230141693,0.0,4.322600637627845,0.6190476190476191,0.746031746031746,0.0,1.0,chop,0.8177602189147964,0.0
16_time_of_day_session_effect,739,2019-06-10 12:00:00+00:00,2019-06-11 00:00:00+00:00,4.189836766316058,0.6190476190476191,0.746031746031746,0.0,1.0,chop,0.8037646887453006,0.0,4.069135265739775,0.6111111111111112,0.7063492063492064,0.0,1.0,chop,0.7368343065893929,0.0
16_time_of_day_session_effect,740,2019-06-11 12:00:00+00:00,2019-06-12 00:00:00+00:00,3.9108273072890354,0.6111111111111112,0.7063492063492064,0.0,1.0,chop,0.7234693129131305,0.0,3.565406761784227,0.6111111111111112,0.753968253968254,0.0,1.0,chop,0.8290623573604883,0.0
16_time_of_day_session_effect,741,2019-06-12 12:00:00+00:00,2019-06-13 00:00:00+00:00,3.5267990341060127,0.6111111111111112,0.753968253968254,0.0,1.0,chop,0.8150998142643905,0.0,3.7751125713945117,0.6031746031746031,0.7301587301587301,0.0,1.0,chop,0.8268911306920057,0.0
16_time_of_day_session_effect,742,2019-06-13 12:00:00+00:00,2019-06-14 00:00:00+00:00,3.7651390944045615,0.6031746031746031,0.7301587301587301,0.0,1.0,chop,0.8129137230469099,0.0,3.515561717554779,0.6190476190476191,0.7777777777777778,0.0,1.0,chop,1.0846233097818414,0.0
16_time_of_day_session_effect,743,2019-06-14 12:00:00+00:00,2019-06-15 00:00:00+00:00,3.680669016344142,0.6190476190476191,0.7777777777777778,0.0,1.0,chop,1.068695027437923,0.0,3.6716327802224953,0.5555555555555556,0.7142857142857143,0.0,1.0,chop,1.1394317043098008,0.0
16_time_of_day_session_effect,744,2019-06-15 12:00:00+00:00,2019-06-16 00:00:00+00:00,3.83667959133067,0.5555555555555556,0.7142857142857143,0.0,1.0,chop,1.1217060273954484,0.0,4.005195398634365,0.5555555555555556,0.8412698412698413,0.0,1.0,chop,1.1976555883942117,0.0
16_time_of_day_session_effect,745,2019-06-16 12:00:00+00:00,2019-06-17 00:00:00+00:00,4.178743827366683,0.5555555555555556,0.8412698412698413,0.0,1.0,chop,1.1791604387866546,0.0,4.600183943489409,0.5634920634920635,0.5714285714285714,0.0,1.0,chop,1.356600768566203,0.0
16_time_of_day_session_effect,746,2019-06-17 12:00:00+00:00,2019-06-18 00:00:00+00:00,4.851545026156958,0.5634920634920635,0.5714285714285714,0.0,1.0,chop,1.3350174813757274,0.0,5.642459207918127,0.5714285714285714,0.5793650793650794,0.0,1.0,chop,1.1434275418868711,0.0
16_time_of_day_session_effect,747,2019-06-18 12:00:00+00:00,2019-06-19 00:00:00+00:00,5.742681335412675,0.5714285714285714,0.5793650793650794,0.0,1.0,chop,1.1261000026482388,0.0,5.688156589289752,0.5476190476190477,0.5555555555555556,0.0,1.0,chop,1.230205702792813,0.0
16_time_of_day_session_effect,748,2019-06-19 12:00:00+00:00,2019-06-20 00:00:00+00:00,5.823528349380974,0.5476190476190477,0.5555555555555556,0.0,1.0,chop,1.2116218483334318,0.0,5.450058979191948,0.5396825396825397,0.6825396825396826,0.0,1.0,chop,1.1484058572489824,1.0
16_time_of_day_session_effect,749,2019-06-20 12:00:00+00:00,2019-06-21 00:00:00+00:00,5.622498352607041,0.5396825396825397,0.6825396825396826,0.0,1.0,chop,1.131692954758274,1.0,5.143250319591133,0.6111111111111112,0.7777777777777778,0.0,1.0,chop,1.446760242119621,1.0
16_time_of_day_session_effect,750,2019-06-21 12:00:00+00:00,2019-06-22 00:00:00+00:00,5.44194357340289,0.6111111111111112,0.7777777777777778,0.0,1.0,chop,1.4243386169321273,1.0,5.039266457627037,0.626984126984127,0.9761904761904762,0.0,1.0,chop,1.6920860149906116,1.0
16_time_of_day_session_effect,751,2019-06-22 12:00:00+00:00,2019-06-23 00:00:00+00:00,5.378702937944285,0.626984126984127,0.9761904761904762,0.0,1.0,chop,1.6608919343992916,1.0,5.892234931393095,0.5476190476190477,0.7698412698412699,0.0,1.0,chop,1.7096539923608214,0.0
16_time_of_day_session_effect,752,2019-06-23 12:00:00+00:00,2019-06-24 00:00:00+00:00,6.192633410424039,0.5476190476190477,0.7698412698412699,0.0,1.0,chop,1.680283752043815,0.0,6.830597661322389,0.4603174603174603,0.7222222222222222,0.0,1.0,trend,1.6640727016521304,1.0
16_time_of_day_session_effect,753,2019-06-24 12:00:00+00:00,2019-06-25 00:00:00+00:00,7.10272728140477,0.4603174603174603,0.7222222222222222,0.0,1.0,trend,1.6416261422108462,1.0,6.135667322178429,0.5238095238095238,0.8809523809523809,0.0,1.0,chop,1.9884622435597412,0.0
16_time_of_day_session_effect,754,2019-06-25 12:00:00+00:00,2019-06-26 00:00:00+00:00,6.477307239827319,0.5238095238095238,0.8809523809523809,0.0,1.0,trend,1.9560707935268233,0.0,5.514464868880725,0.6349206349206349,1.0,0.0,1.0,chop,2.463829655247195,0.0
16_time_of_day_session_effect,755,2019-06-26 12:00:00+00:00,2019-06-27 00:00:00+00:00,5.937021851283385,0.6349206349206349,1.0,0.0,1.0,chop,2.408761900789056,0.0,5.533270218814824,0.9047619047619048,0.9920634920634921,0.0,1.0,chop_high_vol,1.5651783205888186,0.0
16_time_of_day_session_effect,756,2019-06-27 12:00:00+00:00,2019-06-28 00:00:00+00:00,5.501799494786567,0.9047619047619048,0.9920634920634921,0.0,1.0,chop_high_vol,1.547998794267104,0.0,4.759888724195783,0.9523809523809523,0.9841269841269841,0.0,1.0,chop_high_vol,2.09219865769395,0.0
16_time_of_day_session_effect,757,2019-06-28 12:00:00+00:00,2019-06-29 00:00:00+00:00,4.900554968583841,0.9523809523809523,0.9841269841269841,0.0,1.0,chop_high_vol,2.061494538236173,0.0,4.991337723032893,0.9603174603174603,0.9444444444444444,0.0,1.0,chop_high_vol,1.831112372217313,0.0
16_time_of_day_session_effect,758,2019-06-29 12:00:00+00:00,2019-06-30 00:00:00+00:00,5.01752071796878,0.9603174603174603,0.9444444444444444,0.0,1.0,chop_high_vol,1.8095264446330108,0.0,4.839467721144569,1.0,0.8888888888888888,0.0,1.0,chop_high_vol,1.2264635971031264,0.0
16_time_of_day_session_effect,759,2019-06-30 12:00:00+00:00,2019-07-01 00:00:00+00:00,4.669322908967417,1.0,0.8888888888888888,0.0,1.0,chop_high_vol,1.2160590777491664,0.0,4.649785913247378,1.0,0.9365079365079365,0.0,1.0,chop_high_vol,1.177293402309345,0.0
16_time_of_day_session_effect,760,2019-07-01 12:00:00+00:00,2019-07-02 00:00:00+00:00,4.451896283571937,1.0,0.9365079365079365,0.0,1.0,chop_high_vol,1.1665227344347533,0.0,4.242200661602826,0.9920634920634921,0.9603174603174603,0.0,1.0,chop_high_vol,1.1943768138914925,0.0
16_time_of_day_session_effect,761,2019-07-02 12:00:00+00:00,2019-07-03 00:00:00+00:00,4.101596634157116,0.9920634920634921,0.9603174603174603,0.0,1.0,chop_high_vol,1.1818219921525313,0.0,3.393896163171544,1.0,0.9523809523809523,0.0,1.0,chop_high_vol,1.732029275893741,0.0
16_time_of_day_session_effect,762,2019-07-03 12:00:00+00:00,2019-07-04 00:00:00+00:00,3.433019146791341,1.0,0.9523809523809523,0.0,1.0,chop_high_vol,1.7109876650200175,0.0,3.442974010250562,1.0,0.8492063492063492,0.0,1.0,chop_high_vol,1.2965504531226815,0.0
16_time_of_day_session_effect,763,2019-07-04 12:00:00+00:00,2019-07-05 00:00:00+00:00,3.365091982915934,1.0,0.8492063492063492,0.0,1.0,chop_high_vol,1.2857205699408192,0.0,3.4905586345008452,1.0,0.7619047619047619,0.0,1.0,chop_high_vol,1.236044220203801,0.0
16_time_of_day_session_effect,764,2019-07-05 12:00:00+00:00,2019-07-06 00:00:00+00:00,3.376371178629175,1.0,0.7619047619047619,0.0,1.0,chop_high_vol,1.229033443026164,0.0,3.3651943054263613,1.0,0.6825396825396826,0.0,1.0,chop_high_vol,1.3597489198887365,0.0
16_time_of_day_session_effect,765,2019-07-06 12:00:00+00:00,2019-07-07 00:00:00+00:00,3.2901265988255726,1.0,0.6825396825396826,0.0,1.0,chop_high_vol,1.3537092404450997,0.0,3.1575310530064655,0.9841269841269841,0.626984126984127,0.0,1.0,chop_high_vol,1.4919717380250632,0.0
16_time_of_day_session_effect,766,2019-07-07 12:00:00+00:00,2019-07-08 00:00:00+00:00,3.1189547423940063,0.9841269841269841,0.626984126984127,0.0,1.0,chop_high_vol,1.4838341749398534,0.0,2.7933776551350284,1.0,0.753968253968254,0.0,1.0,chop_high_vol,1.963311700228321,0.0
16_time_of_day_session_effect,767,2019-07-08 12:00:00+00:00,2019-07-09 00:00:00+00:00,2.8539485679192,1.0,0.753968253968254,0.0,1.0,chop_high_vol,1.9432820378443374,0.0,3.0313850529458195,1.0,0.8809523809523809,0.0,1.0,chop_high_vol,2.0781631964790988,0.0
16_time_of_day_session_effect,768,2019-07-09 12:00:00+00:00,2019-07-10 00:00:00+00:00,3.1041406690619016,1.0,0.8809523809523809,0.0,1.0,chop_high_vol,2.0500324577987508,0.0,3.500673207624703,1.0,0.9761904761904762,0.0,1.0,chop_high_vol,1.704738121260194,0.0
16_time_of_day_session_effect,769,2019-07-10 12:00:00+00:00,2019-07-11 00:00:00+00:00,3.4943342686513956,1.0,0.9761904761904762,0.0,1.0,chop_high_vol,1.6731601057363312,0.0,3.973827077065249,1.0,0.8809523809523809,0.0,1.0,chop_high_vol,1.1936579158212983,0.0
16_time_of_day_session_effect,770,2019-07-11 12:00:00+00:00,2019-07-12 00:00:00+00:00,3.8209819953381556,1.0,0.8809523809523809,0.0,1.0,chop_high_vol,1.1773895895017612,0.0,4.0029086613155345,0.9920634920634921,0.7301587301587301,0.0,1.0,chop_high_vol,1.4119880908572187,0.0
16_time_of_day_session_effect,771,2019-07-12 12:00:00+00:00,2019-07-13 00:00:00+00:00,3.9352029919989615,0.9920634920634921,0.7301587301587301,0.0,1.0,chop_high_vol,1.3864688201027182,0.0,3.9260919947012316,1.0,0.6349206349206349,0.0,1.0,chop_high_vol,1.1014787442181033,0.0
16_time_of_day_session_effect,772,2019-07-13 12:00:00+00:00,2019-07-14 00:00:00+00:00,3.7769594952564196,1.0,0.6349206349206349,0.0,1.0,chop_high_vol,1.0831268931284797,0.0,3.7592307496784256,1.0,0.6825396825396826,0.0,1.0,chop_high_vol,0.3119670462940923,0.0
16_time_of_day_session_effect,773,2019-07-14 12:00:00+00:00,2019-07-15 00:00:00+00:00,3.385272361479329,1.0,0.6825396825396826,0.0,1.0,chop_high_vol,0.3040466846652419,0.0,2.820909557711896,0.9920634920634921,0.8015873015873016,0.0,1.0,chop_high_vol,0.7239394458301243,0.0
16_time_of_day_session_effect,774,2019-07-15 12:00:00+00:00,2019-07-16 00:00:00+00:00,2.656125009422541,0.9920634920634921,0.8015873015873016,0.0,1.0,chop_high_vol,0.7111879632297743,0.0,2.205553375151053,1.0,0.7380952380952381,0.0,1.0,chop_high_vol,-0.30837178364347245,0.0
16_time_of_day_session_effect,775,2019-07-16 12:00:00+00:00,2019-07-17 00:00:00+00:00,1.8173644253259986,1.0,0.7380952380952381,0.0,1.0,chop_high_vol,-0.3205919035857343,0.0,1.6495755623374542,0.9285714285714286,0.753968253968254,0.0,1.0,chop_high_vol,-0.22983411564797165,0.0
16_time_of_day_session_effect,776,2019-07-17 12:00:00+00:00,2019-07-18 00:00:00+00:00,1.343376094647675,0.9285714285714286,0.753968253968254,0.0,1.0,chop_high_vol,-0.24350592191627385,0.0,1.0991396045026214,0.8888888888888888,0.7857142857142857,0.0,1.0,chop_high_vol,0.44741449390367405,0.0
16_time_of_day_session_effect,777,2019-07-18 12:00:00+00:00,2019-07-19 00:00:00+00:00,1.0431122023306771,0.8888888888888888,0.7857142857142857,0.0,1.0,chop_high_vol,0.4384150693608758,0.0,0.9892370534938096,0.8809523809523809,0.5793650793650794,0.0,1.0,chop_high_vol,0.33679757818950545,0.0
16_time_of_day_session_effect,778,2019-07-19 12:00:00+00:00,2019-07-20 00:00:00+00:00,0.9161219473718079,0.8809523809523809,0.5793650793650794,0.0,1.0,chop_high_vol,0.32724578487783007,0.0,0.8718945768606169,0.8650793650793651,0.5555555555555556,0.0,1.0,chop_high_vol,0.48655068270519397,0.0
16_time_of_day_session_effect,779,2019-07-20 12:00:00+00:00,2019-07-21 00:00:00+00:00,0.8500156140411641,0.8650793650793651,0.5555555555555556,0.0,1.0,chop_high_vol,0.4759175729044701,0.0,0.8169056561423144,0.8571428571428571,0.42063492063492064,0.0,1.0,chop_high_vol,0.3435098835922666,0.0
16_time_of_day_session_effect,780,2019-07-21 12:00:00+00:00,2019-07-22 00:00:00+00:00,0.7671320759095808,0.8571428571428571,0.42063492063492064,0.0,1.0,chop_high_vol,0.3321331049191186,0.0,0.7381464015082974,0.8571428571428571,0.3333333333333333,0.0,1.0,chop_high_vol,0.13020871811566948,0.0
16_time_of_day_session_effect,781,2019-07-22 12:00:00+00:00,2019-07-23 00:00:00+00:00,0.64377588742462,0.8571428571428571,0.3333333333333333,0.0,1.0,chop_high_vol,0.1199408309864862,0.0,0.4739763535791763,0.8095238095238095,0.4444444444444444,0.0,1.0,chop_high_vol,-0.2045168351994808,0.0
16_time_of_day_session_effect,782,2019-07-23 12:00:00+00:00,2019-07-24 00:00:00+00:00,0.31170315940025445,0.8095238095238095,0.4444444444444444,0.0,1.0,chop_high_vol,-0.21305652748571882,0.0,0.1537407904045546,0.746031746031746,0.42063492063492064,0.0,1.0,chop_high_vol,-0.3075881610717283,0.0
16_time_of_day_session_effect,783,2019-07-24 12:00:00+00:00,2019-07-25 00:00:00+00:00,0.0004328406988467993,0.746031746031746,0.42063492063492064,0.0,1.0,chop_high_vol,-0.31524500043390885,0.0,0.1254488014574719,0.7380952380952381,0.29365079365079366,0.0,1.0,chop_high_vol,-0.1859609643823105,0.0
16_time_of_day_session_effect,784,2019-07-25 12:00:00+00:00,2019-07-26 00:00:00+00:00,0.23700750885842742,0.7380952380952381,0.29365079365079366,0.0,1.0,chop_high_vol,-0.18855143194156607,0.0,0.36876351732593654,0.7301587301587301,0.20634920634920634,0.0,1.0,chop_high_vol,-0.24950166624684988,0.0
16_time_of_day_session_effect,785,2019-07-26 12:00:00+00:00,2019-07-27 00:00:00+00:00,0.471985391680972,0.7301587301587301,0.20634920634920634,0.0,1.0,chop_high_vol,-0.25049364718735123,0.0,0.6851376709923193,0.7380952380952381,0.36507936507936506,0.0,1.0,chop_high_vol,-0.5755596975908828,0.0
16_time_of_day_session_effect,786,2019-07-27 12:00:00+00:00,2019-07-28 00:00:00+00:00,0.8597660941353897,0.7380952380952381,0.36507936507936506,0.0,1.0,chop_high_vol,-0.5736563444202132,0.0,1.166343878305911,0.6666666666666666,0.1746031746031746,0.0,1.0,chop,-0.5097585935027121,0.0
16_time_of_day_session_effect,787,2019-07-28 12:00:00+00:00,2019-07-29 00:00:00+00:00,1.3052137970428594,0.6666666666666666,0.1746031746031746,0.0,1.0,chop,-0.5094153602522212,0.0,1.6322500655387109,0.6587301587301587,0.18253968253968253,0.0,1.0,chop,-0.5474821349544805,0.0
16_time_of_day_session_effect,788,2019-08-17 12:00:00+00:00,2019-08-18 00:00:00+00:00,0.4279921766643234,0.3492063492063492,0.1111111111111111,0.0,1.0,chop,-1.340095385315,0.0,0.2723339945773159,0.3531746031746032,0.03968253968253968,0.0,1.0,chop,-1.204820311597921,0.0
16_time_of_day_session_effect,789,2019-08-18 12:00:00+00:00,2019-08-19 00:00:00+00:00,0.1342566236389983,0.35714285714285715,0.03968253968253968,0.0,1.0,chop,-1.2028386900951087,0.0,0.21230828356547754,0.4246031746031746,0.25396825396825395,0.0,1.0,chop,-0.4712952926558935,0.0
16_time_of_day_session_effect,790,2019-08-19 12:00:00+00:00,2019-08-20 00:00:00+00:00,0.28167282206759187,0.42857142857142855,0.25396825396825395,0.0,1.0,chop,-0.4800526366010731,0.0,0.3040826630633309,0.36904761904761907,0.16666666666666666,0.0,1.0,chop,-0.6827076492112539,0.0
16_time_of_day_session_effect,791,2019-08-20 12:00:00+00:00,2019-08-21 00:00:00+00:00,0.31032910843565953,0.373015873015873,0.16666666666666666,0.0,1.0,chop,-0.6805015507108754,0.0,0.08341586089237946,0.44047619047619047,0.49206349206349204,0.0,1.0,chop,-1.3806682532208663,0.0
16_time_of_day_session_effect,792,2019-08-21 12:00:00+00:00,2019-08-22 00:00:00+00:00,0.12339615957306552,0.4444444444444444,0.49206349206349204,0.0,1.0,chop,-1.3572156525396657,0.0,0.3121333046427731,0.44047619047619047,0.3253968253968254,0.0,1.0,chop,-1.2852678682122747,0.0
16_time_of_day_session_effect,793,2019-08-22 12:00:00+00:00,2019-08-23 00:00:00+00:00,0.4798632582372185,0.4444444444444444,0.3253968253968254,0.0,1.0,chop,-1.2636211540699962,0.0,0.48634266982323004,0.44047619047619047,0.19047619047619047,0.0,1.0,chop,-1.155516086909389,0.0
16_time_of_day_session_effect,794,2019-08-23 12:00:00+00:00,2019-08-24 00:00:00+00:00,0.5219083810507246,0.4444444444444444,0.19047619047619047,0.0,1.0,chop,-1.137057098283214,0.0,0.6880430889395207,0.4642857142857143,0.16666666666666666,0.0,1.0,chop,-1.393137607936241,0.0
16_time_of_day_session_effect,795,2019-08-24 12:00:00+00:00,2019-08-25 00:00:00+00:00,0.7999887257638082,0.46825396825396826,0.16666666666666666,0.0,1.0,chop,-1.3690894926244612,0.0,0.9398744518232808,0.2896825396825397,0.09523809523809523,0.0,1.0,chop_low_vol,-1.3853979910105172,0.0
16_time_of_day_session_effect,796,2019-08-25 12:00:00+00:00,2019-08-26 00:00:00+00:00,1.0366404659684978,0.29365079365079366,0.09523809523809523,0.0,1.0,chop_low_vol,-1.3788305865218893,0.0,0.9785788120558037,0.29365079365079366,0.42063492063492064,0.0,1.0,chop_low_vol,-1.0856518530353696,0.0
16_time_of_day_session_effect,797,2019-08-26 12:00:00+00:00,2019-08-27 00:00:00+00:00,0.9706680962679909,0.29365079365079366,0.42063492063492064,0.0,1.0,chop_low_vol,-1.0676755949742769,0.0,1.1225915737325778,0.23015873015873015,0.11507936507936507,0.0,1.0,chop_low_vol,-1.382906641892248,0.0
16_time_of_day_session_effect,798,2019-08-27 12:00:00+00:00,2019-08-28 00:00:00+00:00,1.1784665455643801,0.23015873015873015,0.11904761904761904,0.0,1.0,chop_low_vol,-1.3685546373260236,0.0,1.6228881358322822,0.2619047619047619,0.36507936507936506,0.0,1.0,chop_low_vol,-1.8374009372316003,0.0
16_time_of_day_session_effect,799,2020-02-19 12:00:00+00:00,2020-02-20 00:00:00+00:00,4.725317885867781,0.4126984126984127,0.9841269841269841,0.00038487,1.0,chop,0.7597823638917507,0.0,4.615762317297124,0.3888888888888889,0.9682539682539683,0.00040757,1.0,chop,0.6693521490290142,0.0
16_time_of_day_session_effect,800,2020-02-20 12:00:00+00:00,2020-02-21 00:00:00+00:00,4.36309523402185,0.3888888888888889,0.9682539682539683,0.0001,1.0,chop,0.6576648502093364,0.0,4.115529690518731,0.3888888888888889,0.9047619047619048,0.0001,1.0,chop,0.5589846736797589,0.0
16_time_of_day_session_effect,801,2020-02-21 12:00:00+00:00,2020-02-22 00:00:00+00:00,3.93321180898114,0.3888888888888889,0.9047619047619048,0.0001,1.0,chop,0.5473196850490094,0.0,3.817449253833578,0.38095238095238093,0.8571428571428571,0.0001,1.0,chop,0.5121775549750456,0.0
16_time_of_day_session_effect,802,2020-02-22 12:00:00+00:00,2020-02-23 00:00:00+00:00,3.6420054374607442,0.38095238095238093,0.8571428571428571,0.0001,1.0,chop,0.5002038899171241,0.0,3.4971904157651066,0.4126984126984127,0.9047619047619048,0.00029663,1.0,chop,0.7468648734529514,0.0
16_time_of_day_session_effect,803,2020-02-23 12:00:00+00:00,2020-02-24 00:00:00+00:00,3.462078472966742,0.4126984126984127,0.9047619047619048,0.0003901,1.0,chop,0.7334229164628449,0.0,3.359323331095814,0.47619047619047616,0.9682539682539683,0.00065308,1.0,chop,0.27904900173216024,1.0
16_time_of_day_session_effect,804,2020-02-24 12:00:00+00:00,2020-02-25 00:00:00+00:00,3.1923561295824876,0.47619047619047616,0.9682539682539683,0.00014587,1.0,chop,0.2663932974514444,1.0,3.0122785204521114,0.3888888888888889,0.8968253968253969,0.0001,1.0,chop,0.08120685485169933,0.0
16_time_of_day_session_effect,805,2020-02-25 12:00:00+00:00,2020-02-26 00:00:00+00:00,2.713567294066326,0.3888888888888889,0.8968253968253969,0.00027363,1.0,chop,0.06806308300253111,0.0,1.9971008650310393,0.5952380952380952,1.0,0.0003617,1.0,chop,-0.4925565756241444,0.0
16_time_of_day_session_effect,806,2020-02-26 12:00:00+00:00,2020-02-27 00:00:00+00:00,1.5400692188987584,0.5952380952380952,1.0,0.0005063,1.0,chop,-0.5067550024267964,0.0,1.1370714927718508,0.5873015873015873,0.9603174603174603,0.0003866,0.0,chop,-0.5618199982019966,0.0
16_time_of_day_session_effect,807,2020-02-27 12:00:00+00:00,2020-02-28 00:00:00+00:00,0.7406200115336444,0.5873015873015873,0.9603174603174603,0.0001,0.0,chop,-0.5742683833847535,0.0,0.3294825875884805,0.5912698412698413,0.9285714285714286,0.0001,0.0,chop,-0.22159221813555244,0.0
16_time_of_day_session_effect,808,2020-02-28 12:00:00+00:00,2020-02-29 00:00:00+00:00,0.04138190613352088,0.5952380952380952,0.9285714285714286,0.00011659,0.0,chop,-0.23727408467737438,0.0,0.4570082770074441,0.5357142857142857,0.7976190476190477,0.00061536,0.0,chop,-0.3486785783616787,0.0
16_time_of_day_session_effect,809,2020-02-29 12:00:00+00:00,2020-03-01 00:00:00+00:00,0.8236263030004175,0.5396825396825397,0.8015873015873016,0.00060166,0.0,chop,-0.36865720623709547,0.0,1.1765558477839624,0.49603174603174605,0.7936507936507936,0.00049317,0.0,chop,-0.4384572464562074,0.0
16_time_of_day_session_effect,810,2020-03-01 12:00:00+00:00,2020-03-02 00:00:00+00:00,1.4860020795855644,0.5,0.7936507936507936,0.00027933,0.0,chop,-0.46051178378730967,0.0,1.4777926383096691,0.503968253968254,0.8888888888888888,0.0001872,1.0,chop,-0.2841298460943948,0.0
16_time_of_day_session_effect,811,2020-03-02 12:00:00+00:00,2020-03-03 00:00:00+00:00,1.5588657339293486,0.5079365079365079,0.8888888888888888,0.0001,1.0,chop,-0.31288179951009704,0.0,1.911298432456718,0.4722222222222222,0.8650793650793651,0.0001,1.0,chop,-0.8382769030408882,1.0
16_time_of_day_session_effect,812,2020-03-03 12:00:00+00:00,2020-03-04 00:00:00+00:00,2.021669175389303,0.47619047619047616,0.8650793650793651,0.0001,1.0,chop,-0.8692141353802715,1.0,2.5689707741521506,0.4722222222222222,0.753968253968254,0.0001,1.0,chop,-0.9391245108973703,1.0
16_time_of_day_session_effect,813,2020-03-04 12:00:00+00:00,2020-03-05 00:00:00+00:00,2.6858193981570624,0.47619047619047616,0.753968253968254,0.0001,1.0,chop,-0.9707655671947228,1.0,2.1456668154834166,0.6150793650793651,0.8333333333333334,0.0001,1.0,chop,-0.7202264966545974,1.0
16_time_of_day_session_effect,814,2020-03-05 12:00:00+00:00,2020-03-06 00:00:00+00:00,2.040148327290746,0.6190476190476191,0.8333333333333334,0.00023481,1.0,chop,-0.7537149054406674,1.0,1.9292643696874099,0.4801587301587302,0.8412698412698413,0.00019521,1.0,chop,-0.746348233928975,1.0
16_time_of_day_session_effect,815,2020-05-21 12:00:00+00:00,2020-05-22 00:00:00+00:00,4.689697719958818,0.5952380952380952,0.5238095238095238,6.809e-05,1.0,trend,1.0581383633644457,0.0,4.444319316495822,0.5873015873015873,0.0992063492063492,0.0001,1.0,trend,1.0615225070613847,0.0
16_time_of_day_session_effect,816,2020-05-22 12:00:00+00:00,2020-05-23 00:00:00+00:00,4.262694717418311,0.5873015873015873,0.10317460317460317,-2.396e-05,1.0,chop,1.0439680219917327,0.0,4.31942013913358,0.5714285714285714,0.06746031746031746,6.867e-05,1.0,trend,1.0476916662917188,0.0
16_time_of_day_session_effect,817,2020-05-23 12:00:00+00:00,2020-05-24 00:00:00+00:00,4.157609351071474,0.5714285714285714,0.07142857142857142,-1.081e-05,1.0,chop,1.0303444417549792,0.0,4.490396605034573,0.6666666666666666,0.19444444444444445,7.023e-05,1.0,trend,0.6759400264851524,0.0
16_time_of_day_session_effect,818,2020-05-24 12:00:00+00:00,2020-05-25 00:00:00+00:00,4.142576372538425,0.6666666666666666,0.1984126984126984,7.917e-05,1.0,chop,0.6638623972728293,0.0,3.874445256144118,0.6666666666666666,0.15079365079365079,6.784e-05,1.0,chop,0.7478179665775698,0.0
16_time_of_day_session_effect,819,2020-05-25 12:00:00+00:00,2020-05-26 00:00:00+00:00,3.628692340359834,0.6666666666666666,0.15079365079365079,-4.286e-05,1.0,chop,0.7347634657599674,0.0,3.551116229297587,0.6190476190476191,0.09523809523809523,-3.5e-07,1.0,chop,0.7890850225565276,0.0
16_time_of_day_session_effect,820,2020-05-26 12:00:00+00:00,2020-05-27 00:00:00+00:00,3.296340616435959,0.6190476190476191,0.09523809523809523,0.0001,1.0,chop,0.7753037742065361,0.0,3.2438293443773953,0.48412698412698413,0.20634920634920634,2.104e-05,1.0,chop,1.021068269850269,0.0
16_time_of_day_session_effect,821,2020-05-27 12:00:00+00:00,2020-05-28 00:00:00+00:00,3.1799080289380397,0.48412698412698413,0.20634920634920634,0.0001,1.0,chop,1.0052871251728293,0.0,3.296461626535373,0.5238095238095238,0.2698412698412698,-0.00011366,1.0,chop,1.2536481272878681,0.0
16_time_of_day_session_effect,822,2020-05-28 12:00:00+00:00,2020-05-29 00:00:00+00:00,3.385873089951465,0.5238095238095238,0.2698412698412698,-6.862e-05,1.0,chop,1.238978618733118,0.0,3.852110381549458,0.5079365079365079,0.20634920634920634,2.618e-05,1.0,chop,1.0474974170936606,0.0
16_time_of_day_session_effect,823,2020-05-29 12:00:00+00:00,2020-05-30 00:00:00+00:00,3.87321682091522,0.5079365079365079,0.20634920634920634,1.877e-05,1.0,chop,1.0309626160137737,0.0,3.628058457366171,0.38095238095238093,0.18253968253968253,0.0001,1.0,chop,1.2207376665002723,0.0
16_time_of_day_session_effect,824,2020-05-30 12:00:00+00:00,2020-05-31 00:00:00+00:00,3.747137907479869,0.38095238095238093,0.18253968253968253,0.0001,1.0,chop,1.2006545341428314,0.0,3.9050026165271765,0.38095238095238093,0.023809523809523808,0.0001,1.0,trend,0.9914994577350409,0.0
16_time_of_day_session_effect,825,2020-05-31 12:00:00+00:00,2020-06-01 00:00:00+00:00,3.8747330952850914,0.38095238095238093,0.023809523809523808,0.0001,1.0,trend,0.9751142129047063,0.0,3.174773327628009,0.4523809523809524,0.3333333333333333,0.0001,1.0,chop,1.49748602585397,0.0
16_time_of_day_session_effect,826,2020-06-01 12:00:00+00:00,2020-06-02 00:00:00+00:00,3.3971377537118808,0.4523809523809524,0.3333333333333333,-2.911e-05,1.0,chop,1.4697433640903175,0.0,3.0321736922442013,0.46825396825396826,0.5079365079365079,0.0003448,1.0,chop,1.013754929822467,0.0
16_time_of_day_session_effect,827,2020-06-02 12:00:00+00:00,2020-06-03 00:00:00+00:00,2.973430356496556,0.46825396825396826,0.5079365079365079,0.0007831,1.0,chop,0.9972647182589652,0.0,2.9769397752769384,0.4365079365079365,0.003968253968253968,0.0001,1.0,chop,1.2010680159034945,0.0
16_time_of_day_session_effect,828,2020-06-03 12:00:00+00:00,2020-06-04 00:00:00+00:00,2.958897947560915,0.4365079365079365,0.007936507936507936,8.646e-05,1.0,chop,1.181005071023795,0.0,3.1858477560441125,0.3968253968253968,0.011904761904761904,0.0001,1.0,chop,1.1800386301446624,0.0
16_time_of_day_session_effect,829,2020-06-04 12:00:00+00:00,2020-06-05 00:00:00+00:00,3.207610616170891,0.3968253968253968,0.015873015873015872,0.0001,1.0,chop,1.1608241754249506,0.0,3.1892634761046157,0.3968253968253968,0.003968253968253968,0.0001,1.0,chop,1.2258154868979187,0.0
16_time_of_day_session_effect,830,2020-06-05 12:00:00+00:00,2020-06-06 00:00:00+00:00,3.14591184362001,0.3968253968253968,0.007936507936507936,0.0001,1.0,chop,1.2048554931227915,0.0,3.1128866663231585,0.35714285714285715,0.003968253968253968,0.0001,1.0,chop,1.175302726220113,0.0
16_time_of_day_session_effect,831,2020-06-06 12:00:00+00:00,2020-06-07 00:00:00+00:00,3.060758341513279,0.35714285714285715,0.007936507936507936,0.0001,1.0,chop,1.1555715170885636,0.0,3.3134714480977903,0.36507936507936506,0.027777777777777776,0.0001,1.0,chop,1.2167248679143405,0.0
16_time_of_day_session_effect,832,2020-06-07 12:00:00+00:00,2020-06-08 00:00:00+00:00,3.2947995596107287,0.36507936507936506,0.031746031746031744,0.0001,1.0,chop,1.1959103250301535,0.0,3.387566256936226,0.36507936507936506,0.011904761904761904,0.0001,1.0,chop,1.088734146750162,0.0
16_time_of_day_session_effect,833,2020-06-08 12:00:00+00:00,2020-06-09 00:00:00+00:00,3.3630305744035853,0.36507936507936506,0.015873015873015872,0.0001,1.0,chop,1.0712725909490617,0.0,3.3921676975795445,0.3333333333333333,0.027777777777777776,0.0001,1.0,chop,1.0030403552393363,0.0
16_time_of_day_session_effect,834,2020-06-09 12:00:00+00:00,2020-06-10 00:00:00+00:00,3.3678885298288943,0.3333333333333333,0.031746031746031744,0.0001,1.0,chop,0.9894204477271028,0.0,3.696909536924086,0.2777777777777778,0.051587301587301584,0.0001,1.0,chop_low_vol,1.0407815730649361,0.0
16_time_of_day_session_effect,835,2020-06-10 12:00:00+00:00,2020-06-11 00:00:00+00:00,3.693166572146266,0.2777777777777778,0.05555555555555555,0.0001,1.0,chop_low_vol,1.0276639906052831,0.0,3.407968443758683,0.373015873015873,0.11507936507936507,0.0001,1.0,chop,0.47622068165805603,0.0
16_time_of_day_session_effect,836,2020-06-11 12:00:00+00:00,2020-06-12 00:00:00+00:00,3.147892163074391,0.373015873015873,0.11904761904761904,0.0001,1.0,chop,0.4631632392192413,0.0,2.8653481110673917,0.3888888888888889,0.01984126984126984,0.0001,1.0,chop,0.6014290455679423,0.0
16_time_of_day_session_effect,837,2020-06-12 12:00:00+00:00,2020-06-13 00:00:00+00:00,2.720835732905899,0.3888888888888889,0.023809523809523808,-3.816e-05,1.0,chop,0.5893638983383942,0.0,2.8173018997966723,0.29365079365079366,0.003968253968253968,-1.942e-05,1.0,chop_low_vol,0.5725604325915862,0.0
16_time_of_day_session_effect,838,2020-06-13 12:00:00+00:00,2020-06-14 00:00:00+00:00,2.676528029953887,0.29365079365079366,0.007936507936507936,7.217e-05,1.0,chop_low_vol,0.5608218792109142,0.0,2.6580700849884784,0.2857142857142857,0.011904761904761904,0.0001,1.0,chop_low_vol,0.46537822193909445,0.0
16_time_of_day_session_effect,839,2020-06-14 12:00:00+00:00,2020-06-15 00:00:00+00:00,2.48323725499542,0.2857142857142857,0.015873015873015872,0.0001,1.0,chop_low_vol,0.45274033546693304,0.0,3.0703981482329987,0.2777777777777778,0.09126984126984126,0.0001,1.0,chop_low_vol,0.5525097279781283,0.0
16_time_of_day_session_effect,840,2020-06-15 12:00:00+00:00,2020-06-16 00:00:00+00:00,2.9159053898544873,0.2777777777777778,0.09523809523809523,-4.149e-05,1.0,chop_low_vol,0.5400120279484056,0.0,3.722678536073572,0.21428571428571427,0.03571428571428571,-0.00018213,1.0,chop_low_vol,0.5644452381962406,0.0
16_time_of_day_session_effect,841,2020-06-16 12:00:00+00:00,2020-06-17 00:00:00+00:00,3.6180468722146193,0.21428571428571427,0.03968253968253968,0.0001,1.0,chop_low_vol,0.5519874972430235,0.0,3.6444926821121233,0.1746031746031746,0.01984126984126984,7.764e-05,1.0,chop_low_vol,0.4802610686255385,0.0
16_time_of_day_session_effect,842,2020-06-17 12:00:00+00:00,2020-06-18 00:00:00+00:00,3.4896385929165845,0.1746031746031746,0.023809523809523808,-8.32e-05,1.0,chop_low_vol,0.4671509145522368,0.0,3.469526242151086,0.15873015873015872,0.011904761904761904,7.51e-05,1.0,chop_low_vol,0.40478030253244307,0.0
16_time_of_day_session_effect,843,2020-06-18 12:00:00+00:00,2020-06-19 00:00:00+00:00,3.2591144811043145,0.15873015873015872,0.015873015873015872,-0.00011589,1.0,chop_low_vol,0.3909064673544574,0.0,2.985474074756961,0.15079365079365079,0.027777777777777776,7.624e-05,1.0,chop_low_vol,0.09530899706326953,0.0
16_time_of_day_session_effect,844,2020-06-19 12:00:00+00:00,2020-06-20 00:00:00+00:00,2.682681552409442,0.15079365079365079,0.031746031746031744,1.94e-05,1.0,chop_low_vol,0.0725201782505423,0.0,2.3846090754427047,0.12698412698412698,0.003968253968253968,0.0001,1.0,chop_low_vol,0.10617839130553283,0.0
16_time_of_day_session_effect,845,2020-06-20 12:00:00+00:00,2020-06-21 00:00:00+00:00,2.179777380785759,0.12698412698412698,0.007936507936507936,1.186e-05,1.0,chop_low_vol,0.0829083199359604,0.0,2.074642025163821,0.003968253968253968,0.003968253968253968,-3.057e-05,1.0,chop_low_vol,0.01774391870486195,0.0
16_time_of_day_session_effect,846,2020-06-21 12:00:00+00:00,2020-06-22 00:00:00+00:00,1.8639539519764894,0.007936507936507936,0.007936507936507936,-1.29e-05,1.0,chop_low_vol,-0.011186392801436622,0.0,1.5837337311178474,0.003968253968253968,0.06746031746031746,0.0001,1.0,chop_low_vol,0.39583032259205647,0.0
16_time_of_day_session_effect,847,2020-06-22 12:00:00+00:00,2020-06-23 00:00:00+00:00,1.7089411227583111,0.007936507936507936,0.07142857142857142,6.784e-05,1.0,chop_low_vol,0.38258408201804145,0.0,1.809684314217615,0.003968253968253968,0.011904761904761904,0.0001,1.0,chop_low_vol,0.20166718114862184,0.0
16_time_of_day_session_effect,848,2020-06-23 12:00:00+00:00,2020-06-24 00:00:00+00:00,1.8885484018005307,0.007936507936507936,0.015873015873015872,0.0001,1.0,chop_low_vol,0.18138426765069926,0.0,1.5281959920837493,0.01984126984126984,0.04365079365079365,0.00012215,1.0,chop_low_vol,-0.3509643871166742,0.0
16_time_of_day_session_effect,849,2020-06-24 12:00:00+00:00,2020-06-25 00:00:00+00:00,1.3603142706687774,0.023809523809523808,0.047619047619047616,0.0001,1.0,chop_low_vol,-0.3984817253528746,0.0,1.5585613099887066,0.01984126984126984,0.04365079365079365,0.0001,1.0,chop_low_vol,-0.507355132284517,0.0
16_time_of_day_session_effect,850,2020-06-25 12:00:00+00:00,2020-06-26 00:00:00+00:00,1.3275014084358092,0.023809523809523808,0.047619047619047616,0.0001,1.0,chop_low_vol,-0.5668708919011491,0.0,1.0660875714688935,0.027777777777777776,0.04365079365079365,9.401e-05,1.0,chop_low_vol,-0.9832456621165724,0.0
16_time_of_day_session_effect,851,2020-06-26 12:00:00+00:00,2020-06-27 00:00:00+00:00,0.7675330837372387,0.031746031746031744,0.047619047619047616,0.0001,1.0,chop_low_vol,-1.0650997818936123,0.0,0.3475413091673423,0.027777777777777776,0.027777777777777776,0.0001,1.0,chop_low_vol,-1.4649897372320537,0.0
16_time_of_day_session_effect,852,2020-06-27 12:00:00+00:00,2020-06-28 00:00:00+00:00,0.015064050941464638,0.031746031746031744,0.031746031746031744,0.0001,1.0,chop_low_vol,-1.5928779560970423,0.0,0.17926530411655106,0.051587301587301584,0.003968253968253968,0.0001,1.0,chop_low_vol,-1.3126706803632566,0.0
16_time_of_day_session_effect,853,2020-06-28 12:00:00+00:00,2020-06-29 00:00:00+00:00,0.3524877660989187,0.05555555555555555,0.007936507936507936,0.0001,1.0,chop_low_vol,-1.3117472894187836,0.0,0.4620533588180488,0.05952380952380952,0.01984126984126984,0.0001,1.0,chop_low_vol,-1.2160658306137022,0.0
16_time_of_day_session_effect,854,2020-07-27 12:00:00+00:00,2020-07-28 00:00:00+00:00,3.218710065183735,0.29365079365079366,0.6825396825396826,0.00086993,1.0,trend,1.4969517707415514,0.0,3.7753127256506858,0.2896825396825397,0.44841269841269843,0.00139484,1.0,trend,1.1725715618422916,0.0
16_time_of_day_session_effect,855,2020-07-28 12:00:00+00:00,2020-07-29 00:00:00+00:00,4.33558543352458,0.29365079365079366,0.4523809523809524,0.00122052,1.0,trend,1.161114299326363,0.0,4.615390625960653,0.2896825396825397,0.38492063492063494,0.00083621,1.0,trend,1.4258043949229229,0.0
16_time_of_day_session_effect,856,2020-07-29 12:00:00+00:00,2020-07-30 00:00:00+00:00,5.110642136316756,0.29365079365079366,0.3888888888888889,0.00068208,1.0,trend,1.4171481639758507,0.0,5.678323452381489,0.2896825396825397,0.36904761904761907,0.00061759,1.0,trend,1.5396797248322425,0.0
16_time_of_day_session_effect,857,2020-07-30 12:00:00+00:00,2020-07-31 00:00:00+00:00,6.066937910968167,0.29365079365079366,0.373015873015873,0.00072329,1.0,trend,1.5174462117016398,0.0,5.961835265074352,0.3055555555555556,0.376984126984127,0.00082654,1.0,trend,1.7069690835491067,0.0
16_time_of_day_session_effect,858,2020-07-31 12:00:00+00:00,2020-08-01 00:00:00+00:00,6.321933666974907,0.30952380952380953,0.38095238095238093,0.00039348,1.0,trend,1.7175377694826037,0.0,5.7332009051088715,0.3373015873015873,0.44047619047619047,0.00037716,1.0,trend,2.4554926535635753,0.0
16_time_of_day_session_effect,859,2020-08-01 12:00:00+00:00,2020-08-02 00:00:00+00:00,6.122439053373234,0.3412698412698413,0.4444444444444444,0.00030785,1.0,trend,2.3873641356180624,0.0,5.450158568795023,0.45634920634920634,0.45634920634920634,0.00095567,1.0,trend,1.1222769429576531,0.0
16_time_of_day_session_effect,860,2020-08-02 12:00:00+00:00,2020-08-03 00:00:00+00:00,5.45819656110659,0.4603174603174603,0.4603174603174603,0.0004243,1.0,trend,1.1263468117707538,0.0,5.204483641306249,0.4642857142857143,0.32142857142857145,0.0002585,1.0,trend,1.4469287648635807,0.0
16_time_of_day_session_effect,861,2020-08-03 12:00:00+00:00,2020-08-04 00:00:00+00:00,5.252194578373249,0.46825396825396826,0.3253968253968254,0.00045929,1.0,trend,1.4452095072550541,0.0,5.5906042863118355,0.4642857142857143,0.3531746031746032,0.00043731,1.0,trend,1.0182345923254787,0.0
16_time_of_day_session_effect,862,2020-08-04 12:00:00+00:00,2020-08-05 00:00:00+00:00,5.593892944304045,0.46825396825396826,0.35714285714285715,0.00030647,1.0,trend,1.0302790701792635,0.0,5.046952742985285,0.5595238095238095,0.4166666666666667,0.00013898,1.0,trend,1.7009373258966975,1.0
16_time_of_day_session_effect,863,2020-08-05 12:00:00+00:00,2020-08-06 00:00:00+00:00,5.192455365402327,0.5634920634920635,0.42063492063492064,0.00016613,1.0,trend,1.6981361554805265,1.0,5.3517511281487,0.5595238095238095,0.4007936507936508,0.00038867,1.0,trend,1.5570937423481672,1.0
16_time_of_day_session_effect,864,2020-08-06 12:00:00+00:00,2020-08-07 00:00:00+00:00,5.456892924567573,0.5634920634920635,0.40476190476190477,0.00038696,1.0,trend,1.56597955431405,1.0,5.407682492851755,0.5833333333333334,0.39285714285714285,0.00036099,1.0,trend,1.6715279886045897,0.0
16_time_of_day_session_effect,865,2020-08-07 12:00:00+00:00,2020-08-08 00:00:00+00:00,5.414784439046056,0.5873015873015873,0.3968253968253968,0.00021201,1.0,trend,1.6694916314745023,0.0,5.411843254511708,0.5912698412698413,0.21825396825396826,0.0001,1.0,trend,1.9253599130832397,0.0
16_time_of_day_session_effect,866,2020-08-08 12:00:00+00:00,2020-08-09 00:00:00+00:00,5.440531093025914,0.5952380952380952,0.2222222222222222,0.0001,1.0,trend,1.9083168801120387,0.0,5.721511010726859,0.5992063492063492,0.20238095238095238,0.0001,1.0,trend,1.7647531587667014,0.0
16_time_of_day_session_effect,867,2020-08-09 12:00:00+00:00,2020-08-10 00:00:00+00:00,5.697353453341008,0.6031746031746031,0.20634920634920634,0.00021066,1.0,trend,1.7591346813788113,0.0,7.5823269231171135,0.5833333333333334,0.503968253968254,0.00014574,1.0,trend,1.9211814826090183,0.0
16_time_of_day_session_effect,868,2020-08-10 12:00:00+00:00,2020-08-11 00:00:00+00:00,7.609357492862026,0.5873015873015873,0.5079365079365079,0.00131898,1.0,trend,1.8781712659055776,0.0,6.873570202939756,0.6547619047619048,0.5198412698412699,0.00030218,1.0,trend,1.9598816542577022,0.0
16_time_of_day_session_effect,869,2020-08-11 12:00:00+00:00,2020-08-12 00:00:00+00:00,6.684468226508955,0.6587301587301587,0.5238095238095238,0.00022736,1.0,trend,1.919223007459255,0.0,6.518319908944998,0.6706349206349206,0.4801587301587302,0.0001,1.0,trend,2.134668121952538,0.0
16_time_of_day_session_effect,870,2020-08-12 12:00:00+00:00,2020-08-13 00:00:00+00:00,6.4076108090067185,0.6746031746031746,0.48412698412698413,0.0001,1.0,trend,2.083114746265661,0.0,5.947520269272358,0.6785714285714286,0.5436507936507936,0.0001,1.0,trend,2.1340506047751133,0.0
16_time_of_day_session_effect,871,2020-08-13 12:00:00+00:00,2020-08-14 00:00:00+00:00,5.911108005617224,0.6825396825396826,0.5476190476190477,0.0001,1.0,trend,2.0795490155201737,0.0,6.219951052648839,0.6785714285714286,0.44841269841269843,0.00017598,1.0,trend,2.179250274484004,0.0
16_time_of_day_session_effect,872,2020-08-14 12:00:00+00:00,2020-08-15 00:00:00+00:00,6.157291024552968,0.6825396825396826,0.4523809523809524,0.00044038,1.0,trend,2.1242065505943337,0.0,6.771313849102674,0.6468253968253969,0.4246031746031746,0.0001,1.0,trend,2.205516626061192,0.0
16_time_of_day_session_effect,873,2020-08-15 12:00:00+00:00,2020-08-16 00:00:00+00:00,6.728162478510137,0.6507936507936508,0.42857142857142855,0.0003665,1.0,trend,2.1490746311298152,0.0,8.524310891079644,0.2896825396825397,0.3611111111111111,0.0001564,1.0,trend,2.1299843602828883,0.0
16_time_of_day_session_effect,874,2020-08-16 12:00:00+00:00,2020-08-17 00:00:00+00:00,8.459206588060127,0.29365079365079366,0.36507936507936506,0.00048777,1.0,trend,2.0763652134432946,0.0,7.854367019566415,0.2976190476190476,0.5912698412698413,0.00026342,1.0,trend,2.1069428115218045,0.0
16_time_of_day_session_effect,875,2020-08-17 12:00:00+00:00,2020-08-18 00:00:00+00:00,7.95033204161207,0.30158730158730157,0.5952380952380952,0.00039806,1.0,trend,2.0533846734943655,0.0,7.4461731942035945,0.3055555555555556,0.5277777777777778,0.0008576,1.0,trend,1.5759569922114565,1.0
16_time_of_day_session_effect,876,2020-08-18 12:00:00+00:00,2020-08-19 00:00:00+00:00,7.3666801771475985,0.30952380952380953,0.5317460317460317,0.00078206,1.0,trend,1.5452748761886768,1.0,8.304868645943941,0.3134920634920635,0.4801587301587302,0.00077293,1.0,trend,1.5298306715781853,0.0
16_time_of_day_session_effect,877,2020-08-19 12:00:00+00:00,2020-08-20 00:00:00+00:00,8.071764014892397,0.31746031746031744,0.48412698412698413,0.00054924,1.0,trend,1.5011087456148668,0.0,7.569471614259157,0.3134920634920635,0.32936507936507936,0.00024051,1.0,trend,1.7986555078506248,0.0
16_time_of_day_session_effect,878,2020-08-20 12:00:00+00:00,2020-08-21 00:00:00+00:00,7.420576764095453,0.31746031746031744,0.3333333333333333,0.0001159,1.0,trend,1.7584420144482686,0.0,6.996018134084423,0.2976190476190476,0.4722222222222222,0.0001,1.0,trend,1.3798061752913389,0.0
16_time_of_day_session_effect,879,2020-08-21 12:00:00+00:00,2020-08-22 00:00:00+00:00,6.705460299445563,0.30158730158730157,0.47619047619047616,0.0001,1.0,trend,1.3587838162452388,0.0,6.589842196735279,0.28174603174603174,0.34523809523809523,0.0001,1.0,trend,1.442331597598696,0.0
16_time_of_day_session_effect,880,2020-08-22 12:00:00+00:00,2020-08-23 00:00:00+00:00,6.371096738850526,0.2857142857142857,0.3492063492063492,0.0001,1.0,trend,1.4177562201477165,0.0,6.3094121282544835,0.28174603174603174,0.2896825396825397,0.0001,1.0,trend,1.3721447516638061,0.0
16_time_of_day_session_effect,881,2020-08-23 12:00:00+00:00,2020-08-24 00:00:00+00:00,6.094246750408482,0.2857142857142857,0.29365079365079366,0.0001,1.0,trend,1.3475482498475775,0.0,6.121984297994931,0.2896825396825397,0.39285714285714285,0.0001,1.0,trend,1.495673533605615,0.0
16_time_of_day_session_effect,882,2020-08-24 12:00:00+00:00,2020-08-25 00:00:00+00:00,5.978210395085798,0.29365079365079366,0.3968253968253968,0.0001,1.0,trend,1.4669667468369159,0.0,5.9247926074135595,0.25793650793650796,0.5992063492063492,0.0001,1.0,trend,1.0831824616836643,0.0
16_time_of_day_session_effect,883,2020-08-25 12:00:00+00:00,2020-08-26 00:00:00+00:00,5.54423020895948,0.2619047619047619,0.6031746031746031,0.0001,1.0,trend,1.0652336047494255,0.0,5.332409883087285,0.2896825396825397,0.43253968253968256,0.00023316,1.0,trend,0.9905913603891844,0.0
16_time_of_day_session_effect,884,2020-08-26 12:00:00+00:00,2020-08-27 00:00:00+00:00,5.07198582204209,0.29365079365079366,0.4365079365079365,0.0001,1.0,trend,0.9742151347668324,0.0,4.859518065857581,0.2896825396825397,0.4722222222222222,0.0001,1.0,trend,0.897567760728588,0.0
16_time_of_day_session_effect,885,2020-08-27 12:00:00+00:00,2020-08-28 00:00:00+00:00,4.525939032859895,0.29365079365079366,0.47619047619047616,0.0001,1.0,trend,0.8827132342292072,0.0,3.9188833739234568,0.3055555555555556,0.3373015873015873,0.0001,1.0,trend,0.8287737735025932,0.0
16_time_of_day_session_effect,886,2020-08-28 12:00:00+00:00,2020-08-29 00:00:00+00:00,3.7794327544615403,0.30952380952380953,0.3412698412698413,0.0001,1.0,trend,0.8149360034194665,0.0,3.725898130511524,0.3055555555555556,0.20238095238095238,0.0001,1.0,trend,0.7597053662996854,0.0
16_time_of_day_session_effect,887,2020-08-29 12:00:00+00:00,2020-08-30 00:00:00+00:00,3.5757988312165425,0.30952380952380953,0.20634920634920634,0.0001,1.0,trend,0.7462603651664221,0.0,3.2552019209338745,0.3134920634920635,0.34523809523809523,0.0001,1.0,chop,0.9689753703442807,0.0
16_time_of_day_session_effect,888,2020-08-30 12:00:00+00:00,2020-08-31 00:00:00+00:00,3.234463151280364,0.31746031746031744,0.3492063492063492,0.0001,1.0,chop,0.9530350739347851,0.0,3.652700029509616,0.21031746031746032,0.45634920634920634,0.0001,1.0,trend,0.8818720696552642,0.0
16_time_of_day_session_effect,889,2020-08-31 12:00:00+00:00,2020-09-01 00:00:00+00:00,3.6008020481558627,0.21428571428571427,0.4603174603174603,0.0001,1.0,trend,0.8670510048458051,0.0,3.5815406061114876,0.21825396825396826,0.6706349206349206,0.0001,1.0,trend,1.1762158095175,0.0
16_time_of_day_session_effect,890,2020-09-01 12:00:00+00:00,2020-09-02 00:00:00+00:00,3.686720765685167,0.2222222222222222,0.6746031746031746,0.00022961,1.0,trend,1.1570457752326062,0.0,3.1679534027142724,0.34523809523809523,0.7103174603174603,0.00032895,1.0,chop,0.7316552330562819,0.0
16_time_of_day_session_effect,891,2020-09-02 12:00:00+00:00,2020-09-03 00:00:00+00:00,2.9487935196539707,0.3492063492063492,0.7142857142857143,0.00035074,1.0,chop,0.7183799736507853,0.0,1.6485025671058657,0.5357142857142857,0.7658730158730159,0.00045038,1.0,chop,-0.7235780383400482,0.0
16_time_of_day_session_effect,892,2020-09-03 12:00:00+00:00,2020-09-04 00:00:00+00:00,1.029961090226869,0.5396825396825397,0.7698412698412699,0.00016828,1.0,chop,-0.7324849465455362,0.0,0.5757787710704765,0.5753968253968254,0.75,0.00024709,1.0,chop,-0.35584192304339934,0.0
16_time_of_day_session_effect,893,2020-09-04 12:00:00+00:00,2020-09-05 00:00:00+00:00,0.19693044709975616,0.5793650793650794,0.753968253968254,0.0001,1.0,chop,-0.36177392777955003,0.0,0.28006330310526856,0.6150793650793651,0.9126984126984127,0.0001,1.0,chop,-0.829937996416667,0.0
16_time_of_day_session_effect,894,2020-09-05 12:00:00+00:00,2020-09-06 00:00:00+00:00,0.6990992247615979,0.6190476190476191,0.9126984126984127,0.0001,1.0,chop,-0.8365882009101473,0.0,0.9880763591190362,0.5753968253968254,0.8531746031746031,0.0001,1.0,chop,-0.6897705206752016,0.0
16_time_of_day_session_effect,895,2020-09-06 12:00:00+00:00,2020-09-07 00:00:00+00:00,1.267673660436499,0.5793650793650794,0.8571428571428571,0.0001,1.0,chop,-0.6952182352773766,0.0,1.4693900870679615,0.5753968253968254,0.8134920634920635,0.0001,1.0,chop,-0.5810201983701025,0.0
16_time_of_day_session_effect,896,2020-09-07 12:00:00+00:00,2020-09-08 00:00:00+00:00,1.6541053385797395,0.5793650793650794,0.8174603174603174,0.0001,1.0,chop,-0.5890496544422559,0.0,2.023021444171389,0.5833333333333334,0.8134920634920635,0.0001,1.0,chop,-0.991641474733268,0.0
16_time_of_day_session_effect,897,2020-09-08 12:00:00+00:00,2020-09-09 00:00:00+00:00,2.262053353453023,0.5873015873015873,0.8174603174603174,0.0001,1.0,chop,-0.9955707039145791,0.0,2.39644241916065,0.5912698412698413,0.5515873015873016,0.0001,1.0,chop,-0.9321478096315498,0.0
16_time_of_day_session_effect,898,2020-10-13 12:00:00+00:00,2020-10-14 00:00:00+00:00,2.7081131912574317,0.18253968253968253,0.5873015873015873,0.0001,1.0,trend,1.2354521712598543,0.0,2.9932608826106244,0.04365079365079365,0.5674603174603174,0.0001,1.0,trend,1.1035327613149053,0.0
16_time_of_day_session_effect,899,2020-10-14 12:00:00+00:00,2020-10-15 00:00:00+00:00,3.1636912243792774,0.047619047619047616,0.5714285714285714,0.0001,1.0,trend,1.11204008576742,0.0,3.5540899237553734,0.04365079365079365,0.6071428571428571,0.0001,1.0,trend,1.2245859625004465,0.0
16_time_of_day_session_effect,900,2020-10-15 12:00:00+00:00,2020-10-16 00:00:00+00:00,3.733978209571828,0.047619047619047616,0.6111111111111112,0.0001,1.0,trend,1.2328880441218255,0.0,3.5397336797488252,0.10714285714285714,0.6428571428571429,0.0001,1.0,trend,0.9390686388277805,0.0
16_time_of_day_session_effect,901,2020-10-16 12:00:00+00:00,2020-10-17 00:00:00+00:00,3.5368876317166467,0.1111111111111111,0.6428571428571429,0.0001,1.0,trend,0.9544028200428926,0.0,3.529875554938612,0.11507936507936507,0.3253968253968254,0.0001,1.0,trend,1.0275014150977775,0.0
16_time_of_day_session_effect,902,2020-10-17 12:00:00+00:00,2020-10-18 00:00:00+00:00,3.5386580154648777,0.11904761904761904,0.3253968253968254,0.0001,1.0,trend,1.0289605631817194,0.0,3.607171604892427,0.13095238095238096,0.28174603174603174,0.0001,1.0,trend,1.2739470664389636,0.0
16_time_of_day_session_effect,903,2020-10-18 12:00:00+00:00,2020-10-19 00:00:00+00:00,3.687946110938446,0.1349206349206349,0.2857142857142857,0.0001,1.0,trend,1.2709144740754206,0.0,3.6253115225369537,0.14682539682539683,0.5595238095238095,0.0001,1.0,trend,1.7049096585270638,0.0
16_time_of_day_session_effect,904,2020-10-19 12:00:00+00:00,2020-10-20 00:00:00+00:00,3.8376293480525003,0.15079365079365079,0.5634920634920635,0.0001,1.0,trend,1.702926995696076,0.0,4.148527470001268,0.15476190476190477,0.7777777777777778,0.0001,1.0,trend,1.9572676019424813,0.0
16_time_of_day_session_effect,905,2020-10-20 12:00:00+00:00,2020-10-21 00:00:00+00:00,4.415059833484941,0.15873015873015872,0.7777777777777778,0.0001,1.0,trend,1.9281357846733478,0.0,3.491933437186202,0.5753968253968254,0.8888888888888888,3.742e-05,1.0,trend,3.2301414996470426,0.0
16_time_of_day_session_effect,906,2020-10-21 12:00:00+00:00,2020-10-22 00:00:00+00:00,4.006724620430872,0.5793650793650794,0.8888888888888888,7.487e-05,1.0,trend,3.09684581118079,0.0,4.712562660073193,0.5674603174603174,0.8015873015873016,0.0001,1.0,trend,3.3899212036306445,0.0
16_time_of_day_session_effect,907,2020-10-22 12:00:00+00:00,2020-10-23 00:00:00+00:00,5.186410922290327,0.5714285714285714,0.8015873015873016,0.0001,1.0,trend,3.2309641853167497,0.0,5.879229655415522,0.5753968253968254,0.7380952380952381,0.0001,1.0,trend,3.047143178202764,0.0
16_time_of_day_session_effect,908,2020-10-23 12:00:00+00:00,2020-10-24 00:00:00+00:00,6.2391335809866035,0.5793650793650794,0.7380952380952381,0.0001,1.0,trend,2.933983513039513,0.0,6.778173640791335,0.5833333333333334,0.5873015873015873,0.0001,1.0,trend,3.0285749797524946,0.0
16_time_of_day_session_effect,909,2020-10-24 12:00:00+00:00,2020-10-25 00:00:00+00:00,7.12939347841235,0.5873015873015873,0.5873015873015873,0.0001,1.0,trend,2.902337432179153,0.0,7.498593894418796,0.6150793650793651,0.5555555555555556,0.0001,1.0,trend,2.7020957516527258,0.0
16_time_of_day_session_effect,910,2020-10-25 12:00:00+00:00,2020-10-26 00:00:00+00:00,7.716101079396682,0.6190476190476191,0.5555555555555556,0.0001,1.0,trend,2.606478662942713,0.0,8.358565416259164,0.5238095238095238,0.7380952380952381,0.0001,1.0,trend,2.5597068769005396,0.0
16_time_of_day_session_effect,911,2020-10-26 12:00:00+00:00,2020-10-27 00:00:00+00:00,8.530699173026665,0.5238095238095238,0.7380952380952381,0.0001,1.0,trend,2.4747598511957993,0.0,7.3758203628511385,0.626984126984127,0.7936507936507936,9.274e-05,1.0,trend,2.91914402547487,0.0
16_time_of_day_session_effect,912,2020-10-27 12:00:00+00:00,2020-10-28 00:00:00+00:00,7.702117638000366,0.626984126984127,0.7936507936507936,6.127e-05,1.0,trend,2.798954388997429,0.0,7.1585595870991625,0.6349206349206349,0.8174603174603174,3.725e-05,1.0,trend,2.5536501872703004,0.0
16_time_of_day_session_effect,913,2020-10-28 12:00:00+00:00,2020-10-29 00:00:00+00:00,7.221174938069921,0.6349206349206349,0.8174603174603174,0.0001,1.0,trend,2.467017000253507,0.0,7.056139808979356,0.626984126984127,0.9841269841269841,-0.00026006,1.0,trend,2.6007132706166214,0.0
16_time_of_day_session_effect,914,2020-10-29 12:00:00+00:00,2020-10-30 00:00:00+00:00,7.1371058805460255,0.626984126984127,0.9841269841269841,-8.052e-05,1.0,trend,2.5120192625526188,0.0,7.375827650792041,0.6190476190476191,0.7222222222222222,-0.00015268,1.0,trend,2.4491288976311996,0.0
16_time_of_day_session_effect,915,2020-10-30 12:00:00+00:00,2020-10-31 00:00:00+00:00,7.4525262525253355,0.6190476190476191,0.7222222222222222,-9.68e-06,1.0,trend,2.3717327985788823,0.0,7.08541763030339,0.6190476190476191,0.7142857142857143,-0.00013414,1.0,trend,2.4842377274121574,0.0
16_time_of_day_session_effect,916,2020-10-31 12:00:00+00:00,2020-11-01 00:00:00+00:00,7.196096535387322,0.6190476190476191,0.7142857142857143,-0.00016865,1.0,trend,2.4070182306241796,0.0,7.502051471928195,0.6111111111111112,0.5158730158730159,-6.386e-05,1.0,trend,2.2995676601049797,0.0
16_time_of_day_session_effect,917,2020-11-01 12:00:00+00:00,2020-11-02 00:00:00+00:00,7.546601402200713,0.6111111111111112,0.5158730158730159,-4.096e-05,1.0,trend,2.231877063003132,0.0,7.863962971222452,0.6190476190476191,0.7301587301587301,7.881e-05,1.0,trend,1.9690414092038477,0.0
16_time_of_day_session_effect,918,2020-11-02 12:00:00+00:00,2020-11-03 00:00:00+00:00,7.797353391715325,0.6190476190476191,0.7301587301587301,-3.275e-05,1.0,trend,1.9227000398935334,0.0,7.247876414216581,0.6349206349206349,0.6904761904761905,-0.00017064,1.0,trend,2.0646488755549273,0.0
16_time_of_day_session_effect,919,2020-11-03 12:00:00+00:00,2020-11-04 00:00:00+00:00,7.3092054065217775,0.6349206349206349,0.6904761904761905,-4.67e-06,1.0,trend,2.0112391839110595,0.0,9.559730934374569,0.6349206349206349,0.7857142857142857,-7.816e-05,1.0,trend,2.1534195601383037,0.0
16_time_of_day_session_effect,920,2020-11-04 12:00:00+00:00,2020-11-05 00:00:00+00:00,9.666460000342402,0.6349206349206349,0.7857142857142857,-2.648e-05,1.0,trend,2.098259666716814,0.0,6.58683507224702,0.9047619047619048,0.8650793650793651,-0.00023791,1.0,trend_high_vol,2.676909744940838,0.0
16_time_of_day_session_effect,921,2020-11-05 12:00:00+00:00,2020-11-06 00:00:00+00:00,7.025340997260743,0.9047619047619048,0.8650793650793651,0.0001,1.0,trend_high_vol,2.5829866478914814,0.0,7.448394835753034,0.9126984126984127,0.8492063492063492,0.0001,1.0,trend_high_vol,2.466806094264986,0.0
16_time_of_day_session_effect,922,2020-11-06 12:00:00+00:00,2020-11-07 00:00:00+00:00,7.767689926892201,0.9126984126984127,0.8492063492063492,0.00023315,1.0,trend_high_vol,2.3889040413939138,0.0,7.356981970752283,0.9603174603174603,0.7619047619047619,0.0003429,1.0,trend_high_vol,1.922857633112358,0.0
16_time_of_day_session_effect,923,2020-11-07 12:00:00+00:00,2020-11-08 00:00:00+00:00,7.36995541896839,0.9603174603174603,0.7619047619047619,0.00037914,1.0,trend_high_vol,1.8810020825440172,0.0,6.5008624928856,1.0,0.5714285714285714,0.0001,1.0,trend_high_vol,2.18848991094051,0.0
16_time_of_day_session_effect,924,2020-11-08 12:00:00+00:00,2020-11-09 00:00:00+00:00,6.63299440006971,1.0,0.5714285714285714,0.0001,1.0,trend_high_vol,2.1326603560514026,0.0,6.651675349676778,1.0,0.746031746031746,0.0001,1.0,trend_high_vol,2.4050831338018055,0.0
16_time_of_day_session_effect,925,2020-11-09 12:00:00+00:00,2020-11-10 00:00:00+00:00,6.695296948820346,1.0,0.746031746031746,0.0001,1.0,trend_high_vol,2.334785379494223,0.0,7.571143334988417,0.8412698412698413,0.5,0.0001,1.0,trend_high_vol,2.1571777756494255,0.0
16_time_of_day_session_effect,926,2020-11-10 12:00:00+00:00,2020-11-11 00:00:00+00:00,7.568374855754835,0.8412698412698413,0.5,0.0001,1.0,trend_high_vol,2.101590886541102,0.0,7.495352183936001,0.8650793650793651,0.6428571428571429,0.0001,1.0,trend_high_vol,2.302857604796168,0.0
16_time_of_day_session_effect,927,2020-11-11 12:00:00+00:00,2020-11-12 00:00:00+00:00,7.566579843130175,0.8650793650793651,0.6428571428571429,0.0001,1.0,trend_high_vol,2.2381659264182234,0.0,6.992656094141287,0.8888888888888888,0.746031746031746,0.0001,1.0,trend_high_vol,2.3894377783771947,0.0
16_time_of_day_session_effect,928,2020-11-12 12:00:00+00:00,2020-11-13 00:00:00+00:00,7.146683056501153,0.8888888888888888,0.746031746031746,0.0001,1.0,trend_high_vol,2.3205123418694398,0.0,7.376218321569711,0.8809523809523809,0.6904761904761905,0.0001,1.0,trend_high_vol,2.223178346158375,0.0
16_time_of_day_session_effect,929,2020-11-13 12:00:00+00:00,2020-11-14 00:00:00+00:00,7.480414304070325,0.8809523809523809,0.6904761904761905,0.0001,1.0,trend_high_vol,2.1626885558849316,0.0,7.653125644840291,0.8888888888888888,0.5634920634920635,0.0001,1.0,trend_high_vol,2.0014117128272866,0.0
16_time_of_day_session_effect,930,2020-11-14 12:00:00+00:00,2020-11-15 00:00:00+00:00,7.6475189036438485,0.8888888888888888,0.5634920634920635,0.0001,1.0,trend_high_vol,1.953031054279064,0.0,7.566208239910779,0.9047619047619048,0.3333333333333333,4.277e-05,1.0,trend_high_vol,1.8597938600153732,0.0
16_time_of_day_session_effect,931,2020-11-15 12:00:00+00:00,2020-11-16 00:00:00+00:00,7.503693941690726,0.9047619047619048,0.3333333333333333,0.0001,1.0,trend_high_vol,1.8177015252792164,0.0,6.638946745022374,0.9047619047619048,0.6825396825396826,0.0001,1.0,trend_high_vol,2.0732561650645662,0.0
16_time_of_day_session_effect,932,2020-11-16 12:00:00+00:00,2020-11-17 00:00:00+00:00,6.723942097920526,0.9047619047619048,0.6825396825396826,0.0001,1.0,trend_high_vol,2.0201371103746912,0.0,6.208496179141018,0.9365079365079365,0.8333333333333334,0.0001,1.0,trend_high_vol,2.316311210237982,0.0
16_time_of_day_session_effect,933,2020-11-17 12:00:00+00:00,2020-11-18 00:00:00+00:00,6.412554571880583,0.9365079365079365,0.8333333333333334,0.0001,1.0,trend_high_vol,2.2488895071929496,0.0,6.6214592312191405,0.9285714285714286,0.9603174603174603,0.0001,1.0,trend_high_vol,2.2734867824166907,0.0
16_time_of_day_session_effect,934,2020-11-18 12:00:00+00:00,2020-11-19 00:00:00+00:00,6.786813277362854,0.9285714285714286,0.9603174603174603,0.00057572,1.0,trend_high_vol,2.2082187256324612,0.0,9.221586656534843,0.9365079365079365,0.7936507936507936,0.00021486,1.0,trend_high_vol,2.1907395965706904,0.0
16_time_of_day_session_effect,935,2020-11-19 12:00:00+00:00,2020-11-20 00:00:00+00:00,9.36317784171923,0.9365079365079365,0.7936507936507936,0.00025015,1.0,trend_high_vol,2.131776288940325,0.0,8.094710326038157,0.9841269841269841,0.7936507936507936,0.00052207,1.0,trend_high_vol,2.2907763974731337,0.0
16_time_of_day_session_effect,936,2020-11-20 12:00:00+00:00,2020-11-21 00:00:00+00:00,8.319341859853195,0.9841269841269841,0.7936507936507936,0.00039647,1.0,trend_high_vol,2.227138246885946,0.0,9.783506475830194,0.9761904761904762,0.8333333333333334,0.0001,1.0,trend_high_vol,2.173091814319293,0.0
16_time_of_day_session_effect,937,2020-11-21 12:00:00+00:00,2020-11-22 00:00:00+00:00,9.955018550352278,0.9761904761904762,0.8333333333333334,0.0001,1.0,trend_high_vol,2.116335363670371,0.0,11.236034386675373,0.9761904761904762,0.8571428571428571,0.00059438,1.0,trend_high_vol,1.985103117353832,0.0
16_time_of_day_session_effect,938,2020-11-22 12:00:00+00:00,2020-11-23 00:00:00+00:00,11.272375693516329,0.9761904761904762,0.8571428571428571,0.00086985,1.0,trend_high_vol,1.9393223216957356,0.0,11.673173690134451,0.9603174603174603,0.8650793650793651,0.00066537,1.0,trend_high_vol,1.9900528813510314,0.0
16_time_of_day_session_effect,939,2020-11-23 12:00:00+00:00,2020-11-24 00:00:00+00:00,11.653231347866793,0.9603174603174603,0.8650793650793651,0.00076207,1.0,trend_high_vol,1.9418282707978833,0.0,9.955964971678377,1.0,0.9603174603174603,0.00050801,1.0,trend_high_vol,2.189771838311646,0.0
16_time_of_day_session_effect,940,2020-11-24 12:00:00+00:00,2020-11-25 00:00:00+00:00,10.070721080013373,1.0,0.9603174603174603,0.00060366,1.0,trend_high_vol,2.130613442891408,0.0,10.506962095995622,0.5714285714285714,0.8650793650793651,0.00081176,1.0,trend,1.974558278898078,0.0
16_time_of_day_session_effect,941,2020-11-25 12:00:00+00:00,2020-11-26 00:00:00+00:00,10.470011123500198,0.5714285714285714,0.8650793650793651,0.00038079,1.0,trend,1.9273039539663457,0.0,9.396300141255207,0.9523809523809523,0.9841269841269841,0.00075292,1.0,trend_high_vol,1.4505327684417726,0.0
16_time_of_day_session_effect,942,2020-11-26 12:00:00+00:00,2020-11-27 00:00:00+00:00,8.974855572656464,0.9523809523809523,0.9841269841269841,0.0001313,1.0,trend_high_vol,1.4240294948810723,0.0,8.590813238697999,0.8253968253968254,0.7698412698412699,0.00028796,1.0,trend_high_vol,1.4517312896416845,0.0
16_time_of_day_session_effect,943,2020-11-27 12:00:00+00:00,2020-11-28 00:00:00+00:00,8.206515943460117,0.8253968253968254,0.7698412698412699,0.0001,1.0,trend_high_vol,1.4257323154878192,0.0,7.291542022030503,0.7857142857142857,0.6190476190476191,0.0001,1.0,trend_high_vol,1.5707616076863666,0.0
16_time_of_day_session_effect,944,2020-11-28 12:00:00+00:00,2020-11-29 00:00:00+00:00,7.104881152210589,0.7857142857142857,0.6190476190476191,0.0001,1.0,trend_high_vol,1.5413513031202954,0.0,6.5102034694820645,0.7936507936507936,0.5793650793650794,0.0001,1.0,trend_high_vol,1.6363562614205223,0.0
16_time_of_day_session_effect,945,2020-11-29 12:00:00+00:00,2020-11-30 00:00:00+00:00,6.431726053480428,0.7936507936507936,0.5793650793650794,0.0001,1.0,trend_high_vol,1.605114799652333,0.0,5.687276472697532,1.0,0.9206349206349206,0.0001,1.0,trend_high_vol,1.955474754365718,0.0
16_time_of_day_session_effect,946,2020-11-30 12:00:00+00:00,2020-12-01 00:00:00+00:00,5.844826940282574,1.0,0.9206349206349206,0.0001,1.0,trend_high_vol,1.913298505722541,0.0,6.28610417063399,1.0,0.9444444444444444,0.00045929,1.0,trend_high_vol,1.5734379230617888,0.0
16_time_of_day_session_effect,947,2020-12-01 12:00:00+00:00,2020-12-02 00:00:00+00:00,6.252311435430159,1.0,0.9444444444444444,0.00043287,1.0,trend_high_vol,1.546164575386355,0.0,5.9743089721873455,0.9920634920634921,0.7301587301587301,0.00011546,1.0,trend_high_vol,1.5884197382433836,0.0
16_time_of_day_session_effect,948,2020-12-02 12:00:00+00:00,2020-12-03 00:00:00+00:00,5.989963739742679,0.9920634920634921,0.7301587301587301,0.0001,1.0,trend_high_vol,1.5613512529441997,0.0,5.792320882405464,0.9920634920634921,0.5873015873015873,0.0001,1.0,trend_high_vol,1.5655307232551579,1.0
16_time_of_day_session_effect,949,2020-12-03 12:00:00+00:00,2020-12-04 00:00:00+00:00,5.819316500961449,0.9920634920634921,0.5873015873015873,0.0001,1.0,trend_high_vol,1.5390550372569056,1.0,6.021289368635831,1.0,0.626984126984127,0.00025455,1.0,trend_high_vol,1.332119632786791,0.0
16_time_of_day_session_effect,950,2020-12-04 12:00:00+00:00,2020-12-05 00:00:00+00:00,5.893293146471873,1.0,0.626984126984127,0.0001,1.0,trend_high_vol,1.3116342134034547,0.0,5.412728051496547,1.0,0.40476190476190477,0.0001,1.0,trend_high_vol,1.4059712664445074,0.0
16_time_of_day_session_effect,951,2020-12-05 12:00:00+00:00,2020-12-06 00:00:00+00:00,5.366177501740829,1.0,0.40476190476190477,0.0001,1.0,trend_high_vol,1.3850578697897145,0.0,5.349410984096554,0.9603174603174603,0.32936507936507936,0.0001,1.0,trend_high_vol,1.4112581063269376,0.0
16_time_of_day_session_effect,952,2020-12-06 12:00:00+00:00,2020-12-07 00:00:00+00:00,5.319619170637965,0.9603174603174603,0.3333333333333333,0.0001,1.0,trend_high_vol,1.390064356294931,0.0,5.205881465003505,0.9444444444444444,0.3968253968253968,0.0001,1.0,trend_high_vol,1.2634370505799837,0.0
16_time_of_day_session_effect,953,2020-12-07 12:00:00+00:00,2020-12-08 00:00:00+00:00,5.1367966833423075,0.9444444444444444,0.3968253968253968,0.0001,1.0,trend_high_vol,1.2447487719942179,0.0,5.091047828737289,0.9523809523809523,0.5634920634920635,0.0001,1.0,trend_high_vol,0.9777790892900572,0.0
16_time_of_day_session_effect,954,2020-12-08 12:00:00+00:00,2020-12-09 00:00:00+00:00,4.872833794572329,0.9523809523809523,0.5634920634920635,0.0001,1.0,trend_high_vol,0.9632876550572949,0.0,4.72235223070184,0.9523809523809523,0.6428571428571429,0.0001,1.0,trend_high_vol,1.1074513433427973,0.0
16_time_of_day_session_effect,955,2020-12-09 12:00:00+00:00,2020-12-10 00:00:00+00:00,4.56454966014248,0.9523809523809523,0.6428571428571429,0.0001,1.0,trend_high_vol,1.0913820492792234,0.0,5.246821780858659,0.9285714285714286,0.30952380952380953,0.0001,1.0,trend_high_vol,0.9997637348605306,0.0
16_time_of_day_session_effect,956,2020-12-10 12:00:00+00:00,2020-12-11 00:00:00+00:00,5.016776123341402,0.9285714285714286,0.30952380952380953,0.0001,1.0,trend_high_vol,0.9850172177545446,0.0,4.698820084421151,0.9285714285714286,0.42063492063492064,0.0001,1.0,trend_high_vol,0.8954095638251688,0.0
16_time_of_day_session_effect,957,2020-12-11 12:00:00+00:00,2020-12-12 00:00:00+00:00,4.457488593706712,0.9285714285714286,0.42063492063492064,0.0001,1.0,chop_high_vol,0.8814901180523927,0.0,4.155371320301076,0.9365079365079365,0.10317460317460317,0.0001,1.0,chop_high_vol,1.0761857880276637,0.0
16_time_of_day_session_effect,958,2020-12-12 12:00:00+00:00,2020-12-13 00:00:00+00:00,4.089589086847863,0.9365079365079365,0.10317460317460317,-2.135e-05,1.0,chop_high_vol,1.0608870460715352,0.0,4.101781375463888,0.9523809523809523,0.29365079365079366,4.314e-05,1.0,chop_high_vol,1.1394776473736459,0.0
16_time_of_day_session_effect,959,2020-12-13 12:00:00+00:00,2020-12-14 00:00:00+00:00,4.093263436499213,0.9523809523809523,0.29365079365079366,0.0001,1.0,chop_high_vol,1.1243376183407077,0.0,5.0642882055762986,0.9126984126984127,0.11507936507936507,0.0001,1.0,trend_high_vol,1.170365314283682,0.0
16_time_of_day_session_effect,960,2020-12-14 12:00:00+00:00,2020-12-15 00:00:00+00:00,5.058170840118123,0.9126984126984127,0.11904761904761904,0.0001,1.0,trend_high_vol,1.1553869104691765,0.0,5.650288870773124,0.8888888888888888,0.36904761904761907,0.0001,1.0,trend_high_vol,1.1201158158188154,0.0
16_time_of_day_session_effect,961,2020-12-15 12:00:00+00:00,2020-12-16 00:00:00+00:00,5.6638231402296215,0.8888888888888888,0.373015873015873,0.0001,1.0,trend_high_vol,1.1072969705901659,0.0,4.406996874045532,0.9206349206349206,0.8492063492063492,0.0001,1.0,chop_high_vol,1.5954579245485025,0.0
16_time_of_day_session_effect,962,2020-12-16 12:00:00+00:00,2020-12-17 00:00:00+00:00,4.732426322041424,0.9206349206349206,0.8492063492063492,0.0001,1.0,chop_high_vol,1.5772822982970214,0.0,4.260729122049474,1.0,1.0,0.0001,1.0,chop_high_vol,1.8410337905939558,1.0
16_time_of_day_session_effect,963,2020-12-17 12:00:00+00:00,2020-12-18 00:00:00+00:00,4.665437753050679,1.0,1.0,0.00021355,1.0,chop_high_vol,1.8169496627249726,1.0,5.3072406365436855,0.9920634920634921,0.7777777777777778,0.00028532,1.0,trend_high_vol,1.8763726153244311,0.0
16_time_of_day_session_effect,964,2020-12-18 12:00:00+00:00,2020-12-19 00:00:00+00:00,5.674716582557875,0.9920634920634921,0.7777777777777778,0.00053548,1.0,trend_high_vol,1.8504304981164934,0.0,5.81407946643905,0.9920634920634921,0.7222222222222222,0.0001,1.0,trend_high_vol,1.996915938687156,0.0
16_time_of_day_session_effect,965,2020-12-19 12:00:00+00:00,2020-12-20 00:00:00+00:00,6.174142919501564,0.9920634920634921,0.7222222222222222,0.00038032,1.0,trend_high_vol,1.9666968076429785,0.0,6.421471147647843,0.8492063492063492,0.7063492063492064,0.00070544,1.0,trend_high_vol,1.8380773032824502,0.0
16_time_of_day_session_effect,966,2020-12-20 12:00:00+00:00,2020-12-21 00:00:00+00:00,6.628064359436257,0.8492063492063492,0.7063492063492064,0.00037486,1.0,trend_high_vol,1.8067351227961908,0.0,6.546673552404403,0.7936507936507936,0.8650793650793651,0.00038896,1.0,trend_high_vol,1.6319919023247529,0.0
16_time_of_day_session_effect,967,2020-12-21 12:00:00+00:00,2020-12-22 00:00:00+00:00,6.588100348552242,0.7936507936507936,0.8650793650793651,0.00030249,1.0,trend_high_vol,1.6060870749633909,0.0,6.5209225823136405,0.8492063492063492,0.8253968253968254,0.00023741,1.0,trend_high_vol,1.853200901241155,0.0
16_time_of_day_session_effect,968,2020-12-22 12:00:00+00:00,2020-12-23 00:00:00+00:00,6.656966170158546,0.8492063492063492,0.8253968253968254,0.0001,1.0,trend_high_vol,1.8212406089383713,0.0,6.6770782853408495,0.8809523809523809,0.9365079365079365,0.0001131,1.0,trend_high_vol,1.6377189880774845,0.0
16_time_of_day_session_effect,969,2020-12-23 12:00:00+00:00,2020-12-24 00:00:00+00:00,6.685982351195687,0.8809523809523809,0.9365079365079365,0.0001,1.0,trend_high_vol,1.612473774861248,0.0,6.524689518063985,0.8015873015873016,0.7619047619047619,0.00010214,1.0,trend_high_vol,1.6911657800944107,0.0
16_time_of_day_session_effect,970,2020-12-24 12:00:00+00:00,2020-12-25 00:00:00+00:00,6.568339483818969,0.8015873015873016,0.7619047619047619,0.0001,1.0,trend_high_vol,1.666008034855912,0.0,6.080464529788771,0.8253968253968254,0.7698412698412699,0.00018528,1.0,trend_high_vol,1.8564164100516773,0.0
16_time_of_day_session_effect,971,2020-12-25 12:00:00+00:00,2020-12-26 00:00:00+00:00,6.195270294638628,0.8253968253968254,0.7698412698412699,0.0001,1.0,trend_high_vol,1.8268400826034135,0.0,5.6981209004466615,0.9682539682539683,0.9047619047619048,0.00034905,1.0,trend_high_vol,2.1771235498664567,0.0
16_time_of_day_session_effect,972,2020-12-26 12:00:00+00:00,2020-12-27 00:00:00+00:00,5.9359346194078695,0.9682539682539683,0.9047619047619048,0.00016965,1.0,trend_high_vol,2.1294073210488236,0.0,6.307175869171566,0.9523809523809523,0.9841269841269841,0.0001994,1.0,trend_high_vol,2.0522122202367696,0.0
16_time_of_day_session_effect,973,2020-12-27 12:00:00+00:00,2020-12-28 00:00:00+00:00,6.460372680120354,0.9523809523809523,0.9841269841269841,0.00025468,1.0,trend_high_vol,2.013095589961394,0.0,6.150195754206443,0.8809523809523809,0.9047619047619048,0.00071164,1.0,trend_high_vol,2.1453396738204464,0.0
16_time_of_day_session_effect,974,2020-12-28 12:00:00+00:00,2020-12-29 00:00:00+00:00,6.316590917683844,0.8809523809523809,0.9047619047619048,0.00036133,1.0,trend_high_vol,2.1004420224919462,0.0,6.398136896140356,0.873015873015873,0.8253968253968254,0.00071278,1.0,trend_high_vol,2.10502319713757,0.0
16_time_of_day_session_effect,975,2020-12-29 12:00:00+00:00,2020-12-30 00:00:00+00:00,6.5299017398871495,0.873015873015873,0.8253968253968254,0.0004893,1.0,trend_high_vol,2.0629206616032163,0.0,7.050880353929838,0.9365079365079365,0.9285714285714286,0.00039914,1.0,trend_high_vol,2.264654635647538,0.0
16_time_of_day_session_effect,976,2020-12-30 12:00:00+00:00,2020-12-31 00:00:00+00:00,7.278225150873305,0.9365079365079365,0.9285714285714286,0.00076836,1.0,trend_high_vol,2.212838776071465,0.0,8.653979540166633,0.8968253968253969,0.8333333333333334,0.0006288,1.0,trend_high_vol,2.187559244523921,0.0
16_time_of_day_session_effect,977,2020-12-31 12:00:00+00:00,2021-01-01 00:00:00+00:00,8.847429802135991,0.8968253968253969,0.8333333333333334,0.00060345,1.0,trend_high_vol,2.1413357171719793,0.0,8.973766612408829,0.8333333333333334,0.6904761904761905,0.00036744,1.0,trend_high_vol,2.1655432189979553,0.0
16_time_of_day_session_effect,978,2021-01-01 12:00:00+00:00,2021-01-02 00:00:00+00:00,9.13283140772058,0.8333333333333334,0.6904761904761905,0.00026336,1.0,trend_high_vol,2.124457209774711,0.0,7.5879872225512415,1.0,0.9841269841269841,0.0001,1.0,trend_high_vol,2.529786549753023,0.0
16_time_of_day_session_effect,979,2021-01-02 12:00:00+00:00,2021-01-03 00:00:00+00:00,7.905075451656159,1.0,0.9841269841269841,0.00020151,1.0,trend_high_vol,2.465249774302279,0.0,8.003719303820512,0.9920634920634921,1.0,0.00115471,1.0,trend_high_vol,2.499648228792549,0.0
16_time_of_day_session_effect,980,2021-01-03 12:00:00+00:00,2021-01-04 00:00:00+00:00,8.274932703327131,0.9920634920634921,1.0,0.00114744,1.0,trend_high_vol,2.434897118537835,0.0,8.70955719655411,1.0,1.0,0.00164126,1.0,trend_high_vol,2.1204574350013394,0.0
16_time_of_day_session_effect,981,2021-01-04 12:00:00+00:00,2021-01-05 00:00:00+00:00,8.82516530238296,1.0,1.0,0.00236482,1.0,trend_high_vol,2.0713130334290395,0.0,8.207953915783595,0.9523809523809523,0.9603174603174603,0.00056137,1.0,trend_high_vol,2.2921858664642594,1.0
16_time_of_day_session_effect,982,2021-01-05 12:00:00+00:00,2021-01-06 00:00:00+00:00,8.422002471990998,0.9523809523809523,0.9603174603174603,0.00047166,1.0,trend_high_vol,2.2340750805506264,1.0,7.251194360933766,0.9761904761904762,0.9841269841269841,0.00062904,1.0,trend_high_vol,2.6515320003174416,0.0
16_time_of_day_session_effect,983,2021-01-06 12:00:00+00:00,2021-01-07 00:00:00+00:00,7.550734335061611,0.9761904761904762,0.9841269841269841,0.00210008,1.0,trend_high_vol,2.5746816729678454,0.0,6.8634044616277805,1.0,1.0,0.00149253,1.0,trend_high_vol,2.7726228771070827,0.0
16_time_of_day_session_effect,984,2021-01-07 12:00:00+00:00,2021-01-08 00:00:00+00:00,7.187254350783011,1.0,1.0,0.00142744,1.0,trend_high_vol,2.680342166038298,0.0,7.324640563392492,1.0,1.0,0.00213517,1.0,trend_high_vol,2.905029325724888,0.0
16_time_of_day_session_effect,985,2021-01-08 12:00:00+00:00,2021-01-09 00:00:00+00:00,7.625510712279937,1.0,1.0,0.00092044,1.0,trend_high_vol,2.7957403485610577,0.0,8.838577418713388,0.9920634920634921,0.9126984126984127,0.00131892,1.0,trend_high_vol,2.646446277801188,0.0
16_time_of_day_session_effect,986,2021-01-09 12:00:00+00:00,2021-01-10 00:00:00+00:00,9.039842270926794,0.9920634920634921,0.9126984126984127,0.00066918,1.0,trend_high_vol,2.5618168914937893,0.0,8.826802930512725,1.0,0.9761904761904762,0.00145604,1.0,trend_high_vol,2.298897632726374,0.0
16_time_of_day_session_effect,987,2021-01-10 12:00:00+00:00,2021-01-11 00:00:00+00:00,8.831593496273683,1.0,0.9761904761904762,0.00120632,1.0,trend_high_vol,2.2369803425681036,0.0,8.662349558309167,1.0,1.0,0.00086486,1.0,trend_high_vol,1.863468366768229,0.0
16_time_of_day_session_effect,988,2021-01-11 12:00:00+00:00,2021-01-12 00:00:00+00:00,8.459409412331107,1.0,1.0,0.00081553,1.0,trend_high_vol,1.8235233031293019,0.0,8.06375146256189,1.0,0.9444444444444444,0.00033526,1.0,trend_high_vol,1.6223019801297915,0.0
16_time_of_day_session_effect,989,2021-01-12 12:00:00+00:00,2021-01-13 00:00:00+00:00,7.769454586137886,1.0,0.9444444444444444,0.00050855,1.0,trend_high_vol,1.5921249486886706,0.0,6.547787032980149,1.0,0.9206349206349206,0.00054945,1.0,chop_high_vol,1.8958106016135414,0.0
16_time_of_day_session_effect,990,2021-01-13 12:00:00+00:00,2021-01-14 00:00:00+00:00,6.494664460307803,1.0,0.9206349206349206,0.0002259,1.0,chop_high_vol,1.856278702997403,0.0,5.849327184595593,1.0,0.8888888888888888,0.00078331,1.0,chop_high_vol,2.0030675170044896,0.0
16_time_of_day_session_effect,991,2021-01-14 12:00:00+00:00,2021-01-15 00:00:00+00:00,5.872901434509091,1.0,0.8888888888888888,0.00072627,1.0,chop_high_vol,1.9595511470294227,0.0,5.7570185308810125,1.0,0.9047619047619048,0.00068503,1.0,chop_high_vol,1.7341424196227062,0.0
16_time_of_day_session_effect,992,2021-01-15 12:00:00+00:00,2021-01-16 00:00:00+00:00,5.643460062359238,1.0,0.9047619047619048,0.00064483,1.0,chop_high_vol,1.7002492358756378,0.0,6.199443388027301,1.0,0.8492063492063492,0.0001,1.0,chop_high_vol,1.6026339693690208,0.0
16_time_of_day_session_effect,993,2021-01-16 12:00:00+00:00,2021-01-17 00:00:00+00:00,6.037348171002005,1.0,0.8492063492063492,0.00032573,1.0,chop_high_vol,1.5719118297229058,0.0,6.002563161044658,0.9920634920634921,0.8253968253968254,0.00068496,1.0,chop_high_vol,1.5038414859767364,0.0
16_time_of_day_session_effect,994,2021-01-17 12:00:00+00:00,2021-01-18 00:00:00+00:00,5.823752365620871,0.9920634920634921,0.8253968253968254,0.00030276,1.0,chop_high_vol,1.476163040676997,0.0,5.5803847626581815,1.0,0.7857142857142857,0.00055375,1.0,chop_high_vol,1.530852825219356,0.0
16_time_of_day_session_effect,995,2021-01-18 12:00:00+00:00,2021-01-19 00:00:00+00:00,5.4603479776661406,1.0,0.7857142857142857,0.00049321,1.0,chop_high_vol,1.5023878514921651,0.0,5.790956563907847,0.9682539682539683,0.8412698412698413,0.0006167,1.0,chop_high_vol,1.4008714816100598,0.0
16_time_of_day_session_effect,996,2021-01-19 12:00:00+00:00,2021-01-20 00:00:00+00:00,5.6300278138693916,0.9682539682539683,0.8412698412698413,0.0014009,1.0,chop_high_vol,1.3757187840389176,0.0,6.179503995789538,0.9682539682539683,0.8888888888888888,0.00158467,1.0,chop_high_vol,1.2507817494116953,0.0
16_time_of_day_session_effect,997,2021-01-20 12:00:00+00:00,2021-01-21 00:00:00+00:00,5.973512101831684,0.9682539682539683,0.8888888888888888,0.00017967,1.0,chop_high_vol,1.2294954401294245,0.0,5.646256528278371,1.0,0.9523809523809523,0.00042078,1.0,chop_high_vol,0.7096536652476385,0.0
16_time_of_day_session_effect,998,2021-01-21 12:00:00+00:00,2021-01-22 00:00:00+00:00,5.135182495328067,1.0,0.9523809523809523,0.00048357,1.0,chop_high_vol,0.6966348951016259,0.0,4.279812331522128,0.9920634920634921,0.9523809523809523,0.00026589,1.0,chop_high_vol,0.9444709672619919,0.0
16_time_of_day_session_effect,999,2021-01-22 12:00:00+00:00,2021-01-23 00:00:00+00:00,4.0278533467070865,0.9920634920634921,0.9523809523809523,0.0001,1.0,chop_high_vol,0.9288255747061192,0.0,3.756591781022988,0.9920634920634921,0.7222222222222222,0.0001,1.0,chop_high_vol,0.8111015786494601,0.0
16_time_of_day_session_effect,1000,2021-01-23 12:00:00+00:00,2021-01-24 00:00:00+00:00,3.481441974209148,0.9920634920634921,0.7222222222222222,0.00012182,1.0,chop_high_vol,0.7973243497857279,0.0,3.419514991171942,0.9761904761904762,0.7222222222222222,0.0001,1.0,chop_high_vol,0.8081371658281931,0.0
16_time_of_day_session_effect,1001,2021-01-24 12:00:00+00:00,2021-01-25 00:00:00+00:00,3.1864113540568226,0.9761904761904762,0.7222222222222222,0.00014368,1.0,chop_high_vol,0.7942371409219284,0.0,3.329666826082694,0.9682539682539683,0.8253968253968254,0.00041388,1.0,chop_high_vol,0.7905631240156847,0.0
16_time_of_day_session_effect,1002,2021-01-25 12:00:00+00:00,2021-01-26 00:00:00+00:00,3.1119918566658304,0.9682539682539683,0.8253968253968254,0.00052253,1.0,chop_high_vol,0.7768358572306006,0.0,3.123329706885435,0.9603174603174603,0.8253968253968254,0.00042414,1.0,chop_high_vol,0.7942332180482717,0.0
16_time_of_day_session_effect,1003,2021-01-26 12:00:00+00:00,2021-01-27 00:00:00+00:00,2.9392177027627895,0.9603174603174603,0.8253968253968254,0.0001,1.0,chop_high_vol,0.7804970636965012,0.0,2.95945886443018,0.9523809523809523,0.8412698412698413,0.0001,1.0,chop_high_vol,0.5281094913890075,0.0
16_time_of_day_session_effect,1004,2021-01-27 12:00:00+00:00,2021-01-28 00:00:00+00:00,2.5946137628328683,0.9523809523809523,0.8412698412698413,0.0001,1.0,chop_high_vol,0.5158514270890429,0.0,2.1143241892699653,0.9682539682539683,0.9444444444444444,0.0001,1.0,chop_high_vol,0.872541047075612,0.0
16_time_of_day_session_effect,1005,2021-01-28 12:00:00+00:00,2021-01-29 00:00:00+00:00,2.078966229879443,0.9682539682539683,0.9444444444444444,0.0001,1.0,chop_high_vol,0.8579506440107895,0.0,2.1960099273983666,0.9682539682539683,0.9920634920634921,0.00022262,1.0,chop_high_vol,0.9181877254534151,0.0
16_time_of_day_session_effect,1006,2021-01-29 12:00:00+00:00,2021-01-30 00:00:00+00:00,2.2203223987696825,0.9682539682539683,0.9920634920634921,0.00064803,1.0,chop_high_vol,0.9028931754817116,0.0,2.308388401117056,0.9444444444444444,0.8412698412698413,0.00039208,1.0,chop_high_vol,0.8828445811515492,0.0
16_time_of_day_session_effect,1007,2021-01-30 12:00:00+00:00,2021-01-31 00:00:00+00:00,2.3153690507116815,0.9444444444444444,0.8412698412698413,0.000332,1.0,chop_high_vol,0.8681815887454138,0.0,2.1949895496747436,0.9365079365079365,0.75,0.00052428,1.0,chop_high_vol,0.7234695805667671,0.0
16_time_of_day_session_effect,1008,2021-01-31 12:00:00+00:00,2021-02-01 00:00:00+00:00,2.1039044428779277,0.9365079365079365,0.753968253968254,0.00046117,1.0,chop_high_vol,0.7101892308826996,0.0,2.0695433052766083,0.9285714285714286,0.8015873015873016,0.00044234,1.0,chop_high_vol,0.7177779617398695,0.0
16_time_of_day_session_effect,1009,2021-02-01 12:00:00+00:00,2021-02-02 00:00:00+00:00,2.0195590399527856,0.9285714285714286,0.8015873015873016,0.00037561,1.0,chop_high_vol,0.704532631909071,0.0,1.8623851015708515,0.8412698412698413,0.8174603174603174,0.00036787,1.0,chop_high_vol,0.977286551016635,0.0
16_time_of_day_session_effect,1010,2021-02-02 12:00:00+00:00,2021-02-03 00:00:00+00:00,1.9508997840152689,0.8412698412698413,0.8174603174603174,0.00044278,1.0,chop_high_vol,0.9623535438972863,0.0,1.9178287477980318,0.8412698412698413,0.7777777777777778,0.00122181,1.0,chop_high_vol,1.1540026610223022,0.0
16_time_of_day_session_effect,1011,2021-02-03 12:00:00+00:00,2021-02-04 00:00:00+00:00,2.0878015110809787,0.8412698412698413,0.7777777777777778,0.00080805,1.0,chop_high_vol,1.136711235862095,0.0,2.7798292412005887,0.8253968253968254,0.8809523809523809,0.00075287,1.0,chop_high_vol,1.1559622608799833,0.0
16_time_of_day_session_effect,1012,2021-02-04 12:00:00+00:00,2021-02-05 00:00:00+00:00,2.900116778033202,0.8253968253968254,0.8809523809523809,0.00074286,1.0,chop_high_vol,1.1387629047619705,0.0,3.2582305113281147,0.8253968253968254,0.746031746031746,0.00061936,1.0,chop_high_vol,1.2030924101934901,0.0
16_time_of_day_session_effect,1013,2021-02-05 12:00:00+00:00,2021-02-06 00:00:00+00:00,3.4410248536823285,0.8253968253968254,0.746031746031746,0.00074838,1.0,chop_high_vol,1.1864076038269151,0.0,3.581078679465718,0.8253968253968254,0.8968253968253969,0.00099154,1.0,chop_high_vol,1.2892535272015693,0.0
16_time_of_day_session_effect,1014,2021-02-06 12:00:00+00:00,2021-02-07 00:00:00+00:00,3.793117223967834,0.8253968253968254,0.8968253968253969,0.00069827,1.0,chop_high_vol,1.274677147728226,0.0,3.960113520671736,0.8174603174603174,0.8293650793650794,0.00155546,1.0,chop_high_vol,1.2210845882716284,0.0
16_time_of_day_session_effect,1015,2021-02-07 12:00:00+00:00,2021-02-08 00:00:00+00:00,4.086981854509822,0.8174603174603174,0.8333333333333334,0.00065121,1.0,chop_high_vol,1.2067458953319161,0.0,2.8646590946209547,1.0,0.9841269841269841,0.00059267,1.0,chop_high_vol,1.8592895919103034,0.0
16_time_of_day_session_effect,1016,2021-02-08 12:00:00+00:00,2021-02-09 00:00:00+00:00,3.243023232485696,1.0,0.9841269841269841,0.00057887,1.0,chop_high_vol,1.8344171268524059,0.0,3.5675446548270675,0.9920634920634921,0.9761904761904762,0.00248993,1.0,chop_high_vol,1.8307426920171186,0.0
16_time_of_day_session_effect,1017,2021-02-09 12:00:00+00:00,2021-02-10 00:00:00+00:00,3.8673077457516727,0.9920634920634921,0.9761904761904762,0.00186573,1.0,chop_high_vol,1.8106793523357232,0.0,4.412882562398334,0.9206349206349206,0.9603174603174603,0.00161159,1.0,chop_high_vol,1.6316351775076297,0.0
16_time_of_day_session_effect,1018,2021-02-10 12:00:00+00:00,2021-02-11 00:00:00+00:00,4.580167724679982,0.9206349206349206,0.9603174603174603,0.0017535,1.0,chop_high_vol,1.614687512709636,0.0,4.845294846442987,0.9126984126984127,0.9444444444444444,0.00076742,1.0,chop_high_vol,1.9103389163031947,0.0
16_time_of_day_session_effect,1019,2021-02-11 12:00:00+00:00,2021-02-12 00:00:00+00:00,5.103684876520375,0.9126984126984127,0.9444444444444444,0.0008307,1.0,chop_high_vol,1.8862459966905238,0.0,5.511734387524745,0.9047619047619048,0.9047619047619048,0.00128772,1.0,chop_high_vol,1.8340714096312027,0.0
16_time_of_day_session_effect,1020,2021-02-12 12:00:00+00:00,2021-02-13 00:00:00+00:00,5.683934939392439,0.9047619047619048,0.9047619047619048,0.0012563,1.0,chop_high_vol,1.8134705818587922,0.0,5.778347810832304,0.9047619047619048,0.8492063492063492,0.00105533,1.0,chop_high_vol,1.7582198313842152,0.0
16_time_of_day_session_effect,1021,2021-02-13 12:00:00+00:00,2021-02-14 00:00:00+00:00,5.871827049683544,0.9047619047619048,0.8492063492063492,0.00141609,1.0,chop_high_vol,1.7429573266639318,0.0,5.828098200076248,0.9047619047619048,0.8492063492063492,0.00075946,1.0,chop_high_vol,1.8692489287809395,0.0
16_time_of_day_session_effect,1022,2021-02-14 12:00:00+00:00,2021-02-15 00:00:00+00:00,5.954648710360814,0.9047619047619048,0.8492063492063492,0.00146185,1.0,chop_high_vol,1.8425925738521547,0.0,6.076266052953852,0.9126984126984127,0.9047619047619048,0.0011786,1.0,trend_high_vol,1.741139903295621,0.0
16_time_of_day_session_effect,1023,2021-02-15 12:00:00+00:00,2021-02-16 00:00:00+00:00,6.115701569596921,0.9126984126984127,0.9047619047619048,0.00040617,1.0,trend_high_vol,1.7150889052589042,0.0,6.42186079046842,0.8571428571428571,0.8968253968253969,0.00068133,1.0,trend_high_vol,1.8654872221034149,0.0
16_time_of_day_session_effect,1024,2021-02-16 12:00:00+00:00,2021-02-17 00:00:00+00:00,6.491660668052227,0.8571428571428571,0.8968253968253969,0.00123546,1.0,trend_high_vol,1.8351390889164656,0.0,6.271943383633499,0.7698412698412699,0.9285714285714286,0.00141818,1.0,trend_high_vol,2.126824254989304,0.0
16_time_of_day_session_effect,1025,2021-02-17 12:00:00+00:00,2021-02-18 00:00:00+00:00,6.4383655703968845,0.7698412698412699,0.9285714285714286,0.00093436,1.0,trend_high_vol,2.0832385776648157,0.0,6.677583581092025,0.7777777777777778,0.6190476190476191,0.00147112,1.0,trend_high_vol,1.9988019186439494,0.0
16_time_of_day_session_effect,1026,2021-02-18 12:00:00+00:00,2021-02-19 00:00:00+00:00,6.763265638173157,0.7777777777777778,0.6190476190476191,0.00154303,1.0,trend_high_vol,1.9640339453469189,0.0,5.97294726501689,0.8412698412698413,0.7301587301587301,0.00125842,1.0,chop_high_vol,2.2695731734335065,0.0
16_time_of_day_session_effect,1027,2021-02-19 12:00:00+00:00,2021-02-20 00:00:00+00:00,6.179029842637087,0.8412698412698413,0.7301587301587301,0.00084526,1.0,trend_high_vol,2.2267447955091897,0.0,6.6306033870318135,0.8253968253968254,0.7936507936507936,0.00156318,1.0,trend_high_vol,2.1969258290415703,0.0
16_time_of_day_session_effect,1028,2021-02-20 12:00:00+00:00,2021-02-21 00:00:00+00:00,6.784493548507933,0.8253968253968254,0.7936507936507936,0.00116465,1.0,trend_high_vol,2.153080196315514,0.0,6.604089733888674,0.8253968253968254,0.5952380952380952,0.00122535,1.0,trend_high_vol,2.223671642527834,0.0
16_time_of_day_session_effect,1029,2021-02-21 12:00:00+00:00,2021-02-22 00:00:00+00:00,6.7518744287698995,0.8253968253968254,0.5952380952380952,0.00099022,1.0,trend_high_vol,2.1834952722741017,0.0,9.245033703062374,0.8650793650793651,0.9761904761904762,0.0012582,1.0,trend_high_vol,1.8140733895648617,0.0
16_time_of_day_session_effect,1030,2021-02-22 12:00:00+00:00,2021-02-23 00:00:00+00:00,9.18404341833774,0.8650793650793651,0.9761904761904762,0.00091782,1.0,trend_high_vol,1.7900924144035726,0.0,8.031309581373208,0.9523809523809523,0.9841269841269841,0.00024947,1.0,trend_high_vol,1.3089379684242013,0.0
16_time_of_day_session_effect,1031,2021-02-23 12:00:00+00:00,2021-02-24 00:00:00+00:00,7.678556581506649,0.9523809523809523,0.9841269841269841,0.0002962,1.0,trend_high_vol,1.2941024088064792,0.0,7.4850334538570715,0.9444444444444444,0.7142857142857143,0.00013281,1.0,trend_high_vol,1.3768075439083471,0.0
16_time_of_day_session_effect,1032,2021-02-24 12:00:00+00:00,2021-02-25 00:00:00+00:00,7.212934593915199,0.9444444444444444,0.7142857142857143,0.00051791,1.0,trend_high_vol,1.3578166523915343,0.0,7.382099316132649,0.9761904761904762,0.5952380952380952,0.00037289,1.0,trend_high_vol,1.1496466511007268,0.0
16_time_of_day_session_effect,1033,2021-02-25 12:00:00+00:00,2021-02-26 00:00:00+00:00,6.968223774092815,0.9761904761904762,0.5952380952380952,0.00018247,1.0,trend_high_vol,1.1350563520812758,0.0,6.542952897444369,0.9682539682539683,1.0,0.0001,1.0,trend_high_vol,1.1676284833307542,0.0
16_time_of_day_session_effect,1034,2021-02-26 12:00:00+00:00,2021-02-27 00:00:00+00:00,6.140987331305128,0.9682539682539683,1.0,0.0001,1.0,trend_high_vol,1.1521628249007325,0.0,5.836283525940914,0.9603174603174603,0.4523809523809524,0.0001,1.0,chop_high_vol,1.1213533335526837,0.0
16_time_of_day_session_effect,1035,2021-02-27 12:00:00+00:00,2021-02-28 00:00:00+00:00,5.476514223256775,0.9603174603174603,0.4523809523809524,0.0004457,1.0,chop_high_vol,1.1067098656315006,0.0,5.3153109695217085,0.6190476190476191,0.5793650793650794,0.00010038,1.0,chop,0.9798557508313753,0.0
16_time_of_day_session_effect,1036,2021-02-28 12:00:00+00:00,2021-03-01 00:00:00+00:00,4.9283884139277125,0.6190476190476191,0.5793650793650794,0.0001,1.0,chop,0.9654048864753878,0.0,3.784471872303202,0.6349206349206349,0.5793650793650794,0.00016921,1.0,chop,1.4294106664771633,0.0
16_time_of_day_session_effect,1037,2021-03-01 12:00:00+00:00,2021-03-02 00:00:00+00:00,3.7352836621907017,0.6349206349206349,0.5793650793650794,0.0001,1.0,chop,1.4088976832376574,0.0,3.71823690215398,0.626984126984127,0.4444444444444444,0.0001,1.0,chop,1.2334663237901748,0.0
16_time_of_day_session_effect,1038,2021-03-02 12:00:00+00:00,2021-03-03 00:00:00+00:00,3.602705588960176,0.626984126984127,0.4444444444444444,0.0001,1.0,chop,1.2164811940831877,0.0,3.5463256883731225,0.6111111111111112,0.5634920634920635,0.0001,1.0,chop,1.4624598291559066,0.0
16_time_of_day_session_effect,1039,2021-03-03 12:00:00+00:00,2021-03-04 00:00:00+00:00,3.541338074702451,0.6111111111111112,0.5634920634920635,0.0001,1.0,chop,1.4372101859544797,0.0,3.3832735404294265,0.6190476190476191,0.5436507936507936,0.0001,1.0,chop,1.259871267606886,0.0
16_time_of_day_session_effect,1040,2021-03-04 12:00:00+00:00,2021-03-05 00:00:00+00:00,3.2739970308238053,0.6190476190476191,0.5476190476190477,0.0001,1.0,chop,1.2391134956074215,0.0,3.617684117202973,0.6111111111111112,0.4603174603174603,0.0001,1.0,chop,1.2639719338452884,0.0
16_time_of_day_session_effect,1041,2021-03-05 12:00:00+00:00,2021-03-06 00:00:00+00:00,3.522316211039285,0.6111111111111112,0.4603174603174603,0.0001,1.0,chop,1.2451954523872393,0.0,3.452732651201449,0.5952380952380952,0.21428571428571427,0.0001,1.0,chop,1.2234893415032135,0.0
16_time_of_day_session_effect,1042,2021-03-06 12:00:00+00:00,2021-03-07 00:00:00+00:00,3.3605233969277957,0.5952380952380952,0.21428571428571427,0.0001,1.0,chop,1.2038407825792352,0.0,3.123482895474898,0.6190476190476191,0.36507936507936506,0.0001,1.0,chop,1.4094357288975843,0.0
16_time_of_day_session_effect,1043,2021-03-07 12:00:00+00:00,2021-03-08 00:00:00+00:00,3.1536437829664945,0.6190476190476191,0.36507936507936506,0.0001,1.0,chop,1.383503898851903,0.0,3.40582726640073,0.6111111111111112,0.4523809523809524,0.0001,1.0,chop,1.5142192248517974,0.0
16_time_of_day_session_effect,1044,2021-03-08 12:00:00+00:00,2021-03-09 00:00:00+00:00,3.470241003920393,0.6111111111111112,0.4523809523809524,0.0001,1.0,chop,1.4848802419511757,0.0,3.8864297411278255,0.5793650793650794,0.5,0.00072419,1.0,chop,1.5777425367652689,0.0
16_time_of_day_session_effect,1045,2021-03-09 12:00:00+00:00,2021-03-10 00:00:00+00:00,4.064434826800499,0.5793650793650794,0.5,0.00041976,1.0,chop,1.5473278270604636,0.0,4.1623064115316355,0.5793650793650794,0.6031746031746031,0.00057038,1.0,chop,1.6036704194187956,0.0
16_time_of_day_session_effect,1046,2021-03-10 12:00:00+00:00,2021-03-11 00:00:00+00:00,4.345902847524856,0.5793650793650794,0.6031746031746031,0.00048586,1.0,chop,1.571796984584944,0.0,4.675755401449075,0.5396825396825397,0.5873015873015873,0.00095931,1.0,chop,1.6817083586114883,0.0
16_time_of_day_session_effect,1047,2021-03-11 12:00:00+00:00,2021-03-12 00:00:00+00:00,4.901644512683235,0.5396825396825397,0.5873015873015873,0.00099305,1.0,chop,1.6460316784945868,0.0,5.20170821936474,0.5396825396825397,0.5793650793650794,0.00085439,1.0,chop,1.5831128814195958,0.0
16_time_of_day_session_effect,1048,2021-03-12 12:00:00+00:00,2021-03-13 00:00:00+00:00,5.3403386593253845,0.5396825396825397,0.5793650793650794,0.00067147,1.0,chop,1.5519154378061777,0.0,4.615574031087626,0.5476190476190477,0.6349206349206349,0.00047834,1.0,chop,1.8129542939632652,0.0
16_time_of_day_session_effect,1049,2021-03-13 12:00:00+00:00,2021-03-14 00:00:00+00:00,4.860239413916014,0.5476190476190477,0.6349206349206349,0.00060567,1.0,chop,1.7744658954617663,0.0,5.042335812547329,0.5317460317460317,0.3253968253968254,0.00057114,1.0,chop,1.5963053846471313,0.0
16_time_of_day_session_effect,1050,2021-03-14 12:00:00+00:00,2021-03-15 00:00:00+00:00,5.133078353463718,0.5317460317460317,0.3253968253968254,0.00084593,1.0,chop,1.5641655352063517,0.0,5.837304847580567,0.4603174603174603,0.7222222222222222,0.00115069,1.0,trend,1.2570345667632428,0.0
16_time_of_day_session_effect,1051,2021-03-15 12:00:00+00:00,2021-03-16 00:00:00+00:00,5.720193891017071,0.4603174603174603,0.7222222222222222,0.0010521,1.0,trend,1.2353802630148938,0.0,5.680977594313489,0.4523809523809524,0.6031746031746031,0.00015776,1.0,trend,1.277905942376261,0.0
16_time_of_day_session_effect,1052,2021-03-16 12:00:00+00:00,2021-03-17 00:00:00+00:00,5.610053280873193,0.4523809523809524,0.6031746031746031,0.00035862,1.0,chop,1.255580817166707,0.0,5.560345722810923,0.42063492063492064,0.6190476190476191,0.00040673,1.0,chop,1.3943688718549114,0.0
16_time_of_day_session_effect,1053,2021-03-17 12:00:00+00:00,2021-03-18 00:00:00+00:00,5.587839373857307,0.42063492063492064,0.6190476190476191,0.00019234,1.0,chop,1.3691474332723323,0.0,5.938325343034123,0.42857142857142855,0.5476190476190477,0.00024575,1.0,trend,1.2588831947038934,0.0
16_time_of_day_session_effect,1054,2021-03-18 12:00:00+00:00,2021-03-19 00:00:00+00:00,5.881345375374639,0.42857142857142855,0.5476190476190477,0.00029259,1.0,trend,1.237341645318212,0.0,5.786181755253506,0.40476190476190477,0.40476190476190477,0.00032547,1.0,trend,1.2291004708198465,0.0
16_time_of_day_session_effect,1055,2021-03-19 12:00:00+00:00,2021-03-20 00:00:00+00:00,5.743559071117521,0.40476190476190477,0.40476190476190477,0.00012887,1.0,trend,1.2080965080195594,0.0,5.690455551539466,0.3968253968253968,0.42857142857142855,0.0004928,1.0,trend,1.185418504189113,0.0
16_time_of_day_session_effect,1056,2021-03-20 12:00:00+00:00,2021-03-21 00:00:00+00:00,5.630794695769958,0.3968253968253968,0.42857142857142855,0.00044452,1.0,chop,1.1656242752510229,0.0,6.082508946152785,0.047619047619047616,0.46825396825396826,0.00031366,1.0,trend,1.0895305809047784,0.0
16_time_of_day_session_effect,1057,2021-03-21 12:00:00+00:00,2021-03-22 00:00:00+00:00,5.95679582594067,0.047619047619047616,0.46825396825396826,0.00042375,1.0,trend,1.0719647401753019,0.0,5.482080965861835,0.12698412698412698,0.5476190476190477,0.0001,1.0,chop_low_vol,0.8396387710569593,0.0
16_time_of_day_session_effect,1058,2021-03-22 12:00:00+00:00,2021-03-23 00:00:00+00:00,5.185270884247263,0.12698412698412698,0.5476190476190477,0.00045562,1.0,chop_low_vol,0.8273882415887674,0.0,5.510776025350187,0.04365079365079365,0.5396825396825397,0.0002421,1.0,chop_low_vol,0.8637495996049905,0.0
16_time_of_day_session_effect,1059,2021-03-23 12:00:00+00:00,2021-03-24 00:00:00+00:00,5.235005212614322,0.047619047619047616,0.5396825396825397,0.00026619,1.0,chop_low_vol,0.8502757817462434,0.0,4.824883935241355,0.04365079365079365,0.7936507936507936,0.00042245,1.0,chop_low_vol,0.653207489010393,0.0
16_time_of_day_session_effect,1060,2021-03-24 12:00:00+00:00,2021-03-25 00:00:00+00:00,4.454970873190834,0.047619047619047616,0.7936507936507936,0.00016567,1.0,chop_low_vol,0.6407338238264367,0.0,4.250954086415726,0.06349206349206349,0.753968253968254,0.00011828,1.0,chop_low_vol,0.5552270179384049,0.0
16_time_of_day_session_effect,1061,2021-03-25 12:00:00+00:00,2021-03-26 00:00:00+00:00,3.8466732492376905,0.06349206349206349,0.753968253968254,0.0001,1.0,chop_low_vol,0.5425203835677385,0.0,3.0307597980731247,0.24603174603174602,0.5317460317460317,0.0001,1.0,chop_low_vol,0.8150036731051195,0.0
16_time_of_day_session_effect,1062,2021-03-26 12:00:00+00:00,2021-03-27 00:00:00+00:00,2.9476027375016822,0.24603174603174602,0.5317460317460317,0.0001,1.0,chop_low_vol,0.8035317835746503,0.0,3.2823967425950995,0.14285714285714285,0.2857142857142857,0.0001,1.0,chop_low_vol,0.8656984759007464,0.0
16_time_of_day_session_effect,1063,2021-03-27 12:00:00+00:00,2021-03-28 00:00:00+00:00,3.2463711515743774,0.14285714285714285,0.2857142857142857,0.0001,1.0,chop_low_vol,0.8548406954645947,0.0,3.49880292097305,0.11904761904761904,0.29365079365079366,0.0001,1.0,chop_low_vol,0.8453899576187744,0.0
16_time_of_day_session_effect,1064,2021-03-28 12:00:00+00:00,2021-03-29 00:00:00+00:00,3.4511393464764044,0.11904761904761904,0.29365079365079366,0.0001,1.0,chop_low_vol,0.8389158789667982,0.0,3.6987762039056657,0.06746031746031746,0.5555555555555556,0.0001,1.0,chop_low_vol,1.0587565449039085,0.0
16_time_of_day_session_effect,1065,2021-03-29 12:00:00+00:00,2021-03-30 00:00:00+00:00,3.7726962099103125,0.07142857142857142,0.5555555555555556,0.0001,1.0,chop_low_vol,1.049339919993674,0.0,3.7967379096326543,0.06746031746031746,0.47619047619047616,0.00018171,1.0,chop_low_vol,1.239862186032928,0.0
16_time_of_day_session_effect,1066,2021-03-30 12:00:00+00:00,2021-03-31 00:00:00+00:00,3.919492878741607,0.07142857142857142,0.47619047619047616,0.00027258,1.0,chop_low_vol,1.2303032515189554,0.0,4.531478081208486,0.047619047619047616,0.6984126984126984,0.00080754,1.0,chop_low_vol,1.122578786112826,0.0
16_time_of_day_session_effect,1067,2021-03-31 12:00:00+00:00,2021-04-01 00:00:00+00:00,4.623738949040837,0.047619047619047616,0.6984126984126984,0.00070889,1.0,chop_low_vol,1.1156165001363605,0.0,4.942513428527796,0.04365079365079365,0.626984126984127,0.00058414,1.0,chop_low_vol,1.0874051045793376,0.0
16_time_of_day_session_effect,1068,2021-04-01 12:00:00+00:00,2021-04-02 00:00:00+00:00,5.014168406455503,0.047619047619047616,0.626984126984127,0.00095247,1.0,chop_low_vol,1.0870269490481022,0.0,5.135976037301074,0.003968253968253968,0.5634920634920635,0.00071058,1.0,chop_low_vol,1.1191705813391244,0.0
16_time_of_day_session_effect,1069,2021-04-02 12:00:00+00:00,2021-04-03 00:00:00+00:00,5.1965023983322585,0.007936507936507936,0.5634920634920635,0.00106221,1.0,chop_low_vol,1.1237646579277674,0.0,4.714960047847553,0.003968253968253968,0.5634920634920635,0.0010197,1.0,chop_low_vol,0.9158165821763291,0.0
16_time_of_day_session_effect,1070,2021-04-03 12:00:00+00:00,2021-04-04 00:00:00+00:00,4.603424058629617,0.007936507936507936,0.5634920634920635,0.00107843,1.0,chop_low_vol,0.9127266373525303,0.0,4.406339014365977,0.003968253968253968,0.3492063492063492,0.0005209,1.0,chop_low_vol,1.048060075020143,0.0
16_time_of_day_session_effect,1071,2021-04-04 12:00:00+00:00,2021-04-05 00:00:00+00:00,4.387434170135544,0.007936507936507936,0.3492063492063492,0.00048495,1.0,chop_low_vol,1.0440809086909848,0.0,5.159380638720122,0.003968253968253968,0.6031746031746031,0.00039464,1.0,chop_low_vol,1.0766328292434346,0.0
16_time_of_day_session_effect,1072,2021-04-05 12:00:00+00:00,2021-04-06 00:00:00+00:00,5.146093732893991,0.007936507936507936,0.6031746031746031,0.00043217,1.0,chop_low_vol,1.075303904795716,0.0,4.907925614427822,0.003968253968253968,0.6984126984126984,0.00037409,1.0,chop_low_vol,0.8886777991998291,0.0
16_time_of_day_session_effect,1073,2021-04-06 12:00:00+00:00,2021-04-07 00:00:00+00:00,4.803889928500118,0.007936507936507936,0.6984126984126984,0.00057776,1.0,chop_low_vol,0.8857925713672652,0.0,4.653666040801764,0.011904761904761904,0.8412698412698413,0.00057609,1.0,chop_low_vol,0.5678025096102509,0.0
16_time_of_day_session_effect,1074,2021-04-07 12:00:00+00:00,2021-04-08 00:00:00+00:00,4.360277048872054,0.015873015873015872,0.8412698412698413,0.00053749,1.0,chop_low_vol,0.558200623197669,0.0,3.851511118658895,0.03571428571428571,0.3968253968253968,0.0005366,1.0,chop_low_vol,0.8279926081192697,0.0
16_time_of_day_session_effect,1075,2021-04-08 12:00:00+00:00,2021-04-09 00:00:00+00:00,3.803130577047791,0.03968253968253968,0.3968253968253968,0.00024943,1.0,chop_low_vol,0.8292846934158338,0.0,4.836568326419478,0.04365079365079365,0.20634920634920634,0.00019611,1.0,chop_low_vol,0.8782255008991726,0.0
16_time_of_day_session_effect,1076,2021-04-09 12:00:00+00:00,2021-04-10 00:00:00+00:00,4.758341511536138,0.047619047619047616,0.20634920634920634,0.00026301,1.0,chop_low_vol,0.8656289613407651,0.0,4.497927426061569,0.051587301587301584,0.5158730158730159,0.00021785,1.0,chop_low_vol,1.1128069571922035,0.0
16_time_of_day_session_effect,1077,2021-04-10 12:00:00+00:00,2021-04-11 00:00:00+00:00,4.566066800448612,0.05555555555555555,0.5158730158730159,0.00148624,1.0,chop_low_vol,1.0994229863582767,0.0,4.504410322753043,0.011904761904761904,0.19047619047619047,0.00119652,1.0,chop_low_vol,1.1609868717017022,0.0
16_time_of_day_session_effect,1078,2021-04-11 12:00:00+00:00,2021-04-12 00:00:00+00:00,4.575813458239896,0.015873015873015872,0.19047619047619047,0.00099427,1.0,chop_low_vol,1.1539783091400189,0.0,5.201468440386572,0.01984126984126984,0.3333333333333333,0.00105998,1.0,trend,1.156917577261621,0.0
16_time_of_day_session_effect,1079,2021-04-12 12:00:00+00:00,2021-04-13 00:00:00+00:00,5.21275079306586,0.023809523809523808,0.3333333333333333,0.00106358,1.0,trend,1.141604833023162,0.0,4.4720481106075844,0.051587301587301584,0.7698412698412699,0.00094343,1.0,chop_low_vol,1.6533165039134772,0.0
16_time_of_day_session_effect,1080,2021-04-13 12:00:00+00:00,2021-04-14 00:00:00+00:00,4.754676487632617,0.05555555555555555,0.7698412698412699,0.00089928,1.0,chop_low_vol,1.6309571886552554,0.0,4.8743594709058105,0.051587301587301584,0.8809523809523809,0.0012267,1.0,chop_low_vol,1.6145667439067182,0.0
16_time_of_day_session_effect,1081,2021-04-14 12:00:00+00:00,2021-04-15 00:00:00+00:00,5.045395042822876,0.05555555555555555,0.8809523809523809,0.00108567,1.0,trend,1.5966044805178317,0.0,5.184177728925858,0.003968253968253968,0.5714285714285714,0.00104786,1.0,trend,1.4209204190629463,0.0
16_time_of_day_session_effect,1082,2021-04-15 12:00:00+00:00,2021-04-16 00:00:00+00:00,5.315583854796744,0.007936507936507936,0.5714285714285714,0.00082082,1.0,trend,1.402050328029609,0.0,4.985003834639095,0.011904761904761904,0.9206349206349206,0.00110324,1.0,trend,0.9952843747335005,0.0
16_time_of_day_session_effect,1083,2021-04-16 12:00:00+00:00,2021-04-17 00:00:00+00:00,4.932749790831847,0.015873015873015872,0.9206349206349206,0.00120022,1.0,trend,0.9839440349233061,0.0,5.152323458492942,0.01984126984126984,0.6666666666666666,0.00115519,1.0,trend,0.8045367415472515,0.0
16_time_of_day_session_effect,1084,2021-04-17 12:00:00+00:00,2021-04-18 00:00:00+00:00,5.013935085757495,0.023809523809523808,0.6666666666666666,0.00054007,1.0,trend,0.7914426764966705,0.0,4.028706570475625,0.11507936507936507,0.9603174603174603,0.00087572,1.0,chop_low_vol,-0.1068525088854941,0.0
16_time_of_day_session_effect,1085,2021-04-18 12:00:00+00:00,2021-04-19 00:00:00+00:00,3.5864616220935877,0.11904761904761904,0.9603174603174603,0.00058448,1.0,chop_low_vol,-0.11415257337403534,0.0,3.1351052517640046,0.10714285714285714,0.626984126984127,0.0001,1.0,chop_low_vol,-0.16215196963737416,0.0
16_time_of_day_session_effect,1086,2021-04-19 12:00:00+00:00,2021-04-20 00:00:00+00:00,2.732333060026243,0.1111111111111111,0.626984126984127,0.0001,1.0,chop_low_vol,-0.17059803490154152,0.0,2.403442847804605,0.11507936507936507,0.6984126984126984,0.0001,1.0,chop_low_vol,-0.06618332693228461,0.0
16_time_of_day_session_effect,1087,2021-04-20 12:00:00+00:00,2021-04-21 00:00:00+00:00,2.1272540071837986,0.11904761904761904,0.6984126984126984,0.0001,1.0,chop_low_vol,-0.06713595244376129,0.0,1.70367233488663,0.15476190476190477,0.36507936507936506,0.0001,1.0,chop_low_vol,-0.711743649097372,0.0
16_time_of_day_session_effect,1088,2021-04-21 12:00:00+00:00,2021-04-22 00:00:00+00:00,1.2818265501635036,0.15873015873015872,0.36507936507936506,0.0001,1.0,chop_low_vol,-0.7054600705022346,0.0,0.7578415291682077,0.1626984126984127,0.7936507936507936,0.0001,1.0,chop_low_vol,-1.0949487480040956,0.0
16_time_of_day_session_effect,1089,2021-04-22 12:00:00+00:00,2021-04-23 00:00:00+00:00,0.23687252917433188,0.16666666666666666,0.7936507936507936,0.0001,1.0,chop_low_vol,-1.0790863760738878,0.0,0.28098425523423726,0.1626984126984127,0.9206349206349206,0.0001,1.0,chop_low_vol,-1.1945558655500987,0.0
16_time_of_day_session_effect,1090,2021-04-23 12:00:00+00:00,2021-04-24 00:00:00+00:00,0.7393045552456439,0.16666666666666666,0.9206349206349206,0.00047618,1.0,chop_low_vol,-1.1857681975652918,0.0,1.2838616975211317,0.1626984126984127,0.18253968253968253,0.0001,1.0,chop_low_vol,-1.4381182421021061,0.0
16_time_of_day_session_effect,1091,2021-04-24 12:00:00+00:00,2021-04-25 00:00:00+00:00,1.7422030266039483,0.16666666666666666,0.18253968253968253,0.00027672,1.0,chop_low_vol,-1.451612435855586,0.0,2.1963256272015,0.17063492063492064,0.0873015873015873,0.000217,1.0,chop_low_vol,-1.6986443126633615,0.0
16_time_of_day_session_effect,1092,2021-04-25 12:00:00+00:00,2021-04-26 00:00:00+00:00,2.6279862933294527,0.1746031746031746,0.0873015873015873,0.00038558,1.0,chop_low_vol,-1.6973758557246441,0.0,1.8341131571598006,0.3888888888888889,0.4444444444444444,0.0001,1.0,chop,-0.5917808542973624,0.0
16_time_of_day_session_effect,1093,2021-04-26 12:00:00+00:00,2021-04-27 00:00:00+00:00,1.7996740406360354,0.3888888888888889,0.4444444444444444,0.0001,1.0,chop,-0.6169958431122103,0.0,1.842645063951956,0.35714285714285715,0.19047619047619047,0.0001,1.0,chop,-0.40486468119968,0.0
16_time_of_day_session_effect,1094,2021-09-15 12:00:00+00:00,2021-09-16 00:00:00+00:00,1.1648487991179246,0.35714285714285715,0.2857142857142857,0.0001,1.0,chop,0.7262278874497093,0.0,1.2048801276704797,0.20238095238095238,0.32936507936507936,0.0001,1.0,chop_low_vol,0.8086634370764528,0.0
16_time_of_day_session_effect,1095,2021-09-16 12:00:00+00:00,2021-09-17 00:00:00+00:00,1.2246068350408863,0.20634920634920634,0.3333333333333333,0.0001,1.0,chop_low_vol,0.7992078445794482,0.0,1.2200312965539535,0.21825396825396826,0.25793650793650796,0.0001,1.0,chop_low_vol,0.7335443742492983,0.0
16_time_of_day_session_effect,1096,2021-09-17 12:00:00+00:00,2021-09-18 00:00:00+00:00,1.1909801652199028,0.2222222222222222,0.2619047619047619,0.0001,1.0,chop_low_vol,0.7265692123933497,0.0,1.160040197963603,0.26587301587301587,0.25793650793650796,0.0001,1.0,chop_low_vol,0.8927258812615645,0.0
16_time_of_day_session_effect,1097,2021-09-18 12:00:00+00:00,2021-09-19 00:00:00+00:00,1.206560999988923,0.2698412698412698,0.2619047619047619,0.0001,1.0,chop_low_vol,0.8971359727824354,0.0,1.2380645958265577,0.19444444444444445,0.21825396825396826,0.0001,1.0,chop_low_vol,0.709894864093392,0.0
16_time_of_day_session_effect,1098,2021-09-19 12:00:00+00:00,2021-09-20 00:00:00+00:00,1.1944282331469904,0.1984126984126984,0.2222222222222222,0.0001,1.0,chop_low_vol,0.704296134877069,0.0,0.7059718507596373,0.5674603174603174,0.8373015873015873,0.0001,0.0,chop,-0.28406707709000223,0.0
16_time_of_day_session_effect,1099,2021-09-20 12:00:00+00:00,2021-09-21 00:00:00+00:00,0.3618777337607924,0.5714285714285714,0.8412698412698413,0.0001,0.0,chop,-0.3221126986698532,0.0,0.13996851136726812,0.5753968253968254,0.8690476190476191,0.0001,0.0,chop,-0.9587924569367072,0.0
16_time_of_day_session_effect,1100,2021-09-21 12:00:00+00:00,2021-09-22 00:00:00+00:00,0.6600626837887594,0.5793650793650794,0.873015873015873,0.0001,0.0,chop,-1.0132874482603413,0.0,0.6923169162107705,0.5833333333333334,0.6468253968253969,0.0001,0.0,chop,-0.3271800716510926,0.0
16_time_of_day_session_effect,1101,2021-09-22 12:00:00+00:00,2021-09-23 00:00:00+00:00,0.8289348698772047,0.5873015873015873,0.6507936507936508,0.0001,0.0,chop,-0.36563268227538887,0.0,0.779293533385161,0.5912698412698413,0.4722222222222222,0.0001,0.0,chop,0.14635875011404217,0.0
16_time_of_day_session_effect,1102,2021-10-11 12:00:00+00:00,2021-10-12 00:00:00+00:00,3.8883254268921945,0.6190476190476191,0.8650793650793651,0.0001,1.0,trend,2.8093667744899924,0.0,4.1343618194057195,0.5912698412698413,0.8611111111111112,0.0001,1.0,trend,2.3542038275398296,0.0
16_time_of_day_session_effect,1103,2021-10-12 12:00:00+00:00,2021-10-13 00:00:00+00:00,4.229699753251215,0.5952380952380952,0.8650793650793651,0.0001,1.0,trend,2.283238973844177,0.0,4.176137123873764,0.5912698412698413,0.8690476190476191,0.0001,1.0,trend,2.265073046546225,0.0
16_time_of_day_session_effect,1104,2021-10-13 12:00:00+00:00,2021-10-14 00:00:00+00:00,4.298845279877661,0.5952380952380952,0.873015873015873,0.0001,1.0,trend,2.1987392217335042,0.0,4.956323904354648,0.4880952380952381,0.6388888888888888,0.0001,1.0,trend,2.10071507261339,0.0
16_time_of_day_session_effect,1105,2021-10-14 12:00:00+00:00,2021-10-15 00:00:00+00:00,5.042327422088918,0.49206349206349204,0.6428571428571429,0.00022797,1.0,trend,2.0447442760469436,0.0,5.3125984542497475,0.623015873015873,0.9761904761904762,0.00017282,1.0,trend,2.971858007993379,0.0
16_time_of_day_session_effect,1106,2021-10-15 12:00:00+00:00,2021-10-16 00:00:00+00:00,5.594112917466198,0.626984126984127,0.9761904761904762,0.00036685,1.0,trend,2.8436222342957533,0.0,5.8130615428414725,0.6309523809523809,0.5277777777777778,0.0001,1.0,trend,2.614216176011722,0.0
16_time_of_day_session_effect,1107,2021-10-16 12:00:00+00:00,2021-10-17 00:00:00+00:00,5.976850148859725,0.6349206349206349,0.5317460317460317,0.00027876,1.0,trend,2.522839704439644,0.0,6.075327246044992,0.623015873015873,0.2896825396825397,0.00043303,1.0,trend,2.5447866726145127,0.0
16_time_of_day_session_effect,1108,2021-10-17 12:00:00+00:00,2021-10-18 00:00:00+00:00,6.216008162684111,0.626984126984127,0.29365079365079366,0.00040131,1.0,trend,2.4588265236941287,0.0,6.4948742606912,0.5912698412698413,0.7182539682539683,0.0004425,1.0,trend,2.4621528211382544,0.0
16_time_of_day_session_effect,1109,2021-10-18 12:00:00+00:00,2021-10-19 00:00:00+00:00,6.6095724764105155,0.5952380952380952,0.7222222222222222,0.00022227,1.0,trend,2.3806625236874397,0.0,6.829109226209114,0.6150793650793651,0.8531746031746031,0.0001,1.0,trend,2.598417701249826,0.0
16_time_of_day_session_effect,1110,2021-10-19 12:00:00+00:00,2021-10-20 00:00:00+00:00,7.017290349319903,0.6190476190476191,0.8571428571428571,0.00014974,1.0,trend,2.5075533521345834,0.0,8.14100840824291,0.5595238095238095,0.8650793650793651,0.0001,1.0,trend,2.5785947329995405,0.0
16_time_of_day_session_effect,1111,2021-10-20 12:00:00+00:00,2021-10-21 00:00:00+00:00,8.383999353138778,0.5634920634920635,0.8650793650793651,0.0001,1.0,trend,2.4885292648458193,0.0,8.089425295452479,0.3055555555555556,0.9285714285714286,0.00068927,1.0,trend,1.941445363705142,0.0
16_time_of_day_session_effect,1112,2021-10-21 12:00:00+00:00,2021-10-22 00:00:00+00:00,8.01603754070216,0.30952380952380953,0.9285714285714286,0.00057124,1.0,trend,1.8954083141431466,0.0,7.56397424088325,0.376984126984127,0.7301587301587301,0.00062183,1.0,trend,1.5885885860658777,0.0
16_time_of_day_session_effect,1113,2021-10-22 12:00:00+00:00,2021-10-23 00:00:00+00:00,7.386744998179425,0.38095238095238093,0.7301587301587301,0.00024509,1.0,trend,1.5580625040155185,0.0,7.312231151929608,0.39285714285714285,0.2261904761904762,0.00033222,1.0,trend,1.618302043806314,0.0
16_time_of_day_session_effect,1114,2021-10-23 12:00:00+00:00,2021-10-24 00:00:00+00:00,7.179937320087317,0.3968253968253968,0.23015873015873015,0.00014854,1.0,trend,1.5852207025240443,0.0,6.992699671144215,0.4007936507936508,0.25,0.0001739,1.0,trend,1.4955758174862317,0.0
16_time_of_day_session_effect,1115,2021-10-24 12:00:00+00:00,2021-10-25 00:00:00+00:00,6.830598974412371,0.40476190476190477,0.25396825396825395,0.00037238,1.0,trend,1.4679844293348743,0.0,6.858838234584768,0.27380952380952384,0.38492063492063494,0.00032862,1.0,trend,1.6554274061544494,0.0
16_time_of_day_session_effect,1116,2021-10-25 12:00:00+00:00,2021-10-26 00:00:00+00:00,6.824247898283431,0.2777777777777778,0.3888888888888889,0.00020028,1.0,trend,1.6207874423821906,0.0,6.572051453205559,0.14682539682539683,0.6150793650793651,0.00017861,1.0,trend,1.317836824872416,0.0
16_time_of_day_session_effect,1117,2021-10-26 12:00:00+00:00,2021-10-27 00:00:00+00:00,6.35926080241233,0.15079365079365079,0.6190476190476191,0.00060638,1.0,trend,1.2951619580228222,0.0,6.111542826902236,0.1626984126984127,0.9325396825396826,0.00055995,1.0,trend,1.0143782435960544,0.0
16_time_of_day_session_effect,1118,2021-10-27 12:00:00+00:00,2021-10-28 00:00:00+00:00,5.800666252625481,0.16666666666666666,0.9365079365079365,0.00030309,1.0,trend,0.9988713603447229,0.0,4.988201080773331,0.20238095238095238,0.9444444444444444,0.00023017,1.0,trend,1.235577246759857,0.0
16_time_of_day_session_effect,1119,2021-10-28 12:00:00+00:00,2021-10-29 00:00:00+00:00,4.860183873702513,0.20634920634920634,0.9444444444444444,0.0001,1.0,trend,1.2148576622622425,0.0,5.324045852863175,0.21825396825396826,0.6785714285714286,0.0002352,1.0,trend,1.4613087018744195,0.0
16_time_of_day_session_effect,1120,2021-10-29 12:00:00+00:00,2021-10-30 00:00:00+00:00,5.28204201733641,0.2222222222222222,0.6825396825396826,0.00024122,1.0,trend,1.4336709518600916,0.0,5.326167587436568,0.2261904761904762,0.44047619047619047,0.00016972,1.0,trend,1.3675340894919958,0.0
16_time_of_day_session_effect,1121,2021-10-30 12:00:00+00:00,2021-10-31 00:00:00+00:00,5.249419403112035,0.23015873015873015,0.4444444444444444,0.00038483,1.0,trend,1.3427488429779175,0.0,5.203133176753391,0.14682539682539683,0.45634920634920634,0.00023181,1.0,trend,1.2528212324942263,0.0
16_time_of_day_session_effect,1122,2021-10-31 12:00:00+00:00,2021-11-01 00:00:00+00:00,5.0847159991213005,0.15079365079365079,0.4603174603174603,0.00048915,1.0,trend,1.2314458023182657,0.0,5.00764652685878,0.13095238095238096,0.6587301587301587,0.00043874,1.0,trend,1.126420518782647,0.0
16_time_of_day_session_effect,1123,2021-11-01 12:00:00+00:00,2021-11-02 00:00:00+00:00,4.871443254373968,0.1349206349206349,0.6587301587301587,0.00031437,1.0,trend,1.1083606123907266,0.0,4.71321682748054,0.15476190476190477,0.7103174603174603,0.00015524,1.0,trend,1.3668167349657105,0.0
16_time_of_day_session_effect,1124,2021-11-02 12:00:00+00:00,2021-11-03 00:00:00+00:00,4.718940798653612,0.15873015873015872,0.7142857142857143,0.00033216,1.0,trend,1.3423903404249964,0.0,5.04065697250198,0.17063492063492064,0.6507936507936508,0.00047797,1.0,trend,1.3880359399806428,0.0
16_time_of_day_session_effect,1125,2021-11-03 12:00:00+00:00,2021-11-04 00:00:00+00:00,5.008453299649982,0.1746031746031746,0.6507936507936508,0.00043965,1.0,trend,1.3628748655947305,0.0,5.535055707810161,0.03571428571428571,0.4722222222222222,0.00031399,1.0,trend,1.0599272030074498,0.0
16_time_of_day_session_effect,1126,2021-11-04 12:00:00+00:00,2021-11-05 00:00:00+00:00,5.373581184350269,0.03968253968253968,0.47619047619047616,0.0005075,1.0,trend,1.0442232847252149,0.0,5.574516410999961,0.03571428571428571,0.3531746031746032,0.00018372,1.0,trend,0.9049327835583855,0.0
16_time_of_day_session_effect,1127,2021-11-05 12:00:00+00:00,2021-11-06 00:00:00+00:00,5.38700994411825,0.03968253968253968,0.35714285714285715,0.00018568,1.0,trend,0.8929401519015219,0.0,5.3020767073555435,0.03571428571428571,0.30952380952380953,0.00041167,1.0,trend,0.922730683276023,0.0
16_time_of_day_session_effect,1128,2021-11-06 12:00:00+00:00,2021-11-07 00:00:00+00:00,5.159205758534604,0.03968253968253968,0.30952380952380953,0.00045326,1.0,trend,0.9075094751972623,0.0,4.661675901931118,0.08333333333333333,0.12301587301587301,0.00037687,1.0,chop_low_vol,1.0879912446403084,0.0
16_time_of_day_session_effect,1129,2021-11-07 12:00:00+00:00,2021-11-08 00:00:00+00:00,4.665510814339553,0.0873015873015873,0.12698412698412698,0.00036277,1.0,chop_low_vol,1.0699320048427527,0.0,4.218181770126785,0.1626984126984127,0.8809523809523809,0.00037438,1.0,chop_low_vol,1.4473754545776574,0.0
16_time_of_day_session_effect,1130,2021-11-08 12:00:00+00:00,2021-11-09 00:00:00+00:00,4.455051219654766,0.16666666666666666,0.8809523809523809,0.00049328,1.0,chop_low_vol,1.4208240614372738,0.0,5.189273167031631,0.15476190476190477,0.8888888888888888,0.00038683,1.0,trend,1.3270537261647952,0.0
16_time_of_day_session_effect,1131,2021-11-09 12:00:00+00:00,2021-11-10 00:00:00+00:00,5.341578000383334,0.15873015873015872,0.8888888888888888,0.00039251,1.0,trend,1.3047914293248608,0.0,5.511655812998231,0.0992063492063492,0.9603174603174603,0.00037679,1.0,trend,1.0192303432845047,0.0
16_time_of_day_session_effect,1132,2021-11-10 12:00:00+00:00,2021-11-11 00:00:00+00:00,5.478685472522621,0.10317460317460317,0.9603174603174603,0.00068212,1.0,trend,1.0026947588564006,0.0,6.194014248017286,0.05952380952380952,0.6349206349206349,0.00057535,1.0,trend,0.9247799614801527,0.0
16_time_of_day_session_effect,1133,2021-11-11 12:00:00+00:00,2021-11-12 00:00:00+00:00,6.134537363814217,0.06349206349206349,0.6349206349206349,0.0001,1.0,trend,0.9094182093285782,0.0,6.427728343943317,0.06746031746031746,0.6349206349206349,0.00018008,1.0,trend,0.7936134339193005,0.0
16_time_of_day_session_effect,1134,2021-11-12 12:00:00+00:00,2021-11-13 00:00:00+00:00,6.282783625255355,0.07142857142857142,0.6349206349206349,0.00035543,1.0,trend,0.7798134655324183,0.0,6.153042330117752,0.06746031746031746,0.29365079365079366,0.00015442,1.0,trend,0.7996650030144468,0.0
16_time_of_day_session_effect,1135,2021-11-13 12:00:00+00:00,2021-11-14 00:00:00+00:00,6.037878535937781,0.07142857142857142,0.29365079365079366,0.00031732,1.0,trend,0.7857820054654433,0.0,5.774949957575567,0.03571428571428571,0.11904761904761904,0.00021842,1.0,trend,0.8781587720219355,0.0
16_time_of_day_session_effect,1136,2021-11-14 12:00:00+00:00,2021-11-15 00:00:00+00:00,5.7429042967747135,0.03968253968253968,0.11904761904761904,0.0001,1.0,trend,0.8634682103251278,0.0,5.194972503043471,0.03571428571428571,0.30158730158730157,0.00013059,1.0,trend,0.6511680928085689,0.0
16_time_of_day_session_effect,1137,2021-11-15 12:00:00+00:00,2021-11-16 00:00:00+00:00,5.004128869972895,0.03968253968253968,0.30158730158730157,0.00020745,1.0,chop_low_vol,0.6392772982778628,0.0,4.509842524713518,0.09126984126984126,0.9444444444444444,0.00035998,1.0,chop_low_vol,0.29116396099933006,0.0
16_time_of_day_session_effect,1138,2021-11-16 12:00:00+00:00,2021-11-17 00:00:00+00:00,4.082041139626658,0.09523809523809523,0.9444444444444444,0.0001,1.0,chop_low_vol,0.2814980099884116,0.0,3.7029044824813675,0.04365079365079365,0.7857142857142857,0.0001,1.0,chop_low_vol,0.236016108692997,0.0
16_time_of_day_session_effect,1139,2021-11-17 12:00:00+00:00,2021-11-18 00:00:00+00:00,3.3602914688955905,0.047619047619047616,0.7857142857142857,0.00013155,1.0,chop_low_vol,0.22742636326573681,0.0,2.62788514927595,0.17063492063492064,0.8571428571428571,0.0001,1.0,chop_low_vol,-0.16342868728478246,0.0
16_time_of_day_session_effect,1140,2021-11-18 12:00:00+00:00,2021-11-19 00:00:00+00:00,2.108581614444577,0.1746031746031746,0.8571428571428571,0.0001,1.0,chop_low_vol,-0.1716382891729075,0.0,1.6213631983310681,0.20238095238095238,0.7380952380952381,0.0001,1.0,chop_low_vol,-0.0019820956843975787,0.0
16_time_of_day_session_effect,1141,2021-11-19 12:00:00+00:00,2021-11-20 00:00:00+00:00,1.3041385707162487,0.20634920634920634,0.7380952380952381,0.0001,1.0,chop_low_vol,-0.01775862495917852,0.0,1.042291078125653,0.21428571428571427,0.29365079365079366,0.0001,1.0,chop_low_vol,0.16313089353299517,0.0
16_time_of_day_session_effect,1142,2021-11-20 12:00:00+00:00,2021-11-21 00:00:00+00:00,0.9017522043613557,0.21428571428571427,0.29365079365079366,0.0001,1.0,chop_low_vol,0.14521089461798495,0.0,0.7463003832648947,0.2222222222222222,0.1111111111111111,0.0001,1.0,chop_low_vol,0.0016972916946977907,0.0
16_time_of_day_session_effect,1143,2021-11-21 12:00:00+00:00,2021-11-22 00:00:00+00:00,0.5612855476211193,0.2222222222222222,0.1111111111111111,0.0001,1.0,chop_low_vol,-0.015531228796507143,0.0,0.24463665604831974,0.2222222222222222,0.5555555555555556,0.0001,1.0,chop_low_vol,-0.17333787973719314,0.0
16_time_of_day_session_effect,1144,2021-11-22 12:00:00+00:00,2021-11-23 00:00:00+00:00,0.10259082129753973,0.2222222222222222,0.5555555555555556,0.0001,1.0,chop_low_vol,-0.1889005074120689,0.0,0.28896939514285264,0.23015873015873015,0.6666666666666666,0.0001,1.0,chop_low_vol,0.08278659949983581,0.0
16_time_of_day_session_effect,1145,2021-11-23 12:00:00+00:00,2021-11-24 00:00:00+00:00,0.4608918029685169,0.23015873015873015,0.6666666666666666,0.00012897,1.0,chop_low_vol,0.06478116899755683,0.0,0.7446714171866997,0.2222222222222222,0.626984126984127,0.0001,1.0,chop_low_vol,-0.1550570088890759,0.0
16_time_of_day_session_effect,1146,2021-11-24 12:00:00+00:00,2021-11-25 00:00:00+00:00,0.9783170377764252,0.2222222222222222,0.626984126984127,0.0001,1.0,chop_low_vol,-0.1783243140351197,0.0,1.032782933231724,0.23015873015873015,0.46825396825396826,0.00014549,1.0,chop_low_vol,-0.0407588646088212,0.0
16_time_of_day_session_effect,1147,2021-11-25 12:00:00+00:00,2021-11-26 00:00:00+00:00,1.1369173006905928,0.23015873015873015,0.46825396825396826,0.00016775,1.0,chop_low_vol,-0.06266672912247792,0.0,1.395819300553214,0.3968253968253968,0.8650793650793651,0.00013863,1.0,chop,-0.7459838505900251,0.0
16_time_of_day_session_effect,1148,2021-11-26 12:00:00+00:00,2021-11-27 00:00:00+00:00,1.6980865949766935,0.3968253968253968,0.8650793650793651,0.00033741,1.0,chop,-0.7901566285026315,0.0,1.7544425110500244,0.36507936507936506,0.2222222222222222,0.0001,1.0,chop,-0.6049477283907334,0.0
16_time_of_day_session_effect,1149,2023-02-07 12:00:00+00:00,2023-02-08 00:00:00+00:00,9.307583864054678,0.6984126984126984,0.6031746031746031,0.0001,1.0,trend,1.5496592790845223,0.0,9.495383799385547,0.6984126984126984,0.5119047619047619,0.0001,1.0,trend,1.3815904562754422,0.0
16_time_of_day_session_effect,1150,2023-02-08 12:00:00+00:00,2023-02-09 00:00:00+00:00,9.208472777249375,0.6984126984126984,0.5158730158730159,0.0001,1.0,trend,1.3563959074083467,0.0,7.309791558967051,0.5833333333333334,0.7896825396825397,0.0001,1.0,trend,0.9784936630410656,0.0
16_time_of_day_session_effect,1151,2023-02-09 12:00:00+00:00,2023-02-10 00:00:00+00:00,6.800502069064518,0.5873015873015873,0.7936507936507936,0.0001,1.0,trend,0.9626841492423983,0.0,6.184699598915095,0.5912698412698413,0.5992063492063492,0.0001,1.0,trend,0.9001251721157564,0.0
16_time_of_day_session_effect,1152,2023-02-10 12:00:00+00:00,2023-02-11 00:00:00+00:00,5.715056472900696,0.5952380952380952,0.6031746031746031,0.0001,1.0,trend,0.885996435811526,0.0,5.121068344336307,0.5992063492063492,0.21825396825396826,0.0001,1.0,trend,0.953310989277576,0.0
16_time_of_day_session_effect,1153,2023-02-11 12:00:00+00:00,2023-02-12 00:00:00+00:00,4.790828385608826,0.6031746031746031,0.2222222222222222,5.572e-05,1.0,trend,0.9386234145928763,0.0,5.046140394550402,0.5992063492063492,0.2619047619047619,5.241e-05,1.0,trend,0.8942144850975986,0.0
16_time_of_day_session_effect,1154,2023-02-12 12:00:00+00:00,2023-02-13 00:00:00+00:00,4.703314728056472,0.6031746031746031,0.2619047619047619,0.0001,1.0,trend,0.880675050318008,0.0,5.288714492202988,0.5793650793650794,0.4722222222222222,2.27e-05,1.0,trend,0.9207587851115707,0.0
16_time_of_day_session_effect,1155,2023-02-13 12:00:00+00:00,2023-02-14 00:00:00+00:00,4.941932281542646,0.5793650793650794,0.47619047619047616,6.323e-05,1.0,trend,0.9063746997537724,0.0,4.53980261917004,0.5714285714285714,0.5992063492063492,0.0001,1.0,chop,1.0304495837181376,0.0
16_time_of_day_session_effect,1156,2023-02-14 12:00:00+00:00,2023-02-15 00:00:00+00:00,4.383251270286788,0.5714285714285714,0.6031746031746031,0.0001,1.0,chop,1.0134140153062376,0.0,3.337622161794317,0.8095238095238095,0.7857142857142857,8.887e-05,1.0,chop_high_vol,1.7794664847891846,0.0
16_time_of_day_session_effect,1157,2023-02-15 12:00:00+00:00,2023-02-16 00:00:00+00:00,3.6726104751746624,0.8095238095238095,0.7857142857142857,2.63e-05,1.0,chop_high_vol,1.74077692982696,0.0,3.669979023889403,0.8095238095238095,0.8690476190476191,9.071e-05,1.0,chop_high_vol,1.4547496064174699,0.0
16_time_of_day_session_effect,1158,2023-02-16 12:00:00+00:00,2023-02-17 00:00:00+00:00,3.7768357494151044,0.8095238095238095,0.873015873015873,0.0001,1.0,chop_high_vol,1.427958625684175,0.0,3.4388276104019404,0.8412698412698413,0.8888888888888888,0.00023171,1.0,chop_high_vol,1.7043118991776989,0.0
16_time_of_day_session_effect,1159,2023-02-17 12:00:00+00:00,2023-02-18 00:00:00+00:00,3.656176754474417,0.8412698412698413,0.8888888888888888,0.0001,1.0,chop_high_vol,1.6702146412253887,0.0,3.8685350648307057,0.8333333333333334,0.3412698412698413,0.0001,1.0,chop_high_vol,1.6595956735242254,0.0
16_time_of_day_session_effect,1160,2023-02-18 12:00:00+00:00,2023-02-19 00:00:00+00:00,4.04021513683565,0.8333333333333334,0.3412698412698413,0.0001,1.0,chop_high_vol,1.6266633000980406,0.0,4.2242304449995824,0.7777777777777778,0.5317460317460317,0.0001,1.0,chop_high_vol,1.5010296308786788,0.0
16_time_of_day_session_effect,1161,2023-02-19 12:00:00+00:00,2023-02-20 00:00:00+00:00,4.293263786929035,0.7777777777777778,0.5317460317460317,0.0001,1.0,chop_high_vol,1.4738444948776008,0.0,4.190877885941691,0.7857142857142857,0.6825396825396826,0.0001,1.0,chop_high_vol,1.596014321989535,0.0
16_time_of_day_session_effect,1162,2023-02-20 12:00:00+00:00,2023-02-21 00:00:00+00:00,4.307847012711599,0.7857142857142857,0.6825396825396826,0.0001,1.0,chop_high_vol,1.5651993000238833,0.0,4.488456335299621,0.7619047619047619,0.746031746031746,0.0001,1.0,chop_high_vol,1.4495330300948335,0.0
16_time_of_day_session_effect,1163,2023-02-21 12:00:00+00:00,2023-02-22 00:00:00+00:00,4.500392144420733,0.7619047619047619,0.746031746031746,0.0001,1.0,chop_high_vol,1.4237962516654454,0.0,4.5548141913369875,0.753968253968254,0.7142857142857143,0.0001,1.0,chop_high_vol,1.3290082734265665,0.0
16_time_of_day_session_effect,1164,2023-02-22 12:00:00+00:00,2023-02-23 00:00:00+00:00,4.502716030373871,0.753968253968254,0.7142857142857143,0.0001,1.0,chop_high_vol,1.3064690781538693,0.0,5.070110971614285,0.7698412698412699,0.7222222222222222,0.0001,1.0,trend_high_vol,1.2674972297214486,0.0
16_time_of_day_session_effect,1165,2023-02-23 12:00:00+00:00,2023-02-24 00:00:00+00:00,4.952584915557773,0.7698412698412699,0.7222222222222222,3.506e-05,1.0,trend_high_vol,1.2465608645190314,0.0,4.440288559056763,0.8095238095238095,0.5833333333333334,3.631e-05,1.0,chop_high_vol,1.0316352935034931,0.0
16_time_of_day_session_effect,1166,2023-02-24 12:00:00+00:00,2023-02-25 00:00:00+00:00,4.189629545311896,0.8095238095238095,0.5873015873015873,4.949e-05,1.0,chop_high_vol,1.0149538113900762,0.0,4.080140167261284,0.7777777777777778,0.1865079365079365,5.44e-05,1.0,chop_high_vol,0.9919142583587501,0.0
16_time_of_day_session_effect,1167,2023-02-25 12:00:00+00:00,2023-02-26 00:00:00+00:00,3.851020197908869,0.7777777777777778,0.19047619047619047,6.1e-06,1.0,chop_high_vol,0.9764670619998662,0.0,3.5056548924497886,0.7857142857142857,0.2261904761904762,-4.8e-07,1.0,chop_high_vol,1.0841702391606474,0.0
16_time_of_day_session_effect,1168,2023-02-26 12:00:00+00:00,2023-02-27 00:00:00+00:00,3.3892901375124858,0.7857142857142857,0.23015873015873015,2.76e-05,1.0,chop_high_vol,1.0681775155087474,0.0,3.267461575870501,0.7619047619047619,0.4166666666666667,6.581e-05,1.0,chop_high_vol,1.0063645673144812,0.0
16_time_of_day_session_effect,1169,2023-02-27 12:00:00+00:00,2023-02-28 00:00:00+00:00,3.1534854837410817,0.7619047619047619,0.42063492063492064,1.196e-05,1.0,chop_high_vol,0.9916350265293952,0.0,3.044997797551904,0.7619047619047619,0.38492063492063494,6.826e-05,1.0,chop_high_vol,0.8040065130688696,0.0
16_time_of_day_session_effect,1170,2023-02-28 12:00:00+00:00,2023-03-01 00:00:00+00:00,2.867254070351271,0.7619047619047619,0.3888888888888889,1.985e-05,1.0,chop_high_vol,0.7909544509121633,0.0,3.618645022990407,0.6507936507936508,0.4880952380952381,5.95e-05,1.0,chop,0.9078247403077268,0.0
16_time_of_day_session_effect,1171,2023-03-01 12:00:00+00:00,2023-03-02 00:00:00+00:00,3.541818704534384,0.6507936507936508,0.49206349206349204,0.0001,1.0,chop,0.8949192051191696,0.0,3.7906736845676567,0.6428571428571429,0.36904761904761907,0.0001,1.0,chop,0.8422320765469202,0.0
16_time_of_day_session_effect,1172,2023-03-02 12:00:00+00:00,2023-03-03 00:00:00+00:00,3.6601804324632337,0.6428571428571429,0.373015873015873,8.703e-05,1.0,chop,0.8297963330643482,0.0,3.2407400575756182,0.7619047619047619,0.5515873015873016,0.0001,1.0,chop_high_vol,0.35238295249710083,0.0
16_time_of_day_session_effect,1173,2023-03-03 12:00:00+00:00,2023-03-04 00:00:00+00:00,2.8155865494033585,0.7619047619047619,0.5555555555555556,-4.203e-05,1.0,chop_high_vol,0.3384835237238168,0.0,2.457580034342525,0.753968253968254,0.04365079365079365,-2.26e-06,1.0,chop_high_vol,0.3205075759212482,0.0
16_time_of_day_session_effect,1174,2023-03-04 12:00:00+00:00,2023-03-05 00:00:00+00:00,2.099195786310853,0.753968253968254,0.047619047619047616,3.812e-05,1.0,chop_high_vol,0.3057733394686853,0.0,1.8726222579370586,0.753968253968254,0.09126984126984126,1.874e-05,1.0,chop_high_vol,0.32360804577465224,0.0
16_time_of_day_session_effect,1175,2023-03-05 12:00:00+00:00,2023-03-06 00:00:00+00:00,1.5893496885646559,0.753968253968254,0.09523809523809523,5.44e-06,1.0,chop_high_vol,0.3086669770395459,0.0,1.4789407721542183,0.7222222222222222,0.27380952380952384,3.706e-05,1.0,chop_high_vol,0.2901254327378553,0.0
16_time_of_day_session_effect,1176,2023-03-06 12:00:00+00:00,2023-03-07 00:00:00+00:00,1.2182852004854272,0.7222222222222222,0.2777777777777778,5.46e-05,1.0,chop_high_vol,0.274541646958223,0.0,0.9490938844394701,0.42063492063492064,0.4722222222222222,5.414e-05,1.0,chop,0.34839350158626264,0.0
16_time_of_day_session_effect,1177,2023-03-07 12:00:00+00:00,2023-03-08 00:00:00+00:00,0.6555857487365084,0.42063492063492064,0.47619047619047616,4.375e-05,1.0,chop,0.3333528050126315,0.0,0.19414101701159786,0.3968253968253968,0.45634920634920634,2.917e-05,1.0,chop,0.08593344610380517,0.0
16_time_of_day_session_effect,1178,2023-03-08 12:00:00+00:00,2023-03-09 00:00:00+00:00,0.1931962013868491,0.3968253968253968,0.4603174603174603,3.816e-05,1.0,chop,0.06388727232348423,0.0,0.856365836306305,0.48412698412698413,0.7976190476190477,0.0001,1.0,chop,-0.7832584396983402,0.0
16_time_of_day_session_effect,1179,2023-03-09 12:00:00+00:00,2023-03-10 00:00:00+00:00,1.4764192306092934,0.48412698412698413,0.8015873015873016,0.0001,1.0,chop,-0.8309795324491358,0.0,2.316208981988814,0.46825396825396826,0.9404761904761905,-8.895e-05,1.0,chop,-1.1986506118878157,0.0
16_time_of_day_session_effect,1180,2023-03-19 12:00:00+00:00,2023-03-20 00:00:00+00:00,2.7109306891244023,0.8809523809523809,0.9285714285714286,0.0001,1.0,chop_high_vol,2.423263128393511,0.0,2.907639639592654,0.876984126984127,0.9722222222222222,0.0001,1.0,chop_high_vol,2.1354264327056907,0.0
16_time_of_day_session_effect,1181,2023-03-20 12:00:00+00:00,2023-03-21 00:00:00+00:00,3.0982010267401585,0.8809523809523809,0.9761904761904762,9.081e-05,1.0,chop_high_vol,2.1000906772191956,0.0,3.222568383445886,0.876984126984127,0.9087301587301587,0.0001,1.0,chop_high_vol,2.614015432327215,0.0
16_time_of_day_session_effect,1182,2023-03-21 12:00:00+00:00,2023-03-22 00:00:00+00:00,3.3949729385702776,0.8809523809523809,0.9126984126984127,1.254e-05,1.0,chop_high_vol,2.5230336472755583,0.0,3.5094472082505166,0.9007936507936508,0.876984126984127,2.68e-06,1.0,chop_high_vol,1.889800021850193,0.0
16_time_of_day_session_effect,1183,2023-03-22 12:00:00+00:00,2023-03-23 00:00:00+00:00,3.5562504903782988,0.9047619047619048,0.8809523809523809,6e-08,1.0,chop_high_vol,1.8456086333274233,0.0,3.735321287037816,0.876984126984127,0.5357142857142857,5.334e-05,1.0,trend_high_vol,2.001924912548777,0.0
16_time_of_day_session_effect,1184,2023-03-23 12:00:00+00:00,2023-03-24 00:00:00+00:00,3.852333389460614,0.8809523809523809,0.5396825396825397,-1.09e-05,1.0,trend_high_vol,1.9525174963954344,0.0,3.821435218807569,0.9087301587301587,0.5992063492063492,0.0001,1.0,trend_high_vol,1.5437155639778704,0.0
16_time_of_day_session_effect,1185,2023-03-24 12:00:00+00:00,2023-03-25 00:00:00+00:00,3.8218170413711827,0.9126984126984127,0.6031746031746031,0.0001,1.0,trend_high_vol,1.5134818860903845,0.0,3.9798615328740805,0.9166666666666666,0.0992063492063492,0.0001,1.0,trend_high_vol,1.4860577028360322,0.0
16_time_of_day_session_effect,1186,2023-03-25 12:00:00+00:00,2023-03-26 00:00:00+00:00,3.963771084426761,0.9206349206349206,0.10317460317460317,4.25e-06,1.0,trend_high_vol,1.4587938667041975,0.0,4.412146683691534,0.9246031746031746,0.11507936507936507,6.1e-07,1.0,trend_high_vol,1.695770859693886,0.0
16_time_of_day_session_effect,1187,2023-03-26 12:00:00+00:00,2023-03-27 00:00:00+00:00,4.432043888737912,0.9285714285714286,0.11904761904761904,-3.326e-05,1.0,trend_high_vol,1.660086053774358,0.0,5.183557692959508,0.9404761904761905,0.3055555555555556,3.634e-05,1.0,trend_high_vol,1.3959315801945884,0.0
16_time_of_day_session_effect,1188,2023-03-27 12:00:00+00:00,2023-03-28 00:00:00+00:00,5.073834349539071,0.9444444444444444,0.30952380952380953,2.409e-05,1.0,trend_high_vol,1.370444120168279,0.0,5.199679778768103,0.9325396825396826,0.2896825396825397,-3.96e-06,1.0,trend_high_vol,1.2666980654673548,0.0
16_time_of_day_session_effect,1189,2023-03-28 12:00:00+00:00,2023-03-29 00:00:00+00:00,5.102979093782065,0.9365079365079365,0.29365079365079366,1.123e-05,1.0,trend_high_vol,1.24465955614221,0.0,4.655815786341808,0.8611111111111112,0.44841269841269843,7.531e-05,1.0,trend_high_vol,1.8202721544865998,0.0
16_time_of_day_session_effect,1190,2023-03-29 12:00:00+00:00,2023-03-30 00:00:00+00:00,4.694090343003638,0.8650793650793651,0.4523809523809524,7.098e-05,1.0,trend_high_vol,1.7795563731932387,0.0,4.9376269690873675,0.8690476190476191,0.4801587301587302,6.987e-05,1.0,trend_high_vol,1.485788038499749,0.0
16_time_of_day_session_effect,1191,2023-03-30 12:00:00+00:00,2023-03-31 00:00:00+00:00,4.910258298726749,0.873015873015873,0.48412698412698413,5.638e-05,1.0,trend_high_vol,1.4575218837123785,0.0,6.139971167026913,0.8611111111111112,0.3492063492063492,1.123e-05,1.0,trend_high_vol,1.7241145005670364,0.0
16_time_of_day_session_effect,1192,2023-03-31 12:00:00+00:00,2023-04-01 00:00:00+00:00,6.156139755672381,0.8650793650793651,0.3492063492063492,6.358e-05,1.0,trend_high_vol,1.688186927237049,0.0,6.470189400869563,0.8611111111111112,0.03571428571428571,0.0001,1.0,trend_high_vol,1.621212023961733,0.0
16_time_of_day_session_effect,1193,2023-04-01 12:00:00+00:00,2023-04-02 00:00:00+00:00,6.445936383032554,0.8650793650793651,0.03968253968253968,0.0001,1.0,trend_high_vol,1.5886206371175624,0.0,7.24179702101725,0.8214285714285714,0.09126984126984126,8.84e-05,1.0,trend_high_vol,1.4574109850785877,0.0
16_time_of_day_session_effect,1194,2023-04-02 12:00:00+00:00,2023-04-03 00:00:00+00:00,7.15027568418362,0.8253968253968254,0.09523809523809523,6.893e-05,1.0,trend_high_vol,1.429906992321258,0.0,6.937939590443042,0.8214285714285714,0.376984126984127,1.759e-05,1.0,trend_high_vol,1.111216417056261,0.0
16_time_of_day_session_effect,1195,2023-04-03 12:00:00+00:00,2023-04-04 00:00:00+00:00,6.760377715331179,0.8253968253968254,0.38095238095238093,-1.24e-05,1.0,trend_high_vol,1.0928334213763027,0.0,6.603831256653373,0.8174603174603174,0.19444444444444445,5.688e-05,1.0,trend_high_vol,1.0021338307191516,0.0
16_time_of_day_session_effect,1196,2023-04-04 12:00:00+00:00,2023-04-05 00:00:00+00:00,6.504389526973075,0.8174603174603174,0.1984126984126984,-1.357e-05,1.0,trend_high_vol,0.9872478815121678,0.0,7.265389997903395,0.8095238095238095,0.2976190476190476,2.76e-05,1.0,trend_high_vol,0.9852903972238046,0.0
16_time_of_day_session_effect,1197,2023-04-05 12:00:00+00:00,2023-04-06 00:00:00+00:00,7.146703305071326,0.8095238095238095,0.30158730158730157,8.517e-05,1.0,trend_high_vol,0.9703034637911331,0.0,8.224457172819635,0.4603174603174603,0.13095238095238096,1.442e-05,1.0,trend,0.9508702968508352,0.0
16_time_of_day_session_effect,1198,2023-04-06 12:00:00+00:00,2023-04-07 00:00:00+00:00,8.045570123305891,0.4603174603174603,0.1349206349206349,3.598e-05,1.0,trend,0.9356268798643244,0.0,9.065914133551539,0.4126984126984127,0.03571428571428571,-2.975e-05,1.0,trend,0.8652797301056984,0.0
16_time_of_day_session_effect,1199,2023-04-07 12:00:00+00:00,2023-04-08 00:00:00+00:00,8.828708249477398,0.4126984126984127,0.03968253968253968,-1.473e-05,1.0,trend,0.8509914311593942,0.0,8.559728524726811,0.3333333333333333,0.01984126984126984,2.68e-06,1.0,trend,0.8478623431830064,0.0
16_time_of_day_session_effect,1200,2023-04-08 12:00:00+00:00,2023-04-09 00:00:00+00:00,8.340954447757188,0.3333333333333333,0.023809523809523808,4.66e-06,1.0,trend,0.8345232304179002,0.0,8.353658990054663,0.3333333333333333,0.10714285714285714,3.192e-05,1.0,trend,0.9982409665306702,0.0
16_time_of_day_session_effect,1201,2023-04-09 12:00:00+00:00,2023-04-10 00:00:00+00:00,8.25086731849182,0.3333333333333333,0.1111111111111111,-9.04e-06,1.0,trend,0.9818034215148577,0.0,7.447964057897516,0.4603174603174603,0.39285714285714285,0.0001,1.0,trend,1.698549102045117,0.0
16_time_of_day_session_effect,1202,2023-04-10 12:00:00+00:00,2023-04-11 00:00:00+00:00,7.672367241444199,0.4603174603174603,0.3968253968253968,0.0001,1.0,trend,1.667883802011599,0.0,7.260735296937476,0.3888888888888889,0.4523809523809524,6.167e-05,1.0,trend,1.7857193136611464,0.0
16_time_of_day_session_effect,1203,2023-04-11 12:00:00+00:00,2023-04-12 00:00:00+00:00,7.5242751270127535,0.3888888888888889,0.4523809523809524,0.0001,1.0,trend,1.753754697660517,0.0,9.528274180400105,0.30158730158730157,0.38492063492063494,0.0001,1.0,trend,1.6432450884088028,0.0
16_time_of_day_session_effect,1204,2023-04-12 12:00:00+00:00,2023-04-13 00:00:00+00:00,9.723080447834855,0.30158730158730157,0.3888888888888889,8.195e-05,1.0,trend,1.6149110840501748,0.0,10.028495637820152,0.24206349206349206,0.3373015873015873,1.747e-05,1.0,trend,1.5074928535974863,0.0
16_time_of_day_session_effect,1205,2023-04-13 12:00:00+00:00,2023-04-14 00:00:00+00:00,10.216808884468488,0.24603174603174602,0.3412698412698413,4.427e-05,1.0,trend,1.484260530783885,0.0,11.305835878292543,0.24206349206349206,0.5238095238095238,0.0001,1.0,trend,1.7409156825294807,0.0
16_time_of_day_session_effect,1206,2023-04-14 12:00:00+00:00,2023-04-15 00:00:00+00:00,11.44956741527598,0.24603174603174602,0.5238095238095238,0.0001,1.0,trend,1.7102913179305,0.0,11.312793789398311,0.23015873015873015,0.0992063492063492,3.42e-05,1.0,trend,1.6092037154304555,0.0
16_time_of_day_session_effect,1207,2023-04-15 12:00:00+00:00,2023-04-16 00:00:00+00:00,11.32929276591543,0.23015873015873015,0.10317460317460317,8.455e-05,1.0,trend,1.5805936258343127,0.0,11.920162034081375,0.11904761904761904,0.13095238095238096,0.0001,1.0,trend,1.5490724412141172,0.0
16_time_of_day_session_effect,1208,2023-04-16 12:00:00+00:00,2023-04-17 00:00:00+00:00,11.883561414262946,0.11904761904761904,0.1349206349206349,0.0001,1.0,trend,1.5199483087592536,0.0,10.75648204247898,0.21428571428571427,0.3611111111111111,0.0001,1.0,trend,1.182068109524972,0.0
16_time_of_day_session_effect,1209,2023-04-17 12:00:00+00:00,2023-04-18 00:00:00+00:00,10.42859734351515,0.21428571428571427,0.36507936507936506,7.376e-05,1.0,trend,1.1623124577972752,0.0,8.993119187012528,0.15873015873015872,0.43253968253968256,0.0001,1.0,trend,1.4523532441211018,0.0
16_time_of_day_session_effect,1210,2023-04-18 12:00:00+00:00,2023-04-19 00:00:00+00:00,8.970222886939236,0.15873015873015872,0.4365079365079365,-5.1e-06,1.0,trend,1.4269043162557817,0.0,6.882307940013822,0.38095238095238093,0.5992063492063492,6.772e-05,1.0,trend,0.8366309501086517,0.0
16_time_of_day_session_effect,1211,2023-04-19 12:00:00+00:00,2023-04-20 00:00:00+00:00,6.514961702791167,0.38095238095238093,0.6031746031746031,6.231e-05,1.0,trend,0.8264874984403635,0.0,5.768141889945972,0.38095238095238093,0.5079365079365079,-8.1e-07,1.0,trend,0.49646612543582513,0.0
16_time_of_day_session_effect,1212,2023-04-20 12:00:00+00:00,2023-04-21 00:00:00+00:00,5.349404001581495,0.38095238095238093,0.5079365079365079,3.668e-05,1.0,trend,0.4897560768291933,0.0,4.367631329127771,0.46825396825396826,0.49603174603174605,5.898e-05,1.0,chop,0.23309616328729496,0.0
16_time_of_day_session_effect,1213,2023-04-21 12:00:00+00:00,2023-04-22 00:00:00+00:00,3.865613390676617,0.46825396825396826,0.5,0.0001,1.0,chop,0.23088947757885167,0.0,3.219931491280285,0.48412698412698413,0.1388888888888889,0.0001,1.0,chop,0.4649464710058886,0.0
16_time_of_day_session_effect,1214,2023-04-22 12:00:00+00:00,2023-04-23 00:00:00+00:00,2.927079512043755,0.48412698412698413,0.14285714285714285,6.858e-05,1.0,chop,0.45923546683670385,0.0,2.69138582448351,0.47619047619047616,0.12698412698412698,2.09e-05,1.0,chop,0.3541034399542344,0.0
16_time_of_day_session_effect,1215,2023-04-23 12:00:00+00:00,2023-04-24 00:00:00+00:00,2.400082832723039,0.47619047619047616,0.12698412698412698,1.376e-05,1.0,chop,0.3485559031311626,0.0,2.5226426570920863,0.4523809523809524,0.3412698412698413,4.679e-05,1.0,chop,0.2553635058607509,0.0
16_time_of_day_session_effect,1216,2023-04-24 12:00:00+00:00,2023-04-25 00:00:00+00:00,2.2208805237588005,0.4523809523809524,0.3412698412698413,3.694e-05,1.0,chop,0.2504123687783129,0.0,1.9899913968319707,0.48412698412698413,0.34523809523809523,2.63e-05,1.0,chop,0.5523671110926704,0.0
16_time_of_day_session_effect,1217,2023-04-25 12:00:00+00:00,2023-04-26 00:00:00+00:00,1.9029394188916067,0.48412698412698413,0.3492063492063492,6.606e-05,1.0,chop,0.54244382735324,0.0,1.8311035019220558,0.47619047619047616,0.8492063492063492,8.541e-05,1.0,chop,0.6320024021516025,0.0
16_time_of_day_session_effect,1218,2023-04-26 12:00:00+00:00,2023-04-27 00:00:00+00:00,1.7758218740897385,0.47619047619047616,0.8492063492063492,1.686e-05,1.0,chop,0.6210751786219539,0.0,1.6807500970574845,0.5317460317460317,0.7301587301587301,0.0001,1.0,chop,1.0229861902358282,0.0
16_time_of_day_session_effect,1219,2023-04-27 12:00:00+00:00,2023-04-28 00:00:00+00:00,1.8064051986852803,0.5317460317460317,0.7301587301587301,5.769e-05,1.0,chop,1.0068459478730922,0.0,1.88774186688876,0.5317460317460317,0.31746031746031744,3.265e-05,1.0,chop,0.9353575931933221,0.0
16_time_of_day_session_effect,1220,2023-04-28 12:00:00+00:00,2023-04-29 00:00:00+00:00,1.9588746512438717,0.5317460317460317,0.31746031746031744,0.0001,1.0,chop,0.9205068007205427,0.0,2.025108672458656,0.5158730158730159,0.03968253968253968,4.476e-05,1.0,chop,0.8678878135761495,0.0
16_time_of_day_session_effect,1221,2023-04-29 12:00:00+00:00,2023-04-30 00:00:00+00:00,2.0593540789185263,0.5158730158730159,0.03968253968253968,6.751e-05,1.0,chop,0.8533833018898785,0.0,2.0832748206643297,0.3888888888888889,0.20634920634920634,7.826e-05,1.0,chop,0.8477816263276728,0.0
16_time_of_day_session_effect,1222,2023-04-30 12:00:00+00:00,2023-05-01 00:00:00+00:00,2.1053451534507404,0.3888888888888889,0.20634920634920634,3.501e-05,1.0,chop,0.8339325680743387,0.0,1.9054956187652459,0.4603174603174603,0.3968253968253968,6.078e-05,1.0,chop,0.3683768635400045,0.0
16_time_of_day_session_effect,1223,2023-05-01 12:00:00+00:00,2023-05-02 00:00:00+00:00,1.7223253319359981,0.4603174603174603,0.3968253968253968,-6.37e-05,1.0,chop,0.359090182112572,0.0,1.6954416896899933,0.5,0.2619047619047619,5.66e-06,1.0,chop,0.4109264248458093,0.0
16_time_of_day_session_effect,1224,2023-05-02 12:00:00+00:00,2023-05-03 00:00:00+00:00,1.6369460827412534,0.5,0.2619047619047619,6.135e-05,1.0,chop,0.39828863781959184,0.0,1.902702535626358,0.5,0.40476190476190477,1.204e-05,1.0,chop,0.43795576860139396,0.0
16_time_of_day_session_effect,1225,2023-05-03 12:00:00+00:00,2023-05-04 00:00:00+00:00,1.9035118823213488,0.5,0.40476190476190477,5.435e-05,1.0,chop,0.42514732191502325,0.0,1.9997796192853254,0.5,0.21428571428571427,0.0001,1.0,chop,0.22173549751613517,1.0
16_time_of_day_session_effect,1226,2023-05-04 12:00:00+00:00,2023-05-05 00:00:00+00:00,1.9592273113347243,0.5,0.21428571428571427,9.992e-05,1.0,chop,0.2083415482079546,1.0,2.1308823045028658,0.5238095238095238,0.3412698412698413,4.314e-05,1.0,chop,0.696321506323666,0.0
16_time_of_day_session_effect,1227,2023-05-05 12:00:00+00:00,2023-05-06 00:00:00+00:00,2.234899226431456,0.5238095238095238,0.3412698412698413,9.909e-05,1.0,chop,0.6835495247769722,0.0,2.205062246195486,0.5317460317460317,0.23015873015873015,8.548e-05,1.0,chop,0.3845594931757407,0.0
16_time_of_day_session_effect,1228,2023-05-06 12:00:00+00:00,2023-05-07 00:00:00+00:00,2.144496707897925,0.5317460317460317,0.23015873015873015,0.0001,1.0,chop,0.3714955672281018,0.0,1.940356807539655,0.49206349206349204,0.06349206349206349,4.321e-05,1.0,chop,0.14253394990327267,0.0
16_time_of_day_session_effect,1229,2023-05-07 12:00:00+00:00,2023-05-08 00:00:00+00:00,1.7892553769580761,0.49206349206349204,0.06349206349206349,4.047e-05,1.0,chop,0.12612179357028006,0.0,1.3594857218523269,0.4603174603174603,0.3968253968253968,7.2e-06,1.0,chop,-0.35824602004414907,0.0
16_time_of_day_session_effect,1230,2023-06-25 12:00:00+00:00,2023-06-26 00:00:00+00:00,3.761629884023154,0.6507936507936508,0.20634920634920634,0.0001,1.0,trend,2.6288779310136863,0.0,3.88485076364011,0.5198412698412699,0.4722222222222222,0.0001,1.0,trend,2.3889661902883983,0.0
16_time_of_day_session_effect,1231,2023-06-26 12:00:00+00:00,2023-06-27 00:00:00+00:00,4.0310900646385015,0.5238095238095238,0.47619047619047616,0.0001,1.0,trend,2.337623062435138,0.0,3.9773476260359852,0.4246031746031746,0.4642857142857143,0.0001,1.0,trend,2.619555860197164,0.0
16_time_of_day_session_effect,1232,2023-06-27 12:00:00+00:00,2023-06-28 00:00:00+00:00,4.13445839381668,0.42857142857142855,0.46825396825396826,0.0001,1.0,trend,2.545511618225577,0.0,4.419141911374296,0.4801587301587302,0.3531746031746032,0.0001,1.0,trend,2.151973689807539,0.0
16_time_of_day_session_effect,1233,2023-06-28 12:00:00+00:00,2023-06-29 00:00:00+00:00,4.437661465544802,0.48412698412698413,0.35714285714285715,9.302e-05,1.0,trend,2.108539696793717,0.0,4.556763052167989,0.4880952380952381,0.25793650793650796,6.574e-05,1.0,trend,2.2921769175266364,0.0
16_time_of_day_session_effect,1234,2023-06-29 12:00:00+00:00,2023-06-30 00:00:00+00:00,4.61125855663115,0.49206349206349204,0.2619047619047619,9.3e-05,1.0,trend,2.238775430599578,0.0,5.203381950639203,0.4246031746031746,0.8611111111111112,0.0001,1.0,trend,2.0942797162781144,0.0
16_time_of_day_session_effect,1235,2023-06-30 12:00:00+00:00,2023-07-01 00:00:00+00:00,5.236422348677459,0.42857142857142855,0.8650793650793651,0.0001,1.0,trend,2.0416271891523916,0.0,5.330765103318605,0.4246031746031746,0.03571428571428571,0.0001,1.0,trend,2.05036347351613,0.0
16_time_of_day_session_effect,1236,2023-07-01 12:00:00+00:00,2023-07-02 00:00:00+00:00,5.3561058709513745,0.42857142857142855,0.03968253968253968,0.0001,1.0,trend,2.0008676520163657,0.0,5.498389258494999,0.4246031746031746,0.08333333333333333,0.0001,1.0,trend,1.969895048760352,0.0
16_time_of_day_session_effect,1237,2023-07-02 12:00:00+00:00,2023-07-03 00:00:00+00:00,5.502106063208822,0.42857142857142855,0.0873015873015873,0.0001,1.0,trend,1.9252823138877768,0.0,5.5590108183170575,0.44841269841269843,0.43253968253968256,0.0001,1.0,trend,2.128480046352323,0.0
16_time_of_day_session_effect,1238,2023-07-03 12:00:00+00:00,2023-07-04 00:00:00+00:00,5.638693125070095,0.4523809523809524,0.4365079365079365,0.0001,1.0,trend,2.071956334016246,0.0,7.007442871847158,0.36904761904761907,0.25,0.0001,1.0,trend,1.8535128961194338,0.0
16_time_of_day_session_effect,1239,2023-07-04 12:00:00+00:00,2023-07-05 00:00:00+00:00,6.9699915292682375,0.373015873015873,0.25396825396825395,0.0001,1.0,trend,1.8187097600349404,0.0,9.582041355406753,0.376984126984127,0.21825396825396826,0.0001,1.0,trend,1.677322965464076,0.0
16_time_of_day_session_effect,1240,2023-07-05 12:00:00+00:00,2023-07-06 00:00:00+00:00,9.414577999076629,0.38095238095238093,0.2222222222222222,0.0001,1.0,trend,1.6459466853178149,0.0,8.220439089403856,0.3611111111111111,0.753968253968254,0.0001,1.0,trend,1.4183740793054243,0.0
16_time_of_day_session_effect,1241,2023-07-06 12:00:00+00:00,2023-07-07 00:00:00+00:00,7.884822688760949,0.36507936507936506,0.753968253968254,7.72e-05,1.0,trend,1.394447286924824,0.0,8.24742605064965,0.39285714285714285,0.32142857142857145,6.98e-06,1.0,trend,1.4397920806898674,0.0
16_time_of_day_session_effect,1242,2023-07-07 12:00:00+00:00,2023-07-08 00:00:00+00:00,8.062156988431301,0.3968253968253968,0.3253968253968254,4.221e-05,1.0,trend,1.4129828274562595,0.0,8.058280291528154,0.376984126984127,0.011904761904761904,3.757e-05,1.0,trend,1.3650660643687003,0.0
16_time_of_day_session_effect,1243,2023-07-08 12:00:00+00:00,2023-07-09 00:00:00+00:00,7.856248632258563,0.38095238095238093,0.015873015873015872,2.631e-05,1.0,trend,1.34039023253011,0.0,7.545845826342957,0.34523809523809523,0.027777777777777776,5.707e-05,1.0,trend,1.263565662742335,0.0
16_time_of_day_session_effect,1244,2023-07-09 12:00:00+00:00,2023-07-10 00:00:00+00:00,7.314799324095004,0.3492063492063492,0.031746031746031744,6.821e-05,1.0,trend,1.2416858802439001,0.0,7.059579807846638,0.1865079365079365,0.4246031746031746,-2.182e-05,1.0,trend,1.3333295475428482,0.0
16_time_of_day_session_effect,1245,2023-07-10 12:00:00+00:00,2023-07-11 00:00:00+00:00,6.924865149203826,0.19047619047619047,0.42857142857142855,4.85e-05,1.0,trend,1.3095778322684484,0.0,7.1812026980779775,0.003968253968253968,0.21031746031746032,8.01e-05,1.0,trend,1.331971865508957,0.0
16_time_of_day_session_effect,1246,2023-07-11 12:00:00+00:00,2023-07-12 00:00:00+00:00,7.106572875577659,0.007936507936507936,0.21428571428571427,8.265e-05,1.0,trend,1.3085124970302477,0.0,7.7093224243215746,0.011904761904761904,0.43253968253968256,7.041e-05,1.0,trend,1.0227669626046827,0.0
16_time_of_day_session_effect,1247,2023-07-12 12:00:00+00:00,2023-07-13 00:00:00+00:00,7.526420529839528,0.015873015873015872,0.4365079365079365,6.479e-05,1.0,trend,1.0058742048142244,0.0,6.2639675240621635,0.01984126984126984,0.8293650793650794,-1.135e-05,1.0,trend,1.422166933791768,0.0
16_time_of_day_session_effect,1248,2023-07-13 12:00:00+00:00,2023-07-14 00:00:00+00:00,6.440551126506524,0.023809523809523808,0.8333333333333334,6.12e-05,1.0,trend,1.3962657465041761,0.0,5.160519129330929,0.08333333333333333,0.7738095238095238,0.0001,1.0,trend,0.8911244850170792,0.0
16_time_of_day_session_effect,1249,2023-07-14 12:00:00+00:00,2023-07-15 00:00:00+00:00,4.976173086735032,0.0873015873015873,0.7777777777777778,0.0001,1.0,trend,0.8763212760104592,0.0,4.862871001544398,0.08333333333333333,0.03571428571428571,-7.313e-05,1.0,trend,0.8456274627393742,0.0
16_time_of_day_session_effect,1250,2023-07-15 12:00:00+00:00,2023-07-16 00:00:00+00:00,4.682929224773576,0.0873015873015873,0.03968253968253968,3.007e-05,1.0,trend,0.8316452690328902,0.0,4.491795139734324,0.07539682539682539,0.051587301587301584,2.984e-05,1.0,trend,0.7986406611144878,0.0
16_time_of_day_session_effect,1251,2023-07-16 12:00:00+00:00,2023-07-17 00:00:00+00:00,4.317325108910478,0.07936507936507936,0.05555555555555555,7.772e-05,1.0,trend,0.7859809123745313,0.0,4.498618270616105,0.07539682539682539,0.32936507936507936,2.785e-05,1.0,trend,0.7797115133980399,0.0
16_time_of_day_session_effect,1252,2023-07-17 12:00:00+00:00,2023-07-18 00:00:00+00:00,4.299100528501599,0.07936507936507936,0.3333333333333333,6.278e-05,1.0,trend,0.7668119070841224,0.0,4.1280604686940086,0.07539682539682539,0.32142857142857145,3.983e-05,1.0,trend,0.46534137508689233,0.0
16_time_of_day_session_effect,1253,2023-07-18 12:00:00+00:00,2023-07-19 00:00:00+00:00,3.865943310845087,0.07936507936507936,0.3253968253968254,6.798e-05,1.0,trend,0.455050059847494,0.0,3.79249392657111,0.05952380952380952,0.21825396825396826,0.0001,1.0,trend,0.46839950737340136,0.0
16_time_of_day_session_effect,1254,2023-07-19 12:00:00+00:00,2023-07-20 00:00:00+00:00,3.5743008835342285,0.06349206349206349,0.2222222222222222,5.224e-05,1.0,trend,0.45853088472272274,0.0,3.7320396650370213,0.07539682539682539,0.4642857142857143,2.652e-05,1.0,trend,0.4553946971737574,0.0
16_time_of_day_session_effect,1255,2023-07-20 12:00:00+00:00,2023-07-21 00:00:00+00:00,3.4807326910045058,0.07936507936507936,0.46825396825396826,9.641e-05,1.0,trend,0.44460874960429514,0.0,3.553089818157792,0.08333333333333333,0.15476190476190477,5.563e-05,1.0,trend,0.512623946715129,0.0
16_time_of_day_session_effect,1256,2023-07-21 12:00:00+00:00,2023-07-22 00:00:00+00:00,3.36159887630556,0.0873015873015873,0.15873015873015872,7.77e-06,1.0,trend,0.5016303188321746,0.0,3.0717596069465465,0.09126984126984126,0.01984126984126984,2.195e-05,1.0,trend,0.4306870682173514,0.0
16_time_of_day_session_effect,1257,2023-07-22 12:00:00+00:00,2023-07-23 00:00:00+00:00,2.8609176549474626,0.09523809523809523,0.023809523809523808,9.44e-06,1.0,trend,0.4211360805313345,0.0,2.6246719604196094,0.05952380952380952,0.08333333333333333,2.908e-05,1.0,chop_low_vol,0.5494248654827286,0.0
16_time_of_day_session_effect,1258,2023-07-23 12:00:00+00:00,2023-07-24 00:00:00+00:00,2.5560120983965358,0.06349206349206349,0.0873015873015873,0.0001,1.0,chop_low_vol,0.5373784332601846,0.0,1.9141004484218,0.13095238095238096,0.5674603174603174,0.0001,1.0,chop_low_vol,0.13998864730794303,0.0
16_time_of_day_session_effect,1259,2023-07-24 12:00:00+00:00,2023-07-25 00:00:00+00:00,1.5959841628127802,0.1349206349206349,0.5714285714285714,4.338e-05,1.0,chop_low_vol,0.13057348557990384,0.0,1.3657027729097622,0.13095238095238096,0.13095238095238096,7.702e-05,1.0,chop_low_vol,0.13300026373631518,0.0
16_time_of_day_session_effect,1260,2023-07-25 12:00:00+00:00,2023-07-26 00:00:00+00:00,1.111723072059711,0.1349206349206349,0.1349206349206349,6.913e-05,1.0,chop_low_vol,0.12426773438447845,0.0,0.9395493517047111,0.12301587301587301,0.4087301587301587,9.451e-05,1.0,chop_low_vol,0.12835450146198243,0.0
16_time_of_day_session_effect,1261,2023-07-26 12:00:00+00:00,2023-07-27 00:00:00+00:00,0.7669968587591047,0.12698412698412698,0.4126984126984127,0.0001,1.0,chop_low_vol,0.12002565436308835,0.0,0.7121249329774373,0.06746031746031746,0.1626984126984127,3.136e-05,1.0,chop_low_vol,0.2140352088365278,0.0
16_time_of_day_session_effect,1262,2023-07-27 12:00:00+00:00,2023-07-28 00:00:00+00:00,0.47866437855845084,0.07142857142857142,0.16666666666666666,3.83e-05,1.0,chop_low_vol,0.20961486795222325,0.0,0.43307312569515466,0.07539682539682539,0.21825396825396826,4.373e-05,1.0,chop_low_vol,0.1490906234109636,0.0
16_time_of_day_session_effect,1263,2023-07-28 12:00:00+00:00,2023-07-29 00:00:00+00:00,0.2307795265244184,0.07936507936507936,0.2222222222222222,6.675e-05,1.0,chop_low_vol,0.14380137147747865,0.0,0.07123242977670213,0.07539682539682539,0.003968253968253968,0.0001,1.0,chop_low_vol,0.1553468795842026,0.0
16_time_of_day_session_effect,1264,2023-07-29 12:00:00+00:00,2023-07-30 00:00:00+00:00,0.07136394453058258,0.07936507936507936,0.007936507936507936,4.567e-05,1.0,chop_low_vol,0.14898416688071908,0.0,0.24372615267971198,0.06746031746031746,0.08333333333333333,8.151e-05,1.0,chop_low_vol,0.10174496924542276,0.0
16_time_of_day_session_effect,1265,2023-07-30 12:00:00+00:00,2023-07-31 00:00:00+00:00,0.39815518968051494,0.07142857142857142,0.0873015873015873,5.56e-05,1.0,chop_low_vol,0.09337332343197616,0.0,0.5748348217216984,0.06746031746031746,0.25793650793650796,2.369e-05,1.0,chop_low_vol,-0.011393851309256043,0.0
16_time_of_day_session_effect,1266,2023-07-31 12:00:00+00:00,2023-08-01 00:00:00+00:00,0.7232783011319174,0.07142857142857142,0.2619047619047619,7.362e-05,1.0,chop_low_vol,-0.022168450740257816,0.0,0.5455813304905882,0.14682539682539683,0.753968253968254,6.3e-05,1.0,chop_low_vol,0.4017832102247002,0.0
16_time_of_day_session_effect,1267,2023-08-01 12:00:00+00:00,2023-08-02 00:00:00+00:00,0.4347749592914004,0.15079365079365079,0.753968253968254,6.768e-05,1.0,chop_low_vol,0.39199753697462325,0.0,0.5388965555288516,0.01984126984126984,0.7976190476190477,0.0001,1.0,chop_low_vol,0.15157100831808973,0.0
16_time_of_day_session_effect,1268,2023-08-02 12:00:00+00:00,2023-08-03 00:00:00+00:00,0.6823938342206871,0.023809523809523808,0.8015873015873016,0.0001,1.0,chop_low_vol,0.14238503532558786,0.0,0.8202225396431063,0.003968253968253968,0.3611111111111111,0.0001,1.0,chop_low_vol,0.18677751487194671,0.0
16_time_of_day_session_effect,1269,2023-10-30 12:00:00+00:00,2023-10-31 00:00:00+00:00,8.88109910974445,0.9444444444444444,0.8333333333333334,0.0001,1.0,trend_high_vol,2.2088473374779967,0.0,8.88823027334246,0.9365079365079365,0.7976190476190477,0.0001,1.0,trend_high_vol,2.2729017292549796,0.0
16_time_of_day_session_effect,1270,2023-10-31 12:00:00+00:00,2023-11-01 00:00:00+00:00,8.94997542232075,0.9365079365079365,0.8015873015873016,0.0001,1.0,trend_high_vol,2.2098317199562563,0.0,8.280899993441844,0.9365079365079365,0.9285714285714286,0.0001,1.0,trend_high_vol,2.440368014371191,0.0
16_time_of_day_session_effect,1271,2023-11-01 12:00:00+00:00,2023-11-02 00:00:00+00:00,8.398866898392448,0.9365079365079365,0.9285714285714286,0.0001,1.0,trend_high_vol,2.365627524609528,0.0,8.520062610506082,0.9365079365079365,0.9047619047619048,0.0001,1.0,trend_high_vol,2.0996340136000615,0.0
16_time_of_day_session_effect,1272,2023-11-02 12:00:00+00:00,2023-11-03 00:00:00+00:00,8.50998716121624,0.9365079365079365,0.9047619047619048,0.0001,1.0,trend_high_vol,2.0464354003511436,0.0,9.480258991695363,0.9444444444444444,0.8134920634920635,0.0001,1.0,trend_high_vol,1.8994085148923334,0.0
16_time_of_day_session_effect,1273,2023-11-03 12:00:00+00:00,2023-11-04 00:00:00+00:00,9.399103746275498,0.9444444444444444,0.8174603174603174,0.0001,1.0,trend_high_vol,1.8573869989366492,0.0,9.192260872440857,0.9365079365079365,0.23809523809523808,0.0001,1.0,trend_high_vol,1.9253673483326774,0.0
16_time_of_day_session_effect,1274,2023-11-04 12:00:00+00:00,2023-11-05 00:00:00+00:00,9.144619065136387,0.9365079365079365,0.23809523809523808,0.0001,1.0,trend_high_vol,1.8817618701711272,0.0,9.144762079783222,0.8968253968253969,0.5079365079365079,0.0001,1.0,trend_high_vol,1.8299997709595854,0.0
16_time_of_day_session_effect,1275,2023-11-05 12:00:00+00:00,2023-11-06 00:00:00+00:00,9.063075997163788,0.8968253968253969,0.5079365079365079,0.0001,1.0,trend_high_vol,1.7906321702093142,0.0,15.676841552055066,0.8888888888888888,0.5277777777777778,0.0001,1.0,trend_high_vol,1.800110768256418,0.0
16_time_of_day_session_effect,1276,2023-11-06 12:00:00+00:00,2023-11-07 00:00:00+00:00,15.493801945983773,0.8888888888888888,0.5317460317460317,0.0001,1.0,trend_high_vol,1.7606322044461482,0.0,16.84216932258655,0.8809523809523809,0.8650793650793651,0.0001,1.0,trend_high_vol,1.9193579209457168,0.0
16_time_of_day_session_effect,1277,2023-11-07 12:00:00+00:00,2023-11-08 00:00:00+00:00,16.733392032804392,0.8809523809523809,0.8650793650793651,0.0001,1.0,trend_high_vol,1.875885777243889,0.0,18.3013648923617,0.873015873015873,0.8253968253968254,0.0001,1.0,trend_high_vol,1.9727068727901926,0.0
16_time_of_day_session_effect,1278,2023-11-08 12:00:00+00:00,2023-11-09 00:00:00+00:00,18.199070295644386,0.873015873015873,0.8253968253968254,0.0001,1.0,trend_high_vol,1.927007159446112,0.0,15.330702884578818,0.8650793650793651,0.9841269841269841,0.0001,1.0,trend_high_vol,2.1012345737066034,0.0
16_time_of_day_session_effect,1279,2023-11-09 12:00:00+00:00,2023-11-10 00:00:00+00:00,15.482349697068551,0.8650793650793651,0.9841269841269841,0.0001,1.0,trend_high_vol,2.049491183597294,0.0,14.447774907908583,0.8650793650793651,0.9285714285714286,0.0001,1.0,trend_high_vol,2.318507993558328,0.0
16_time_of_day_session_effect,1280,2023-11-10 12:00:00+00:00,2023-11-11 00:00:00+00:00,14.654559410181056,0.8650793650793651,0.9285714285714286,0.00011682,1.0,trend_high_vol,2.259413918757425,0.0,14.890079338597701,0.8650793650793651,0.6507936507936508,0.0001,1.0,trend_high_vol,2.1549517242560374,0.0
16_time_of_day_session_effect,1281,2023-11-11 12:00:00+00:00,2023-11-12 00:00:00+00:00,14.951161917897549,0.8650793650793651,0.6507936507936508,0.00016607,1.0,trend_high_vol,2.1004901667667815,0.0,16.242500815653308,0.1626984126984127,0.4126984126984127,0.0001543,1.0,trend,2.026950883474527,0.0
16_time_of_day_session_effect,1282,2023-11-12 12:00:00+00:00,2023-11-13 00:00:00+00:00,16.20531111888399,0.16666666666666666,0.4126984126984127,0.00023487,1.0,trend,1.977882758007059,0.0,14.647047770509737,0.14682539682539683,0.8571428571428571,0.00032467,1.0,trend,1.7372270615202734,0.0
16_time_of_day_session_effect,1283,2023-11-13 12:00:00+00:00,2023-11-14 00:00:00+00:00,14.419817781775167,0.15079365079365079,0.8571428571428571,0.00010893,1.0,trend,1.7008061545945248,0.0,12.422593854179317,0.24603174603174602,0.9365079365079365,0.00017382,1.0,trend,1.3533863120377077,0.0
16_time_of_day_session_effect,1284,2023-11-14 12:00:00+00:00,2023-11-15 00:00:00+00:00,11.991396668742745,0.24603174603174602,0.9365079365079365,0.00016369,1.0,trend,1.329844944768621,0.0,9.02714988165719,0.6825396825396826,0.9523809523809523,0.0001,1.0,trend,1.8787520776783628,0.0
16_time_of_day_session_effect,1285,2023-11-15 12:00:00+00:00,2023-11-16 00:00:00+00:00,9.123507682978422,0.6825396825396826,0.9523809523809523,0.0001,1.0,trend,1.8373148858052122,0.0,8.076632778159137,0.7777777777777778,0.9444444444444444,0.0001,1.0,trend_high_vol,1.287438826864114,0.0
16_time_of_day_session_effect,1286,2023-11-16 12:00:00+00:00,2023-11-17 00:00:00+00:00,7.851446493211343,0.7777777777777778,0.9444444444444444,0.00015199,1.0,trend_high_vol,1.265896353249578,0.0,7.419338084061145,0.7777777777777778,0.8968253968253969,0.0001,1.0,trend_high_vol,1.3613831312963005,0.0
16_time_of_day_session_effect,1287,2023-11-17 12:00:00+00:00,2023-11-18 00:00:00+00:00,7.2791423942218465,0.7777777777777778,0.8968253968253969,0.0001,1.0,trend_high_vol,1.338111564858727,0.0,7.4322326475311105,0.7619047619047619,0.4444444444444444,0.0001,1.0,trend_high_vol,1.3121937688938636,0.0
16_time_of_day_session_effect,1288,2023-11-18 12:00:00+00:00,2023-11-19 00:00:00+00:00,7.282497367421807,0.7619047619047619,0.4444444444444444,0.0001,1.0,trend_high_vol,1.2896006706488081,0.0,6.535419161259132,0.7777777777777778,0.5396825396825397,0.0001,1.0,trend_high_vol,1.4560048119167792,0.0
16_time_of_day_session_effect,1289,2023-11-19 12:00:00+00:00,2023-11-20 00:00:00+00:00,6.5098239128789706,0.7777777777777778,0.5396825396825397,0.0001,1.0,trend_high_vol,1.4303372620281338,0.0,6.419169735714351,0.7698412698412699,0.873015873015873,0.0001,1.0,trend_high_vol,1.4437997071902666,0.0
16_time_of_day_session_effect,1290,2023-11-20 12:00:00+00:00,2023-11-21 00:00:00+00:00,6.384403958538691,0.7698412698412699,0.873015873015873,0.0001,1.0,trend_high_vol,1.4192304634840365,0.0,5.6579554775132745,0.7936507936507936,0.9285714285714286,0.0001,1.0,trend_high_vol,0.9067795896858878,0.0
16_time_of_day_session_effect,1291,2023-11-21 12:00:00+00:00,2023-11-22 00:00:00+00:00,5.399160804357189,0.7936507936507936,0.9285714285714286,0.0001,1.0,trend_high_vol,0.8920167189342129,0.0,4.542180956640577,0.8968253968253969,0.9206349206349206,0.0001,1.0,chop_high_vol,1.3011495561274053,0.0
16_time_of_day_session_effect,1292,2023-11-22 12:00:00+00:00,2023-11-23 00:00:00+00:00,4.519981839794434,0.8968253968253969,0.9206349206349206,0.0001,1.0,chop_high_vol,1.2808433044523768,0.0,4.860516545905635,0.8888888888888888,0.6388888888888888,0.0001,1.0,chop_high_vol,1.2283977466126343,0.0
16_time_of_day_session_effect,1293,2023-11-23 12:00:00+00:00,2023-11-24 00:00:00+00:00,4.8044843202388865,0.8888888888888888,0.6428571428571429,0.0001,1.0,chop_high_vol,1.2107477595587193,0.0,4.82894982157446,0.8888888888888888,0.8968253968253969,0.0001,1.0,chop_high_vol,1.2472447801905844,0.0
16_time_of_day_session_effect,1294,2023-11-24 12:00:00+00:00,2023-11-25 00:00:00+00:00,4.8136443066334,0.8888888888888888,0.8968253968253969,0.0001,1.0,chop_high_vol,1.22936018717549,0.0,4.832639710090122,0.8809523809523809,0.1746031746031746,0.0001,1.0,chop_high_vol,1.2298237748996408,0.0
16_time_of_day_session_effect,1295,2023-11-25 12:00:00+00:00,2023-11-26 00:00:00+00:00,4.809128803709993,0.8809523809523809,0.1746031746031746,0.0001,1.0,chop_high_vol,1.212344544700715,0.0,4.6798823067276025,0.8968253968253969,0.5873015873015873,0.0001,1.0,chop_high_vol,1.1172745008074463,0.0
16_time_of_day_session_effect,1296,2023-11-26 12:00:00+00:00,2023-11-27 00:00:00+00:00,4.605081359649198,0.8968253968253969,0.5873015873015873,0.0001,1.0,chop_high_vol,1.1004960205992476,0.0,4.662269678202086,0.8888888888888888,0.8015873015873016,0.0001,1.0,chop_high_vol,0.9836962334176285,0.0
16_time_of_day_session_effect,1297,2023-11-27 12:00:00+00:00,2023-11-28 00:00:00+00:00,4.553754733198802,0.8888888888888888,0.8015873015873016,0.0001,1.0,chop_high_vol,0.9677456980066239,0.0,4.625656825297977,0.8968253968253969,0.8650793650793651,0.0001,1.0,chop_high_vol,0.966735463493501,0.0
16_time_of_day_session_effect,1298,2023-11-28 12:00:00+00:00,2023-11-29 00:00:00+00:00,4.588021997145828,0.8968253968253969,0.8650793650793651,0.0001,1.0,chop_high_vol,0.951053298960501,0.0,5.891914079884225,0.7936507936507936,0.8333333333333334,0.0001,1.0,trend_high_vol,0.9085926176954461,0.0
16_time_of_day_session_effect,1299,2023-11-29 12:00:00+00:00,2023-11-30 00:00:00+00:00,5.83264440896993,0.7936507936507936,0.8333333333333334,0.0001,1.0,trend_high_vol,0.8936495967182115,0.0,7.111737601541005,0.7380952380952381,0.746031746031746,0.0001,1.0,trend_high_vol,0.883861357219499,0.0
16_time_of_day_session_effect,1300,2023-11-30 12:00:00+00:00,2023-12-01 00:00:00+00:00,6.994623104811546,0.7380952380952381,0.746031746031746,0.0001,1.0,trend_high_vol,0.869051091363591,0.0,6.417821194782877,0.8412698412698413,0.8968253968253969,0.0001,1.0,trend_high_vol,0.9439739180599421,0.0
16_time_of_day_session_effect,1301,2023-12-01 12:00:00+00:00,2023-12-02 00:00:00+00:00,6.479675162168016,0.8412698412698413,0.8968253968253969,0.0001,1.0,trend_high_vol,0.9283312518048834,0.0,5.924660530537595,0.8888888888888888,0.6507936507936508,9.95e-05,1.0,trend_high_vol,1.1023610945650417,0.0
16_time_of_day_session_effect,1302,2023-12-02 12:00:00+00:00,2023-12-03 00:00:00+00:00,6.068384535042777,0.8888888888888888,0.6507936507936508,6.973e-05,1.0,trend_high_vol,1.0843107356545192,0.0,6.473379649968824,0.8412698412698413,0.6666666666666666,0.0001,1.0,trend_high_vol,1.1847716961265164,0.0
16_time_of_day_session_effect,1303,2023-12-03 12:00:00+00:00,2023-12-04 00:00:00+00:00,6.647286519473097,0.8412698412698413,0.6666666666666666,0.0001,1.0,trend_high_vol,1.164863549680391,0.0,5.51508427477158,0.9126984126984127,0.9920634920634921,0.0001,1.0,trend_high_vol,1.8092170439780018,0.0
16_time_of_day_session_effect,1304,2023-12-04 12:00:00+00:00,2023-12-05 00:00:00+00:00,5.851227390749893,0.9126984126984127,0.9920634920634921,0.0001,1.0,trend_high_vol,1.7710876419604638,0.0,5.991493115028904,0.7698412698412699,0.9682539682539683,0.0001,1.0,trend_high_vol,2.193058119523036,0.0
16_time_of_day_session_effect,1305,2023-12-05 12:00:00+00:00,2023-12-06 00:00:00+00:00,6.463535460581504,0.7698412698412699,0.9682539682539683,0.0001,1.0,trend_high_vol,2.134542988085872,0.0,8.064644382076459,0.6746031746031746,0.9523809523809523,0.0001,1.0,trend,1.9628594195514435,0.0
16_time_of_day_session_effect,1306,2023-12-06 12:00:00+00:00,2023-12-07 00:00:00+00:00,8.432302694077983,0.6746031746031746,0.9523809523809523,0.0001,1.0,trend,1.9171010476867985,0.0,8.508328474300898,0.6746031746031746,0.9285714285714286,0.0001,1.0,trend,1.7874907970054317,0.0
16_time_of_day_session_effect,1307,2023-12-07 12:00:00+00:00,2023-12-08 00:00:00+00:00,8.700860359376575,0.6746031746031746,0.9285714285714286,0.0001,1.0,trend,1.7500166130817336,0.0,8.482799378040896,0.6746031746031746,0.8888888888888888,0.0001,1.0,trend,2.015782155617641,0.0
16_time_of_day_session_effect,1308,2023-12-08 12:00:00+00:00,2023-12-09 00:00:00+00:00,8.705204561578734,0.6746031746031746,0.8888888888888888,0.00023288,1.0,trend,1.970877062084912,0.0,8.618064133137763,0.6666666666666666,0.6984126984126984,0.00011504,1.0,trend,1.8474063607682825,0.0
16_time_of_day_session_effect,1309,2023-12-09 12:00:00+00:00,2023-12-10 00:00:00+00:00,8.701488506255055,0.6666666666666666,0.6984126984126984,0.00030159,1.0,trend,1.8122852722249267,0.0,9.021721302924593,0.6666666666666666,0.4444444444444444,0.00020724,1.0,trend,1.792779820936656,0.0
16_time_of_day_session_effect,1310,2023-12-10 12:00:00+00:00,2023-12-11 00:00:00+00:00,9.060032273819607,0.6666666666666666,0.4444444444444444,0.00020383,1.0,trend,1.7643840287561487,0.0,7.569880802985745,0.6825396825396826,0.9920634920634921,0.0001473,1.0,trend,1.3240270534557335,0.0
16_time_of_day_session_effect,1311,2023-12-11 12:00:00+00:00,2023-12-12 00:00:00+00:00,7.281562385599076,0.6825396825396826,0.9920634920634921,0.0001,1.0,trend,1.308204551601165,0.0,7.264200107844635,0.6349206349206349,0.8809523809523809,0.0001,1.0,trend,1.340626718942064,0.0
16_time_of_day_session_effect,1312,2023-12-12 12:00:00+00:00,2023-12-13 00:00:00+00:00,7.01889246188405,0.6349206349206349,0.8809523809523809,0.0001,1.0,trend,1.329856989383634,0.0,5.995956049664219,0.6666666666666666,0.9047619047619048,0.00011909,1.0,trend,1.6023804908631278,0.0
16_time_of_day_session_effect,1313,2023-12-13 12:00:00+00:00,2023-12-14 00:00:00+00:00,5.944814551967438,0.6666666666666666,0.9047619047619048,0.00010162,1.0,trend,1.5910714425623163,0.0,5.896657540850449,0.6587301587301587,0.8888888888888888,0.0001,1.0,trend,1.3905198771287965,0.0
16_time_of_day_session_effect,1314,2023-12-14 12:00:00+00:00,2023-12-15 00:00:00+00:00,5.844363732864715,0.6587301587301587,0.8888888888888888,0.0001,1.0,trend,1.382469076454672,0.0,5.819829419653159,0.6746031746031746,0.7301587301587301,0.0001,1.0,trend,1.1671269699630797,0.0
16_time_of_day_session_effect,1315,2023-12-15 12:00:00+00:00,2023-12-16 00:00:00+00:00,5.640875840777193,0.6746031746031746,0.7301587301587301,0.0001,1.0,trend,1.1545978507320036,0.0,5.702535622085239,0.6666666666666666,0.5317460317460317,0.0001,1.0,trend,1.214685737800855,0.0
16_time_of_day_session_effect,1316,2023-12-16 12:00:00+00:00,2023-12-17 00:00:00+00:00,5.562854741846494,0.6666666666666666,0.5317460317460317,0.0001,1.0,trend,1.203925536354686,0.0,5.291859862994632,0.7301587301587301,0.626984126984127,0.0001,1.0,trend_high_vol,0.987151577258971,0.0
16_time_of_day_session_effect,1317,2023-12-17 12:00:00+00:00,2023-12-18 00:00:00+00:00,5.066407594192275,0.7301587301587301,0.626984126984127,0.0001,1.0,chop_high_vol,0.981174210887565,0.0,5.188788925061885,0.8174603174603174,0.873015873015873,0.00013355,1.0,trend_high_vol,1.2641620044519974,0.0
16_time_of_day_session_effect,1318,2023-12-18 12:00:00+00:00,2023-12-19 00:00:00+00:00,5.116802552463136,0.8174603174603174,0.873015873015873,0.0001,1.0,chop_high_vol,1.2614983837270515,0.0,5.908123167243242,0.8571428571428571,0.8095238095238095,0.0001,1.0,trend_high_vol,1.0982685384137318,0.0
16_time_of_day_session_effect,1319,2023-12-19 12:00:00+00:00,2023-12-20 00:00:00+00:00,5.769779683652756,0.8571428571428571,0.8095238095238095,0.0001,1.0,trend_high_vol,1.0930994434419294,0.0,5.117357475980995,0.8888888888888888,0.9285714285714286,0.00010506,1.0,chop_high_vol,1.4789904785613077,0.0
16_time_of_day_session_effect,1320,2023-12-20 12:00:00+00:00,2023-12-21 00:00:00+00:00,5.154958331376165,0.8888888888888888,0.9285714285714286,0.0001,1.0,chop_high_vol,1.475556230584188,0.0,5.28570647294809,0.8809523809523809,0.7817460317460317,0.00027143,1.0,trend_high_vol,1.505883425532247,0.0
16_time_of_day_session_effect,1321,2023-12-21 12:00:00+00:00,2023-12-22 00:00:00+00:00,5.319288764292045,0.8809523809523809,0.7857142857142857,0.00029216,1.0,trend_high_vol,1.5066983990809752,0.0,5.714635238133673,0.8412698412698413,0.75,0.00030806,1.0,trend_high_vol,1.4118656324524803,0.0
16_time_of_day_session_effect,1322,2023-12-22 12:00:00+00:00,2023-12-23 00:00:00+00:00,5.735423947156739,0.8412698412698413,0.753968253968254,0.0002961,1.0,trend_high_vol,1.3912806136860487,0.0,5.837685403266807,0.8095238095238095,0.4444444444444444,0.00016285,1.0,trend_high_vol,1.295776042088493,0.0
16_time_of_day_session_effect,1323,2023-12-23 12:00:00+00:00,2023-12-24 00:00:00+00:00,5.798076813506097,0.8095238095238095,0.4444444444444444,0.0001,1.0,trend_high_vol,1.2751992426325787,0.0,5.400304994268689,0.5793650793650794,0.6666666666666666,0.0001,1.0,trend,1.0470729156751266,0.0
16_time_of_day_session_effect,1324,2023-12-24 12:00:00+00:00,2023-12-25 00:00:00+00:00,5.260722701277383,0.5793650793650794,0.6666666666666666,0.0002079,1.0,chop,1.0302581059287936,0.0,6.199168791036091,0.46825396825396826,0.753968253968254,0.0001,1.0,trend,1.1869534258409435,0.0
16_time_of_day_session_effect,1325,2023-12-25 12:00:00+00:00,2023-12-26 00:00:00+00:00,6.125256831405638,0.46825396825396826,0.753968253968254,0.0001,1.0,trend,1.1689223521944574,0.0,5.5021886039356795,0.46825396825396826,0.9523809523809523,0.00043391,1.0,trend,0.8237119221642885,0.0
16_time_of_day_session_effect,1326,2023-12-26 12:00:00+00:00,2023-12-27 00:00:00+00:00,5.2774738555314125,0.46825396825396826,0.9523809523809523,0.00023757,1.0,chop,0.8102697340466539,0.0,5.395662714831121,0.49206349206349204,0.873015873015873,0.00027621,1.0,chop,0.926319598340048,0.0
16_time_of_day_session_effect,1327,2023-12-27 12:00:00+00:00,2023-12-28 00:00:00+00:00,5.314277777430368,0.49206349206349204,0.873015873015873,0.00037942,1.0,chop,0.912253013818427,0.0,4.854261573395271,0.48412698412698413,0.7936507936507936,0.00013021,1.0,chop,0.6994984611026509,0.0
16_time_of_day_session_effect,1328,2023-12-28 12:00:00+00:00,2023-12-29 00:00:00+00:00,4.664357268866025,0.48412698412698413,0.7936507936507936,0.00037879,1.0,chop,0.6864122123118184,0.0,4.724137397657471,0.48412698412698413,0.8809523809523809,0.00050152,1.0,chop,0.5807057272233795,0.0
16_time_of_day_session_effect,1329,2023-12-29 12:00:00+00:00,2023-12-30 00:00:00+00:00,4.466320822216439,0.48412698412698413,0.8809523809523809,0.00049912,1.0,chop,0.5679310526268515,0.0,4.347543130770975,0.48412698412698413,0.5396825396825397,0.00047082,1.0,chop,0.5739193641299611,0.0
16_time_of_day_session_effect,1330,2023-12-30 12:00:00+00:00,2023-12-31 00:00:00+00:00,4.125447214271221,0.48412698412698413,0.5396825396825397,0.0004358,1.0,chop,0.5611774234956425,0.0,4.286107260726948,0.30952380952380953,0.5476190476190477,0.00027855,1.0,chop,0.5846282972099528,0.0
16_time_of_day_session_effect,1331,2023-12-31 12:00:00+00:00,2024-01-01 00:00:00+00:00,4.091324419842601,0.30952380952380953,0.5476190476190477,0.00034573,1.0,chop,0.5722227282162692,0.0,3.781919359441682,0.373015873015873,0.6111111111111112,0.00037409,1.0,chop,1.1776243866283427,0.0
16_time_of_day_session_effect,1332,2024-01-01 12:00:00+00:00,2024-01-02 00:00:00+00:00,3.895215434046362,0.373015873015873,0.6111111111111112,0.00027213,1.0,chop,1.160647340803871,0.0,3.8647516435907323,0.3611111111111111,0.9761904761904762,0.00065846,1.0,chop,1.3813774446169487,0.0
16_time_of_day_session_effect,1333,2024-01-02 12:00:00+00:00,2024-01-03 00:00:00+00:00,4.038926406320803,0.36507936507936506,0.9761904761904762,0.00035179,1.0,chop,1.36314005198472,0.0,3.8193982273099985,0.4801587301587302,1.0,0.00021159,1.0,chop,0.8676223054043944,0.0
16_time_of_day_session_effect,1334,2024-01-03 12:00:00+00:00,2024-01-04 00:00:00+00:00,3.665582420155725,0.48412698412698413,1.0,0.00017123,1.0,chop,0.8543089661995403,0.0,3.243026380183275,0.5277777777777778,0.9365079365079365,0.0001,1.0,chop,1.2306168263554675,0.0
16_time_of_day_session_effect,1335,2024-01-04 12:00:00+00:00,2024-01-05 00:00:00+00:00,3.2737451385313334,0.5317460317460317,0.9365079365079365,0.0001,1.0,chop,1.2149510379244826,0.0,3.3254515567602736,0.5277777777777778,0.9365079365079365,0.0001,1.0,chop,1.1926888206321828,0.0
16_time_of_day_session_effect,1336,2024-01-05 12:00:00+00:00,2024-01-06 00:00:00+00:00,3.334541099534831,0.5317460317460317,0.9365079365079365,0.0001,1.0,chop,1.1775970429399265,0.0,3.3512344997248213,0.4642857142857143,0.5238095238095238,0.0001,1.0,chop,1.1013711220674098,0.0
16_time_of_day_session_effect,1337,2024-01-06 12:00:00+00:00,2024-01-07 00:00:00+00:00,3.3244489299429105,0.46825396825396826,0.5238095238095238,0.0001,1.0,chop,1.0854892809980305,0.0,3.501296451330815,0.39285714285714285,0.6349206349206349,0.0001,1.0,chop,1.0528228902480445,0.0
16_time_of_day_session_effect,1338,2024-01-07 12:00:00+00:00,2024-01-08 00:00:00+00:00,3.4581220602018625,0.3968253968253968,0.6349206349206349,0.0001,1.0,chop,1.0366580833706622,0.0,2.920382402774758,0.7698412698412699,0.9841269841269841,0.0001,1.0,chop_high_vol,2.135305129562807,0.0
16_time_of_day_session_effect,1339,2024-01-08 12:00:00+00:00,2024-01-09 00:00:00+00:00,3.1684549423850736,0.7698412698412699,0.9841269841269841,0.0001,1.0,chop_high_vol,2.0808502819785635,0.0,3.440465967166659,0.6825396825396826,0.9603174603174603,0.0001,1.0,chop,1.7709691511973604,0.0
16_time_of_day_session_effect,1340,2024-01-09 12:00:00+00:00,2024-01-10 00:00:00+00:00,3.5518524398012863,0.6825396825396826,0.9603174603174603,0.0001,1.0,chop,1.7315896386182588,0.0,3.8048531064701705,0.6904761904761905,1.0,0.0001,1.0,chop,1.8755271590549016,0.0
16_time_of_day_session_effect,1341,2024-01-10 12:00:00+00:00,2024-01-11 00:00:00+00:00,3.930642681051987,0.6904761904761905,1.0,0.0001,1.0,chop,1.8316385671699957,0.0,4.227970010538351,0.6904761904761905,0.9841269841269841,0.0001,1.0,chop,1.7636746408574338,0.0
16_time_of_day_session_effect,1342,2024-01-11 12:00:00+00:00,2024-01-12 00:00:00+00:00,4.2891168907093125,0.6904761904761905,0.9841269841269841,0.0001,1.0,chop,1.725081382547718,0.0,3.4177315060145705,1.0,0.9682539682539683,0.0001,1.0,chop_high_vol,0.3716753338865324,0.0
16_time_of_day_session_effect,1343,2024-01-12 12:00:00+00:00,2024-01-13 00:00:00+00:00,3.1167816334385905,1.0,0.9682539682539683,0.0001,1.0,chop_high_vol,0.360634869798287,0.0,2.8499077286086334,0.9920634920634921,0.6190476190476191,0.0001,1.0,chop_high_vol,0.34391676265389665,0.0
16_time_of_day_session_effect,1344,2024-01-13 12:00:00+00:00,2024-01-14 00:00:00+00:00,2.5946758252218123,0.9920634920634921,0.6190476190476191,0.0001,1.0,chop_high_vol,0.33063295429983014,0.0,2.16293380034581,1.0,0.5238095238095238,0.0001,1.0,chop_high_vol,-0.038936243960899036,0.0
16_time_of_day_session_effect,1345,2024-01-14 12:00:00+00:00,2024-01-15 00:00:00+00:00,1.8625452509494447,1.0,0.5238095238095238,0.0001,1.0,chop_high_vol,-0.045838082399479195,0.0,1.775515041817622,0.9841269841269841,0.6746031746031746,0.0001,1.0,chop_high_vol,0.1910993277239257,0.0
16_time_of_day_session_effect,1346,2024-01-15 12:00:00+00:00,2024-01-16 00:00:00+00:00,1.5797524245146035,0.9841269841269841,0.6746031746031746,0.0001,1.0,chop_high_vol,0.17713200673284413,0.0,1.461096411625127,0.9682539682539683,0.746031746031746,0.0001,1.0,chop_high_vol,0.5457980611743335,0.0
16_time_of_day_session_effect,1347,2024-01-16 12:00:00+00:00,2024-01-17 00:00:00+00:00,1.3606562718001407,0.9682539682539683,0.746031746031746,0.0001,1.0,chop_high_vol,0.5330598953026454,0.0,1.3995287186192473,0.9603174603174603,0.6111111111111112,0.0001,1.0,chop_high_vol,0.5514682419964659,0.0
16_time_of_day_session_effect,1348,2024-01-17 12:00:00+00:00,2024-01-18 00:00:00+00:00,1.2562653439851197,0.9603174603174603,0.6111111111111112,0.0001,1.0,chop_high_vol,0.538681705046132,0.0,0.96570788064781,1.0,0.7777777777777778,0.0001,1.0,chop_high_vol,-0.155944389061905,0.0
16_time_of_day_session_effect,1349,2024-01-18 12:00:00+00:00,2024-01-19 00:00:00+00:00,0.6778075811828853,1.0,0.7777777777777778,0.0001,1.0,chop_high_vol,-0.16803254478182011,0.0,0.4464561100678597,1.0,0.8095238095238095,0.0001,1.0,chop_high_vol,-0.10422311247244184,0.0
16_time_of_day_session_effect,1350,2024-01-19 12:00:00+00:00,2024-01-20 00:00:00+00:00,0.2605669518030509,1.0,0.8095238095238095,0.0001,1.0,chop_high_vol,-0.11605714165674878,0.0,0.10019934857282044,0.9920634920634921,0.19047619047619047,0.0001,1.0,chop_high_vol,-0.11912511501174369,0.0
16_time_of_day_session_effect,1351,2024-01-20 12:00:00+00:00,2024-01-21 00:00:00+00:00,0.045493278717061644,0.9920634920634921,0.19047619047619047,0.0001,1.0,chop_high_vol,-0.14191952055068863,0.0,0.1896940986011048,0.9285714285714286,0.07142857142857142,0.0001,1.0,chop_high_vol,-0.20621870803438289,0.0
16_time_of_day_session_effect,1352,2024-01-21 12:00:00+00:00,2024-01-22 00:00:00+00:00,0.3184462834261409,0.9285714285714286,0.07142857142857142,0.0001,1.0,chop_high_vol,-0.22151405315817566,0.0,0.7673506631360346,0.9761904761904762,0.8888888888888888,0.0001,1.0,chop_high_vol,-1.0645344820043094,0.0
16_time_of_day_session_effect,1353,2024-01-22 12:00:00+00:00,2024-01-23 00:00:00+00:00,1.1308359518188338,0.9761904761904762,0.8888888888888888,0.0001,1.0,chop_high_vol,-1.0812738033280032,0.0,1.4437474392270626,0.9126984126984127,0.8571428571428571,0.0001,1.0,chop_high_vol,-0.9785478650804496,0.0
16_time_of_day_session_effect,1354,2024-01-23 12:00:00+00:00,2024-01-24 00:00:00+00:00,1.6943888335441746,0.9126984126984127,0.8571428571428571,0.0001,1.0,chop_high_vol,-0.9944588973105417,0.0,1.906078723661119,0.9047619047619048,0.6349206349206349,0.0001,1.0,chop_high_vol,-0.8165843661496986,0.0
16_time_of_day_session_effect,1355,2024-02-11 12:00:00+00:00,2024-02-12 00:00:00+00:00,4.523161157780302,0.11904761904761904,0.4603174603174603,0.0001,1.0,chop_low_vol,2.834954583358615,0.0,4.859596199820587,0.15079365079365079,0.8888888888888888,0.0001,1.0,trend,3.478209318141797,0.0
16_time_of_day_session_effect,1356,2024-02-12 12:00:00+00:00,2024-02-13 00:00:00+00:00,5.373173841378156,0.15079365079365079,0.8888888888888888,0.0001,1.0,trend,3.287291885228557,0.0,5.913621673868618,0.15079365079365079,0.8888888888888888,0.0001,1.0,trend,3.276237571775104,0.0
16_time_of_day_session_effect,1357,2024-02-13 12:00:00+00:00,2024-02-14 00:00:00+00:00,6.28170566924989,0.15079365079365079,0.8888888888888888,0.0001,1.0,trend,3.112172905455827,0.0,5.690674255474091,0.21428571428571427,0.9126984126984127,0.0001,1.0,trend,3.681215702423904,0.0
16_time_of_day_session_effect,1358,2024-02-14 12:00:00+00:00,2024-02-15 00:00:00+00:00,6.135355819710519,0.21428571428571427,0.9126984126984127,0.0001,1.0,trend,3.4596332047753706,0.0,6.789963845019042,0.1111111111111111,0.9047619047619048,0.0001,1.0,trend,3.2164510808881546,0.0
16_time_of_day_session_effect,1359,2024-02-15 12:00:00+00:00,2024-02-16 00:00:00+00:00,7.145114170072908,0.1111111111111111,0.9047619047619048,0.0001,1.0,trend,3.06194677408465,0.0,7.387439049654613,0.10317460317460317,0.8095238095238095,0.0001,1.0,trend,2.9170218397404213,0.0
16_time_of_day_session_effect,1360,2024-02-16 12:00:00+00:00,2024-02-17 00:00:00+00:00,7.662923553044014,0.10317460317460317,0.8095238095238095,0.0001,1.0,trend,2.7940277259666497,0.0,7.735704395177292,0.11904761904761904,0.4444444444444444,0.0001,1.0,trend,2.5527258309731224,0.0
16_time_of_day_session_effect,1361,2024-02-17 12:00:00+00:00,2024-02-18 00:00:00+00:00,7.86749379531658,0.11904761904761904,0.4444444444444444,0.0001,1.0,trend,2.4643105513708603,0.0,7.974339916898995,0.07142857142857142,0.3333333333333333,0.0001724,1.0,trend,2.499896450053186,0.0
16_time_of_day_session_effect,1362,2024-02-18 12:00:00+00:00,2024-02-19 00:00:00+00:00,8.096255459243123,0.07142857142857142,0.3333333333333333,0.00015305,1.0,trend,2.4160748487588783,0.0,8.033631453146933,0.05952380952380952,0.5198412698412699,0.00023064,1.0,trend,2.2557034092595494,0.0
16_time_of_day_session_effect,1363,2024-02-19 12:00:00+00:00,2024-02-20 00:00:00+00:00,8.059882222725111,0.06349206349206349,0.5238095238095238,0.00019594,1.0,trend,2.1900638899443976,0.0,8.055013082669054,0.05952380952380952,0.8571428571428571,0.00010461,1.0,trend,2.1502325982554877,0.0
16_time_of_day_session_effect,1364,2024-02-20 12:00:00+00:00,2024-02-21 00:00:00+00:00,8.096169150208299,0.06349206349206349,0.8571428571428571,0.00010912,1.0,trend,2.090987839146339,0.0,8.883383348309426,0.06349206349206349,0.8015873015873016,0.0001,1.0,trend,1.9642806540793656,0.0
16_time_of_day_session_effect,1365,2024-02-21 12:00:00+00:00,2024-02-22 00:00:00+00:00,8.830633743766947,0.06349206349206349,0.8015873015873016,0.00011242,1.0,trend,1.9155309411417383,0.0,9.292475524876448,0.0873015873015873,0.7063492063492064,0.0001,1.0,trend,1.7642060087713165,0.0
16_time_of_day_session_effect,1366,2024-02-22 12:00:00+00:00,2024-02-23 00:00:00+00:00,9.141726101287297,0.0873015873015873,0.7063492063492064,0.0001348,1.0,trend,1.724993232849876,0.0,10.520285947607526,0.09126984126984126,0.5119047619047619,0.0001,1.0,trend,1.453139556784945,0.0
16_time_of_day_session_effect,1367,2024-02-23 12:00:00+00:00,2024-02-24 00:00:00+00:00,10.248939850219282,0.09523809523809523,0.5158730158730159,0.0001,1.0,trend,1.4261132951235886,0.0,9.773926479503993,0.0873015873015873,0.1746031746031746,0.0001,1.0,trend,1.5847098288933505,0.0
16_time_of_day_session_effect,1368,2024-02-24 12:00:00+00:00,2024-02-25 00:00:00+00:00,9.642868389533069,0.0873015873015873,0.1746031746031746,0.0001,1.0,trend,1.5529038060727518,0.0,9.932120405398203,0.07936507936507936,0.1746031746031746,0.0001,1.0,trend,1.5569062540230534,0.0
16_time_of_day_session_effect,1369,2024-02-25 12:00:00+00:00,2024-02-26 00:00:00+00:00,9.805359456885965,0.07936507936507936,0.1746031746031746,0.00015012,1.0,trend,1.5260013383906463,0.0,8.63579926893693,0.24206349206349206,0.8611111111111112,0.00026761,1.0,trend,2.1158986699802487,0.0
16_time_of_day_session_effect,1370,2024-02-26 12:00:00+00:00,2024-02-27 00:00:00+00:00,8.86692454759532,0.24603174603174602,0.8650793650793651,0.00021567,1.0,trend,2.059686418017848,0.0,7.351198723706614,0.32142857142857145,0.9920634920634921,0.00032262,1.0,trend,2.449231183019503,0.0
16_time_of_day_session_effect,1371,2024-02-27 12:00:00+00:00,2024-02-28 00:00:00+00:00,7.7191479790604225,0.3253968253968254,0.9920634920634921,0.00073521,1.0,trend,2.371725638271211,0.0,6.423828400418429,0.9047619047619048,1.0,0.00026729,1.0,trend_high_vol,3.1629067271270843,0.0
16_time_of_day_session_effect,1372,2024-02-28 12:00:00+00:00,2024-02-29 00:00:00+00:00,7.016273938269823,0.9047619047619048,1.0,0.00023682,1.0,trend_high_vol,3.0171446568747244,0.0,7.116950092406635,0.8968253968253969,0.9920634920634921,0.00069091,1.0,trend_high_vol,2.648148878638048,0.0
16_time_of_day_session_effect,1373,2024-02-29 12:00:00+00:00,2024-03-01 00:00:00+00:00,7.450814523564664,0.8968253968253969,0.9920634920634921,0.00076337,1.0,trend_high_vol,2.5543228831824667,0.0,7.2926001123173565,0.8968253968253969,0.9285714285714286,0.00053322,1.0,trend_high_vol,2.4668913116061164,0.0
16_time_of_day_session_effect,1374,2024-03-01 12:00:00+00:00,2024-03-02 00:00:00+00:00,7.593487565504644,0.8968253968253969,0.9285714285714286,0.00064824,1.0,trend_high_vol,2.3852057333470755,0.0,7.940642076709456,0.9047619047619048,0.6031746031746031,0.00033426,1.0,trend_high_vol,2.2557310368882577,0.0
16_time_of_day_session_effect,1375,2024-03-02 12:00:00+00:00,2024-03-03 00:00:00+00:00,8.125462628252679,0.9047619047619048,0.6031746031746031,0.00057174,1.0,trend_high_vol,2.189245018585807,0.0,7.97102689901092,0.8571428571428571,0.7301587301587301,0.00046267,1.0,trend_high_vol,2.27084704216036,0.0
16_time_of_day_session_effect,1376,2024-03-03 12:00:00+00:00,2024-03-04 00:00:00+00:00,8.15184237737714,0.8571428571428571,0.7301587301587301,0.00042989,1.0,trend_high_vol,2.2040947492914795,0.0,6.51552420473074,1.0,0.9920634920634921,0.00055071,1.0,trend_high_vol,2.6192871028799463,1.0
16_time_of_day_session_effect,1377,2024-03-04 12:00:00+00:00,2024-03-05 00:00:00+00:00,6.845109332495157,1.0,0.9920634920634921,0.00046833,1.0,trend_high_vol,2.5250401202128865,1.0,6.465154409416233,1.0,1.0,0.0004896,1.0,trend_high_vol,1.8935804281077262,1.0
16_time_of_day_session_effect,1378,2024-03-05 12:00:00+00:00,2024-03-06 00:00:00+00:00,6.48271338825031,1.0,1.0,0.00082969,1.0,trend_high_vol,1.8482810489631771,1.0,6.00886323255072,1.0,0.9761904761904762,0.0003628,1.0,trend_high_vol,2.0010424613028737,1.0
16_time_of_day_session_effect,1379,2024-03-06 12:00:00+00:00,2024-03-07 00:00:00+00:00,6.091245570135519,1.0,0.9761904761904762,0.00033876,1.0,trend_high_vol,1.9502155609708363,1.0,6.087360875854556,1.0,0.9444444444444444,0.00030311,1.0,trend_high_vol,1.9620379192098443,0.0
16_time_of_day_session_effect,1380,2024-03-07 12:00:00+00:00,2024-03-08 00:00:00+00:00,6.160089138023641,1.0,0.9444444444444444,0.00040984,1.0,trend_high_vol,1.9133617799730775,0.0,6.031727096322284,0.9841269841269841,0.9603174603174603,0.00034819,1.0,trend_high_vol,1.9403351939828994,1.0
16_time_of_day_session_effect,1381,2024-03-08 12:00:00+00:00,2024-03-09 00:00:00+00:00,6.116060842722582,0.9841269841269841,0.9603174603174603,0.00043497,1.0,trend_high_vol,1.893642137886211,1.0,6.342085096349209,0.9841269841269841,0.4523809523809524,0.00019134,1.0,trend_high_vol,1.8675640016564703,0.0
16_time_of_day_session_effect,1382,2024-03-09 12:00:00+00:00,2024-03-10 00:00:00+00:00,6.392991022588418,0.9841269841269841,0.4523809523809524,0.00031281,1.0,trend_high_vol,1.8239334128131395,0.0,6.340653530415142,0.9682539682539683,0.8174603174603174,0.0003101,1.0,trend_high_vol,1.8304873300064302,0.0
16_time_of_day_session_effect,1383,2024-03-10 12:00:00+00:00,2024-03-11 00:00:00+00:00,6.37482539995415,0.9682539682539683,0.8174603174603174,0.00063451,1.0,trend_high_vol,1.7888941945473367,0.0,6.362010364448987,1.0,0.9682539682539683,0.00035489,1.0,trend_high_vol,2.0071174347701675,0.0
16_time_of_day_session_effect,1384,2024-03-11 12:00:00+00:00,2024-03-12 00:00:00+00:00,6.480564056216695,1.0,0.9682539682539683,0.00078428,1.0,trend_high_vol,1.9561903412681692,0.0,7.172516100989402,1.0,0.9523809523809523,0.0004447,1.0,trend_high_vol,1.9160977630538008,0.0
16_time_of_day_session_effect,1385,2024-03-12 12:00:00+00:00,2024-03-13 00:00:00+00:00,7.2201135712004065,1.0,0.9523809523809523,0.000453,1.0,trend_high_vol,1.8708055564408799,0.0,8.564496045398807,0.9841269841269841,0.9206349206349206,0.00033224,1.0,trend_high_vol,1.9161012432058024,0.0
16_time_of_day_session_effect,1386,2024-03-13 12:00:00+00:00,2024-03-14 00:00:00+00:00,8.651826099317274,0.9841269841269841,0.9206349206349206,0.0006442,1.0,trend_high_vol,1.8709761392772681,0.0,8.77107118576779,1.0,0.9444444444444444,0.00045402,1.0,trend_high_vol,1.7287882099283733,0.0
16_time_of_day_session_effect,1387,2024-03-14 12:00:00+00:00,2024-03-15 00:00:00+00:00,8.722070544128753,1.0,0.9444444444444444,0.00038753,1.0,trend_high_vol,1.6931209351628227,0.0,8.617834385533737,1.0,0.9841269841269841,0.00038515,1.0,trend_high_vol,1.5131761325402129,0.0
16_time_of_day_session_effect,1388,2024-03-15 12:00:00+00:00,2024-03-16 00:00:00+00:00,8.442516339261132,1.0,0.9841269841269841,0.00014328,1.0,trend_high_vol,1.484707071507666,0.0,7.507463513778409,1.0,0.8888888888888888,0.0001,1.0,trend_high_vol,1.1134750131982736,0.0
16_time_of_day_session_effect,1389,2024-03-16 12:00:00+00:00,2024-03-17 00:00:00+00:00,7.153539518215532,1.0,0.8888888888888888,0.00023202,1.0,trend_high_vol,1.0948800825785716,0.0,6.25178423800984,0.9920634920634921,0.8650793650793651,0.00013089,1.0,trend_high_vol,1.336560446038253,0.0
16_time_of_day_session_effect,1390,2024-03-17 12:00:00+00:00,2024-03-18 00:00:00+00:00,6.100363823877568,0.9920634920634921,0.8650793650793651,0.00017773,1.0,trend_high_vol,1.3128605189145517,0.0,7.04741366935048,0.9841269841269841,0.9047619047619048,0.00020181,1.0,trend_high_vol,1.2123215818741155,0.0
16_time_of_day_session_effect,1391,2024-03-18 12:00:00+00:00,2024-03-19 00:00:00+00:00,6.831223023856016,0.9841269841269841,0.9047619047619048,0.00030597,1.0,trend_high_vol,1.1924171034303654,0.0,6.5942858591224205,0.9761904761904762,0.9761904761904762,0.00026923,1.0,trend_high_vol,0.6909392313568388,0.0
16_time_of_day_session_effect,1392,2024-03-19 12:00:00+00:00,2024-03-20 00:00:00+00:00,6.0913050406858975,0.9761904761904762,0.9761904761904762,0.00029065,1.0,trend_high_vol,0.6779626086539478,0.0,4.743444863173951,1.0,0.9523809523809523,0.00015847,1.0,chop_high_vol,1.1897824523312173,0.0
16_time_of_day_session_effect,1393,2024-03-20 12:00:00+00:00,2024-03-21 00:00:00+00:00,4.6520684718125205,1.0,0.9523809523809523,0.00018388,1.0,chop_high_vol,1.1705380061832085,0.0,4.394731173049393,1.0,0.8333333333333334,0.00010403,1.0,chop_high_vol,0.8794651265024077,0.0
16_time_of_day_session_effect,1394,2024-03-21 12:00:00+00:00,2024-03-22 00:00:00+00:00,4.204865267636154,1.0,0.8333333333333334,0.00019304,1.0,chop_high_vol,0.8648424869537722,0.0,4.007939030270489,1.0,0.8095238095238095,0.00016271,1.0,chop_high_vol,0.7620317233872664,0.0
16_time_of_day_session_effect,1395,2024-03-22 12:00:00+00:00,2024-03-23 00:00:00+00:00,3.765418344933797,1.0,0.8095238095238095,0.0001,1.0,chop_high_vol,0.7489156995503649,0.0,3.526719618101273,0.9920634920634921,0.5079365079365079,0.0001,1.0,chop_high_vol,0.7621885482215647,0.0
16_time_of_day_session_effect,1396,2024-03-23 12:00:00+00:00,2024-03-24 00:00:00+00:00,3.330602907870252,0.9920634920634921,0.5079365079365079,0.0001,1.0,chop_high_vol,0.7491599403130966,0.0,2.8955492074834566,0.9682539682539683,0.6111111111111112,0.00010351,1.0,chop_high_vol,1.0282021400424868,0.0
16_time_of_day_session_effect,1397,2024-03-24 12:00:00+00:00,2024-03-25 00:00:00+00:00,2.860193560342239,0.9682539682539683,0.6111111111111112,0.00014616,1.0,chop_high_vol,1.013693110696819,0.0,2.841598264621416,0.9523809523809523,0.8095238095238095,0.00025549,1.0,chop_high_vol,1.1956464629458734,0.0
16_time_of_day_session_effect,1398,2024-03-25 12:00:00+00:00,2024-03-26 00:00:00+00:00,2.898036155445471,0.9523809523809523,0.8095238095238095,0.00016324,1.0,chop_high_vol,1.1803353068854068,0.0,2.989366117389127,0.9365079365079365,0.7222222222222222,0.00021963,1.0,chop_high_vol,1.1633205911557003,0.0
16_time_of_day_session_effect,1399,2024-03-26 12:00:00+00:00,2024-03-27 00:00:00+00:00,3.0239694089500886,0.9365079365079365,0.7222222222222222,0.00018348,1.0,chop_high_vol,1.1464912439696768,0.0,3.138188792914326,0.9285714285714286,0.7936507936507936,0.00028757,1.0,chop_high_vol,1.0388797613983014,0.0
16_time_of_day_session_effect,1400,2024-03-27 12:00:00+00:00,2024-03-28 00:00:00+00:00,3.134226071236342,0.9285714285714286,0.7936507936507936,0.00029551,1.0,chop_high_vol,1.0236862194130294,0.0,3.146742143340211,0.9206349206349206,0.6825396825396826,0.00024195,1.0,chop_high_vol,1.0486341486141473,0.0
16_time_of_day_session_effect,1401,2024-03-28 12:00:00+00:00,2024-03-29 00:00:00+00:00,3.177769859022999,0.9206349206349206,0.6825396825396826,0.00029899,1.0,chop_high_vol,1.0338706066107213,0.0,3.3052569552401567,0.9365079365079365,0.5,0.0001825,1.0,chop_high_vol,0.9401329828565159,0.0
16_time_of_day_session_effect,1402,2024-03-29 12:00:00+00:00,2024-03-30 00:00:00+00:00,3.284903079823297,0.9365079365079365,0.5,0.00025456,1.0,chop_high_vol,0.9257778066274461,0.0,3.6724205175825384,0.9285714285714286,0.16666666666666666,0.00019624,1.0,chop_high_vol,0.88868118328111,0.0
16_time_of_day_session_effect,1403,2024-03-30 12:00:00+00:00,2024-03-31 00:00:00+00:00,3.6279803089102742,0.9285714285714286,0.16666666666666666,0.00032267,1.0,chop_high_vol,0.8753417942153673,0.0,3.771690517620303,0.8888888888888888,0.2777777777777778,0.00032351,1.0,chop_high_vol,1.0239867709708976,0.0
16_time_of_day_session_effect,1404,2024-03-31 12:00:00+00:00,2024-04-01 00:00:00+00:00,3.794538296372207,0.8888888888888888,0.2777777777777778,0.00039889,1.0,chop_high_vol,1.0113609719531902,0.0,3.718253517085568,0.8888888888888888,0.6904761904761905,0.00070161,1.0,chop_high_vol,0.7799282734241904,0.0
16_time_of_day_session_effect,1405,2024-04-01 12:00:00+00:00,2024-04-02 00:00:00+00:00,3.6485116816241687,0.8888888888888888,0.6904761904761905,0.00033491,1.0,chop_high_vol,0.767961305785567,0.0,3.7848386970700933,0.9603174603174603,0.9047619047619048,0.00027469,1.0,chop_high_vol,0.22784639222618375,0.0
16_time_of_day_session_effect,1406,2024-04-02 12:00:00+00:00,2024-04-03 00:00:00+00:00,3.493404094455188,0.9603174603174603,0.9047619047619048,0.0001,1.0,chop_high_vol,0.21278470825249152,0.0,4.1387783324708876,0.9523809523809523,0.6666666666666666,0.0001,1.0,trend_high_vol,0.1485450105050889,1.0
16_time_of_day_session_effect,1407,2024-04-03 12:00:00+00:00,2024-04-04 00:00:00+00:00,3.8581504200186245,0.9523809523809523,0.6666666666666666,0.0001,1.0,chop_high_vol,0.13188617481992032,1.0,3.6081059202071035,0.9603174603174603,0.6587301587301587,0.0001,1.0,chop_high_vol,0.4247571344951269,0.0
16_time_of_day_session_effect,1408,2024-04-04 12:00:00+00:00,2024-04-05 00:00:00+00:00,3.5315805725595086,0.9603174603174603,0.6587301587301587,0.0001,1.0,chop_high_vol,0.4110839999291587,0.0,3.630681410602895,0.8650793650793651,0.6349206349206349,0.0001,1.0,chop_high_vol,0.18690916500721882,1.0
16_time_of_day_session_effect,1409,2024-04-05 12:00:00+00:00,2024-04-06 00:00:00+00:00,3.506802857299789,0.8650793650793651,0.6349206349206349,0.0001,1.0,chop_high_vol,0.16908549555277072,1.0,3.2894580840161813,0.8253968253968254,0.24603174603174602,0.0001,1.0,chop_high_vol,0.28386877593411947,0.0
16_time_of_day_session_effect,1410,2024-04-06 12:00:00+00:00,2024-04-07 00:00:00+00:00,3.2463924324558646,0.8253968253968254,0.24603174603174602,0.0001,1.0,chop_high_vol,0.2674689785869177,0.0,3.7201943328082168,0.8174603174603174,0.30952380952380953,0.0001,1.0,chop_high_vol,0.3125023848350909,0.0
16_time_of_day_session_effect,1411,2024-04-07 12:00:00+00:00,2024-04-08 00:00:00+00:00,3.6979176793522908,0.8174603174603174,0.30952380952380953,0.0001,1.0,chop_high_vol,0.2967923005189276,0.0,3.83803846537204,0.7301587301587301,0.7182539682539683,0.0001,1.0,trend_high_vol,0.56499541308368,0.0
16_time_of_day_session_effect,1412,2024-04-08 12:00:00+00:00,2024-04-09 00:00:00+00:00,3.9641202841663645,0.7301587301587301,0.7222222222222222,0.0001,1.0,trend_high_vol,0.5537680146904603,0.0,3.546141530044174,0.5476190476190477,0.7142857142857143,0.00020915,1.0,chop,0.1346685427097853,0.0
16_time_of_day_session_effect,1413,2024-04-09 12:00:00+00:00,2024-04-10 00:00:00+00:00,3.4632272446571197,0.5476190476190477,0.7142857142857143,0.00020603,1.0,chop,0.1172697412490341,0.0,3.2668712304420713,0.5396825396825397,0.7222222222222222,0.00011929,1.0,chop,0.3802851128587277,0.0
16_time_of_day_session_effect,1414,2024-04-10 12:00:00+00:00,2024-04-11 00:00:00+00:00,3.2785537096861184,0.5396825396825397,0.7222222222222222,0.00012457,1.0,chop,0.36608740384117316,0.0,3.39236785909576,0.5158730158730159,0.5873015873015873,0.00013979,1.0,chop,0.15183017860263076,0.0
16_time_of_day_session_effect,1415,2024-04-11 12:00:00+00:00,2024-04-12 00:00:00+00:00,3.3547394996899293,0.5158730158730159,0.5873015873015873,0.00020153,1.0,chop,0.13453208932067584,0.0,2.958448815068479,0.5634920634920635,0.8174603174603174,0.00011258,1.0,chop,-0.36313552452598197,0.0
16_time_of_day_session_effect,1416,2024-04-12 12:00:00+00:00,2024-04-13 00:00:00+00:00,2.7453285406521477,0.5634920634920635,0.8174603174603174,0.0002563,1.0,chop,-0.38292332819636016,0.0,2.140021321077485,0.5634920634920635,0.9047619047619048,0.0001,1.0,chop,-1.0042107052369804,0.0
16_time_of_day_session_effect,1417,2024-04-13 12:00:00+00:00,2024-04-14 00:00:00+00:00,1.786748069924828,0.5634920634920635,0.9047619047619048,0.0001,1.0,chop,-1.024741805368482,0.0,1.5153479833659103,0.5238095238095238,0.8650793650793651,0.0001,1.0,chop,-0.682815016086154,0.0
16_time_of_day_session_effect,1418,2024-04-14 12:00:00+00:00,2024-04-15 00:00:00+00:00,1.3395157124413954,0.5238095238095238,0.8650793650793651,0.0001,1.0,chop,-0.6951208918112008,0.0,1.0468543500284553,0.5634920634920635,0.7936507936507936,0.0001,1.0,chop,-1.1882479137171236,0.0
16_time_of_day_session_effect,1419,2024-04-15 12:00:00+00:00,2024-04-16 00:00:00+00:00,0.7779921123693514,0.5634920634920635,0.7936507936507936,1.759e-05,1.0,chop,-1.1972210808476171,0.0,0.6457455823652702,0.5634920634920635,0.7777777777777778,0.0001,1.0,chop,-1.2600911443977787,0.0
16_time_of_day_session_effect,1420,2024-04-16 12:00:00+00:00,2024-04-17 00:00:00+00:00,0.4173352722146932,0.5634920634920635,0.7777777777777778,9.525e-05,1.0,chop,-1.2685183783418952,0.0,0.03655450814932968,0.6031746031746031,0.753968253968254,6.375e-05,1.0,chop,-1.6729594695677312,0.0
16_time_of_day_session_effect,1421,2024-04-17 12:00:00+00:00,2024-04-18 00:00:00+00:00,0.28638221275723363,0.6031746031746031,0.753968253968254,3.574e-05,1.0,chop,-1.6753396057959107,0.0,0.41583991645716323,0.6746031746031746,0.6507936507936508,6.937e-05,1.0,chop,-1.2950763828321528,0.0
16_time_of_day_session_effect,1422,2024-04-18 12:00:00+00:00,2024-04-19 00:00:00+00:00,0.5385590477967046,0.6746031746031746,0.6507936507936508,5.982e-05,1.0,chop,-1.3037576697486921,0.0,0.6309167761574699,0.6904761904761905,0.8809523809523809,-3.334e-05,1.0,chop,-1.3337280434443088,0.0
16_time_of_day_session_effect,1423,2024-05-25 12:00:00+00:00,2024-05-26 00:00:00+00:00,2.336726022566444,0.5873015873015873,0.07142857142857142,0.0001,1.0,chop,0.9046479957892724,0.0,2.3639537160575546,0.5714285714285714,0.07142857142857142,0.0001,1.0,chop,0.7464445327557783,0.0
16_time_of_day_session_effect,1424,2024-05-26 12:00:00+00:00,2024-05-27 00:00:00+00:00,2.3604900757888467,0.5714285714285714,0.07142857142857142,0.0001,1.0,chop,0.7687477198836118,0.0,2.4575814444263986,0.5674603174603174,0.376984126984127,0.0001,1.0,chop,1.0115373876282283,0.0
16_time_of_day_session_effect,1425,2024-05-27 12:00:00+00:00,2024-05-28 00:00:00+00:00,2.4959577489427365,0.5714285714285714,0.38095238095238093,0.0001,1.0,chop,1.0389103772120574,0.0,2.536298688706072,0.5634920634920635,0.5476190476190477,0.0001,1.0,chop,0.6095452223382947,0.0
16_time_of_day_session_effect,1426,2024-05-28 12:00:00+00:00,2024-05-29 00:00:00+00:00,2.49095649343121,0.5634920634920635,0.5476190476190477,0.0001,1.0,chop,0.6329171814710505,0.0,3.055169982924774,0.5238095238095238,0.42063492063492064,0.0001,1.0,chop,0.5786798217986853,0.0
16_time_of_day_session_effect,1427,2024-05-29 12:00:00+00:00,2024-05-30 00:00:00+00:00,2.940533759196961,0.5238095238095238,0.42063492063492064,0.0001,1.0,chop,0.6025505129811728,0.0,2.9119759990082508,0.44841269841269843,0.5,0.0001,1.0,chop,0.8383738229014153,0.0
16_time_of_day_session_effect,1428,2024-05-30 12:00:00+00:00,2024-05-31 00:00:00+00:00,2.8686176405545454,0.4523809523809524,0.5,0.0001,1.0,chop,0.8796399031272051,0.0,2.9636935771052957,0.4722222222222222,0.42063492063492064,0.00014599,1.0,chop,0.8202371554040525,0.0
16_time_of_day_session_effect,1429,2024-05-31 12:00:00+00:00,2024-06-01 00:00:00+00:00,2.8406507441372715,0.47619047619047616,0.42063492063492064,0.00012268,1.0,chop,0.847953110573562,0.0,2.7178445090592764,0.4722222222222222,0.015873015873015872,0.0001,1.0,chop,0.9119678291193746,0.0
16_time_of_day_session_effect,1430,2024-06-01 12:00:00+00:00,2024-06-02 00:00:00+00:00,2.6266554612950554,0.47619047619047616,0.015873015873015872,0.0001,1.0,chop,0.9098468243647968,0.0,2.6457000712483367,0.4365079365079365,0.10317460317460317,0.0001,1.0,chop,0.9193073566709827,0.0
16_time_of_day_session_effect,1431,2024-06-02 12:00:00+00:00,2024-06-03 00:00:00+00:00,2.5624427258880758,0.4365079365079365,0.10317460317460317,0.0001,1.0,chop,0.9151396398796472,0.0,3.516588060388251,0.3968253968253968,0.5317460317460317,0.0001,1.0,trend,1.032041638263243,0.0
16_time_of_day_session_effect,1432,2024-06-03 12:00:00+00:00,2024-06-04 00:00:00+00:00,3.5347667375466627,0.3968253968253968,0.5317460317460317,0.00014135,1.0,trend,1.0402744167343096,0.0,3.5233104862053133,0.21825396825396826,0.5555555555555556,0.00012008,1.0,trend,1.7319216767785746,0.0
16_time_of_day_session_effect,1433,2024-06-04 12:00:00+00:00,2024-06-05 00:00:00+00:00,3.7156244594905967,0.2222222222222222,0.5555555555555556,0.0001,1.0,trend,1.7097229763678985,0.0,4.085415200638352,0.21031746031746032,0.5476190476190477,0.0001,1.0,trend,1.5978994128643444,0.0
16_time_of_day_session_effect,1434,2024-06-05 12:00:00+00:00,2024-06-06 00:00:00+00:00,4.286870917497694,0.21428571428571427,0.5476190476190477,0.00016387,1.0,trend,1.5874075102833534,0.0,4.80962296144242,0.20634920634920634,0.30158730158730157,0.0001,1.0,trend,1.3551147953647762,0.0
16_time_of_day_session_effect,1435,2024-06-06 12:00:00+00:00,2024-06-07 00:00:00+00:00,4.925366543046778,0.20634920634920634,0.30158730158730157,0.00010438,1.0,trend,1.354678503866223,0.0,4.580841610232125,0.20634920634920634,0.6587301587301587,0.0001,1.0,trend,1.5225923239997472,0.0
16_time_of_day_session_effect,1436,2024-06-07 12:00:00+00:00,2024-06-08 00:00:00+00:00,4.483730488717025,0.20634920634920634,0.6587301587301587,0.0001,1.0,trend,1.535811778136559,0.0,4.681063468777485,0.1984126984126984,0.031746031746031744,0.0001,1.0,trend,1.5151619696907659,0.0
16_time_of_day_session_effect,1437,2024-06-08 12:00:00+00:00,2024-06-09 00:00:00+00:00,4.5737424476311705,0.1984126984126984,0.031746031746031744,0.0001,1.0,trend,1.5055226353265874,0.0,4.673840536904654,0.003968253968253968,0.011904761904761904,0.0001,1.0,trend,1.6073957515525255,0.0
16_time_of_day_session_effect,1438,2024-06-09 12:00:00+00:00,2024-06-10 00:00:00+00:00,4.609752649817013,0.007936507936507936,0.015873015873015872,0.0001,1.0,trend,1.609178011080228,0.0,4.895229066339239,0.003968253968253968,0.1984126984126984,0.0001,1.0,trend,1.5407072647557087,0.0
16_time_of_day_session_effect,1439,2024-06-10 12:00:00+00:00,2024-06-11 00:00:00+00:00,4.800125761921249,0.007936507936507936,0.1984126984126984,0.0001,1.0,trend,1.534057472629927,0.0,4.039139433477077,0.01984126984126984,0.6666666666666666,0.0001,1.0,trend,0.8849148965750904,0.0
16_time_of_day_session_effect,1440,2024-06-11 12:00:00+00:00,2024-06-12 00:00:00+00:00,3.6677254044123186,0.023809523809523808,0.6666666666666666,0.0001,1.0,trend,0.8788391516335732,0.0,3.3469108401299072,0.01984126984126984,0.5952380952380952,0.0001,1.0,trend,0.8875198797049164,0.0
16_time_of_day_session_effect,1441,2024-06-12 12:00:00+00:00,2024-06-13 00:00:00+00:00,3.1592213050780464,0.023809523809523808,0.5952380952380952,0.0001,1.0,trend,0.8735071371951292,0.0,2.662164496916168,0.03571428571428571,0.4365079365079365,0.0001,1.0,chop_low_vol,0.7337381357814406,0.0
16_time_of_day_session_effect,1442,2024-06-13 12:00:00+00:00,2024-06-14 00:00:00+00:00,2.327208919414472,0.03968253968253968,0.4365079365079365,0.0001,1.0,chop_low_vol,0.7255482654384298,0.0,1.962995937369593,0.03571428571428571,0.36904761904761907,0.0001,1.0,chop_low_vol,0.22373787951121027,0.0
16_time_of_day_session_effect,1443,2024-06-14 12:00:00+00:00,2024-06-15 00:00:00+00:00,1.5883236660948854,0.03968253968253968,0.373015873015873,0.0001,1.0,chop_low_vol,0.2152732763700611,0.0,1.2745669942653148,0.03571428571428571,0.03571428571428571,0.0001,1.0,chop_low_vol,0.2605879876722214,0.0
16_time_of_day_session_effect,1444,2024-06-15 12:00:00+00:00,2024-06-16 00:00:00+00:00,0.9907850451234861,0.03968253968253968,0.03968253968253968,0.0001,1.0,chop_low_vol,0.2511751765669154,0.0,0.7622055531337537,0.03571428571428571,0.011904761904761904,0.0001,1.0,chop_low_vol,0.37488637933716673,0.0
16_time_of_day_session_effect,1445,2024-06-16 12:00:00+00:00,2024-06-17 00:00:00+00:00,0.5940360004999903,0.03968253968253968,0.015873015873015872,0.0001,1.0,chop_low_vol,0.3618753309111359,0.0,0.4601190972504058,0.01984126984126984,0.4642857142857143,0.0001,1.0,chop_low_vol,0.4739545859645637,0.0
16_time_of_day_session_effect,1446,2024-06-17 12:00:00+00:00,2024-06-18 00:00:00+00:00,0.29216943950304947,0.023809523809523808,0.46825396825396826,0.0001,1.0,chop_low_vol,0.4628050078522004,0.0,0.0553274078283905,0.051587301587301584,0.7142857142857143,0.0001,1.0,chop_low_vol,-0.13674516414121596,0.0
16_time_of_day_session_effect,1447,2024-06-18 12:00:00+00:00,2024-06-19 00:00:00+00:00,0.38109255907562267,0.05555555555555555,0.7142857142857143,8.236e-05,1.0,chop_low_vol,-0.14612731303902668,0.0,0.7230159450200547,0.03571428571428571,0.20238095238095238,0.0001,1.0,chop_low_vol,-0.21022739374849267,0.0
16_time_of_day_session_effect,1448,2024-06-19 12:00:00+00:00,2024-06-20 00:00:00+00:00,1.0157241971421367,0.03968253968253968,0.20634920634920634,4.127e-05,1.0,chop_low_vol,-0.21576598741042952,0.0,1.3220515634707575,0.01984126984126984,0.3134920634920635,3.934e-05,1.0,chop_low_vol,-0.4749814334688313,0.0
16_time_of_day_session_effect,1449,2024-06-20 12:00:00+00:00,2024-06-21 00:00:00+00:00,1.57502504370961,0.023809523809523808,0.31746031746031744,5.953e-05,1.0,chop_low_vol,-0.47901830351544017,0.0,2.063295439883369,0.03571428571428571,0.34523809523809523,3.344e-05,1.0,chop_low_vol,-0.37355943277998027,0.0
16_time_of_day_session_effect,1450,2024-06-21 12:00:00+00:00,2024-06-22 00:00:00+00:00,2.386623121082399,0.03968253968253968,0.3492063492063492,7.328e-05,1.0,chop_low_vol,-0.36733485754595313,0.0,2.6000907015410752,0.051587301587301584,0.003968253968253968,0.0001,1.0,trend,-0.3103704384805834,0.0
16_time_of_day_session_effect,1451,2024-06-22 12:00:00+00:00,2024-06-23 00:00:00+00:00,2.820669329431389,0.05555555555555555,0.007936507936507936,4.146e-05,1.0,trend,-0.30536286603152657,0.0,2.9882289976950864,0.03571428571428571,0.011904761904761904,0.0001,1.0,trend,-0.6606591653022922,0.0
16_time_of_day_session_effect,1452,2024-06-23 12:00:00+00:00,2024-06-24 00:00:00+00:00,3.293868002747591,0.03968253968253968,0.015873015873015872,2.307e-05,1.0,trend,-0.6573995969202356,0.0,3.243266983142673,0.12301587301587301,0.7777777777777778,4.676e-05,1.0,trend,-1.747980769131507,0.0
16_time_of_day_session_effect,1453,2024-06-24 12:00:00+00:00,2024-06-25 00:00:00+00:00,3.7607338454256274,0.12698412698412698,0.7777777777777778,0.0001,1.0,trend,-1.7151856193401511,0.0,4.048572158279266,0.13095238095238096,0.4642857142857143,7.447e-05,1.0,trend,-1.0689358615835212,0.0
16_time_of_day_session_effect,1454,2024-07-28 12:00:00+00:00,2024-07-29 00:00:00+00:00,3.353901199811352,0.25396825396825395,0.15079365079365079,9.177e-05,1.0,trend,0.7000241365322173,0.0,4.199689794948097,0.28174603174603174,0.8531746031746031,2.804e-05,1.0,trend,0.42630343881987687,0.0
16_time_of_day_session_effect,1455,2024-07-29 12:00:00+00:00,2024-07-30 00:00:00+00:00,4.154325570813143,0.2857142857142857,0.8571428571428571,5.623e-05,1.0,trend,0.4319510143953013,0.0,3.954626275409849,0.2896825396825397,0.5992063492063492,3.396e-05,1.0,trend,0.1470685725117338,0.0
16_time_of_day_session_effect,1456,2024-07-30 12:00:00+00:00,2024-07-31 00:00:00+00:00,3.840715355921756,0.29365079365079366,0.6031746031746031,3.562e-05,1.0,trend,0.15389503010685404,0.0,3.4866221032275933,0.2976190476190476,0.5992063492063492,3.063e-05,1.0,trend,-0.3015839631312,0.0
16_time_of_day_session_effect,1457,2024-07-31 12:00:00+00:00,2024-08-01 00:00:00+00:00,3.227550777552964,0.30158730158730157,0.6031746031746031,7.178e-05,1.0,trend,-0.29203566826303984,0.0,2.906930139925073,0.3055555555555556,0.8650793650793651,8.208e-05,1.0,trend,-0.17162001715646102,0.0
16_time_of_day_session_effect,1458,2024-08-01 12:00:00+00:00,2024-08-02 00:00:00+00:00,2.7664355668828424,0.30952380952380953,0.8650793650793651,0.0001,1.0,trend,-0.16246083868897976,0.0,2.1931427720391317,0.5119047619047619,0.9126984126984127,0.0001,1.0,chop,-0.979555629485307,0.0
16_time_of_day_session_effect,1459,2024-08-02 12:00:00+00:00,2024-08-03 00:00:00+00:00,1.7128539031893883,0.5158730158730159,0.9126984126984127,0.0001,1.0,chop,-0.9634006403256237,0.0,1.1928666772583878,0.4801587301587302,0.6111111111111112,0.0001,0.0,chop,-1.1193708450165534,0.0
16_time_of_day_session_effect,1460,2024-08-03 12:00:00+00:00,2024-08-04 00:00:00+00:00,0.7397353970953972,0.48412698412698413,0.6111111111111112,9.788e-05,0.0,chop,-1.1035073263493704,0.0,0.0694089191791067,0.2976190476190476,0.6111111111111112,0.0001,0.0,chop_low_vol,-1.699167470474901,0.0
16_time_of_day_session_effect,1461,2024-08-04 12:00:00+00:00,2024-08-05 00:00:00+00:00,0.4888805394538716,0.30158730158730157,0.6111111111111112,5.343e-05,0.0,chop,-1.6707568757425182,0.0,1.201826707420472,0.6785714285714286,1.0,0.0001,0.0,chop,-2.5132995601267356,0.0
16_time_of_day_session_effect,1462,2024-08-05 12:00:00+00:00,2024-08-06 00:00:00+00:00,1.8928850380658508,0.6825396825396826,1.0,4.429e-05,0.0,chop,-2.4402879169884373,0.0,2.166139143089426,0.7896825396825397,0.9642857142857143,3.566e-05,0.0,chop_high_vol,-1.8131896010673498,0.0
16_time_of_day_session_effect,1463,2024-08-06 12:00:00+00:00,2024-08-07 00:00:00+00:00,2.530791446844272,0.7936507936507936,0.9682539682539683,-2.845e-05,0.0,trend_high_vol,-1.781007538076474,0.0,2.901565969282451,0.8055555555555556,0.8650793650793651,-7.3e-06,0.0,trend_high_vol,-2.0003469359409882,0.0
16_time_of_day_session_effect,1464,2024-08-07 12:00:00+00:00,2024-08-08 00:00:00+00:00,3.2477714654446763,0.8095238095238095,0.8650793650793651,-6.859e-05,0.0,trend_high_vol,-1.9613075035439766,0.0,2.0474698043712376,0.9880952380952381,0.9365079365079365,3.241e-05,0.0,chop_high_vol,-0.5486908336681141,0.0
16_time_of_day_session_effect,1465,2024-08-08 12:00:00+00:00,2024-08-09 00:00:00+00:00,1.9206859320013454,0.9920634920634921,0.9365079365079365,3.086e-05,0.0,chop_high_vol,-0.5358834894286411,0.0,1.9494750846082352,0.996031746031746,0.6865079365079365,4.994e-05,0.0,chop_high_vol,-0.7727119273622222,0.0
16_time_of_day_session_effect,1466,2024-08-09 12:00:00+00:00,2024-08-10 00:00:00+00:00,1.8739270795425251,1.0,0.6904761904761905,2.184e-05,0.0,chop_high_vol,-0.7602355463091233,0.0,1.7982447985579686,0.9841269841269841,0.0992063492063492,-3.942e-05,0.0,chop_high_vol,-0.7312016087762089,0.0
16_time_of_day_session_effect,1467,2024-10-28 12:00:00+00:00,2024-10-29 00:00:00+00:00,4.9043978565999815,0.2698412698412698,0.8174603174603174,0.0001,1.0,trend,1.7275352412985407,0.0,4.547901722348718,0.2698412698412698,0.9920634920634921,0.0001,1.0,trend,2.4051875889842735,0.0
16_time_of_day_session_effect,1468,2024-10-29 12:00:00+00:00,2024-10-30 00:00:00+00:00,4.890909628177917,0.2698412698412698,0.9920634920634921,0.0001,1.0,trend,2.328886351116129,0.0,5.259526568711821,0.2698412698412698,0.8333333333333334,0.0001,1.0,trend,1.9775507935407814,0.0
16_time_of_day_session_effect,1469,2024-10-30 12:00:00+00:00,2024-10-31 00:00:00+00:00,5.48529765200696,0.2698412698412698,0.8333333333333334,0.0001,1.0,trend,1.9285668022552127,0.0,5.002740929103862,0.2857142857142857,0.8253968253968254,0.0001,1.0,trend,1.6240735023807695,0.0
16_time_of_day_session_effect,1470,2024-10-31 12:00:00+00:00,2024-11-01 00:00:00+00:00,4.977191997531015,0.2857142857142857,0.8253968253968254,0.0001,1.0,trend,1.5911941610342977,0.0,5.029777594367546,0.29365079365079366,0.9682539682539683,0.0001,1.0,trend,1.3261345570447887,0.0
16_time_of_day_session_effect,1471,2024-11-01 12:00:00+00:00,2024-11-02 00:00:00+00:00,4.927083172126139,0.29365079365079366,0.9682539682539683,0.0001,1.0,trend,1.3040381247600668,0.0,4.7791549371240105,0.2857142857142857,0.15079365079365079,0.0001,1.0,trend,1.2198546393532455,0.0
16_time_of_day_session_effect,1472,2024-11-02 12:00:00+00:00,2024-11-03 00:00:00+00:00,4.661453901148849,0.2857142857142857,0.15079365079365079,0.0001,1.0,trend,1.1989381759510933,0.0,4.559723966630138,0.05952380952380952,0.6507936507936508,0.0001,1.0,trend,1.004506952397018,0.0
16_time_of_day_session_effect,1473,2024-11-03 12:00:00+00:00,2024-11-04 00:00:00+00:00,4.399222184763492,0.06349206349206349,0.6507936507936508,0.0001,1.0,trend,0.9882334724498215,0.0,4.411049006475606,0.05555555555555555,0.8650793650793651,0.0001,1.0,trend,0.6919075822939348,0.0
16_time_of_day_session_effect,1474,2024-11-04 12:00:00+00:00,2024-11-05 00:00:00+00:00,4.173844468817426,0.05555555555555555,0.8650793650793651,0.0001,1.0,trend,0.6789198831356122,0.0,3.637799580751978,0.09523809523809523,0.9365079365079365,0.0001,1.0,trend,1.1491478482114303,0.0
16_time_of_day_session_effect,1475,2024-11-05 12:00:00+00:00,2024-11-06 00:00:00+00:00,3.5754393492465684,0.09523809523809523,0.9365079365079365,0.0001,1.0,trend,1.142933965725337,0.0,2.8295140999580877,0.746031746031746,1.0,0.0001,1.0,trend_high_vol,3.653044410221552,0.0
16_time_of_day_session_effect,1476,2024-11-06 12:00:00+00:00,2024-11-07 00:00:00+00:00,3.1260702943781222,0.746031746031746,1.0,0.0001,1.0,trend_high_vol,3.5005060745966605,0.0,3.645711523710472,0.7222222222222222,0.9841269841269841,0.0001,1.0,trend_high_vol,3.195709990484196,0.0
16_time_of_day_session_effect,1477,2024-11-07 12:00:00+00:00,2024-11-08 00:00:00+00:00,3.901227169246763,0.7222222222222222,0.9841269841269841,0.0001,1.0,trend_high_vol,3.0820838567070776,0.0,4.330102482325771,0.7222222222222222,0.9642857142857143,0.0001,1.0,trend_high_vol,3.187029170541163,0.0
16_time_of_day_session_effect,1478,2024-11-08 12:00:00+00:00,2024-11-09 00:00:00+00:00,4.564389508706835,0.7222222222222222,0.9682539682539683,0.0001,1.0,trend_high_vol,3.0469184936816305,0.0,4.808437744829441,0.7063492063492064,0.373015873015873,0.0001,1.0,trend_high_vol,2.9727727783423004,0.0
16_time_of_day_session_effect,1479,2024-11-09 12:00:00+00:00,2024-11-10 00:00:00+00:00,4.991873449798573,0.7063492063492064,0.373015873015873,0.0001,1.0,trend_high_vol,2.8528061264711186,0.0,4.586290444436148,0.8095238095238095,0.9841269841269841,0.0001,1.0,trend_high_vol,3.5124866744658005,0.0
16_time_of_day_session_effect,1480,2024-11-10 12:00:00+00:00,2024-11-11 00:00:00+00:00,4.884764145958148,0.8095238095238095,0.9841269841269841,0.00025603,1.0,trend_high_vol,3.3291203756065704,0.0,4.137795266548198,0.8412698412698413,0.9920634920634921,0.00014113,1.0,trend_high_vol,4.87519900657652,0.0
16_time_of_day_session_effect,1481,2024-11-11 12:00:00+00:00,2024-11-12 00:00:00+00:00,4.6125248455762815,0.8412698412698413,0.9920634920634921,0.0001,1.0,trend_high_vol,4.432977638397999,0.0,5.4875538195304365,0.8333333333333334,1.0,0.0001,1.0,trend_high_vol,4.032433051707231,0.0
16_time_of_day_session_effect,1482,2024-11-12 12:00:00+00:00,2024-11-13 00:00:00+00:00,5.851789433265526,0.8333333333333334,1.0,0.00043737,1.0,trend_high_vol,3.755416759189756,0.0,5.711008413983535,0.8333333333333334,0.9920634920634921,0.0001,1.0,trend_high_vol,3.90100265982802,0.0
16_time_of_day_session_effect,1483,2024-11-13 12:00:00+00:00,2024-11-14 00:00:00+00:00,6.053278644856809,0.8333333333333334,0.9920634920634921,0.00013101,1.0,trend_high_vol,3.648245325380544,0.0,6.317766720360636,0.8571428571428571,0.9603174603174603,0.00021856,1.0,trend_high_vol,3.1323202309853158,0.0
16_time_of_day_session_effect,1484,2024-11-14 12:00:00+00:00,2024-11-15 00:00:00+00:00,6.441270204650076,0.8571428571428571,0.9603174603174603,0.0001,1.0,trend_high_vol,2.9905818579238588,0.0,5.915575907762999,0.8571428571428571,0.9444444444444444,0.0001,1.0,trend_high_vol,3.256730712821797,0.0
16_time_of_day_session_effect,1485,2024-11-15 12:00:00+00:00,2024-11-16 00:00:00+00:00,6.109647796752011,0.8571428571428571,0.9444444444444444,0.0001,1.0,trend_high_vol,3.10303052806026,0.0,6.244133876045786,0.8571428571428571,0.8571428571428571,0.00010977,1.0,trend_high_vol,2.9152716248844737,0.0
16_time_of_day_session_effect,1486,2024-11-16 12:00:00+00:00,2024-11-17 00:00:00+00:00,6.356308786506943,0.8571428571428571,0.8571428571428571,0.0001,1.0,trend_high_vol,2.7942851858272295,0.0,6.466974334351995,0.8412698412698413,0.873015873015873,0.00015765,1.0,trend_high_vol,2.6217367060494943,0.0
16_time_of_day_session_effect,1487,2024-11-17 12:00:00+00:00,2024-11-18 00:00:00+00:00,6.506145300270257,0.8412698412698413,0.873015873015873,0.0001,1.0,trend_high_vol,2.527496019447759,0.0,6.592984928996257,0.8333333333333334,0.9365079365079365,0.0001,1.0,trend_high_vol,2.367594822669198,0.0
16_time_of_day_session_effect,1488,2024-11-18 12:00:00+00:00,2024-11-19 00:00:00+00:00,6.6214687046847045,0.8333333333333334,0.9365079365079365,0.0003645,1.0,trend_high_vol,2.293306768310414,0.0,6.618083531811182,0.8333333333333334,0.9285714285714286,0.00021606,1.0,trend_high_vol,2.3227562995870397,0.0
16_time_of_day_session_effect,1489,2024-11-19 12:00:00+00:00,2024-11-20 00:00:00+00:00,6.675094437108595,0.8333333333333334,0.9285714285714286,0.00030216,1.0,trend_high_vol,2.2518770183512165,0.0,7.9646116120702555,0.7936507936507936,0.9206349206349206,0.00017959,1.0,trend_high_vol,2.280162786607001,1.0
16_time_of_day_session_effect,1490,2024-11-20 12:00:00+00:00,2024-11-21 00:00:00+00:00,8.065723360533887,0.7936507936507936,0.9206349206349206,0.0001,1.0,trend_high_vol,2.212225327837846,1.0,7.137749869355569,0.8095238095238095,0.9603174603174603,0.0001,1.0,trend_high_vol,2.3799172986617934,1.0
16_time_of_day_session_effect,1491,2024-11-21 12:00:00+00:00,2024-11-22 00:00:00+00:00,7.321749333869082,0.8095238095238095,0.9603174603174603,0.0001,1.0,trend_high_vol,2.3049216047721037,1.0,7.5187261104544545,0.7936507936507936,0.9365079365079365,0.0001,1.0,trend_high_vol,2.1767649973526133,1.0
16_time_of_day_session_effect,1492,2024-11-22 12:00:00+00:00,2024-11-23 00:00:00+00:00,7.65281426676393,0.7936507936507936,0.9365079365079365,0.0001,1.0,trend_high_vol,2.1157950787417863,1.0,7.620872963233087,0.8095238095238095,0.8095238095238095,0.0001,1.0,trend_high_vol,1.9800813716898509,0.0
16_time_of_day_session_effect,1493,2024-11-23 12:00:00+00:00,2024-11-24 00:00:00+00:00,7.6536508624557715,0.8095238095238095,0.8095238095238095,0.0001,1.0,trend_high_vol,1.9304403573503042,0.0,8.663437414918834,0.7777777777777778,0.873015873015873,0.0001,1.0,trend_high_vol,1.8988064212288926,0.0
16_time_of_day_session_effect,1494,2024-11-24 12:00:00+00:00,2024-11-25 00:00:00+00:00,8.666277364986271,0.7777777777777778,0.873015873015873,0.00016148,1.0,trend_high_vol,1.8538538970851877,0.0,10.449294927025557,0.8650793650793651,0.9365079365079365,0.00021035,1.0,trend_high_vol,1.7108547179698754,0.0
16_time_of_day_session_effect,1495,2024-11-25 12:00:00+00:00,2024-11-26 00:00:00+00:00,10.17290850470248,0.8650793650793651,0.9365079365079365,0.0001,1.0,trend_high_vol,1.67398588870497,0.0,9.843443994317571,0.7222222222222222,0.9523809523809523,0.00021902,1.0,trend_high_vol,1.5584971561920118,0.0
16_time_of_day_session_effect,1496,2024-11-26 12:00:00+00:00,2024-11-27 00:00:00+00:00,9.52712879728509,0.7222222222222222,0.9523809523809523,0.00017936,1.0,trend_high_vol,1.5275609489963757,0.0,8.658460039468231,0.7222222222222222,0.8809523809523809,0.00031205,1.0,trend_high_vol,1.702470806435801,0.0
16_time_of_day_session_effect,1497,2024-11-27 12:00:00+00:00,2024-11-28 00:00:00+00:00,8.56474847414935,0.7222222222222222,0.8809523809523809,0.00016795,1.0,trend_high_vol,1.6659133016357093,0.0,9.494289268114398,0.7222222222222222,0.8492063492063492,0.0001,1.0,trend_high_vol,1.6122738372184373,0.0
16_time_of_day_session_effect,1498,2024-11-28 12:00:00+00:00,2024-11-29 00:00:00+00:00,9.354948396714368,0.7222222222222222,0.8492063492063492,0.00014326,1.0,trend_high_vol,1.579314932215373,0.0,10.029272580333526,0.7222222222222222,0.8492063492063492,0.00020619,1.0,trend_high_vol,1.6172780601770258,0.0
16_time_of_day_session_effect,1499,2024-11-29 12:00:00+00:00,2024-11-30 00:00:00+00:00,9.963612479753104,0.7222222222222222,0.8492063492063492,0.00011747,1.0,trend_high_vol,1.5844878061070564,0.0,9.741317711542022,0.6984126984126984,0.39285714285714285,0.0001,1.0,trend,1.4960397532089946,0.0
16_time_of_day_session_effect,1500,2024-11-30 12:00:00+00:00,2024-12-01 00:00:00+00:00,9.595018232397118,0.6984126984126984,0.3968253968253968,0.00015909,1.0,trend,1.4688837005147632,0.0,9.38405486968282,0.46825396825396826,0.5555555555555556,0.00015901,1.0,trend,1.4902163135147235,0.0
16_time_of_day_session_effect,1501,2024-12-01 12:00:00+00:00,2024-12-02 00:00:00+00:00,9.272425566336878,0.46825396825396826,0.5555555555555556,0.00019581,1.0,trend,1.4633101844531748,0.0,8.96918658715136,0.47619047619047616,0.8888888888888888,0.0001,1.0,trend,1.4024875878845409,0.0
16_time_of_day_session_effect,1502,2024-12-02 12:00:00+00:00,2024-12-03 00:00:00+00:00,8.770174280160662,0.47619047619047616,0.8888888888888888,0.00024556,1.0,trend,1.3783051734612288,0.0,9.20658910178361,0.42857142857142855,0.8650793650793651,0.00012779,1.0,trend,1.3414439581437185,0.0
16_time_of_day_session_effect,1503,2024-12-03 12:00:00+00:00,2024-12-04 00:00:00+00:00,9.00457069070244,0.42857142857142855,0.8650793650793651,0.00024926,1.0,trend,1.3182414563473086,0.0,8.477555234005912,0.3888888888888889,0.9047619047619048,0.00026634,1.0,trend,1.4331016832145684,0.0
16_time_of_day_session_effect,1504,2024-12-04 12:00:00+00:00,2024-12-05 00:00:00+00:00,8.434172232919016,0.3888888888888889,0.9047619047619048,0.00026254,1.0,trend,1.4076684412101843,0.0,9.236583419217888,0.3531746031746032,1.0,0.00023234,1.0,trend,1.317213820520291,0.0
16_time_of_day_session_effect,1505,2024-12-05 12:00:00+00:00,2024-12-06 00:00:00+00:00,9.031593326119134,0.35714285714285715,1.0,0.00072446,1.0,trend,1.2946265022022156,0.0,7.764029760683635,0.38492063492063494,0.9444444444444444,0.0001,1.0,trend,1.4327610643656437,0.0
16_time_of_day_session_effect,1506,2024-12-06 12:00:00+00:00,2024-12-07 00:00:00+00:00,7.7581295120289795,0.3888888888888889,0.9444444444444444,0.00014634,1.0,trend,1.4076887476324103,0.0,8.11614351594978,0.376984126984127,0.7063492063492064,0.00031972,1.0,trend,1.3832235519311256,0.0
16_time_of_day_session_effect,1507,2024-12-07 12:00:00+00:00,2024-12-08 00:00:00+00:00,8.077573999138016,0.38095238095238093,0.7063492063492064,0.00012374,1.0,trend,1.359360160483202,0.0,7.669095847118902,0.39285714285714285,0.6984126984126984,0.00016985,1.0,trend,1.4076432885880448,0.0
16_time_of_day_session_effect,1508,2024-12-08 12:00:00+00:00,2024-12-09 00:00:00+00:00,7.673563426341045,0.3968253968253968,0.6984126984126984,0.00016572,1.0,trend,1.3842713867205194,0.0,8.130245168005237,0.4642857142857143,0.9603174603174603,0.00030413,1.0,trend,1.0997623715693872,0.0
16_time_of_day_session_effect,1509,2024-12-09 12:00:00+00:00,2024-12-10 00:00:00+00:00,7.8927645684443135,0.46825396825396826,0.9603174603174603,0.00021032,1.0,trend,1.0829932097747124,0.0,7.809386424192869,0.44047619047619047,0.9444444444444444,0.00011115,1.0,trend,0.9556587827855465,0.0
16_time_of_day_session_effect,1510,2024-12-10 12:00:00+00:00,2024-12-11 00:00:00+00:00,7.53916666208673,0.4444444444444444,0.9444444444444444,0.0001,1.0,trend,0.9404017335722904,0.0,7.129441076546719,0.4722222222222222,0.9126984126984127,0.0001,1.0,trend,1.1041486923021306,1.0
16_time_of_day_session_effect,1511,2024-12-11 12:00:00+00:00,2024-12-12 00:00:00+00:00,7.13267627554615,0.47619047619047616,0.9126984126984127,0.0001,1.0,trend,1.0869054011474681,1.0,6.911377059008088,0.4801587301587302,0.8412698412698413,0.0001,1.0,trend,1.1029212721364823,0.0
16_time_of_day_session_effect,1512,2024-12-12 12:00:00+00:00,2024-12-13 00:00:00+00:00,6.826763850230864,0.48412698412698413,0.8412698412698413,0.0001,1.0,trend,1.08612111436958,0.0,6.850164290905556,0.4880952380952381,0.7936507936507936,0.0001,1.0,trend,1.2136691619595805,0.0
16_time_of_day_session_effect,1513,2024-12-13 12:00:00+00:00,2024-12-14 00:00:00+00:00,6.827039275549239,0.49206349206349204,0.7936507936507936,0.0001,1.0,trend,1.193739327514732,0.0,7.060898081563949,0.503968253968254,0.6031746031746031,6.75e-05,1.0,trend,1.169290495471559,0.0
16_time_of_day_session_effect,1514,2024-12-14 12:00:00+00:00,2024-12-15 00:00:00+00:00,7.007573646879648,0.5079365079365079,0.6031746031746031,0.0001,1.0,trend,1.1501621930777555,0.0,6.384808137540493,0.36904761904761907,0.753968253968254,0.0001,1.0,trend,1.291079569834062,0.0
16_time_of_day_session_effect,1515,2024-12-15 12:00:00+00:00,2024-12-16 00:00:00+00:00,6.461685844174258,0.373015873015873,0.753968253968254,8.194e-05,1.0,trend,1.2695305692703043,0.0,6.45118047498955,0.36904761904761907,0.9206349206349206,0.0001,1.0,trend,1.3506414964512792,0.0
16_time_of_day_session_effect,1516,2024-12-16 12:00:00+00:00,2024-12-17 00:00:00+00:00,6.566443216565294,0.373015873015873,0.9206349206349206,0.0001,1.0,trend,1.3283023766914273,0.0,6.6637387571540785,0.2261904761904762,0.8095238095238095,7.866e-05,1.0,trend,1.3269921223271164,0.0
16_time_of_day_session_effect,1517,2024-12-17 12:00:00+00:00,2024-12-18 00:00:00+00:00,6.73380864573441,0.23015873015873015,0.8095238095238095,0.0001,1.0,trend,1.3052338305369233,0.0,6.180534251743308,0.49603174603174605,0.9285714285714286,0.0001,1.0,trend,0.9680094577223542,0.0
16_time_of_day_session_effect,1518,2024-12-18 12:00:00+00:00,2024-12-19 00:00:00+00:00,5.932520605194416,0.5,0.9285714285714286,9.159e-05,1.0,trend,0.9525208575444332,0.0,5.647247820900212,0.5515873015873016,0.9365079365079365,0.0001,1.0,trend,0.8864717150752569,0.0
16_time_of_day_session_effect,1519,2024-12-19 12:00:00+00:00,2024-12-20 00:00:00+00:00,5.304863934719304,0.5555555555555556,0.9365079365079365,0.0001,1.0,trend,0.8718529807548053,0.0,5.58760058185862,0.5436507936507936,0.9444444444444444,0.0001,1.0,trend,0.792649304244106,0.0
16_time_of_day_session_effect,1520,2024-12-20 12:00:00+00:00,2024-12-21 00:00:00+00:00,5.27097036549824,0.5476190476190477,0.9444444444444444,0.0001,1.0,trend,0.7792176002127704,0.0,4.872687633608937,0.5436507936507936,0.7222222222222222,0.0001,1.0,trend,0.7339101959512898,0.0
16_time_of_day_session_effect,1521,2024-12-21 12:00:00+00:00,2024-12-22 00:00:00+00:00,4.575264567540754,0.5476190476190477,0.7222222222222222,1.206e-05,1.0,chop,0.7209742540762186,0.0,4.139333474018489,0.5833333333333334,0.6111111111111112,0.0001,1.0,chop,0.5750704160914638,0.0
16_time_of_day_session_effect,1522,2024-12-22 12:00:00+00:00,2024-12-23 00:00:00+00:00,3.779663491557206,0.5873015873015873,0.6111111111111112,0.0001,1.0,chop,0.5623127966792958,0.0,3.908542629451064,0.5912698412698413,0.7698412698412699,0.0001,1.0,chop,0.5609668033045979,0.0
16_time_of_day_session_effect,1523,2024-12-23 12:00:00+00:00,2024-12-24 00:00:00+00:00,3.539148394527077,0.5952380952380952,0.7698412698412699,0.0001,1.0,chop,0.5481784153738992,0.0,2.9063705662144206,0.6626984126984127,0.6587301587301587,0.0001,1.0,chop,0.7793414155028683,0.0
16_time_of_day_session_effect,1524,2024-12-24 12:00:00+00:00,2024-12-25 00:00:00+00:00,2.836596802560535,0.6666666666666666,0.6587301587301587,0.0001,1.0,chop,0.7675982882113377,0.0,3.2531539023462304,0.6388888888888888,0.373015873015873,0.0001,1.0,chop,0.7971565987083795,0.0
16_time_of_day_session_effect,1525,2024-12-25 12:00:00+00:00,2024-12-26 00:00:00+00:00,3.2093704564351198,0.6428571428571429,0.373015873015873,0.0001,1.0,chop,0.7858869759968762,0.0,2.7725363994267362,0.6547619047619048,0.6507936507936508,9.827e-05,1.0,chop,0.4821782303883461,0.0
16_time_of_day_session_effect,1526,2024-12-26 12:00:00+00:00,2024-12-27 00:00:00+00:00,2.543948951265624,0.6587301587301587,0.6507936507936508,7.453e-05,1.0,chop,0.4690895609514789,0.0,2.252521592480229,0.6626984126984127,0.7222222222222222,0.0001,1.0,chop,0.3928340244605782,0.0
16_time_of_day_session_effect,1527,2024-12-27 12:00:00+00:00,2024-12-28 00:00:00+00:00,1.9724004969253288,0.6666666666666666,0.7222222222222222,0.0001,1.0,chop,0.37904210879046246,0.0,1.6953188154590542,0.6626984126984127,0.15873015873015872,0.0001,1.0,chop,0.4423433591010246,0.0
16_time_of_day_session_effect,1528,2024-12-28 12:00:00+00:00,2024-12-29 00:00:00+00:00,1.5241341569757514,0.6666666666666666,0.15873015873015872,7.639e-05,1.0,chop,0.42904823988702706,0.0,1.3556236933250696,0.5119047619047619,0.23809523809523808,8.013e-05,1.0,chop,0.2850210481427677,0.0
16_time_of_day_session_effect,1529,2024-12-29 12:00:00+00:00,2024-12-30 00:00:00+00:00,1.1164670369822671,0.5158730158730159,0.23809523809523808,0.0001,1.0,chop,0.26998077877867527,0.0,0.8788460207021641,0.5515873015873016,0.7380952380952381,-4.2e-07,1.0,chop,0.21269780033523533,0.0
16_time_of_day_session_effect,1530,2024-12-30 12:00:00+00:00,2024-12-31 00:00:00+00:00,0.6267506808260311,0.5555555555555556,0.7380952380952381,8.791e-05,1.0,chop,0.19581397572247256,0.0,0.43222994726975933,0.36904761904761907,0.5714285714285714,0.0001,1.0,chop,0.1747636102537982,0.0
16_time_of_day_session_effect,1531,2024-12-31 12:00:00+00:00,2025-01-01 00:00:00+00:00,0.2776234637451587,0.373015873015873,0.5714285714285714,0.0001,1.0,chop,0.15594483717291527,0.0,0.23807711749696106,0.38492063492063494,0.15476190476190477,0.0001,1.0,chop,0.22931018814486387,0.0
16_time_of_day_session_effect,1532,2025-01-01 12:00:00+00:00,2025-01-02 00:00:00+00:00,0.15168413821794374,0.3888888888888889,0.15873015873015872,0.0001,1.0,chop,0.21086091807132565,0.0,0.24431640663868912,0.4166666666666667,0.6111111111111112,0.0001,1.0,chop,0.33049989209252095,0.0
16_time_of_day_session_effect,1533,2025-01-02 12:00:00+00:00,2025-01-03 00:00:00+00:00,0.33050926369083994,0.42063492063492064,0.6111111111111112,0.0001,1.0,chop,0.3149762086768436,0.0,0.4649492247606491,0.4246031746031746,0.3968253968253968,0.0001,1.0,chop,0.48750556796448524,0.0
16_time_of_day_session_effect,1534,2025-01-03 12:00:00+00:00,2025-01-04 00:00:00+00:00,0.6005905255556725,0.42857142857142855,0.3968253968253968,0.0001,1.0,chop,0.4820282801060586,0.0,0.7416259190011432,0.3531746031746032,0.14285714285714285,7.699e-05,1.0,chop,0.49262065942040384,0.0
16_time_of_day_session_effect,1535,2025-01-04 12:00:00+00:00,2025-01-05 00:00:00+00:00,0.8569997928951597,0.35714285714285715,0.14285714285714285,0.0001,1.0,chop,0.4912069234394857,0.0,1.0628057172746808,0.34523809523809523,0.1388888888888889,0.0001,1.0,chop,0.4916748158880452,0.0
16_time_of_day_session_effect,1536,2025-01-21 12:00:00+00:00,2025-01-22 00:00:00+00:00,2.6649039736921862,0.8015873015873016,0.8809523809523809,0.0001,1.0,chop_high_vol,1.4264679572134327,0.0,2.764616966363119,0.8015873015873016,0.626984126984127,0.0001,1.0,chop_high_vol,0.540282516921525,0.0
16_time_of_day_session_effect,1537,2025-01-22 12:00:00+00:00,2025-01-23 00:00:00+00:00,2.8267011308421583,0.8015873015873016,0.626984126984127,0.0001,1.0,chop_high_vol,0.5308782028791217,0.0,3.15754496440604,0.7857142857142857,0.9206349206349206,0.0001,1.0,chop_high_vol,0.6623169206274551,0.0
16_time_of_day_session_effect,1538,2025-01-23 12:00:00+00:00,2025-01-24 00:00:00+00:00,3.2142948962132896,0.7857142857142857,0.9206349206349206,0.0001,1.0,chop_high_vol,0.6518284106524932,0.0,3.497258499830463,0.7936507936507936,0.5952380952380952,3.34e-06,1.0,chop_high_vol,0.7346400919308461,0.0
16_time_of_day_session_effect,1539,2025-01-24 12:00:00+00:00,2025-01-25 00:00:00+00:00,3.5767103229395234,0.7936507936507936,0.5952380952380952,7.537e-05,1.0,chop_high_vol,0.7214781315919215,0.0,3.64390457838979,0.7936507936507936,0.1349206349206349,5.702e-05,1.0,chop_high_vol,0.6772925448060206,0.0
16_time_of_day_session_effect,1540,2025-01-25 12:00:00+00:00,2025-01-26 00:00:00+00:00,3.6870815422642256,0.7936507936507936,0.1349206349206349,8.495e-05,1.0,chop_high_vol,0.664302515741703,0.0,3.399817791463833,0.7222222222222222,0.12698412698412698,8.363e-05,1.0,chop_high_vol,0.04001508746449974,0.0
16_time_of_day_session_effect,1541,2025-01-26 12:00:00+00:00,2025-01-27 00:00:00+00:00,3.3157055318795576,0.7222222222222222,0.12698412698412698,0.0001,1.0,chop_high_vol,0.035580956014181805,0.0,3.1502495636769483,0.4365079365079365,0.873015873015873,9.084e-05,1.0,chop,0.30167980661282917,0.0
16_time_of_day_session_effect,1542,2025-01-27 12:00:00+00:00,2025-01-28 00:00:00+00:00,3.041097013228097,0.4365079365079365,0.873015873015873,3.712e-05,1.0,chop,0.2944226103107718,0.0,3.0817816669988125,0.36507936507936506,0.5079365079365079,0.0001,1.0,chop,-0.27928613058632157,0.0
16_time_of_day_session_effect,1543,2025-01-28 12:00:00+00:00,2025-01-29 00:00:00+00:00,2.9357126377243965,0.36507936507936506,0.5079365079365079,3.714e-05,1.0,chop,-0.27884799765363993,0.0,3.0945653496041983,0.31746031746031744,0.5079365079365079,0.0001,1.0,chop,0.4213287388682251,0.0
16_time_of_day_session_effect,1544,2025-01-29 12:00:00+00:00,2025-01-30 00:00:00+00:00,3.090553998593165,0.31746031746031744,0.5079365079365079,0.0001,1.0,chop,0.4133374073111591,0.0,3.0795057435207096,0.2857142857142857,0.3968253968253968,7.59e-05,1.0,chop_low_vol,0.11172128595019094,1.0
16_time_of_day_session_effect,1545,2025-01-30 12:00:00+00:00,2025-01-31 00:00:00+00:00,3.1199502948492155,0.2857142857142857,0.3968253968253968,0.0001,1.0,chop_low_vol,0.10824901012321105,1.0,3.448010650524732,0.3333333333333333,0.4523809523809524,1.225e-05,1.0,chop,-0.4895054122432599,0.0
16_time_of_day_session_effect,1546,2025-01-31 12:00:00+00:00,2025-02-01 00:00:00+00:00,3.3248851382108047,0.3333333333333333,0.4523809523809524,0.0001,1.0,chop,-0.4897579662137166,0.0,2.9050882799439814,0.38095238095238093,0.15873015873015872,8.098e-05,1.0,chop,-1.0312369612151833,0.0
16_time_of_day_session_effect,1547,2025-02-01 12:00:00+00:00,2025-02-02 00:00:00+00:00,2.6967914727997075,0.38095238095238093,0.15873015873015872,5.369e-05,1.0,chop,-1.024376215660704,0.0,2.4043927635436275,0.48412698412698413,0.6904761904761905,5.968e-05,1.0,chop,-1.9223277804072112,0.0
16_time_of_day_session_effect,1548,2025-02-02 12:00:00+00:00,2025-02-03 00:00:00+00:00,2.038132409472126,0.48412698412698413,0.6904761904761905,3.38e-05,1.0,chop,-1.876198599993822,0.0,1.6696402835648416,0.5634920634920635,0.9523809523809523,0.0001,1.0,chop,-0.9524858551451193,0.0
16_time_of_day_session_effect,1549,2025-02-03 12:00:00+00:00,2025-02-04 00:00:00+00:00,1.6068210590905423,0.5634920634920635,0.9523809523809523,0.0001,1.0,chop,-0.9420115001906323,0.0,1.4215365188456657,0.5476190476190477,0.7698412698412699,2.612e-05,1.0,chop,-2.166202338051912,0.0
16_time_of_day_session_effect,1550,2025-02-04 12:00:00+00:00,2025-02-05 00:00:00+00:00,1.1662350725185273,0.5476190476190477,0.7698412698412699,6.8e-05,1.0,chop,-2.106521066973495,0.0,0.9084563793520236,0.5476190476190477,0.5,4.138e-05,1.0,chop,-2.5774891603601726,0.0
16_time_of_day_session_effect,1551,2025-02-05 12:00:00+00:00,2025-02-06 00:00:00+00:00,0.6138504437661731,0.5476190476190477,0.5,4.774e-05,1.0,chop,-2.488436360450717,0.0,0.3516527246351157,0.2777777777777778,0.42063492063492064,1.61e-05,1.0,chop_low_vol,-2.275310323914759,0.0
16_time_of_day_session_effect,1552,2025-02-06 12:00:00+00:00,2025-02-07 00:00:00+00:00,0.10961262651960348,0.2777777777777778,0.42063492063492064,-2.38e-06,1.0,chop_low_vol,-2.2127509661021434,0.0,0.1153478601353536,0.2698412698412698,0.6111111111111112,7.983e-05,1.0,chop_low_vol,-2.2682000181839337,0.0
16_time_of_day_session_effect,1553,2025-02-07 12:00:00+00:00,2025-02-08 00:00:00+00:00,0.3198084910646655,0.2698412698412698,0.6111111111111112,6.989e-05,1.0,chop_low_vol,-2.20325740505753,0.0,0.5066799203810965,0.15873015873015872,0.10317460317460317,-4.1e-05,1.0,chop_low_vol,-2.1612250645758526,0.0
16_time_of_day_session_effect,1554,2025-02-08 12:00:00+00:00,2025-02-09 00:00:00+00:00,0.6719753466432459,0.15873015873015872,0.10317460317460317,1.137e-05,1.0,chop_low_vol,-2.1097060049442327,0.0,0.8945582177929302,0.15079365079365079,0.14285714285714285,3.873e-05,1.0,chop_low_vol,-2.048545970852786,0.0
16_time_of_day_session_effect,1555,2025-02-09 12:00:00+00:00,2025-02-10 00:00:00+00:00,1.0348400677270344,0.15079365079365079,0.14285714285714285,9.6e-05,1.0,chop_low_vol,-1.9952594689018437,0.0,1.056569573458996,0.027777777777777776,0.30158730158730157,1.802e-05,1.0,chop_low_vol,-2.0947283274795074,0.0
16_time_of_day_session_effect,1556,2025-02-10 12:00:00+00:00,2025-02-11 00:00:00+00:00,1.1000186274134875,0.031746031746031744,0.30158730158730157,9.176e-05,1.0,chop_low_vol,-2.0384369386515337,0.0,1.2234919919368894,0.023809523809523808,0.2698412698412698,4.218e-05,1.0,chop_low_vol,-2.3576095213881683,0.0
16_time_of_day_session_effect,1557,2025-02-11 12:00:00+00:00,2025-02-12 00:00:00+00:00,1.3599448538500218,0.023809523809523808,0.2698412698412698,7.09e-05,1.0,chop_low_vol,-2.2880676323630036,0.0,1.3045242572775493,0.06349206349206349,0.49206349206349204,1.298e-05,1.0,chop_low_vol,-1.7266252483427156,0.0
16_time_of_day_session_effect,1558,2025-02-12 12:00:00+00:00,2025-02-13 00:00:00+00:00,1.272794032869483,0.06349206349206349,0.49206349206349204,4.899e-05,1.0,chop_low_vol,-1.6909000219547998,0.0,1.3289844342775319,0.06349206349206349,0.25396825396825395,4.96e-05,1.0,chop_low_vol,-2.0635403063245272,0.0
16_time_of_day_session_effect,1559,2025-02-13 12:00:00+00:00,2025-02-14 00:00:00+00:00,1.3770090439071778,0.06349206349206349,0.25396825396825395,4.117e-05,1.0,chop_low_vol,-2.0227502098883905,0.0,1.4284994465189522,0.07539682539682539,0.1984126984126984,4.1e-05,1.0,chop_low_vol,-1.4887092845733751,0.0
16_time_of_day_session_effect,1560,2025-02-14 12:00:00+00:00,2025-02-15 00:00:00+00:00,1.4047800427446449,0.07936507936507936,0.1984126984126984,5.51e-05,1.0,chop_low_vol,-1.4756959475273634,0.0,1.4931238864568455,0.04365079365079365,0.023809523809523808,5.5e-07,1.0,chop_low_vol,-1.4496056119874816,0.0
16_time_of_day_session_effect,1561,2025-02-15 12:00:00+00:00,2025-02-16 00:00:00+00:00,1.4611382033574534,0.047619047619047616,0.023809523809523808,3.297e-05,1.0,chop_low_vol,-1.4415915190418638,0.0,1.6997152350159215,0.05952380952380952,0.011904761904761904,3.39e-05,1.0,chop_low_vol,-1.7415591962705164,0.0
16_time_of_day_session_effect,1562,2025-05-22 12:00:00+00:00,2025-05-23 00:00:00+00:00,10.197552105641865,0.2698412698412698,0.8888888888888888,0.0001,1.0,trend,2.0344072243370808,0.0,8.512152733905575,0.3611111111111111,0.8611111111111112,0.0001,1.0,trend,1.292484198447502,1.0
16_time_of_day_session_effect,1563,2025-05-23 12:00:00+00:00,2025-05-24 00:00:00+00:00,8.383513402393575,0.36507936507936506,0.8650793650793651,7.261e-05,1.0,trend,1.2746842801641738,1.0,8.785856382518716,0.32936507936507936,0.6309523809523809,8.614e-05,1.0,trend,1.309612181654589,1.0
16_time_of_day_session_effect,1564,2025-05-24 12:00:00+00:00,2025-05-25 00:00:00+00:00,8.67330650074405,0.3333333333333333,0.6349206349206349,4.59e-05,1.0,trend,1.2906674510688956,1.0,8.281854607442337,0.34523809523809523,0.6706349206349206,7.837e-05,1.0,trend,1.398901006298318,0.0
16_time_of_day_session_effect,1565,2025-05-25 12:00:00+00:00,2025-05-26 00:00:00+00:00,8.240082652925613,0.3492063492063492,0.6746031746031746,5.113e-05,1.0,trend,1.3764306359424248,0.0,8.575296402544787,0.32142857142857145,0.6388888888888888,7.331e-05,1.0,trend,1.3941120789006833,0.0
16_time_of_day_session_effect,1566,2025-05-26 12:00:00+00:00,2025-05-27 00:00:00+00:00,8.531554502388573,0.3253968253968254,0.6428571428571429,0.0001,1.0,trend,1.3707480882412244,0.0,8.923397493382204,0.32936507936507936,0.8214285714285714,9.782e-05,1.0,trend,1.5097435890033537,0.0
16_time_of_day_session_effect,1567,2025-05-27 12:00:00+00:00,2025-05-28 00:00:00+00:00,8.817890034745854,0.3333333333333333,0.8253968253968254,7.266e-05,1.0,trend,1.4805226064715669,0.0,8.466201673029762,0.011904761904761904,0.7182539682539683,2.476e-05,1.0,trend,1.3537739806219657,0.0
16_time_of_day_session_effect,1568,2025-05-28 12:00:00+00:00,2025-05-29 00:00:00+00:00,8.265434219834939,0.015873015873015872,0.7222222222222222,2.164e-05,1.0,trend,1.329422574544952,0.0,7.31804641777492,0.03571428571428571,0.8214285714285714,3.186e-05,1.0,trend,1.017115220853915,0.0
16_time_of_day_session_effect,1569,2025-05-29 12:00:00+00:00,2025-05-30 00:00:00+00:00,7.000237396761424,0.03968253968253968,0.8253968253968254,2.812e-05,1.0,trend,1.0003291526413483,0.0,6.267585668357832,0.027777777777777776,0.8333333333333334,8.379e-05,1.0,trend,0.9080859695398161,0.0
16_time_of_day_session_effect,1570,2025-05-30 12:00:00+00:00,2025-05-31 00:00:00+00:00,5.898695971868155,0.031746031746031744,0.8333333333333334,3.849e-05,1.0,trend,0.8929431456014094,0.0,5.479049907030594,0.03571428571428571,0.5158730158730159,8.506e-05,1.0,trend,0.943687772204131,0.0
16_time_of_day_session_effect,1571,2025-05-31 12:00:00+00:00,2025-06-01 00:00:00+00:00,5.204719997548808,0.03968253968253968,0.5158730158730159,7.552e-05,1.0,trend,0.9285105909547959,0.0,5.5383401581006035,0.027777777777777776,0.49206349206349204,4.687e-05,1.0,trend,1.0152836920430701,0.0
16_time_of_day_session_effect,1572,2025-06-01 12:00:00+00:00,2025-06-02 00:00:00+00:00,5.338946499598398,0.031746031746031744,0.49206349206349204,2.335e-05,1.0,trend,0.9986293312542245,0.0,5.314406094496125,0.01984126984126984,0.6309523809523809,4.117e-05,1.0,trend,0.7443581856323979,0.0
16_time_of_day_session_effect,1573,2025-06-02 12:00:00+00:00,2025-06-03 00:00:00+00:00,5.143239276913385,0.023809523809523808,0.6349206349206349,5.593e-05,1.0,trend,0.7313668738763581,0.0,5.161435264881742,0.01984126984126984,0.6626984126984127,5.005e-05,1.0,trend,0.7393213511946688,0.0
16_time_of_day_session_effect,1574,2025-06-03 12:00:00+00:00,2025-06-04 00:00:00+00:00,4.964888005560223,0.023809523809523808,0.6666666666666666,6.066e-05,1.0,trend,0.7276988847470264,0.0,5.372352462233012,0.03571428571428571,0.5992063492063492,-1.1e-07,1.0,trend,0.570932582269413,0.0
16_time_of_day_session_effect,1575,2025-06-04 12:00:00+00:00,2025-06-05 00:00:00+00:00,5.1143216337223345,0.03968253968253968,0.6031746031746031,2.611e-05,1.0,trend,0.5610092141482007,0.0,4.39729008358063,0.12301587301587301,0.8333333333333334,9.62e-06,1.0,trend,0.2919628482087724,0.0
16_time_of_day_session_effect,1576,2025-06-05 12:00:00+00:00,2025-06-06 00:00:00+00:00,3.9375917789322226,0.12698412698412698,0.8333333333333334,2.871e-05,1.0,trend,0.28014022503828717,0.0,3.9268623096815354,0.25793650793650796,0.7063492063492064,5.156e-05,1.0,trend,0.6596970067116046,0.0
16_time_of_day_session_effect,1577,2025-06-06 12:00:00+00:00,2025-06-07 00:00:00+00:00,3.7516134085913655,0.2619047619047619,0.7063492063492064,-3.03e-05,1.0,chop_low_vol,0.6472831652955771,0.0,3.4969605788444644,0.0992063492063492,0.5079365079365079,-2.89e-05,1.0,chop_low_vol,0.762711334578446,0.0
16_time_of_day_session_effect,1578,2025-06-07 12:00:00+00:00,2025-06-08 00:00:00+00:00,3.442630929544912,0.10317460317460317,0.5079365079365079,-3.158e-05,1.0,chop_low_vol,0.7494356627580053,0.0,3.612539800740152,0.0992063492063492,0.45634920634920634,4.808e-05,1.0,chop_low_vol,0.7548663767017381,0.0
16_time_of_day_session_effect,1579,2025-06-08 12:00:00+00:00,2025-06-09 00:00:00+00:00,3.5656100061973692,0.10317460317460317,0.4603174603174603,5.613e-05,1.0,chop_low_vol,0.741503821531155,0.0,3.005913787195011,0.3611111111111111,0.8214285714285714,-2.164e-05,1.0,chop,1.1652624745148235,0.0
16_time_of_day_session_effect,1580,2025-06-09 12:00:00+00:00,2025-06-10 00:00:00+00:00,3.2433518277093727,0.36507936507936506,0.8253968253968254,4.024e-05,1.0,chop,1.1513171988826403,0.0,3.51529095904259,0.2896825396825397,0.7976190476190477,6.374e-05,1.0,chop_low_vol,1.1696538998001487,0.0
16_time_of_day_session_effect,1581,2025-06-10 12:00:00+00:00,2025-06-11 00:00:00+00:00,3.6926935304289064,0.29365079365079366,0.8015873015873016,0.0001,1.0,trend,1.1535962157963637,0.0,3.7217025714010026,0.26587301587301587,0.7698412698412699,8.779e-05,1.0,trend,0.969521930745371,0.0
16_time_of_day_session_effect,1582,2025-06-11 12:00:00+00:00,2025-06-12 00:00:00+00:00,3.749204207858921,0.2698412698412698,0.7698412698412699,8.39e-05,1.0,trend,0.9544915652580139,0.0,3.5662827917547144,0.0992063492063492,0.8095238095238095,5.039e-05,1.0,chop_low_vol,0.4283467338490693,0.0
16_time_of_day_session_effect,1583,2025-06-12 12:00:00+00:00,2025-06-13 00:00:00+00:00,3.40001543603094,0.10317460317460317,0.8095238095238095,7.247e-05,1.0,chop_low_vol,0.41519081418862114,0.0,3.497687921380914,0.0992063492063492,0.9285714285714286,-1.801e-05,1.0,chop_low_vol,0.24159894561610556,1.0
16_time_of_day_session_effect,1584,2025-06-13 12:00:00+00:00,2025-06-14 00:00:00+00:00,3.3507353777844444,0.10317460317460317,0.9285714285714286,-2.7e-06,1.0,chop_low_vol,0.2281593423085377,1.0,3.1893578562070735,0.09126984126984126,0.5079365079365079,1.958e-05,1.0,chop_low_vol,0.14049739187621144,1.0
16_time_of_day_session_effect,1585,2025-06-14 12:00:00+00:00,2025-06-15 00:00:00+00:00,3.015154081693285,0.09523809523809523,0.5079365079365079,3.858e-05,1.0,chop_low_vol,0.12495836597685361,1.0,3.0024813751972084,0.09126984126984126,0.4523809523809524,1.135e-05,1.0,chop_low_vol,0.11643434137132044,0.0
16_time_of_day_session_effect,1586,2025-06-15 12:00:00+00:00,2025-06-16 00:00:00+00:00,2.848881017660056,0.09523809523809523,0.4523809523809524,1.439e-05,1.0,chop_low_vol,0.09741675590271442,0.0,2.6272997748082343,0.12301587301587301,0.7380952380952381,9.36e-06,1.0,chop_low_vol,0.37898331538341323,0.0
16_time_of_day_session_effect,1587,2025-06-16 12:00:00+00:00,2025-06-17 00:00:00+00:00,2.5843299580091457,0.12698412698412698,0.7380952380952381,5.07e-05,1.0,chop_low_vol,0.3646147529396623,0.0,2.2289262686007247,0.1865079365079365,0.8253968253968254,1.847e-05,1.0,chop_low_vol,0.09151159225599642,0.0
16_time_of_day_session_effect,1588,2025-06-17 12:00:00+00:00,2025-06-18 00:00:00+00:00,2.0492897122977327,0.19047619047619047,0.8253968253968254,5.776e-05,1.0,chop_low_vol,0.07053422053477731,0.0,1.9367682669651292,0.10714285714285714,0.6547619047619048,2.211e-05,1.0,chop_low_vol,0.07600417375291635,0.0
16_time_of_day_session_effect,1589,2025-06-18 12:00:00+00:00,2025-06-19 00:00:00+00:00,1.8001282683597595,0.1111111111111111,0.6587301587301587,3.695e-05,1.0,chop_low_vol,0.053850021709866955,0.0,1.9412376460532046,0.09126984126984126,0.47619047619047616,6.692e-05,1.0,chop_low_vol,-0.0011077701085789838,0.0
16_time_of_day_session_effect,1590,2025-06-19 12:00:00+00:00,2025-06-20 00:00:00+00:00,1.7900405668244694,0.09523809523809523,0.47619047619047616,6.16e-06,1.0,chop_low_vol,-0.027509067954153414,0.0,1.7038304859039386,0.0992063492063492,0.753968253968254,3.565e-05,1.0,chop_low_vol,-0.17928594350916915,0.0
16_time_of_day_session_effect,1591,2025-06-20 12:00:00+00:00,2025-06-21 00:00:00+00:00,1.448135439888879,0.10317460317460317,0.753968253968254,7.862e-05,1.0,chop_low_vol,-0.21700572291857367,0.0,1.1418413763042388,0.0992063492063492,0.49206349206349204,2.4e-05,1.0,chop_low_vol,-0.43878525536189306,0.0
16_time_of_day_session_effect,1592,2025-06-21 12:00:00+00:00,2025-06-22 00:00:00+00:00,0.8386117346441315,0.10317460317460317,0.49206349206349204,1.933e-05,1.0,chop_low_vol,-0.4661184190037349,0.0,0.4214539259178662,0.1388888888888889,0.8968253968253969,7.44e-05,1.0,chop_low_vol,-0.7318135336528573,0.0
16_time_of_day_session_effect,1593,2025-06-22 12:00:00+00:00,2025-06-23 00:00:00+00:00,0.08778065284018234,0.14285714285714285,0.8968253968253969,0.0001,1.0,chop_low_vol,-0.7471310952272063,0.0,0.18704767223583502,0.42063492063492064,0.8888888888888888,-1.061e-05,1.0,chop,0.0880163510540539,0.0
16_time_of_day_session_effect,1594,2025-06-23 12:00:00+00:00,2025-06-24 00:00:00+00:00,0.28019540000713944,0.42063492063492064,0.8888888888888888,-2.809e-05,1.0,chop,0.07142041158986777,0.0,0.390791147819821,0.4126984126984127,0.6666666666666666,4.889e-05,1.0,chop,0.5342926777132383,0.0
16_time_of_day_session_effect,1595,2025-06-24 12:00:00+00:00,2025-06-25 00:00:00+00:00,0.49600627606429054,0.4126984126984127,0.6666666666666666,1.218e-05,1.0,chop,0.5215398046957886,0.0,0.6953332236915368,0.3333333333333333,0.7380952380952381,4.47e-06,1.0,chop,0.7122601957274848,0.0
16_time_of_day_session_effect,1596,2025-06-25 12:00:00+00:00,2025-06-26 00:00:00+00:00,0.8728197980723443,0.3333333333333333,0.7380952380952381,2.747e-05,1.0,chop,0.6994376986424662,0.0,1.1482406936841725,0.2222222222222222,0.5238095238095238,1.41e-06,1.0,chop_low_vol,0.5615615279163702,0.0
16_time_of_day_session_effect,1597,2025-06-26 12:00:00+00:00,2025-06-27 00:00:00+00:00,1.273736073151472,0.2222222222222222,0.5238095238095238,3.805e-05,1.0,chop_low_vol,0.5489745801256168,0.0,1.396726054189761,0.21031746031746032,0.5674603174603174,1.113e-05,1.0,chop_low_vol,0.9793233454566114,0.0
16_time_of_day_session_effect,1598,2025-06-27 12:00:00+00:00,2025-06-28 00:00:00+00:00,1.50253540381772,0.21428571428571427,0.5714285714285714,2.663e-05,1.0,chop_low_vol,0.9693188114096037,0.0,1.6533629196874682,0.21428571428571427,0.30158730158730157,2.557e-05,1.0,chop_low_vol,1.0137549196811275,0.0
16_time_of_day_session_effect,1599,2025-06-28 12:00:00+00:00,2025-06-29 00:00:00+00:00,1.7539396689438111,0.21428571428571427,0.30158730158730157,6.053e-05,1.0,chop_low_vol,1.0064263872997907,0.0,1.807601761694374,0.007936507936507936,0.373015873015873,4.434e-05,1.0,chop_low_vol,1.2408751914074894,0.0
16_time_of_day_session_effect,1600,2025-07-08 12:00:00+00:00,2025-07-09 00:00:00+00:00,3.0837681146378877,0.03968253968253968,0.5634920634920635,4.563e-05,1.0,chop_low_vol,1.0872946293964785,0.0,3.0531918831900526,0.09126984126984126,0.8888888888888888,3.601e-05,1.0,chop_low_vol,1.7949886379027666,0.0
16_time_of_day_session_effect,1601,2025-07-09 12:00:00+00:00,2025-07-10 00:00:00+00:00,3.257815588902991,0.09523809523809523,0.8888888888888888,3.396e-05,1.0,chop_low_vol,1.754602553322663,0.0,2.9252347653185238,0.2896825396825397,1.0,4.253e-05,1.0,chop_low_vol,3.032669167792988,0.0
16_time_of_day_session_effect,1602,2025-07-10 12:00:00+00:00,2025-07-11 00:00:00+00:00,3.3330264942924646,0.29365079365079366,1.0,8.523e-05,1.0,chop_low_vol,2.9014777193192773,0.0,3.5145731509736606,0.2896825396825397,0.9841269841269841,1.908e-05,1.0,chop_low_vol,2.82689752462824,0.0
16_time_of_day_session_effect,1603,2025-07-11 12:00:00+00:00,2025-07-12 00:00:00+00:00,3.8925310548676104,0.29365079365079366,0.9841269841269841,0.0001,1.0,trend,2.713360013286208,0.0,4.2539745304559675,0.25,0.6111111111111112,0.0001,1.0,trend,2.5918618523306596,0.0
16_time_of_day_session_effect,1604,2025-07-12 12:00:00+00:00,2025-07-13 00:00:00+00:00,4.537395616773459,0.25396825396825395,0.6111111111111112,0.0001,1.0,trend,2.5010880224898937,0.0,4.712435338347703,0.003968253968253968,0.7063492063492064,0.0001,1.0,trend,2.807443597814817,0.0
16_time_of_day_session_effect,1605,2025-07-13 12:00:00+00:00,2025-07-14 00:00:00+00:00,5.007840427032482,0.007936507936507936,0.7063492063492064,0.0001,1.0,trend,2.7001133409185254,0.0,5.425517052613852,0.011904761904761904,1.0,8.051e-05,1.0,trend,2.7887154706992883,0.0
16_time_of_day_session_effect,1606,2025-07-14 12:00:00+00:00,2025-07-15 00:00:00+00:00,5.688045864650197,0.015873015873015872,1.0,0.0001,1.0,trend,2.6796964058149086,0.0,5.7590550984305455,0.05952380952380952,0.9920634920634921,0.0001,1.0,trend,2.319515171368326,0.0
16_time_of_day_session_effect,1607,2025-07-15 12:00:00+00:00,2025-07-16 00:00:00+00:00,5.82461437839969,0.06349206349206349,0.9920634920634921,0.0001,1.0,trend,2.2518480088710797,0.0,6.632880159218763,0.05952380952380952,0.9365079365079365,0.0001,1.0,trend,2.219162824248378,0.0
16_time_of_day_session_effect,1608,2025-07-16 12:00:00+00:00,2025-07-17 00:00:00+00:00,6.726631837312919,0.06349206349206349,0.9365079365079365,0.0001,1.0,trend,2.15730237707296,0.0,6.909239340977765,0.06746031746031746,0.9365079365079365,0.0001,1.0,trend,2.2978621792946607,0.0
16_time_of_day_session_effect,1609,2025-07-17 12:00:00+00:00,2025-07-18 00:00:00+00:00,6.992790416268958,0.07142857142857142,0.9365079365079365,0.0001,1.0,trend,2.241241672974536,0.0,7.201840042174883,0.0992063492063492,0.9444444444444444,0.0001,1.0,trend,1.859394828149826,0.0
16_time_of_day_session_effect,1610,2025-07-18 12:00:00+00:00,2025-07-19 00:00:00+00:00,7.1537615509572,0.10317460317460317,0.9444444444444444,0.0001,1.0,trend,1.8196648686963397,0.0,7.149954591651347,0.0992063492063492,0.6428571428571429,0.0001,1.0,trend,1.7692007843902415,0.0
16_time_of_day_session_effect,1611,2025-07-19 12:00:00+00:00,2025-07-20 00:00:00+00:00,7.07698721439435,0.10317460317460317,0.6428571428571429,0.0001,1.0,trend,1.7324525055673028,0.0,7.152883094249106,0.06746031746031746,0.8253968253968254,0.0001,1.0,trend,1.5875675360707553,0.0
16_time_of_day_session_effect,1612,2025-07-20 12:00:00+00:00,2025-07-21 00:00:00+00:00,7.017714465257746,0.07142857142857142,0.8253968253968254,0.0001,1.0,trend,1.5625287364594518,0.0,7.216989976083333,0.027777777777777776,0.8968253968253969,0.0001,1.0,trend,1.2694465233562462,0.0
16_time_of_day_session_effect,1613,2025-07-21 12:00:00+00:00,2025-07-22 00:00:00+00:00,7.083678473100765,0.031746031746031744,0.8968253968253969,0.0001,1.0,trend,1.2620028576630073,0.0,6.349218081554779,0.003968253968253968,0.9523809523809523,0.0001,1.0,trend,1.4604371817656467,0.0
16_time_of_day_session_effect,1614,2025-07-22 12:00:00+00:00,2025-07-23 00:00:00+00:00,6.395600753503937,0.007936507936507936,0.9523809523809523,0.0001,1.0,trend,1.4331576738205463,0.0,6.868049303376831,0.011904761904761904,0.8650793650793651,0.0001,1.0,trend,1.4640333939720107,0.0
16_time_of_day_session_effect,1615,2025-07-23 12:00:00+00:00,2025-07-24 00:00:00+00:00,6.79161900449795,0.015873015873015872,0.8650793650793651,0.0001,1.0,trend,1.4368792902310341,0.0,8.896219103702807,0.003968253968253968,0.9206349206349206,0.0001,1.0,trend,1.4828129424918448,0.0
16_time_of_day_session_effect,1616,2025-07-24 12:00:00+00:00,2025-07-25 00:00:00+00:00,8.740856409041998,0.007936507936507936,0.9206349206349206,0.0001,1.0,trend,1.4560805098501226,0.0,9.099568534940293,0.011904761904761904,0.9920634920634921,0.0001,1.0,trend,1.525089774584382,0.0
16_time_of_day_session_effect,1617,2025-07-25 12:00:00+00:00,2025-07-26 00:00:00+00:00,8.854129528299417,0.015873015873015872,0.9920634920634921,0.0001,1.0,trend,1.4971809501205773,0.0,8.478024840213145,0.011904761904761904,0.6111111111111112,0.0001,1.0,trend,1.5234237450556267,0.0
16_time_of_day_session_effect,1618,2025-07-26 12:00:00+00:00,2025-07-27 00:00:00+00:00,8.280712090138055,0.015873015873015872,0.6111111111111112,0.0001,1.0,trend,1.4979598585869927,0.0,8.264994898081913,0.011904761904761904,0.7063492063492064,0.0001,1.0,trend,1.7082406595219852,0.0
16_time_of_day_session_effect,1619,2025-07-27 12:00:00+00:00,2025-07-28 00:00:00+00:00,8.221470315963225,0.015873015873015872,0.7063492063492064,0.0001,1.0,trend,1.6735295712582952,0.0,7.644545029697181,0.04365079365079365,0.8253968253968254,0.0001,1.0,trend,1.5404654835473768,0.0
16_time_of_day_session_effect,1620,2025-07-28 12:00:00+00:00,2025-07-29 00:00:00+00:00,7.4343445781091075,0.047619047619047616,0.8253968253968254,0.0001,1.0,trend,1.5101638785721192,0.0,8.473349116943252,0.003968253968253968,0.8571428571428571,0.0001,1.0,trend,1.4025476252194207,0.0
16_time_of_day_session_effect,1621,2025-07-29 12:00:00+00:00,2025-07-30 00:00:00+00:00,8.240181408016245,0.007936507936507936,0.8571428571428571,0.0001,1.0,trend,1.3767252444299871,0.0,8.644531208545931,0.003968253968253968,0.8571428571428571,0.0001,1.0,trend,1.4870230775391433,0.0
16_time_of_day_session_effect,1622,2025-07-30 12:00:00+00:00,2025-07-31 00:00:00+00:00,8.395517719101315,0.007936507936507936,0.8571428571428571,0.0001,1.0,trend,1.4585248747032669,0.0,7.037316666286231,0.011904761904761904,0.8571428571428571,5.694e-05,1.0,trend,1.1312190139783787,0.0
16_time_of_day_session_effect,1623,2025-07-31 12:00:00+00:00,2025-08-01 00:00:00+00:00,6.606349584531721,0.015873015873015872,0.8571428571428571,0.0001,1.0,trend,1.112924140760955,0.0,5.506829441163457,0.01984126984126984,0.9682539682539683,0.0001,1.0,chop_low_vol,0.42275577186038926,0.0
16_time_of_day_session_effect,1624,2025-08-01 12:00:00+00:00,2025-08-02 00:00:00+00:00,4.917477801279789,0.023809523809523808,0.9682539682539683,1.549e-05,1.0,chop_low_vol,0.4127068141958013,0.0,4.093360838987423,0.01984126984126984,0.7222222222222222,5.681e-05,1.0,chop_low_vol,0.2761864164750742,0.0
16_time_of_day_session_effect,1625,2025-08-02 12:00:00+00:00,2025-08-03 00:00:00+00:00,3.5493255678115365,0.023809523809523808,0.7222222222222222,8.94e-06,1.0,chop_low_vol,0.26708012180835905,0.0,2.9558296602390945,0.03571428571428571,0.5396825396825397,5.633e-05,1.0,chop_low_vol,0.5276001752040609,0.0
16_time_of_day_session_effect,1626,2025-08-03 12:00:00+00:00,2025-08-04 00:00:00+00:00,2.692429455873788,0.03968253968253968,0.5396825396825397,4.533e-05,1.0,chop_low_vol,0.5157682607801518,0.0,2.4010345084346962,0.027777777777777776,0.21428571428571427,7.504e-05,1.0,chop_low_vol,0.49391013937102207,0.0
16_time_of_day_session_effect,1627,2025-08-04 12:00:00+00:00,2025-08-05 00:00:00+00:00,2.261520394375435,0.031746031746031744,0.21428571428571427,5.719e-05,1.0,chop_low_vol,0.4810875728329759,0.0,2.2882660710284557,0.01984126984126984,0.7698412698412699,7.101e-05,1.0,chop_low_vol,0.2760977385803709,0.0
16_time_of_day_session_effect,1628,2025-08-05 12:00:00+00:00,2025-08-06 00:00:00+00:00,2.067369208090534,0.023809523809523808,0.7698412698412699,8.589e-05,1.0,chop_low_vol,0.26602934740819867,0.0,1.9824372093670144,0.04365079365079365,0.7063492063492064,4.784e-05,1.0,chop_low_vol,0.41419943108371643,0.0
16_time_of_day_session_effect,1629,2025-08-06 12:00:00+00:00,2025-08-07 00:00:00+00:00,1.8777995333409991,0.047619047619047616,0.7063492063492064,9.275e-05,1.0,chop_low_vol,0.40441920283799154,0.0,1.7371303078513802,0.06746031746031746,0.7857142857142857,8.288e-05,1.0,chop_low_vol,0.6839354517155378,0.0
16_time_of_day_session_effect,1630,2025-08-07 12:00:00+00:00,2025-08-08 00:00:00+00:00,1.8557695991482492,0.07142857142857142,0.7857142857142857,7.574e-05,1.0,chop_low_vol,0.6718145187235576,0.0,1.8895426211987172,0.07539682539682539,0.753968253968254,6.275e-05,1.0,chop_low_vol,0.317719650447919,0.0
16_time_of_day_session_effect,1631,2025-08-08 12:00:00+00:00,2025-08-09 00:00:00+00:00,1.9123238554769493,0.07936507936507936,0.753968253968254,1.729e-05,1.0,chop_low_vol,0.3136662097567032,0.0,1.928890445317094,0.07539682539682539,0.6190476190476191,7.973e-05,1.0,chop_low_vol,0.2794047947471568,0.0
16_time_of_day_session_effect,1632,2025-08-09 12:00:00+00:00,2025-08-10 00:00:00+00:00,1.9240882945532993,0.07936507936507936,0.6190476190476191,9.087e-05,1.0,chop_low_vol,0.27611802212226855,0.0,1.958854336917822,0.09126984126984126,0.7857142857142857,5.151e-05,1.0,chop_low_vol,0.7217059074547048,0.0
16_time_of_day_session_effect,1633,2025-08-10 12:00:00+00:00,2025-08-11 00:00:00+00:00,2.152161869590306,0.09523809523809523,0.7857142857142857,0.0001,1.0,chop_low_vol,0.7113418167058949,0.0,2.410789777511865,0.09126984126984126,0.9563492063492064,0.0001,1.0,chop_low_vol,1.084852362701522,0.0
16_time_of_day_session_effect,1634,2025-08-11 12:00:00+00:00,2025-08-12 00:00:00+00:00,2.5206957414911324,0.09523809523809523,0.9603174603174603,0.0001,1.0,chop_low_vol,1.0673471900711502,0.0,2.4946707119096887,0.0992063492063492,0.9047619047619048,0.0001,1.0,chop_low_vol,1.3024845319880356,0.0
16_time_of_day_session_effect,1635,2025-08-12 12:00:00+00:00,2025-08-13 00:00:00+00:00,2.6663476321802664,0.10317460317460317,0.9047619047619048,7.988e-05,1.0,chop_low_vol,1.282973614308269,0.0,2.563340326691418,0.11507936507936507,0.9603174603174603,7.123e-05,1.0,chop_low_vol,1.700318835549102,0.0
16_time_of_day_session_effect,1636,2025-08-13 12:00:00+00:00,2025-08-14 00:00:00+00:00,2.8551374699616474,0.11904761904761904,0.9603174603174603,0.0001,1.0,chop_low_vol,1.6731370866873214,0.0,2.5751146451732816,0.38492063492063494,0.9841269841269841,0.0001,1.0,chop,0.9983271234799915,0.0
16_time_of_day_session_effect,1637,2025-08-14 12:00:00+00:00,2025-08-15 00:00:00+00:00,2.5087862304943385,0.3888888888888889,0.9841269841269841,0.0001,1.0,chop,0.9844954066735419,0.0,2.567595029537936,0.4166666666666667,0.8174603174603174,1.939e-05,1.0,chop,0.8054916972943408,0.0
16_time_of_day_session_effect,1638,2025-08-15 12:00:00+00:00,2025-08-16 00:00:00+00:00,2.4430958503377354,0.42063492063492064,0.8174603174603174,7.99e-05,1.0,chop,0.7916461563709827,0.0,2.4087578283555318,0.376984126984127,0.46825396825396826,3.722e-05,1.0,chop,0.7945543941117994,0.0
16_time_of_day_session_effect,1639,2025-08-16 12:00:00+00:00,2025-08-17 00:00:00+00:00,2.3012239684408633,0.38095238095238093,0.46825396825396826,8.268e-05,1.0,chop,0.7819152625839898,0.0,2.3877230364207462,0.3531746031746032,0.3968253968253968,8.206e-05,1.0,chop,0.7627021428286462,0.0
16_time_of_day_session_effect,1640,2025-08-17 12:00:00+00:00,2025-08-18 00:00:00+00:00,2.2815075163442846,0.35714285714285715,0.3968253968253968,4.68e-05,1.0,chop,0.7503077574972198,0.0,2.081184321764682,0.38492063492063494,0.8888888888888888,2.846e-05,1.0,chop,0.5500258137102342,0.0
16_time_of_day_session_effect,1641,2025-08-18 12:00:00+00:00,2025-08-19 00:00:00+00:00,1.9089855397740416,0.3888888888888889,0.8888888888888888,-6.82e-06,1.0,chop,0.5373551055354516,0.0,1.3761838669892315,0.5436507936507936,0.8571428571428571,7.137e-05,1.0,chop,-0.007020583123499549,0.0
16_time_of_day_session_effect,1642,2025-08-19 12:00:00+00:00,2025-08-20 00:00:00+00:00,1.0377826831545665,0.5476190476190477,0.8571428571428571,6.262e-05,1.0,chop,-0.026836861183746095,0.0,0.7984894640611264,0.5277777777777778,0.7857142857142857,4.543e-05,1.0,chop,0.03538779342019279,0.0
16_time_of_day_session_effect,1643,2025-08-20 12:00:00+00:00,2025-08-21 00:00:00+00:00,0.617455051301579,0.5317460317460317,0.7857142857142857,1.364e-05,1.0,chop,0.012849666816416354,0.0,0.348871811623392,0.4880952380952381,0.6746031746031746,4.936e-05,1.0,chop,-0.3723852999877325,0.0
16_time_of_day_session_effect,1644,2025-08-21 12:00:00+00:00,2025-08-22 00:00:00+00:00,0.08355679633479175,0.49206349206349204,0.6746031746031746,7.757e-05,1.0,chop,-0.4159971143111095,0.0,0.12052522586376668,0.7658730158730159,0.9285714285714286,7.414e-05,1.0,chop_high_vol,0.2961201011447807,0.0
16_time_of_day_session_effect,1645,2025-08-22 12:00:00+00:00,2025-08-23 00:00:00+00:00,0.16656513896177597,0.7698412698412699,0.9285714285714286,0.0001,1.0,chop_high_vol,0.2803284759564308,0.0,0.1198340484831419,0.7579365079365079,0.5714285714285714,5.867e-05,1.0,chop_high_vol,-0.09354578446745278,0.0
16_time_of_day_session_effect,1646,2025-08-23 12:00:00+00:00,2025-08-24 00:00:00+00:00,0.08292850416223761,0.7619047619047619,0.5714285714285714,0.0001,1.0,chop_high_vol,-0.11115055953902035,0.0,0.05558062777395467,0.8134920634920635,0.8888888888888888,9.711e-05,1.0,chop_high_vol,-0.6062894285690856,0.0
16_time_of_day_session_effect,1647,2025-08-24 12:00:00+00:00,2025-08-25 00:00:00+00:00,0.18309609628734355,0.8174603174603174,0.8888888888888888,0.0001,1.0,chop_high_vol,-0.6237460350110626,0.0,0.45101583969685266,0.8531746031746031,0.9285714285714286,0.0001,1.0,chop_high_vol,-1.5063352685099194,0.0
16_time_of_day_session_effect,1648,2025-09-27 12:00:00+00:00,2025-09-28 00:00:00+00:00,1.8819457858659991,0.20634920634920634,0.03968253968253968,3.425e-05,1.0,chop_low_vol,-1.9479465362717292,0.0,1.5973494426398975,0.24206349206349206,0.06746031746031746,3.314e-05,1.0,chop_low_vol,-1.5504019213244893,0.0
16_time_of_day_session_effect,1649,2025-09-28 12:00:00+00:00,2025-09-29 00:00:00+00:00,1.576253734424837,0.24603174603174602,0.07142857142857142,4.976e-05,1.0,chop_low_vol,-1.5254480264899888,0.0,1.159447197358701,0.3134920634920635,0.6428571428571429,2.312e-05,1.0,chop,-1.3652378557359177,0.0
16_time_of_day_session_effect,1650,2025-09-29 12:00:00+00:00,2025-09-30 00:00:00+00:00,0.9801123912768176,0.31746031746031744,0.6428571428571429,1.304e-05,1.0,chop,-1.342680595461476,0.0,0.8966457471959004,0.24206349206349206,0.626984126984127,3.2e-07,1.0,chop_low_vol,-1.4530183240618924,0.0
16_time_of_day_session_effect,1651,2025-09-30 12:00:00+00:00,2025-10-01 00:00:00+00:00,0.7657939745655123,0.24603174603174602,0.626984126984127,5.893e-05,1.0,chop_low_vol,-1.425648027960739,0.0,0.20579752265412662,0.5555555555555556,0.8174603174603174,3.355e-05,1.0,chop,-0.8691302575613324,0.0
16_time_of_day_session_effect,1652,2025-10-01 12:00:00+00:00,2025-10-02 00:00:00+00:00,0.14231285121971998,0.5555555555555556,0.8174603174603174,3.457e-05,1.0,chop,-0.8553395426811302,0.0,0.5426613789613368,0.6111111111111112,0.8174603174603174,7.784e-05,1.0,chop,-0.44296492174611585,0.0
16_time_of_day_session_effect,1653,2025-10-02 12:00:00+00:00,2025-10-03 00:00:00+00:00,0.9088426803031485,0.6111111111111112,0.8174603174603174,0.0001,1.0,chop,-0.43279497955376944,0.0,1.307270622079039,0.626984126984127,0.9206349206349206,9.543e-05,1.0,chop,-0.38276819791984373,0.0
16_time_of_day_session_effect,1654,2025-10-03 12:00:00+00:00,2025-10-04 00:00:00+00:00,1.6744883392190928,0.626984126984127,0.9206349206349206,0.0001,1.0,chop,-0.372900014420171,0.0,1.9962624460167546,0.6031746031746031,0.12301587301587301,0.0001,1.0,chop,-0.3423154699441616,0.0
16_time_of_day_session_effect,1655,2025-10-04 12:00:00+00:00,2025-10-05 00:00:00+00:00,2.2891314010043033,0.6031746031746031,0.12698412698412698,0.0001,1.0,chop,-0.33356910548988494,0.0,2.521914747837221,0.626984126984127,0.8571428571428571,8.648e-05,1.0,trend,-0.1753229095763807,0.0
16_time_of_day_session_effect,1656,2025-10-05 12:00:00+00:00,2025-10-06 00:00:00+00:00,2.7936982246576303,0.626984126984127,0.8571428571428571,0.0001,1.0,trend,-0.1664906077194955,0.0,3.2577584994191255,0.6111111111111112,0.8253968253968254,9.566e-05,1.0,trend,-0.27996078528012697,0.0
16_time_of_day_session_effect,1657,2025-10-06 12:00:00+00:00,2025-10-07 00:00:00+00:00,3.5393568362223227,0.6111111111111112,0.8253968253968254,9.708e-05,1.0,trend,-0.2688961215043308,0.0,3.3486852043983366,0.8095238095238095,0.8809523809523809,0.0001,1.0,trend_high_vol,-0.8389527721698951,0.0
16_time_of_day_session_effect,1658,2025-10-07 12:00:00+00:00,2025-10-08 00:00:00+00:00,3.3814914260694877,0.8095238095238095,0.8809523809523809,8.608e-05,1.0,trend_high_vol,-0.824785900954116,0.0,3.3936944543431955,0.8095238095238095,0.6746031746031746,2.542e-05,1.0,trend_high_vol,-0.829276012671193,1.0
16_time_of_day_session_effect,1659,2025-10-08 12:00:00+00:00,2025-10-09 00:00:00+00:00,3.496610176415752,0.8095238095238095,0.6746031746031746,0.0001,1.0,trend_high_vol,-0.8152262741954103,1.0,3.975509167383225,0.8095238095238095,0.8571428571428571,5.396e-05,1.0,trend_high_vol,-0.6151377030605923,0.0
16_time_of_day_session_effect,1660,2025-10-09 12:00:00+00:00,2025-10-10 00:00:00+00:00,3.9626747333158923,0.8095238095238095,0.8571428571428571,5.35e-05,1.0,trend_high_vol,-0.6024115196221452,0.0,2.7857505327668415,1.0,0.9920634920634921,1.455e-05,1.0,trend_high_vol,-1.9667241825283437,0.0
16_time_of_day_session_effect,1661,2025-10-10 12:00:00+00:00,2025-10-11 00:00:00+00:00,2.3875196012707876,1.0,0.9920634920634921,3.879e-05,1.0,chop_high_vol,-1.9322994198322305,0.0,1.8033731161952726,1.0,0.9841269841269841,0.0001,1.0,chop_high_vol,-2.2645933289014692,0.0
16_time_of_day_session_effect,1662,2025-10-11 12:00:00+00:00,2025-10-12 00:00:00+00:00,1.3921876402758573,1.0,0.9841269841269841,0.0001,1.0,chop_high_vol,-2.2243795993575652,0.0,1.1124460402128558,1.0,0.9444444444444444,4.67e-06,1.0,chop_high_vol,-1.5464411080585856,0.0
16_time_of_day_session_effect,1663,2025-10-12 12:00:00+00:00,2025-10-13 00:00:00+00:00,0.9752476840164599,1.0,0.9444444444444444,2.865e-05,1.0,chop_high_vol,-1.5431267690487813,0.0,0.9130719134540599,0.9920634920634921,0.753968253968254,-0.00010915,1.0,chop_high_vol,-2.0882793221076454,1.0
16_time_of_day_session_effect,1664,2025-10-13 12:00:00+00:00,2025-10-14 00:00:00+00:00,0.7958005132587749,0.9920634920634921,0.753968253968254,2.519e-05,1.0,chop_high_vol,-2.0571811932804227,1.0,0.5704821154047386,1.0,0.9365079365079365,-4.041e-05,1.0,chop_high_vol,-2.473400044767569,1.0
16_time_of_day_session_effect,1665,2025-10-14 12:00:00+00:00,2025-10-15 00:00:00+00:00,0.3924401447758438,1.0,0.9365079365079365,7.12e-06,1.0,chop_high_vol,-2.4190920469818544,1.0,0.14172297909280124,0.9761904761904762,0.7777777777777778,-4.498e-05,1.0,chop_high_vol,-2.866404427394932,1.0
16_time_of_day_session_effect,1666,2025-10-15 12:00:00+00:00,2025-10-16 00:00:00+00:00,0.11576886871114134,0.9761904761904762,0.7777777777777778,3.973e-05,1.0,chop_high_vol,-2.7842569099122967,1.0,0.4713033971084122,0.9761904761904762,0.9047619047619048,-2.741e-05,1.0,chop_high_vol,-3.453523768937052,1.0
16_time_of_day_session_effect,1667,2025-10-16 12:00:00+00:00,2025-10-17 00:00:00+00:00,0.7882817003125189,0.9761904761904762,0.9047619047619048,-2.23e-05,1.0,chop_high_vol,-3.3081276185134634,1.0,1.160218764884507,0.9761904761904762,0.9603174603174603,-3.004e-05,0.0,chop_high_vol,-3.0966283550640785,1.0
16_time_of_day_session_effect,1668,2025-10-17 12:00:00+00:00,2025-10-18 00:00:00+00:00,1.4859908603108831,0.9761904761904762,0.9603174603174603,-6.34e-06,0.0,chop_high_vol,-2.9848676136362853,1.0,1.6940224531124224,0.9603174603174603,0.13095238095238096,-4.819e-05,0.0,chop_high_vol,-2.7761048102230457,0.0
16_time_of_day_session_effect,1669,2025-10-18 12:00:00+00:00,2025-10-19 00:00:00+00:00,1.9107368749166238,0.9603174603174603,0.1349206349206349,-6.376e-05,0.0,chop_high_vol,-2.6827524179917175,0.0,1.9711633287315713,0.9523809523809523,0.2777777777777778,-3.681e-05,1.0,chop_high_vol,-2.4124919839650727,0.0
16_time_of_day_session_effect,1670,2025-10-19 12:00:00+00:00,2025-10-20 00:00:00+00:00,2.0714283395831914,0.9523809523809523,0.2777777777777778,1.512e-05,1.0,chop_high_vol,-2.3489490479574067,0.0,1.981376391495802,0.9603174603174603,0.5714285714285714,2.787e-05,1.0,chop_high_vol,-2.510965256840064,1.0
16_time_of_day_session_effect,1671,2025-10-20 12:00:00+00:00,2025-10-21 00:00:00+00:00,1.9745989334557894,0.9603174603174603,0.5714285714285714,-6.65e-06,1.0,chop_high_vol,-2.4362842074850235,1.0,2.148994860525572,0.9126984126984127,0.9603174603174603,-1.8e-07,1.0,chop_high_vol,-1.8505670521137978,0.0
16_time_of_day_session_effect,1672,2025-10-21 12:00:00+00:00,2025-10-22 00:00:00+00:00,2.221169188529255,0.9126984126984127,0.9603174603174603,2.222e-05,1.0,chop_high_vol,-1.8207498235631125,0.0,2.4021115204236274,0.9047619047619048,0.8492063492063492,-2.506e-05,0.0,trend_high_vol,-1.7440694460830455,0.0
16_time_of_day_session_effect,1673,2025-10-22 12:00:00+00:00,2025-10-23 00:00:00+00:00,2.485750113461555,0.9047619047619048,0.8492063492063492,2.445e-05,0.0,trend_high_vol,-1.715631774081868,0.0,2.31878863722602,0.9126984126984127,0.3968253968253968,8.911e-05,1.0,trend_high_vol,-1.657862054962104,0.0
17_regime_switching_model,1,2015-03-01 12:00:00+00:00,2015-03-24 00:00:00+00:00,1.20942436616217,,,0.0,0.0,chop,,0.0,1.0894981309496894,,,0.0,0.0,chop,-0.03158659076816814,0.0
17_regime_switching_model,2,2015-03-24 12:00:00+00:00,2015-03-28 12:00:00+00:00,0.6743051292935845,,,0.0,0.0,chop,-0.04121679479981434,0.0,1.1108089405454684,,,0.0,0.0,chop,0.13015481579239638,0.0
17_regime_switching_model,3,2015-05-03 00:00:00+00:00,2015-05-08 00:00:00+00:00,2.0672813560452723,,,0.0,0.0,chop,-0.28397819390589196,0.0,0.8336612842079292,0.20093457943925233,0.626984126984127,0.0,0.0,chop_low_vol,-0.12990056759561802,0.0
17_regime_switching_model,4,2015-05-21 00:00:00+00:00,2015-05-22 00:00:00+00:00,1.1428681246537278,0.004166666666666667,0.13095238095238096,0.0,0.0,chop_low_vol,-0.3682309161401191,0.0,0.8854885838423577,0.02066115702479339,0.6547619047619048,0.0,0.0,chop_low_vol,0.1520317357238621,0.0
17_regime_switching_model,5,2015-05-31 12:00:00+00:00,2015-06-01 00:00:00+00:00,1.0362467557010961,0.031746031746031744,0.15873015873015872,0.0,0.0,chop_low_vol,-0.4604796314382703,0.0,1.5408840927350886,0.04365079365079365,0.6626984126984127,0.0,0.0,chop_low_vol,-1.2744497143942288,0.0
17_regime_switching_model,6,2015-06-17 00:00:00+00:00,2015-08-08 00:00:00+00:00,1.1219927355604364,0.2261904761904762,0.9365079365079365,0.0,0.0,chop_low_vol,2.789599694993848,0.0,2.3948967270154955,0.4801587301587302,0.9841269841269841,0.0,1.0,chop,0.24579093702966737,0.0
17_regime_switching_model,7,2015-08-09 12:00:00+00:00,2015-08-13 12:00:00+00:00,0.7404164506271316,0.47619047619047616,0.6349206349206349,0.0,1.0,chop,0.35367958440165753,0.0,1.1422299449199609,0.4126984126984127,0.7698412698412699,0.0,1.0,chop,-0.004529230989183154,0.0
17_regime_switching_model,8,2015-09-07 00:00:00+00:00,2015-09-21 00:00:00+00:00,5.824088693450763,0.8412698412698413,0.503968253968254,0.0,0.0,trend_high_vol,-0.7328365469167366,0.0,5.084179963567747,0.1865079365079365,0.4126984126984127,0.0,0.0,trend,-0.9630264989159673,0.0
17_regime_switching_model,9,2015-10-07 12:00:00+00:00,2016-01-15 00:00:00+00:00,1.1772201282521289,0.1349206349206349,0.5793650793650794,0.0,0.0,chop_low_vol,0.10797966942320644,0.0,1.6532717369857344,0.7857142857142857,0.9761904761904762,0.0,1.0,chop_high_vol,-1.0193233841252876,0.0
17_regime_switching_model,10,2016-01-15 12:00:00+00:00,2016-01-18 00:00:00+00:00,0.725499553242288,0.7857142857142857,0.9761904761904762,0.0,1.0,chop_high_vol,-1.0350392325961446,0.0,1.1777144909209238,0.7857142857142857,0.6984126984126984,0.0,1.0,chop_high_vol,-0.5885770045278848,0.0
17_regime_switching_model,11,2016-02-14 00:00:00+00:00,2016-02-16 00:00:00+00:00,2.278731191403084,0.15873015873015872,0.7698412698412699,0.0,1.0,chop_low_vol,-1.152366226071581,0.0,0.8747579231117144,0.18253968253968253,0.746031746031746,0.0,1.0,chop_low_vol,-0.8289786903532185,0.0
17_regime_switching_model,12,2016-02-19 00:00:00+00:00,2016-03-13 00:00:00+00:00,1.3679468963592663,0.1349206349206349,0.5714285714285714,0.0,1.0,chop_low_vol,-0.6215525400965979,0.0,1.0024689653639962,0.01984126984126984,0.6825396825396826,0.0,1.0,chop_low_vol,-0.6159689160411721,0.0
17_regime_switching_model,13,2016-03-17 12:00:00+00:00,2016-03-18 00:00:00+00:00,1.111987884361323,0.007936507936507936,0.7857142857142857,0.0,1.0,chop_low_vol,-0.34382195917274383,0.0,0.9226330999274384,0.03571428571428571,0.9047619047619048,0.0,1.0,chop_low_vol,-0.7238852841438056,0.0
17_regime_switching_model,14,2016-03-26 12:00:00+00:00,2016-03-31 12:00:00+00:00,1.1508198218155792,0.007936507936507936,0.1984126984126984,0.0,1.0,chop_low_vol,0.5964083321308264,0.0,1.0420270288977367,0.03968253968253968,0.4603174603174603,0.0,1.0,chop_low_vol,0.235490808891375,0.0
17_regime_switching_model,15,2016-04-01 00:00:00+00:00,2016-05-19 00:00:00+00:00,1.2887663929680302,0.003968253968253968,0.2896825396825397,0.0,1.0,chop_low_vol,0.5653436832071581,0.0,3.346503886080704,0.2896825396825397,0.9523809523809523,0.0,1.0,trend,0.04119345661647528,0.0
17_regime_switching_model,16,2016-05-22 12:00:00+00:00,2016-05-26 00:00:00+00:00,1.0470559482047426,0.2857142857142857,0.07142857142857142,0.0,1.0,chop_low_vol,0.042547160371555336,0.0,0.9146869009222711,0.23412698412698413,0.5357142857142857,0.0,1.0,chop_low_vol,2.0768089123616584,0.0
17_regime_switching_model,17,2016-05-27 00:00:00+00:00,2016-07-31 00:00:00+00:00,1.2401839948308497,0.44047619047619047,1.0,0.0,1.0,chop,3.5689997731187453,0.0,1.0110289029283757,0.46825396825396826,0.7142857142857143,0.0,1.0,chop,-1.1248440438817826,0.0
17_regime_switching_model,18,2016-07-31 12:00:00+00:00,2016-08-02 00:00:00+00:00,0.44056072659941037,0.46825396825396826,0.7142857142857143,0.0,1.0,chop,-1.140156816797372,0.0,1.7405891068472492,0.5634920634920635,0.9920634920634921,0.0,1.0,chop,-3.236083234944698,0.0
17_regime_switching_model,19,2016-09-03 00:00:00+00:00,2016-09-06 12:00:00+00:00,4.875290251108399,0.11507936507936507,0.8571428571428571,0.0,1.0,trend,-0.20730346207460326,0.0,0.6784836615098858,0.11904761904761904,0.4365079365079365,0.0,1.0,chop_low_vol,-0.1578141103227758,0.0
17_regime_switching_model,20,2016-09-08 12:00:00+00:00,2017-01-11 00:00:00+00:00,1.179197023464791,0.20634920634920634,0.5317460317460317,0.0,1.0,chop_low_vol,0.4066573489419671,0.0,2.464883017060239,1.0,0.9761904761904762,0.0,1.0,chop_high_vol,-0.5381316179957518,0.0
17_regime_switching_model,21,2017-01-12 12:00:00+00:00,2017-01-17 00:00:00+00:00,1.0488643457345217,0.9920634920634921,0.9444444444444444,0.0,1.0,chop_high_vol,-0.3478733684142624,0.0,0.18005557749758982,1.0,0.8571428571428571,0.0,1.0,chop_high_vol,0.44882303352004166,0.0
17_regime_switching_model,22,2017-01-31 00:00:00+00:00,2017-03-17 00:00:00+00:00,2.8553079865205984,0.7857142857142857,0.8650793650793651,0.0,1.0,chop_high_vol,0.794153304248828,0.0,2.9456565233409924,0.7936507936507936,1.0,0.0,1.0,chop_high_vol,0.2794332700045724,0.0
17_regime_switching_model,23,2017-03-19 00:00:00+00:00,2017-03-24 12:00:00+00:00,0.6782114246096296,0.8412698412698413,0.9523809523809523,0.0,1.0,chop_high_vol,-0.30844419897458236,0.0,1.3666591301355397,0.8888888888888888,0.9603174603174603,0.0,1.0,chop_high_vol,-1.5966603183263328,0.0
17_regime_switching_model,24,2017-04-08 00:00:00+00:00,2017-07-01 00:00:00+00:00,1.4061096306448628,0.626984126984127,0.626984126984127,0.0,1.0,chop,0.5214688239507742,0.0,3.020728641020116,0.5158730158730159,0.5793650793650794,0.0,1.0,chop,0.4968924012566658,0.0
17_regime_switching_model,25,2017-07-11 00:00:00+00:00,2017-07-14 12:00:00+00:00,0.8142132006202115,0.24603174603174602,0.7777777777777778,0.0,1.0,chop_low_vol,0.006720854236416249,0.0,1.3511136328530857,0.2857142857142857,0.5396825396825397,0.0,1.0,chop_low_vol,-0.6402142031703882,0.0
17_regime_switching_model,26,2017-07-29 00:00:00+00:00,2017-09-13 00:00:00+00:00,1.1633853082193975,1.0,0.40476190476190477,0.0,1.0,chop_high_vol,0.6583917311186777,0.0,2.771670351341369,0.373015873015873,0.8412698412698413,0.0,1.0,chop,0.2992835070681613,0.0
17_regime_switching_model,27,2017-09-14 12:00:00+00:00,2017-09-25 00:00:00+00:00,0.5807835715974994,0.8412698412698413,0.9365079365079365,0.0,1.0,chop_high_vol,-0.7371232688339963,0.0,0.8387234404611511,0.8253968253968254,0.4166666666666667,0.0,1.0,chop_high_vol,0.1344956876404507,0.0
17_regime_switching_model,28,2017-10-02 00:00:00+00:00,2017-12-30 00:00:00+00:00,1.621408969026812,0.7936507936507936,0.46825396825396826,0.0,1.0,chop_high_vol,1.0709952923892752,0.0,3.033758483756851,0.8095238095238095,0.9365079365079365,0.0,1.0,chop_high_vol,0.4227289385090364,0.0
17_regime_switching_model,29,2018-01-16 12:00:00+00:00,2018-01-17 00:00:00+00:00,0.7566990362439489,0.7857142857142857,0.9603174603174603,0.0,1.0,chop_high_vol,-0.7081006819840684,0.0,1.241914976188404,0.6587301587301587,0.9523809523809523,0.0,1.0,chop,-0.8400129172916095,0.0
17_regime_switching_model,30,2018-02-19 00:00:00+00:00,2018-02-21 00:00:00+00:00,1.7638075309762211,0.8253968253968254,0.4523809523809524,0.0,1.0,chop_high_vol,-0.2845919851833671,0.0,0.9874438865817348,0.7222222222222222,0.5555555555555556,0.0,1.0,chop_high_vol,-0.38001204295448165,0.0
17_regime_switching_model,31,2018-02-25 00:00:00+00:00,2018-02-26 00:00:00+00:00,1.1454417417505134,0.3888888888888889,0.29365079365079366,0.0,1.0,chop,-0.7117079319589508,0.0,1.0743519639609482,0.35714285714285715,0.3968253968253968,0.0,1.0,chop,-0.38279102210682087,0.0
17_regime_switching_model,32,2018-03-05 12:00:00+00:00,2018-03-07 00:00:00+00:00,1.2590009707476324,0.2222222222222222,0.2857142857142857,0.0,1.0,chop_low_vol,0.3447280314892005,0.0,0.8884531322075906,0.1746031746031746,0.5,0.0,1.0,chop_low_vol,-0.4030875763875879,0.0
17_regime_switching_model,33,2018-04-15 00:00:00+00:00,2018-04-20 00:00:00+00:00,3.280771730424608,0.3055555555555556,0.11507936507936507,0.0,0.0,chop,-0.3834040817195126,0.0,0.8187985705575035,0.1388888888888889,0.5436507936507936,0.0,0.0,chop_low_vol,0.12173584764403435,0.0
17_regime_switching_model,34,2018-04-23 12:00:00+00:00,2018-05-11 00:00:00+00:00,1.1729695068340351,0.12698412698412698,0.3968253968253968,0.0,0.0,chop_low_vol,0.32986717703657087,0.0,3.315224111560165,0.0992063492063492,0.6626984126984127,0.0,0.0,chop_low_vol,0.20630905185511741,0.0
17_regime_switching_model,35,2018-05-15 00:00:00+00:00,2018-05-19 00:00:00+00:00,0.9874213630194326,0.003968253968253968,0.3531746031746032,0.0,0.0,chop_low_vol,0.4672496727308204,0.0,1.3519195931647519,0.003968253968253968,0.08333333333333333,0.0,0.0,chop_low_vol,0.19098823374765375,0.0
17_regime_switching_model,36,2018-07-07 00:00:00+00:00,2018-07-17 12:00:00+00:00,3.947270271118564,0.25,0.0992063492063492,0.0,0.0,chop_low_vol,-0.27899448151449846,0.0,1.0807016647371352,0.42063492063492064,0.6746031746031746,0.0,0.0,chop,1.2301079436460127,0.0
17_regime_switching_model,37,2018-07-20 12:00:00+00:00,2018-08-06 00:00:00+00:00,1.2500948582220865,0.2619047619047619,0.4444444444444444,0.0,0.0,chop_low_vol,1.4265921712726553,0.0,1.7703653363502545,0.34523809523809523,0.17063492063492064,0.0,0.0,chop,0.38800911787795456,0.0
17_regime_switching_model,38,2018-08-08 12:00:00+00:00,2018-08-09 12:00:00+00:00,0.7592979768885216,0.5079365079365079,0.5396825396825397,0.0,0.0,chop,-0.5494838097291849,0.0,1.4166744173322137,0.5396825396825397,0.29365079365079366,0.0,0.0,chop,-0.15913541659439664,0.0
17_regime_switching_model,39,2018-08-27 00:00:00+00:00,2018-08-28 12:00:00+00:00,2.2385318445425573,0.23412698412698413,0.25,0.0,0.0,chop_low_vol,0.15155969685967674,0.0,1.0916619690971867,0.05555555555555555,0.4444444444444444,0.0,0.0,chop_low_vol,0.4652150884741842,0.0
17_regime_switching_model,40,2018-09-02 12:00:00+00:00,2018-09-06 12:00:00+00:00,1.1922946711075801,0.031746031746031744,0.40476190476190477,0.0,0.0,chop_low_vol,0.7112395211442862,0.0,0.7761762389357315,0.20634920634920634,0.7936507936507936,0.0,0.0,chop_low_vol,-0.5944225267007883,0.0
17_regime_switching_model,41,2018-11-07 00:00:00+00:00,2018-11-14 00:00:00+00:00,2.629837368525051,0.027777777777777776,0.8412698412698413,0.0,0.0,trend,-0.22671385688589193,0.0,2.129912832324466,0.44841269841269843,1.0,0.0,0.0,trend,-4.04012228580504,0.0
17_regime_switching_model,42,2019-02-09 00:00:00+00:00,2019-02-17 12:00:00+00:00,4.009797127973382,0.38095238095238093,0.8650793650793651,0.0,0.0,chop,-0.37134685798687544,0.0,0.979558717183024,0.31746031746031744,0.9285714285714286,0.0,0.0,chop,-0.4474614683340097,0.0
17_regime_switching_model,43,2019-02-19 12:00:00+00:00,2019-07-14 00:00:00+00:00,1.3107129560682251,0.42063492063492064,1.0,0.0,0.0,chop,0.531885554676577,0.0,3.7592307496784256,1.0,0.6825396825396826,0.0,1.0,chop_high_vol,0.3119670462940923,0.0
17_regime_switching_model,44,2019-07-18 00:00:00+00:00,2019-07-28 00:00:00+00:00,1.0991396045026214,0.8888888888888888,0.7857142857142857,0.0,1.0,chop_high_vol,0.44741449390367405,0.0,1.166343878305911,0.6666666666666666,0.1746031746031746,0.0,1.0,chop,-0.5097585935027121,0.0
17_regime_switching_model,45,2019-08-05 12:00:00+00:00,2019-08-16 00:00:00+00:00,1.1684008245972466,0.30158730158730157,0.7142857142857143,0.0,1.0,chop,0.8590753545926565,0.0,1.0417490127132607,0.3373015873015873,0.5396825396825397,0.0,1.0,chop,-1.17552743473795,0.0
17_regime_switching_model,46,2019-08-27 00:00:00+00:00,2019-08-28 00:00:00+00:00,1.1225915737325778,0.23015873015873015,0.11507936507936507,0.0,1.0,chop_low_vol,-1.382906641892248,0.0,1.6228881358322822,0.2619047619047619,0.36507936507936506,0.0,1.0,chop_low_vol,-1.8374009372316003,0.0
17_regime_switching_model,47,2019-10-25 00:00:00+00:00,2019-10-27 12:00:00+00:00,4.275391683695748,0.6904761904761905,0.9285714285714286,0.0001,0.0,trend,-0.4323946734598822,0.0,0.9337901442340439,0.6984126984126984,0.9603174603174603,0.00018561,1.0,chop,0.5104725363396634,0.0
17_regime_switching_model,48,2019-11-02 12:00:00+00:00,2019-11-13 12:00:00+00:00,1.1478489154331741,0.6666666666666666,0.753968253968254,0.0001,1.0,chop,0.28396157555311896,0.0,1.0167837862129854,0.6587301587301587,0.5714285714285714,0.0001,0.0,chop,0.30007651265056273,0.0
17_regime_switching_model,49,2019-11-15 12:00:00+00:00,2019-11-18 00:00:00+00:00,0.23395531692342014,0.1349206349206349,0.8095238095238095,0.0001,0.0,chop_low_vol,-0.13527171717165684,0.0,1.3718768519144406,0.10714285714285714,0.8055555555555556,0.0001,0.0,chop_low_vol,-0.4003596988357211,0.0
17_regime_switching_model,50,2020-01-06 00:00:00+00:00,2020-01-06 12:00:00+00:00,1.3216234797059712,0.7658730158730159,0.8412698412698413,0.0001,0.0,chop_high_vol,-0.4086141189835787,0.0,0.8915081123730021,0.7698412698412699,0.8412698412698413,0.0001,0.0,chop_high_vol,-0.3947330799742184,0.0
17_regime_switching_model,51,2020-01-08 12:00:00+00:00,2020-02-25 00:00:00+00:00,1.1568012995728085,0.3412698412698413,0.9603174603174603,0.0001,0.0,chop,0.24428993459834883,0.0,3.0122785204521114,0.3888888888888889,0.8968253968253969,0.0001,1.0,chop,0.08120685485169933,0.0
17_regime_switching_model,52,2020-02-27 12:00:00+00:00,2020-03-01 00:00:00+00:00,0.7406200115336444,0.5873015873015873,0.9603174603174603,0.0001,0.0,chop,-0.5742683833847535,0.0,1.1765558477839624,0.49603174603174605,0.7936507936507936,0.00049317,0.0,chop,-0.4384572464562074,0.0
17_regime_switching_model,53,2020-04-02 00:00:00+00:00,2020-04-09 12:00:00+00:00,4.848825069627527,0.8333333333333334,0.9444444444444444,-0.0001933,0.0,trend_high_vol,-0.8175068592859437,0.0,0.9231752091004397,0.7857142857142857,0.5317460317460317,-0.00010005,0.0,chop_high_vol,-0.6032079700693835,1.0
17_regime_switching_model,54,2020-04-13 00:00:00+00:00,2020-04-16 00:00:00+00:00,1.2188763888952772,0.746031746031746,0.6507936507936508,8.453e-05,0.0,chop_high_vol,-0.8455740287622058,1.0,1.084417117705617,0.753968253968254,0.9047619047619048,-7.017e-05,0.0,chop_high_vol,-0.47945593307667794,0.0
17_regime_switching_model,55,2020-04-25 00:00:00+00:00,2020-06-19 00:00:00+00:00,1.2464605372463065,0.6746031746031746,0.3968253968253968,0.0001,0.0,chop,0.17010834011933149,0.0,2.985474074756961,0.15079365079365079,0.027777777777777776,7.624e-05,1.0,chop_low_vol,0.09530899706326953,0.0
17_regime_switching_model,56,2020-07-23 12:00:00+00:00,2020-08-25 00:00:00+00:00,1.4180202528716899,0.07142857142857142,0.24603174603174602,0.0001,1.0,chop_low_vol,-1.0858643758143893,1.0,5.9247926074135595,0.25793650793650796,0.5992063492063492,0.0001,1.0,trend,1.0831824616836643,0.0
17_regime_switching_model,57,2020-09-03 12:00:00+00:00,2020-09-06 12:00:00+00:00,1.029961090226869,0.5396825396825397,0.7698412698412699,0.00016828,1.0,chop,-0.7324849465455362,0.0,1.267673660436499,0.5793650793650794,0.8571428571428571,0.0001,1.0,chop,-0.6952182352773766,0.0
17_regime_switching_model,58,2020-10-11 12:00:00+00:00,2021-01-27 00:00:00+00:00,1.4686507654605805,0.2222222222222222,0.36507936507936506,0.0001,1.0,chop_low_vol,0.7965042664842144,0.0,2.95945886443018,0.9523809523809523,0.8412698412698413,0.0001,1.0,chop_high_vol,0.5281094913890075,0.0
17_regime_switching_model,59,2021-02-05 00:00:00+00:00,2021-04-19 00:00:00+00:00,3.2582305113281147,0.8253968253968254,0.746031746031746,0.00061936,1.0,chop_high_vol,1.2030924101934901,0.0,3.1351052517640046,0.10714285714285714,0.626984126984127,0.0001,1.0,chop_low_vol,-0.16215196963737416,0.0
17_regime_switching_model,60,2021-04-22 12:00:00+00:00,2021-04-24 00:00:00+00:00,0.23687252917433188,0.16666666666666666,0.7936507936507936,0.0001,1.0,chop_low_vol,-1.0790863760738878,0.0,1.2838616975211317,0.1626984126984127,0.18253968253968253,0.0001,1.0,chop_low_vol,-1.4381182421021061,0.0
17_regime_switching_model,61,2021-05-14 00:00:00+00:00,2021-05-15 00:00:00+00:00,1.4759940065879236,0.6507936507936508,0.3373015873015873,0.00022863,1.0,chop,-2.4395688887713516,0.0,2.008333848830989,0.7301587301587301,0.44841269841269843,0.00015069,1.0,chop_high_vol,-3.111583080719209,0.0
17_regime_switching_model,62,2021-06-14 00:00:00+00:00,2021-06-21 00:00:00+00:00,4.1775978025820475,0.6150793650793651,0.13095238095238096,0.0001,0.0,chop,-0.6090719547008474,0.0,4.311352657143653,0.7658730158730159,0.4246031746031746,-0.00018437,0.0,chop_high_vol,-1.3256299945407508,0.0
17_regime_switching_model,63,2021-07-25 00:00:00+00:00,2021-07-26 12:00:00+00:00,2.618088783471127,0.17857142857142858,0.051587301587301584,-0.00010603,0.0,chop_low_vol,0.5378351402913557,0.0,0.9879656666836848,0.2777777777777778,0.5476190476190477,0.0001,0.0,chop_low_vol,1.4670172088924316,0.0
17_regime_switching_model,64,2021-07-29 00:00:00+00:00,2021-09-08 00:00:00+00:00,1.575203184193463,0.2896825396825397,0.1626984126984127,0.0001,0.0,chop_low_vol,1.980871499888143,0.0,4.108456274431717,0.4246031746031746,0.7738095238095238,0.00022977,1.0,chop,0.6133388882503887,0.0
17_regime_switching_model,65,2021-09-20 12:00:00+00:00,2021-09-24 12:00:00+00:00,0.3618777337607924,0.5714285714285714,0.8412698412698413,0.0001,0.0,chop,-0.3221126986698532,0.0,1.1074306847084432,0.626984126984127,0.8253968253968254,-8.536e-05,0.0,chop,-0.535698321005516,0.0
17_regime_switching_model,66,2021-10-06 00:00:00+00:00,2021-11-18 00:00:00+00:00,1.3797701340003352,0.7579365079365079,0.9523809523809523,1.61e-06,1.0,chop_high_vol,3.4513657094652177,0.0,2.62788514927595,0.17063492063492064,0.8571428571428571,0.0001,1.0,chop_low_vol,-0.16342868728478246,0.0
17_regime_switching_model,67,2021-11-20 00:00:00+00:00,2021-11-25 12:00:00+00:00,1.042291078125653,0.21428571428571427,0.29365079365079366,0.0001,1.0,chop_low_vol,0.16313089353299517,0.0,1.1369173006905928,0.23015873015873015,0.46825396825396826,0.00016775,1.0,chop_low_vol,-0.06266672912247792,0.0
17_regime_switching_model,68,2021-12-24 00:00:00+00:00,2022-01-04 00:00:00+00:00,4.418279218848659,0.25,0.011904761904761904,4.018e-05,1.0,chop_low_vol,-0.9287512632727175,0.0,5.3643643120183135,0.003968253968253968,0.873015873015873,0.0001,0.0,trend,-1.4196148597828475,0.0
17_regime_switching_model,69,2022-02-06 00:00:00+00:00,2022-02-09 00:00:00+00:00,4.460484933196736,0.9404761904761905,0.011904761904761904,0.0001,0.0,chop_high_vol,-0.23216309525500678,0.0,0.9954262295798323,0.9484126984126984,0.15476190476190477,8.216e-05,0.0,chop_high_vol,0.08444617468363289,0.0
17_regime_switching_model,70,2022-02-16 12:00:00+00:00,2022-02-17 00:00:00+00:00,1.1093707597601037,0.6587301587301587,0.09523809523809523,0.0001,0.0,chop,-0.0159561246800518,0.0,0.749394181728938,0.9047619047619048,0.3055555555555556,0.0001,0.0,chop_high_vol,-0.9851819072551393,0.0
17_regime_switching_model,71,2022-02-21 00:00:00+00:00,2022-02-28 12:00:00+00:00,1.635539219563229,0.9523809523809523,0.45634920634920634,6.5e-05,0.0,chop_high_vol,-1.7403548299751272,0.0,1.0907134780430123,1.0,0.7301587301587301,-8.986e-05,0.0,chop_high_vol,0.24228106520719372,0.0
17_regime_switching_model,72,2022-03-08 12:00:00+00:00,2022-03-09 00:00:00+00:00,1.1404104890372029,0.9761904761904762,0.36507936507936506,0.0001,0.0,chop_high_vol,-1.7913018772244755,1.0,0.7642781558400819,0.9761904761904762,0.6626984126984127,0.0001,0.0,chop_high_vol,-0.35796110265773545,0.0
17_regime_switching_model,73,2022-03-13 12:00:00+00:00,2022-03-16 00:00:00+00:00,1.1210538729795092,0.9761904761904762,0.06349206349206349,6.13e-06,0.0,chop_high_vol,-1.5197023320871441,0.0,0.9007805377903756,0.9841269841269841,0.9007936507936508,9.061e-05,0.0,chop_high_vol,0.16163740449132358,0.0
17_regime_switching_model,74,2022-03-24 00:00:00+00:00,2022-04-11 00:00:00+00:00,1.4522654527487637,0.46825396825396826,0.6626984126984127,7.014e-05,0.0,chop,0.7673939333887657,0.0,0.9946200619872785,0.20238095238095238,0.8611111111111112,2.43e-06,0.0,chop_low_vol,-0.87804486982108,0.0
17_regime_switching_model,75,2022-04-11 12:00:00+00:00,2022-04-14 12:00:00+00:00,0.4392715619183156,0.20634920634920634,0.8650793650793651,0.0001,0.0,chop_low_vol,-0.8632854329627097,0.0,1.2212639529425873,0.2777777777777778,0.36507936507936506,3.533e-05,0.0,chop_low_vol,-0.830554164840636,0.0
17_regime_switching_model,76,2022-05-30 00:00:00+00:00,2022-06-11 00:00:00+00:00,6.163829737359547,0.5793650793650794,0.9246031746031746,0.0001,0.0,trend,-0.7941480653675821,0.0,3.889287334165911,0.4007936507936508,0.4523809523809524,3.503e-05,0.0,trend,-1.4341128447979352,0.0
17_regime_switching_model,77,2022-07-07 00:00:00+00:00,2022-07-22 12:00:00+00:00,13.961776535994996,0.44841269841269843,0.3333333333333333,8.373e-05,0.0,trend,-0.6476213872352495,0.0,1.0586421646639965,0.5,0.6428571428571429,0.0001,0.0,chop,0.04753499936990469,0.0
17_regime_switching_model,78,2022-07-26 00:00:00+00:00,2022-07-27 00:00:00+00:00,1.1226770998831335,0.5674603174603174,0.45634920634920634,2.319e-05,0.0,chop,-0.2718841200108255,0.0,0.8389579057649309,0.626984126984127,0.6507936507936508,8.659e-05,0.0,chop,0.24858350708758534,0.0
17_regime_switching_model,79,2022-08-01 00:00:00+00:00,2022-08-19 00:00:00+00:00,1.2556258511823177,0.5555555555555556,0.2976190476190476,6.281e-05,0.0,chop,0.3239706472634395,0.0,1.333205694327938,0.29365079365079366,0.8809523809523809,0.0001,0.0,chop_low_vol,-0.5090311471906203,0.0
17_regime_switching_model,80,2022-08-19 12:00:00+00:00,2022-08-22 00:00:00+00:00,0.6564220240904681,0.29365079365079366,0.8809523809523809,2.108e-05,0.0,chop_low_vol,-0.5191017588328866,0.0,1.3224767607997943,0.30952380952380953,0.6468253968253969,-3.234e-05,0.0,chop,-0.14915834575651316,0.0
17_regime_switching_model,81,2022-09-10 00:00:00+00:00,2022-09-21 00:00:00+00:00,3.5245617487713665,0.48412698412698413,0.8253968253968254,0.0001,0.0,chop,0.08696684646238809,0.0,3.0831657939853683,0.7261904761904762,0.9365079365079365,1.721e-05,0.0,chop_high_vol,-1.7587151945191501,0.0
17_regime_switching_model,82,2022-10-04 00:00:00+00:00,2022-10-26 00:00:00+00:00,2.8334375175784112,0.03571428571428571,0.753968253968254,0.0001,0.0,chop_low_vol,-0.42933292602009676,1.0,0.4303426123414107,0.0992063492063492,1.0,-1.66e-06,0.0,chop_low_vol,2.2571405590598084,0.0
17_regime_switching_model,83,2022-10-29 00:00:00+00:00,2022-11-08 00:00:00+00:00,1.267005260282912,0.1388888888888889,0.8333333333333334,2.484e-05,0.0,chop_low_vol,2.479444404625122,0.0,1.585036200315745,0.5753968253968254,1.0,6.515e-05,0.0,chop,-2.5297433236917817,1.0
17_regime_switching_model,84,2022-11-08 12:00:00+00:00,2022-11-10 12:00:00+00:00,1.052008319560305,0.5793650793650794,1.0,-7.88e-06,0.0,chop,-2.450376857998482,1.0,1.3544222063113853,1.0,0.9841269841269841,-0.00111953,0.0,chop_high_vol,-3.0519813427844125,1.0
17_regime_switching_model,85,2022-12-08 00:00:00+00:00,2022-12-19 00:00:00+00:00,4.374849632272029,0.25,0.1388888888888889,-1.492e-05,0.0,trend,-0.8389724220636834,0.0,2.2432192689524344,0.39285714285714285,0.09126984126984126,6.468e-05,0.0,chop,-0.9361903254642917,0.0
17_regime_switching_model,86,2023-01-06 00:00:00+00:00,2023-01-10 00:00:00+00:00,4.0770168873728165,0.003968253968253968,0.09126984126984126,7.264e-05,0.0,trend,-1.0419084780412138,0.0,0.508129667910452,0.011904761904761904,0.15476190476190477,9.05e-06,0.0,chop_low_vol,-0.3154029236931164,0.0
17_regime_switching_model,87,2023-01-11 12:00:00+00:00,2023-02-09 00:00:00+00:00,1.5640566524760227,0.031746031746031744,0.2698412698412698,2.477e-05,0.0,chop_low_vol,0.9305068887013354,0.0,7.309791558967051,0.5833333333333334,0.7896825396825397,0.0001,1.0,trend,0.9784936630410656,0.0
17_regime_switching_model,88,2023-02-15 00:00:00+00:00,2023-03-07 00:00:00+00:00,3.337622161794317,0.8095238095238095,0.7857142857142857,8.887e-05,1.0,chop_high_vol,1.7794664847891846,0.0,0.9490938844394701,0.42063492063492064,0.4722222222222222,5.414e-05,1.0,chop,0.34839350158626264,0.0
17_regime_switching_model,89,2023-03-16 12:00:00+00:00,2023-04-21 00:00:00+00:00,1.1044565019561836,0.8412698412698413,0.8968253968253969,0.0001,1.0,chop_high_vol,1.1698680204712424,0.0,4.367631329127771,0.46825396825396826,0.49603174603174605,5.898e-05,1.0,chop,0.23309616328729496,0.0
17_regime_switching_model,90,2023-05-28 00:00:00+00:00,2023-06-05 00:00:00+00:00,2.3669724672016654,0.07539682539682539,0.23412698412698413,7.362e-05,1.0,chop_low_vol,0.6093249084647309,0.0,1.3792699798687076,0.32936507936507936,0.6309523809523809,0.0001,1.0,chop,-1.7950714476029568,0.0
17_regime_switching_model,91,2023-06-20 00:00:00+00:00,2023-06-20 12:00:00+00:00,1.219529408217027,0.6428571428571429,0.7182539682539683,3.69e-05,1.0,chop,1.8382521830954581,0.0,0.7740456724508075,0.6428571428571429,0.7222222222222222,-4.48e-06,1.0,chop,1.797674308626754,0.0
17_regime_switching_model,92,2023-06-22 00:00:00+00:00,2023-07-18 00:00:00+00:00,1.1050836882754402,0.7103174603174603,0.6706349206349206,0.0001,1.0,chop_high_vol,3.236737846348208,0.0,4.1280604686940086,0.07539682539682539,0.32142857142857145,3.983e-05,1.0,trend,0.46534137508689233,0.0
17_regime_switching_model,93,2023-07-26 00:00:00+00:00,2023-08-01 00:00:00+00:00,0.9395493517047111,0.12301587301587301,0.4087301587301587,9.451e-05,1.0,chop_low_vol,0.12835450146198243,0.0,0.5455813304905882,0.14682539682539683,0.753968253968254,6.3e-05,1.0,chop_low_vol,0.4017832102247002,0.0
17_regime_switching_model,94,2023-10-03 00:00:00+00:00,2023-10-13 12:00:00+00:00,1.3002958079824063,0.23412698412698413,0.376984126984127,4.172e-05,0.0,chop_low_vol,1.2941815217711756,0.0,1.0328879836177187,0.31746031746031744,0.7698412698412699,2.039e-05,0.0,chop,-0.16854335460697664,1.0
17_regime_switching_model,95,2023-10-16 12:00:00+00:00,2024-01-14 00:00:00+00:00,1.4142911127891213,0.5317460317460317,0.9761904761904762,2.8e-07,1.0,chop,1.3926213792671276,0.0,2.16293380034581,1.0,0.5238095238095238,0.0001,1.0,chop_high_vol,-0.038936243960899036,0.0
17_regime_switching_model,96,2024-02-07 12:00:00+00:00,2024-04-13 00:00:00+00:00,1.2093069811254167,0.18253968253968253,0.5714285714285714,5.373e-05,1.0,chop_low_vol,0.9803787359762902,0.0,2.140021321077485,0.5634920634920635,0.9047619047619048,0.0001,1.0,chop,-1.0042107052369804,0.0
17_regime_switching_model,97,2024-04-15 00:00:00+00:00,2024-04-22 00:00:00+00:00,1.0468543500284553,0.5634920634920635,0.7936507936507936,0.0001,1.0,chop,-1.1882479137171236,0.0,0.5477263381369236,0.46825396825396826,0.5,4.409e-05,1.0,chop,-0.4694055731197383,0.0
17_regime_switching_model,98,2024-05-15 00:00:00+00:00,2024-05-15 12:00:00+00:00,1.2121867396136878,0.6904761904761905,0.7261904761904762,0.0001,1.0,chop,-0.37623291615530113,0.0,0.9265965418607236,0.6904761904761905,0.7301587301587301,-3.85e-06,1.0,chop,-0.36683174585395306,0.0
17_regime_switching_model,99,2024-05-20 12:00:00+00:00,2024-06-11 00:00:00+00:00,1.2320126457092127,0.7222222222222222,0.8015873015873016,2.479e-05,1.0,chop_high_vol,0.5802653699075939,0.0,4.039139433477077,0.01984126984126984,0.6666666666666666,0.0001,1.0,trend,0.8849148965750904,0.0
17_regime_switching_model,100,2024-07-15 00:00:00+00:00,2024-07-17 12:00:00+00:00,2.6041313168752227,0.4880952380952381,0.7420634920634921,4.59e-05,1.0,trend,-0.3717060175319479,0.0,0.9863711116974618,0.5,0.5952380952380952,1.775e-05,1.0,chop,-0.6686534529175261,0.0
17_regime_switching_model,101,2024-07-21 00:00:00+00:00,2024-08-03 00:00:00+00:00,1.3113032923275711,0.5674603174603174,0.4166666666666667,-5.313e-05,1.0,chop,0.49484572933969556,0.0,1.1928666772583878,0.4801587301587302,0.6111111111111112,0.0001,0.0,chop,-1.1193708450165534,0.0
17_regime_switching_model,102,2024-08-03 12:00:00+00:00,2024-08-05 00:00:00+00:00,0.7397353970953972,0.48412698412698413,0.6111111111111112,9.788e-05,0.0,chop,-1.1035073263493704,0.0,1.201826707420472,0.6785714285714286,1.0,0.0001,0.0,chop,-2.5132995601267356,0.0
17_regime_switching_model,103,2024-08-23 00:00:00+00:00,2024-08-23 12:00:00+00:00,1.2653118590697896,1.0,0.9166666666666666,-3.329e-05,1.0,chop_high_vol,0.05440583921656279,0.0,0.9291094364395179,1.0,0.9206349206349206,2.391e-05,1.0,chop_high_vol,0.055982266114265114,0.0
17_regime_switching_model,104,2024-08-31 12:00:00+00:00,2024-09-01 00:00:00+00:00,1.197802872621447,0.40476190476190477,0.031746031746031744,3.578e-05,0.0,chop,-0.9299992551527796,0.0,1.4329956705017863,0.43253968253968256,0.29365079365079366,4.113e-05,0.0,chop,-1.331982794438422,0.0
17_regime_switching_model,105,2024-09-21 00:00:00+00:00,2024-10-09 00:00:00+00:00,1.3012932752096877,0.3373015873015873,0.08333333333333333,5.543e-05,0.0,chop,-0.06220717373023765,0.0,1.356767479302356,0.17063492063492064,0.4246031746031746,0.0001,0.0,chop_low_vol,-0.5060601084821371,0.0
17_regime_switching_model,106,2024-10-14 00:00:00+00:00,2024-12-22 00:00:00+00:00,1.242989994308788,0.373015873015873,0.9523809523809523,5.429e-05,1.0,chop,1.514651734916437,0.0,4.139333474018489,0.5833333333333334,0.6111111111111112,0.0001,1.0,chop,0.5750704160914638,0.0
17_regime_switching_model,107,2025-01-17 12:00:00+00:00,2025-02-10 12:00:00+00:00,1.3626474260419434,0.5873015873015873,0.7936507936507936,9.386e-05,1.0,chop,1.1480473720879882,0.0,1.1000186274134875,0.031746031746031744,0.30158730158730157,9.176e-05,1.0,chop_low_vol,-2.0384369386515337,0.0
17_regime_switching_model,108,2025-04-23 00:00:00+00:00,2025-06-05 00:00:00+00:00,1.4058179680177039,0.8333333333333334,0.5119047619047619,-1.389e-05,1.0,chop_high_vol,0.37990819222337097,0.0,4.39729008358063,0.12301587301587301,0.8333333333333334,9.62e-06,1.0,trend,0.2919628482087724,0.0
17_regime_switching_model,109,2025-07-02 00:00:00+00:00,2025-07-31 00:00:00+00:00,1.7093248387027244,0.027777777777777776,0.8293650793650794,1.109e-05,1.0,chop_low_vol,0.7193236960102543,0.0,7.037316666286231,0.011904761904761904,0.8571428571428571,5.694e-05,1.0,trend,1.1312190139783787,0.0
17_regime_switching_model,110,2025-08-12 00:00:00+00:00,2025-08-19 12:00:00+00:00,2.4946707119096887,0.0992063492063492,0.9047619047619048,0.0001,1.0,chop_low_vol,1.3024845319880356,0.0,1.0377826831545665,0.5476190476190477,0.8571428571428571,6.262e-05,1.0,chop,-0.026836861183746095,0.0
17_regime_switching_model,111,2025-08-25 12:00:00+00:00,2025-08-27 00:00:00+00:00,0.7010397090826385,0.8571428571428571,0.9285714285714286,0.0001,1.0,chop_high_vol,-1.5219622710807077,0.0,1.1592274890534946,0.8531746031746031,0.6825396825396826,0.0001,1.0,chop_high_vol,-1.5073363754565157,0.0
17_regime_switching_model,112,2025-09-16 00:00:00+00:00,2025-09-23 12:00:00+00:00,1.305311381861935,0.11507936507936507,0.25,8.189e-05,1.0,chop_low_vol,-1.0562919372375457,0.0,0.8138676578572493,0.047619047619047616,0.30952380952380953,7.083e-05,1.0,chop_low_vol,-1.9409162923582757,0.0
17_regime_switching_model,113,2025-09-25 12:00:00+00:00,2025-09-26 12:00:00+00:00,0.5950361177686667,0.20634920634920634,0.8888888888888888,1.73e-05,1.0,chop_low_vol,-2.0580645218864286,0.0,1.3001480412789514,0.21428571428571427,0.6111111111111112,4.36e-05,1.0,chop_low_vol,-2.032990839463096,0.0
17_regime_switching_model,114,2025-10-03 00:00:00+00:00,2025-10-12 12:00:00+00:00,1.307270622079039,0.626984126984127,0.9206349206349206,9.543e-05,1.0,chop,-0.38276819791984373,0.0,0.9752476840164599,1.0,0.9444444444444444,2.865e-05,1.0,chop_high_vol,-1.5431267690487813,0.0
17_regime_switching_model,115,2026-01-03 00:00:00+00:00,2026-01-05 12:00:00+00:00,4.418368444913177,0.08333333333333333,0.051587301587301584,4.813e-05,0.0,trend,-0.35930637342400323,0.0,0.8746644237113061,0.1111111111111111,0.4365079365079365,5.23e-05,0.0,chop_low_vol,-0.18928766319194051,0.0
17_regime_switching_model,116,2026-01-14 00:00:00+00:00,2026-01-21 12:00:00+00:00,1.4619226101688307,0.32142857142857145,0.5634920634920635,1.29e-06,0.0,chop,0.08253611915946864,1.0,0.8639406258209545,0.4523809523809524,0.49206349206349204,6.055e-05,0.0,chop,-2.61004164783156,1.0
17_regime_switching_model,117,2026-03-04 00:00:00+00:00,2026-03-15 12:00:00+00:00,4.613312810236683,0.8333333333333334,0.8650793650793651,1.481e-05,0.0,chop_high_vol,-0.6574091689918322,0.0,1.0737630726554672,0.753968253968254,0.15079365079365079,-6.461e-05,0.0,chop_high_vol,-0.20310500789236927,0.0
17_regime_switching_model,118,2026-03-22 12:00:00+00:00,2026-03-23 00:00:00+00:00,1.1251250174748824,0.5952380952380952,0.16666666666666666,-4.425e-05,0.0,chop,0.30903212482623554,0.0,0.9524295239446445,0.7063492063492064,0.6309523809523809,-2.079e-05,0.0,chop_high_vol,1.1044002107213085,0.0
17_regime_switching_model,119,2026-03-27 12:00:00+00:00,2026-03-29 00:00:00+00:00,1.2398699376909839,0.48412698412698413,0.5714285714285714,-6.298e-05,0.0,chop,0.42775097121483174,0.0,1.9619334266046191,0.32936507936507936,0.13095238095238096,-1.73e-06,0.0,chop,0.43483062609616047,0.0
17_regime_switching_model,120,2026-04-07 00:00:00+00:00,2026-04-08 00:00:00+00:00,1.5899603903412922,0.38492063492063494,0.5753968253968254,-3.15e-06,0.0,chop,1.5504725902585168,0.0,0.9702658586554374,0.36904761904761907,0.5119047619047619,6.02e-05,0.0,chop,1.0273997001330033,0.0
17_regime_switching_model,121,2026-04-11 12:00:00+00:00,2026-04-12 00:00:00+00:00,1.142017000944813,0.30952380952380953,0.18253968253968253,-6.083e-05,0.0,chop,1.2737955606451614,0.0,1.0260248544744401,0.3055555555555556,0.21031746031746032,-8.108e-05,0.0,chop,0.7831688147960386,0.0
17_regime_switching_model,122,2026-04-13 00:00:00+00:00,2026-04-15 12:00:00+00:00,1.1050074487684705,0.5119047619047619,0.7658730158730159,-3.35e-06,0.0,chop,1.5668301461891634,0.0,2.263564778304484,0.36507936507936506,0.42063492063492064,-5.085e-05,0.0,chop,1.164539234126587,0.0
18_trend_strength_filter,1,2015-07-20 12:00:00+00:00,2015-08-09 12:00:00+00:00,3.776823870035956,0.7857142857142857,0.5952380952380952,0.0,1.0,trend_high_vol,1.7871254401583776,0.0,0.7404164506271316,0.47619047619047616,0.6349206349206349,0.0,1.0,chop,0.35367958440165753,0.0
18_trend_strength_filter,2,2015-08-13 12:00:00+00:00,2015-08-16 12:00:00+00:00,1.1422299449199609,0.4126984126984127,0.7698412698412699,0.0,1.0,chop,-0.004529230989183154,0.0,2.252290624890446,0.42857142857142855,0.8253968253968254,0.0,1.0,chop,-0.29615142999027677,0.0
18_trend_strength_filter,3,2015-10-28 12:00:00+00:00,2016-01-15 12:00:00+00:00,6.0933546583101,0.5158730158730159,0.9444444444444444,0.0,1.0,trend,3.226033950267048,0.0,0.725499553242288,0.7857142857142857,0.9761904761904762,0.0,1.0,chop_high_vol,-1.0350392325961446,0.0
18_trend_strength_filter,4,2016-01-18 00:00:00+00:00,2016-01-19 12:00:00+00:00,1.1777144909209238,0.7857142857142857,0.6984126984126984,0.0,1.0,chop_high_vol,-0.5885770045278848,0.0,1.8561879874685354,0.7857142857142857,0.5476190476190477,0.0,1.0,chop_high_vol,-0.8187981612667674,0.0
18_trend_strength_filter,5,2016-02-24 12:00:00+00:00,2016-03-13 00:00:00+00:00,3.409780408715133,0.07142857142857142,0.6587301587301587,0.0,1.0,chop_low_vol,-0.48425505031679217,0.0,1.0024689653639962,0.01984126984126984,0.6825396825396826,0.0,1.0,chop_low_vol,-0.6159689160411721,0.0
18_trend_strength_filter,6,2016-03-17 12:00:00+00:00,2016-03-18 00:00:00+00:00,1.111987884361323,0.007936507936507936,0.7857142857142857,0.0,1.0,chop_low_vol,-0.34382195917274383,0.0,0.9226330999274384,0.03571428571428571,0.9047619047619048,0.0,1.0,chop_low_vol,-0.7238852841438056,0.0
18_trend_strength_filter,7,2016-03-26 12:00:00+00:00,2016-03-31 00:00:00+00:00,1.1508198218155792,0.007936507936507936,0.1984126984126984,0.0,1.0,chop_low_vol,0.5964083321308264,0.0,1.107652927744597,0.03571428571428571,0.45634920634920634,0.0,1.0,chop_low_vol,0.24028651513863325,0.0
18_trend_strength_filter,8,2016-04-11 00:00:00+00:00,2016-05-22 12:00:00+00:00,2.5527229264507785,0.003968253968253968,0.28174603174603174,0.0,1.0,trend,-0.14889532795938779,0.0,1.0470559482047426,0.2857142857142857,0.07142857142857142,0.0,1.0,chop_low_vol,0.042547160371555336,0.0
18_trend_strength_filter,9,2016-05-27 00:00:00+00:00,2016-07-25 00:00:00+00:00,1.2401839948308497,0.44047619047619047,1.0,0.0,1.0,chop,3.5689997731187453,0.0,2.576053714964938,0.5396825396825397,0.5634920634920635,0.0,1.0,chop,0.11494354715313161,0.0
18_trend_strength_filter,10,2016-09-13 12:00:00+00:00,2017-01-12 12:00:00+00:00,2.1731338570640695,0.2619047619047619,0.5396825396825397,0.0,1.0,chop_low_vol,0.278773084773114,0.0,1.0488643457345217,0.9920634920634921,0.9444444444444444,0.0,1.0,chop_high_vol,-0.3478733684142624,0.0
18_trend_strength_filter,11,2017-01-25 00:00:00+00:00,2017-01-26 00:00:00+00:00,1.3417666449201473,0.8492063492063492,0.746031746031746,0.0,1.0,chop_high_vol,0.3095404582211272,0.0,1.4739277646472728,0.8333333333333334,0.7777777777777778,0.0,1.0,chop_high_vol,0.5115417289779471,0.0
18_trend_strength_filter,12,2017-02-01 12:00:00+00:00,2017-03-19 00:00:00+00:00,4.045027594106465,0.7777777777777778,0.8253968253968254,0.0,1.0,chop_high_vol,0.9704393046783877,0.0,0.6782114246096296,0.8412698412698413,0.9523809523809523,0.0,1.0,chop_high_vol,-0.30844419897458236,0.0
18_trend_strength_filter,13,2017-03-24 12:00:00+00:00,2017-03-27 00:00:00+00:00,1.3666591301355397,0.8888888888888888,0.9603174603174603,0.0,1.0,chop_high_vol,-1.5966603183263328,0.0,1.7485406120135674,0.8968253968253969,0.9126984126984127,0.0,1.0,chop_high_vol,-0.584308258196967,0.0
18_trend_strength_filter,14,2017-04-17 12:00:00+00:00,2017-07-11 00:00:00+00:00,5.327464274151295,0.16666666666666666,0.6746031746031746,0.0,1.0,trend,0.1717765656960959,0.0,0.8142132006202115,0.24603174603174602,0.7777777777777778,0.0,1.0,chop_low_vol,0.006720854236416249,0.0
18_trend_strength_filter,15,2017-08-02 12:00:00+00:00,2017-09-14 12:00:00+00:00,1.6964887776465227,0.9841269841269841,0.5873015873015873,0.0,1.0,chop_high_vol,0.4233259249377533,0.0,0.5807835715974994,0.8412698412698413,0.9365079365079365,0.0,1.0,chop_high_vol,-0.7371232688339963,0.0
18_trend_strength_filter,16,2017-10-11 00:00:00+00:00,2018-01-12 00:00:00+00:00,6.288265634414592,0.0992063492063492,0.38492063492063494,0.0,1.0,trend,1.7440666641857367,0.0,1.0291928073633496,0.6904761904761905,0.7301587301587301,0.0,1.0,chop,0.17564076950537638,0.0
18_trend_strength_filter,17,2018-03-05 12:00:00+00:00,2018-03-07 00:00:00+00:00,1.2590009707476324,0.2222222222222222,0.2857142857142857,0.0,1.0,chop_low_vol,0.3447280314892005,0.0,0.8884531322075906,0.1746031746031746,0.5,0.0,1.0,chop_low_vol,-0.4030875763875879,0.0
18_trend_strength_filter,18,2018-03-10 00:00:00+00:00,2018-03-21 00:00:00+00:00,1.252686995759034,0.11904761904761904,0.16666666666666666,0.0,0.0,chop_low_vol,-1.0068490836591484,0.0,4.540755787713086,0.03571428571428571,0.15873015873015872,0.0,0.0,trend,-0.6294956908372523,0.0
18_trend_strength_filter,19,2019-04-24 00:00:00+00:00,2019-07-18 00:00:00+00:00,10.007358641908878,0.23412698412698413,0.9682539682539683,0.0,1.0,trend,1.6720727865947462,0.0,1.0991396045026214,0.8888888888888888,0.7857142857142857,0.0,1.0,chop_high_vol,0.44741449390367405,0.0
18_trend_strength_filter,20,2019-07-28 00:00:00+00:00,2019-07-29 12:00:00+00:00,1.166343878305911,0.6666666666666666,0.1746031746031746,0.0,1.0,chop,-0.5097585935027121,0.0,1.7625431738555897,0.6587301587301587,0.18253968253968253,0.0,1.0,chop,-0.5509020045864207,0.0
18_trend_strength_filter,21,2019-08-27 00:00:00+00:00,2019-08-28 12:00:00+00:00,1.1225915737325778,0.23015873015873015,0.11507936507936507,0.0,1.0,chop_low_vol,-1.382906641892248,0.0,1.8498649899935486,0.2619047619047619,0.36507936507936506,0.0,1.0,chop_low_vol,-1.805137135288692,0.0
18_trend_strength_filter,22,2020-02-19 00:00:00+00:00,2020-02-27 12:00:00+00:00,4.993013278629373,0.4126984126984127,0.9841269841269841,0.00046396,1.0,chop,0.773425093170678,0.0,0.7406200115336444,0.5873015873015873,0.9603174603174603,0.0001,0.0,chop,-0.5742683833847535,0.0
18_trend_strength_filter,23,2020-03-01 00:00:00+00:00,2020-03-06 00:00:00+00:00,1.1765558477839624,0.49603174603174605,0.7936507936507936,0.00049317,0.0,chop,-0.4384572464562074,0.0,1.9292643696874099,0.4801587301587302,0.8412698412698413,0.00019521,1.0,chop,-0.746348233928975,1.0
18_trend_strength_filter,24,2020-05-21 00:00:00+00:00,2020-06-26 00:00:00+00:00,4.938926136169035,0.5952380952380952,0.5238095238095238,-9.027e-05,1.0,trend,1.0758509448619735,0.0,1.0660875714688935,0.027777777777777776,0.04365079365079365,9.401e-05,1.0,chop_low_vol,-0.9832456621165724,0.0
18_trend_strength_filter,25,2020-07-27 00:00:00+00:00,2020-09-03 12:00:00+00:00,2.429205177766145,0.2896825396825397,0.6785714285714286,0.00047138,1.0,chop_low_vol,1.5094091742238063,0.0,1.029961090226869,0.5396825396825397,0.7698412698412699,0.00016828,1.0,chop,-0.7324849465455362,0.0
18_trend_strength_filter,26,2020-09-06 12:00:00+00:00,2020-09-09 00:00:00+00:00,1.267673660436499,0.5793650793650794,0.8571428571428571,0.0001,1.0,chop,-0.6952182352773766,0.0,2.39644241916065,0.5912698412698413,0.5515873015873016,0.0001,1.0,chop,-0.9321478096315498,0.0
18_trend_strength_filter,27,2020-10-13 12:00:00+00:00,2021-04-22 00:00:00+00:00,2.7081131912574317,0.18253968253968253,0.5873015873015873,0.0001,1.0,trend,1.2354521712598543,0.0,0.7578415291682077,0.1626984126984127,0.7936507936507936,0.0001,1.0,chop_low_vol,-1.0949487480040956,0.0
18_trend_strength_filter,28,2021-04-24 00:00:00+00:00,2021-04-27 12:00:00+00:00,1.2838616975211317,0.1626984126984127,0.18253968253968253,0.0001,1.0,chop_low_vol,-1.4381182421021061,0.0,1.7455654108457452,0.35714285714285715,0.19047619047619047,0.0001,1.0,chop,-0.428154882963281,0.0
18_trend_strength_filter,29,2021-09-15 12:00:00+00:00,2021-09-20 00:00:00+00:00,1.1648487991179246,0.35714285714285715,0.2857142857142857,0.0001,1.0,chop,0.7262278874497093,0.0,0.7059718507596373,0.5674603174603174,0.8373015873015873,0.0001,0.0,chop,-0.28406707709000223,0.0
18_trend_strength_filter,30,2021-10-11 12:00:00+00:00,2021-11-20 00:00:00+00:00,3.8883254268921945,0.6190476190476191,0.8650793650793651,0.0001,1.0,trend,2.8093667744899924,0.0,1.042291078125653,0.21428571428571427,0.29365079365079366,0.0001,1.0,chop_low_vol,0.16313089353299517,0.0
18_trend_strength_filter,31,2021-11-25 12:00:00+00:00,2021-11-27 12:00:00+00:00,1.1369173006905928,0.23015873015873015,0.46825396825396826,0.00016775,1.0,chop_low_vol,-0.06266672912247792,0.0,1.901302895369584,0.36507936507936506,0.2222222222222222,0.0001,1.0,chop,-0.6597064612718684,0.0
18_trend_strength_filter,32,2023-02-07 00:00:00+00:00,2023-03-07 00:00:00+00:00,9.487055444054613,0.6984126984126984,0.5992063492063492,0.0001,1.0,trend,1.581463195767322,0.0,0.9490938844394701,0.42063492063492064,0.4722222222222222,5.414e-05,1.0,chop,0.34839350158626264,0.0
18_trend_strength_filter,33,2023-03-09 12:00:00+00:00,2023-03-10 12:00:00+00:00,1.4764192306092934,0.48412698412698413,0.8015873015873016,0.0001,1.0,chop,-0.8309795324491358,0.0,2.9130210475669314,0.46825396825396826,0.9444444444444444,5.26e-06,1.0,chop,-1.2638378564141617,0.0
18_trend_strength_filter,34,2023-03-19 12:00:00+00:00,2023-05-08 12:00:00+00:00,2.7109306891244023,0.8809523809523809,0.9285714285714286,0.0001,1.0,chop_high_vol,2.423263128393511,0.0,1.0925747461245845,0.4603174603174603,0.3968253968253968,4.07e-06,1.0,chop,-0.40333902364334234,0.0
18_trend_strength_filter,35,2023-06-25 00:00:00+00:00,2023-07-26 00:00:00+00:00,3.5139524374598876,0.6468253968253969,0.20238095238095238,0.0001,1.0,trend,2.723374603794241,0.0,0.9395493517047111,0.12301587301587301,0.4087301587301587,9.451e-05,1.0,chop_low_vol,0.12835450146198243,0.0
18_trend_strength_filter,36,2023-10-30 00:00:00+00:00,2024-01-18 00:00:00+00:00,8.788910785544706,0.9444444444444444,0.8333333333333334,0.0001,1.0,trend_high_vol,2.273073401893865,0.0,0.96570788064781,1.0,0.7777777777777778,0.0001,1.0,chop_high_vol,-0.155944389061905,0.0
18_trend_strength_filter,37,2024-01-22 12:00:00+00:00,2024-01-24 12:00:00+00:00,1.1308359518188338,0.9761904761904762,0.8888888888888888,0.0001,1.0,chop_high_vol,-1.0812738033280032,0.0,2.0722877098270014,0.9047619047619048,0.6349206349206349,0.0001,1.0,chop_high_vol,-0.8336619999298656,0.0
18_trend_strength_filter,38,2024-02-11 12:00:00+00:00,2024-04-15 00:00:00+00:00,4.523161157780302,0.11904761904761904,0.4603174603174603,0.0001,1.0,chop_low_vol,2.834954583358615,0.0,1.0468543500284553,0.5634920634920635,0.7936507936507936,0.0001,1.0,chop,-1.1882479137171236,0.0
18_trend_strength_filter,39,2024-05-25 00:00:00+00:00,2024-06-15 12:00:00+00:00,2.275860089776718,0.5833333333333334,0.07142857142857142,0.0001,1.0,chop,0.8784949476925846,0.0,0.9907850451234861,0.03968253968253968,0.03968253968253968,0.0001,1.0,chop_low_vol,0.2511751765669154,0.0
18_trend_strength_filter,40,2024-06-20 00:00:00+00:00,2024-06-25 12:00:00+00:00,1.3220515634707575,0.01984126984126984,0.3134920634920635,3.934e-05,1.0,chop_low_vol,-0.4749814334688313,0.0,4.273437779990674,0.1349206349206349,0.46825396825396826,5.949e-05,1.0,trend,-1.061393192806071,0.0
18_trend_strength_filter,41,2024-07-28 00:00:00+00:00,2024-08-03 12:00:00+00:00,3.2372402653130186,0.25,0.14682539682539683,8.18e-05,1.0,trend,0.6988164376483479,0.0,0.7397353970953972,0.48412698412698413,0.6111111111111112,9.788e-05,0.0,chop,-1.1035073263493704,0.0
18_trend_strength_filter,42,2024-08-05 00:00:00+00:00,2024-08-10 12:00:00+00:00,1.201826707420472,0.6785714285714286,1.0,0.0001,0.0,chop,-2.5132995601267356,0.0,1.7269948964326052,0.9841269841269841,0.10317460317460317,-1.379e-05,0.0,chop_high_vol,-0.7179218035040882,0.0
18_trend_strength_filter,43,2024-10-28 00:00:00+00:00,2024-12-30 00:00:00+00:00,4.727394656896397,0.2698412698412698,0.8134920634920635,9.425e-05,1.0,trend,1.7663083870191034,0.0,0.8788460207021641,0.5515873015873016,0.7380952380952381,-4.2e-07,1.0,chop,0.21269780033523533,0.0
18_trend_strength_filter,44,2025-01-21 00:00:00+00:00,2025-02-05 00:00:00+00:00,2.4318028069373576,0.8015873015873016,0.8809523809523809,0.0001,1.0,chop_high_vol,1.4525034594571693,0.0,0.9084563793520236,0.5476190476190477,0.5,4.138e-05,1.0,chop,-2.5774891603601726,0.0
18_trend_strength_filter,45,2025-02-10 12:00:00+00:00,2025-02-16 00:00:00+00:00,1.1000186274134875,0.031746031746031744,0.30158730158730157,9.176e-05,1.0,chop_low_vol,-2.0384369386515337,0.0,1.6997152350159215,0.05952380952380952,0.011904761904761904,3.39e-05,1.0,chop_low_vol,-1.7415591962705164,0.0
18_trend_strength_filter,46,2025-05-22 12:00:00+00:00,2025-06-21 12:00:00+00:00,10.197552105641865,0.2698412698412698,0.8888888888888888,0.0001,1.0,trend,2.0344072243370808,0.0,0.8386117346441315,0.10317460317460317,0.49206349206349204,1.933e-05,1.0,chop_low_vol,-0.4661184190037349,0.0
18_trend_strength_filter,47,2025-06-26 00:00:00+00:00,2025-06-29 12:00:00+00:00,1.1482406936841725,0.2222222222222222,0.5238095238095238,1.41e-06,1.0,chop_low_vol,0.5615615279163702,0.0,1.9600252227845276,0.007936507936507936,0.373015873015873,5.36e-05,1.0,chop_low_vol,1.2353261127362127,0.0
18_trend_strength_filter,48,2025-07-08 12:00:00+00:00,2025-08-19 12:00:00+00:00,3.0837681146378877,0.03968253968253968,0.5634920634920635,4.563e-05,1.0,chop_low_vol,1.0872946293964785,0.0,1.0377826831545665,0.5476190476190477,0.8571428571428571,6.262e-05,1.0,chop,-0.026836861183746095,0.0
18_trend_strength_filter,49,2025-09-27 00:00:00+00:00,2025-09-29 12:00:00+00:00,1.614175294099961,0.20238095238095238,0.03571428571428571,-1e-07,1.0,chop_low_vol,-1.9916346843640096,0.0,0.9801123912768176,0.31746031746031744,0.6428571428571429,1.304e-05,1.0,chop,-1.342680595461476,0.0
18_trend_strength_filter,50,2025-10-03 00:00:00+00:00,2025-10-12 12:00:00+00:00,1.307270622079039,0.626984126984127,0.9206349206349206,9.543e-05,1.0,chop,-0.38276819791984373,0.0,0.9752476840164599,1.0,0.9444444444444444,2.865e-05,1.0,chop_high_vol,-1.5431267690487813,0.0
18_trend_strength_filter,51,2025-10-17 00:00:00+00:00,2025-10-23 12:00:00+00:00,1.160218764884507,0.9761904761904762,0.9603174603174603,-3.004e-05,0.0,chop_high_vol,-3.0966283550640785,1.0,2.2765514704218677,0.9126984126984127,0.3968253968253968,2.673e-05,1.0,trend_high_vol,-1.6294651514932321,0.0
19_momentum_decay_exit,1,2015-03-01 00:00:00+00:00,2015-03-09 00:00:00+00:00,0.8822266873483252,,,0.0,0.0,chop,,0.0,4.224882669889236,,,0.0,0.0,chop,2.1173502126262145,0.0
19_momentum_decay_exit,2,2015-03-10 00:00:00+00:00,2015-03-11 00:00:00+00:00,4.554968873726703,,,0.0,0.0,chop,2.1862268464106003,0.0,4.746590904257373,,,0.0,0.0,chop,2.318626843345042,0.0
19_momentum_decay_exit,3,2015-05-03 00:00:00+00:00,2015-05-10 00:00:00+00:00,2.0672813560452723,,,0.0,0.0,chop,-0.28397819390589196,0.0,0.3130804955503478,0.21559633027522937,0.09126984126984126,0.0,0.0,chop_low_vol,-0.22962922861876053,0.0
19_momentum_decay_exit,4,2015-06-16 00:00:00+00:00,2015-06-19 00:00:00+00:00,0.1582465570777925,0.21825396825396826,0.9285714285714286,0.0,0.0,chop_low_vol,3.1017201978010873,0.0,2.5292317419582506,0.24206349206349206,0.6547619047619048,0.0,0.0,trend,1.2371791501818765,0.0
19_momentum_decay_exit,5,2015-06-27 00:00:00+00:00,2015-06-27 12:00:00+00:00,2.5621503151955767,0.26587301587301587,0.5317460317460317,0.0,0.0,trend,2.4269313066292164,0.0,2.735717718135372,0.2698412698412698,0.5317460317460317,0.0,0.0,trend,2.373624189981963,0.0
19_momentum_decay_exit,6,2015-06-29 00:00:00+00:00,2015-07-02 00:00:00+00:00,2.8169058435883425,0.32142857142857145,0.8888888888888888,0.0,0.0,trend,2.780639734296846,0.0,4.355814164548204,0.36904761904761907,0.5634920634920635,0.0,0.0,trend,2.306143376076927,0.0
19_momentum_decay_exit,7,2015-07-05 00:00:00+00:00,2015-07-07 00:00:00+00:00,3.994698318503396,0.43253968253968256,0.9523809523809523,0.0,0.0,trend,3.1738095978462675,0.0,4.7958214729637305,0.2976190476190476,0.7738095238095238,0.0,0.0,trend,2.5027771050116403,0.0
19_momentum_decay_exit,8,2015-07-10 00:00:00+00:00,2015-07-14 00:00:00+00:00,4.236749979156791,0.4642857142857143,1.0,0.0,0.0,trend,3.0296490009489228,0.0,5.118821206283324,0.8412698412698413,0.7579365079365079,0.0,0.0,trend_high_vol,2.207465568679902,0.0
19_momentum_decay_exit,9,2015-09-07 00:00:00+00:00,2015-09-07 12:00:00+00:00,5.824088693450763,0.8412698412698413,0.503968253968254,0.0,0.0,trend_high_vol,-0.7328365469167366,0.0,5.448023677218992,0.8412698412698413,0.5079365079365079,0.0,0.0,trend_high_vol,-0.7252218234144633,0.0
19_momentum_decay_exit,10,2015-09-08 00:00:00+00:00,2015-09-09 00:00:00+00:00,6.022312325061446,0.6984126984126984,0.6904761904761905,0.0,0.0,trend,-0.5780408161230907,0.0,5.251172825703011,0.6746031746031746,0.6071428571428571,0.0,0.0,trend,-0.6121541822108407,0.0
19_momentum_decay_exit,11,2015-10-05 00:00:00+00:00,2015-10-05 12:00:00+00:00,0.2088850636200789,0.01984126984126984,0.6071428571428571,0.0,0.0,chop_low_vol,-0.016511805205739343,0.0,0.007553107034343402,0.023809523809523808,0.6111111111111112,0.0,0.0,chop_low_vol,0.006503657865442874,0.0
19_momentum_decay_exit,12,2015-10-06 00:00:00+00:00,2015-10-08 00:00:00+00:00,0.4644517928258856,0.04365079365079365,0.753968253968254,0.0,0.0,chop_low_vol,0.2710442222467891,0.0,1.477616584626234,0.051587301587301584,0.25396825396825395,0.0,0.0,chop_low_vol,0.14676856898814916,0.0
19_momentum_decay_exit,13,2015-10-11 00:00:00+00:00,2015-10-12 00:00:00+00:00,2.3907578702465466,0.027777777777777776,0.16666666666666666,0.0,1.0,chop_low_vol,0.49212802063202105,0.0,3.2545748614195276,0.027777777777777776,0.20238095238095238,0.0,0.0,chop_low_vol,0.2519907409767719,0.0
19_momentum_decay_exit,14,2015-10-13 00:00:00+00:00,2015-10-21 00:00:00+00:00,3.389293917065898,0.04365079365079365,0.7738095238095238,0.0,1.0,chop_low_vol,0.6853277234885181,0.0,5.321841281458134,0.34523809523809523,0.6865079365079365,0.0,1.0,trend,2.2662797748112267,0.0
19_momentum_decay_exit,15,2015-10-22 00:00:00+00:00,2015-10-26 00:00:00+00:00,4.876235964479475,0.4007936507936508,0.873015873015873,0.0,1.0,trend,2.8436630079433236,0.0,6.016269131748165,0.36507936507936506,0.8174603174603174,0.0,1.0,trend,2.9483609195824996,0.0
19_momentum_decay_exit,16,2015-10-27 00:00:00+00:00,2015-10-27 12:00:00+00:00,5.978206185753319,0.4126984126984127,0.9285714285714286,0.0,1.0,trend,3.250122858316223,0.0,6.216372983054527,0.4126984126984127,0.9285714285714286,0.0,1.0,trend,3.0921386293832307,0.0
19_momentum_decay_exit,17,2015-10-28 00:00:00+00:00,2015-11-06 00:00:00+00:00,5.784979657003091,0.5158730158730159,0.9444444444444444,0.0,1.0,trend,3.401675323758341,0.0,6.160101823882585,0.8492063492063492,0.9761904761904762,0.0,1.0,trend_high_vol,2.7559305086015358,0.0
19_momentum_decay_exit,18,2015-11-30 00:00:00+00:00,2015-12-02 00:00:00+00:00,4.732882752834157,0.626984126984127,0.9206349206349206,0.0,1.0,trend,1.4324766262948163,0.0,4.767195918601372,0.5912698412698413,0.8412698412698413,0.0,1.0,trend,1.1505351781494058,0.0
19_momentum_decay_exit,19,2015-12-05 00:00:00+00:00,2015-12-06 00:00:00+00:00,4.22842066991329,0.5952380952380952,0.9047619047619048,0.0,1.0,chop,1.3228863496771386,0.0,4.785386998555423,0.5873015873015873,0.9206349206349206,0.0,1.0,trend,1.280206869160331,0.0
19_momentum_decay_exit,20,2015-12-07 00:00:00+00:00,2015-12-07 12:00:00+00:00,4.908944737934122,0.5873015873015873,0.8809523809523809,0.0,1.0,trend,1.3748429239862807,0.0,5.093074359747696,0.5873015873015873,0.8809523809523809,0.0,1.0,trend,1.3546580114502598,0.0
19_momentum_decay_exit,21,2015-12-08 00:00:00+00:00,2015-12-09 00:00:00+00:00,4.628773343412746,0.5952380952380952,0.8333333333333334,0.0,1.0,trend,1.6000308737994071,0.0,5.440857855419644,0.5873015873015873,0.9365079365079365,0.0,1.0,trend,1.5710312028177895,0.0
19_momentum_decay_exit,22,2015-12-11 00:00:00+00:00,2015-12-15 00:00:00+00:00,5.9227799286622975,0.6190476190476191,0.9682539682539683,0.0,1.0,trend,1.9143998441630914,0.0,6.816938946885381,0.626984126984127,0.9047619047619048,0.0,1.0,trend,1.9625573242424001,0.0
19_momentum_decay_exit,23,2016-02-14 00:00:00+00:00,2016-02-23 00:00:00+00:00,2.278731191403084,0.15873015873015872,0.7698412698412699,0.0,1.0,chop_low_vol,-1.152366226071581,0.0,3.38947506828787,0.18253968253968253,0.8015873015873016,0.0,1.0,chop_low_vol,-0.48085952311367963,0.0
19_momentum_decay_exit,24,2016-03-27 00:00:00+00:00,2016-03-29 00:00:00+00:00,1.3047967780194571,0.011904761904761904,0.6428571428571429,0.0,1.0,chop_low_vol,1.1566266159766228,0.0,1.5877171864789974,0.03571428571428571,0.7222222222222222,0.0,1.0,chop_low_vol,0.19848139866957296,0.0
19_momentum_decay_exit,25,2016-04-15 00:00:00+00:00,2016-04-17 00:00:00+00:00,3.6644733373173444,0.06746031746031746,0.3611111111111111,0.0,1.0,trend,0.9245556037118108,0.0,4.471326856850688,0.011904761904761904,0.3373015873015873,0.0,1.0,trend,0.6881027996915529,0.0
19_momentum_decay_exit,26,2016-04-19 00:00:00+00:00,2016-04-27 00:00:00+00:00,4.201603409975803,0.011904761904761904,0.3531746031746032,0.0,1.0,trend,0.7698375142192772,0.0,5.085204484926038,0.3134920634920635,0.9126984126984127,0.0,1.0,trend,1.1291887032822112,0.0
19_momentum_decay_exit,27,2016-05-27 00:00:00+00:00,2016-06-06 00:00:00+00:00,1.2401839948308497,0.44047619047619047,1.0,0.0,1.0,chop,3.5689997731187453,0.0,6.946531699529959,0.9246031746031746,0.6428571428571429,0.0,1.0,trend_high_vol,2.721838610473972,0.0
19_momentum_decay_exit,28,2016-06-11 00:00:00+00:00,2016-06-20 00:00:00+00:00,10.505190933090415,0.9801587301587301,0.7698412698412699,0.0,1.0,trend_high_vol,2.2007880088641,0.0,8.03900743422397,0.9682539682539683,0.9444444444444444,0.0,1.0,trend_high_vol,2.038231931134898,0.0
19_momentum_decay_exit,29,2016-09-03 00:00:00+00:00,2016-09-11 00:00:00+00:00,4.875290251108399,0.11507936507936507,0.8571428571428571,0.0,1.0,trend,-0.20730346207460326,0.0,2.3078401124037717,0.26587301587301587,0.373015873015873,0.0,1.0,chop_low_vol,0.018911920120535712,0.0
19_momentum_decay_exit,30,2016-10-01 00:00:00+00:00,2016-10-04 00:00:00+00:00,1.5793330215154724,0.003968253968253968,0.17063492063492064,0.0,1.0,chop_low_vol,1.4729743214081916,0.0,2.0878718488035246,0.027777777777777776,0.12301587301587301,0.0,1.0,chop_low_vol,2.3393568441740933,0.0
19_momentum_decay_exit,31,2016-10-07 00:00:00+00:00,2016-10-10 00:00:00+00:00,3.299953568455006,0.051587301587301584,0.2976190476190476,0.0,1.0,trend,2.5901595077648163,0.0,4.60729569571556,0.06746031746031746,0.3611111111111111,0.0,1.0,trend,2.202219811748262,0.0
19_momentum_decay_exit,32,2016-10-11 00:00:00+00:00,2016-10-17 00:00:00+00:00,3.4858774605946135,0.11507936507936507,0.6706349206349206,0.0,1.0,trend,2.7847978090696808,0.0,6.643687021060091,0.11507936507936507,0.25,0.0,1.0,trend,1.9394327356468208,0.0
19_momentum_decay_exit,33,2016-10-22 00:00:00+00:00,2016-10-24 00:00:00+00:00,4.085150739978827,0.4007936507936508,0.5595238095238095,0.0,1.0,trend,2.0183118488319267,0.0,5.1165501200407615,0.4166666666666667,0.376984126984127,0.0,1.0,trend,1.8052499251817415,0.0
19_momentum_decay_exit,34,2016-10-25 00:00:00+00:00,2016-11-03 00:00:00+00:00,7.0703596173042245,0.4246031746031746,0.6706349206349206,0.0,1.0,trend,1.6983690149283832,0.0,5.220223566482508,0.6626984126984127,0.9603174603174603,0.0,1.0,trend,1.2059416639343576,0.0
19_momentum_decay_exit,35,2016-11-16 00:00:00+00:00,2016-11-19 00:00:00+00:00,4.030432626791916,0.7579365079365079,0.9523809523809523,0.0,1.0,chop_high_vol,2.244863403132555,0.0,6.977390550582762,0.6706349206349206,0.873015873015873,0.0,1.0,trend,2.147290415029938,0.0
19_momentum_decay_exit,36,2016-12-01 00:00:00+00:00,2016-12-05 00:00:00+00:00,6.077456921356967,0.5793650793650794,0.6706349206349206,0.0,1.0,trend,1.8910652275562563,0.0,6.981507793845135,0.6587301587301587,0.8690476190476191,0.0,1.0,trend,1.573318526333515,0.0
19_momentum_decay_exit,37,2016-12-12 00:00:00+00:00,2016-12-12 12:00:00+00:00,6.8147739809844055,0.3134920634920635,0.6349206349206349,0.0,1.0,trend,1.5678447873994872,0.0,6.835357595268241,0.31746031746031744,0.6349206349206349,0.0,1.0,trend,1.5404545055321186,0.0
19_momentum_decay_exit,38,2016-12-13 00:00:00+00:00,2016-12-13 12:00:00+00:00,6.824787289624606,0.3134920634920635,0.7103174603174603,0.0,1.0,trend,1.5801514478431264,0.0,6.8190022080777695,0.31746031746031744,0.7142857142857143,0.0,1.0,trend,1.5520576696253243,0.0
19_momentum_decay_exit,39,2016-12-14 00:00:00+00:00,2016-12-14 12:00:00+00:00,7.531963721487637,0.2896825396825397,0.623015873015873,0.0,1.0,trend,1.4966100846471568,0.0,7.508865059416308,0.29365079365079366,0.626984126984127,0.0,1.0,trend,1.4716462196549023,0.0
19_momentum_decay_exit,40,2016-12-16 00:00:00+00:00,2016-12-31 00:00:00+00:00,9.77305631034922,0.2896825396825397,0.7380952380952381,0.0,1.0,trend,1.6635647227218648,0.0,7.8283793486771796,0.8571428571428571,0.7777777777777778,0.0,1.0,trend_high_vol,2.0311466426941234,0.0
19_momentum_decay_exit,41,2017-01-01 00:00:00+00:00,2017-01-01 12:00:00+00:00,6.980376392877373,0.9206349206349206,0.9206349206349206,0.0,1.0,trend_high_vol,2.1964892653925476,0.0,7.1362232083433765,0.9206349206349206,0.9206349206349206,0.0,1.0,trend_high_vol,2.137712897442812,0.0
19_momentum_decay_exit,42,2017-01-02 00:00:00+00:00,2017-01-02 12:00:00+00:00,6.767266227944509,0.9206349206349206,0.9841269841269841,0.0,1.0,trend_high_vol,2.258418176211781,0.0,6.941404358660393,0.9206349206349206,0.9841269841269841,0.0,1.0,trend_high_vol,2.205479082619325,0.0
19_momentum_decay_exit,43,2017-01-03 00:00:00+00:00,2017-01-05 00:00:00+00:00,6.799887318025448,0.9603174603174603,0.9523809523809523,0.0,1.0,trend_high_vol,2.2401834473755375,0.0,5.7646919851116225,1.0,1.0,0.0,1.0,chop_high_vol,1.6636330790112654,0.0
19_momentum_decay_exit,44,2017-01-31 00:00:00+00:00,2017-02-09 00:00:00+00:00,2.8553079865205984,0.7857142857142857,0.8650793650793651,0.0,1.0,chop_high_vol,0.794153304248828,0.0,6.7280636659001445,0.6428571428571429,0.9920634920634921,0.0,1.0,trend,0.47848681424338896,0.0
19_momentum_decay_exit,45,2017-02-20 00:00:00+00:00,2017-02-27 00:00:00+00:00,5.269033581119993,0.42063492063492064,0.5634920634920635,0.0,1.0,chop,1.199403051412662,0.0,7.649023775677489,0.5158730158730159,0.6428571428571429,0.0,1.0,trend,1.6898817083759703,0.0
19_momentum_decay_exit,46,2017-03-01 00:00:00+00:00,2017-03-03 00:00:00+00:00,7.366255850119209,0.30952380952380953,0.9285714285714286,0.0,1.0,trend,2.0124958660631043,0.0,7.940645227378555,0.31746031746031744,0.9523809523809523,0.0,1.0,trend,2.4106323691927942,0.0
19_momentum_decay_exit,47,2017-04-06 00:00:00+00:00,2017-04-07 00:00:00+00:00,0.17145600568000102,0.746031746031746,0.9523809523809523,0.0,1.0,chop_high_vol,0.6615210372937067,0.0,0.8079332849286639,0.6746031746031746,0.7936507936507936,0.0,1.0,chop,0.5487369907283787,0.0
19_momentum_decay_exit,48,2017-04-09 00:00:00+00:00,2017-04-10 00:00:00+00:00,1.7964529113525378,0.6190476190476191,0.6825396825396826,0.0,1.0,chop,0.6183452870157458,0.0,2.9753495549885356,0.6111111111111112,0.626984126984127,0.0,1.0,chop,0.6181821296800527,0.0
19_momentum_decay_exit,49,2017-04-11 00:00:00+00:00,2017-04-11 12:00:00+00:00,3.1972150018489396,0.5952380952380952,0.626984126984127,0.0,1.0,chop,0.5818128485547742,0.0,3.41858356641092,0.5952380952380952,0.626984126984127,0.0,1.0,chop,0.5693226102532285,0.0
19_momentum_decay_exit,50,2017-04-18 00:00:00+00:00,2017-04-18 12:00:00+00:00,5.2383160326272575,0.1746031746031746,0.6825396825396826,0.0,1.0,trend,0.3259504787933239,0.0,5.3836380483722355,0.1746031746031746,0.6825396825396826,0.0,1.0,trend,0.31615220691917245,0.0
19_momentum_decay_exit,51,2017-04-20 00:00:00+00:00,2017-04-21 00:00:00+00:00,7.765891849881019,0.06349206349206349,0.7698412698412699,0.0,1.0,trend,0.5644460293065564,0.0,8.103869437282206,0.06349206349206349,0.6666666666666666,0.0,1.0,trend,0.4153905429197402,0.0
19_momentum_decay_exit,52,2017-04-22 00:00:00+00:00,2017-05-07 00:00:00+00:00,7.813051071459536,0.047619047619047616,0.6349206349206349,0.0,1.0,trend,0.5016348227302204,0.0,8.82936046999667,0.19444444444444445,1.0,0.0,1.0,trend,2.6562454500481665,0.0
19_momentum_decay_exit,53,2017-05-08 00:00:00+00:00,2017-05-12 00:00:00+00:00,7.786499457759744,0.42857142857142855,1.0,0.0,1.0,trend,3.0300384192054493,0.0,8.413992788390788,0.5515873015873016,0.9444444444444444,0.0,1.0,trend,2.1730905361099864,0.0
19_momentum_decay_exit,54,2017-05-18 00:00:00+00:00,2017-05-18 12:00:00+00:00,7.327041961868939,0.6388888888888888,0.9365079365079365,0.0,1.0,trend,1.944103849690616,0.0,7.406042550005326,0.6428571428571429,0.9365079365079365,0.0,1.0,trend,1.8978800979396007,0.0
19_momentum_decay_exit,55,2017-05-19 00:00:00+00:00,2017-05-19 12:00:00+00:00,6.632046050489535,0.6626984126984127,0.9841269841269841,0.0,1.0,trend,2.0892859065110034,0.0,6.798392456163044,0.6666666666666666,0.9841269841269841,0.0,1.0,trend,2.035033191607358,0.0
19_momentum_decay_exit,56,2017-05-20 00:00:00+00:00,2017-05-21 00:00:00+00:00,6.304748787556954,0.6785714285714286,0.9603174603174603,0.0,1.0,trend,2.1976142807458023,0.0,6.651274384719054,0.6785714285714286,0.9761904761904762,0.0,1.0,trend,1.987203991217283,0.0
19_momentum_decay_exit,57,2017-05-22 00:00:00+00:00,2017-05-26 00:00:00+00:00,6.75572353466508,0.6944444444444444,1.0,0.0,1.0,trend,2.1357314370404445,0.0,7.231668189823644,0.8055555555555556,0.9841269841269841,0.0,1.0,trend_high_vol,1.7472222051108122,0.0
19_momentum_decay_exit,58,2017-06-02 00:00:00+00:00,2017-06-02 12:00:00+00:00,4.780992231704897,0.8174603174603174,0.9206349206349206,0.0,1.0,chop_high_vol,1.7724002055571777,0.0,4.875343170341177,0.8174603174603174,0.9206349206349206,0.0,1.0,chop_high_vol,1.7352861340743435,0.0
19_momentum_decay_exit,59,2017-06-03 00:00:00+00:00,2017-06-03 12:00:00+00:00,5.198015557180579,0.8095238095238095,0.9444444444444444,0.0,1.0,chop_high_vol,1.7395491885437542,0.0,5.276585072673441,0.8095238095238095,0.9444444444444444,0.0,1.0,chop_high_vol,1.7044582352271158,0.0
19_momentum_decay_exit,60,2017-06-05 00:00:00+00:00,2017-06-11 00:00:00+00:00,5.307304589224148,0.8412698412698413,0.9206349206349206,0.0,1.0,chop_high_vol,1.8360457033847928,0.0,8.017356372583262,0.753968253968254,0.9603174603174603,0.0,1.0,trend_high_vol,1.749100633253786,0.0
19_momentum_decay_exit,61,2017-07-20 00:00:00+00:00,2017-07-27 00:00:00+00:00,0.8543288963418015,1.0,0.9841269841269841,0.0,1.0,chop_high_vol,1.455642351920302,0.0,0.7787995236447728,1.0,0.40476190476190477,0.0,1.0,chop_high_vol,0.5505951532917381,0.0
19_momentum_decay_exit,62,2017-07-31 00:00:00+00:00,2017-07-31 12:00:00+00:00,1.582819172094145,0.9761904761904762,0.42857142857142855,0.0,1.0,chop_high_vol,1.3362533612656895,0.0,1.6904168874638243,0.9761904761904762,0.42857142857142855,0.0,1.0,chop_high_vol,1.312952357374667,0.0
19_momentum_decay_exit,63,2017-08-04 00:00:00+00:00,2017-08-10 00:00:00+00:00,2.5480103107983214,0.8809523809523809,0.5555555555555556,0.0,1.0,chop_high_vol,1.413462977692156,0.0,5.12342156724362,0.5833333333333334,0.8253968253968254,0.0,1.0,trend,2.220279057655883,0.0
19_momentum_decay_exit,64,2017-08-11 00:00:00+00:00,2017-08-15 00:00:00+00:00,4.867701270431402,0.6349206349206349,0.9603174603174603,0.0,1.0,trend,2.772948092950818,0.0,6.064616307545983,0.6587301587301587,1.0,0.0,1.0,trend,2.83600128355089,0.0
19_momentum_decay_exit,65,2017-08-16 00:00:00+00:00,2017-08-16 12:00:00+00:00,5.778267865025995,0.626984126984127,0.9603174603174603,0.0,1.0,trend,2.876165908728913,0.0,5.97069127087145,0.626984126984127,0.9603174603174603,0.0,1.0,trend,2.7575535105120546,0.0
19_momentum_decay_exit,66,2017-08-27 00:00:00+00:00,2017-08-27 12:00:00+00:00,9.716502159445815,0.3253968253968254,0.7222222222222222,0.0,1.0,trend,1.634788428515244,0.0,9.658123710859558,0.3253968253968254,0.7222222222222222,0.0,1.0,trend,1.6009804962301024,0.0
19_momentum_decay_exit,67,2017-08-29 00:00:00+00:00,2017-09-02 00:00:00+00:00,10.728847167088347,0.3253968253968254,0.9365079365079365,0.0,1.0,trend,1.6320470538862504,0.0,10.172468987718643,0.24603174603174602,0.9523809523809523,0.0,1.0,trend,1.3421601616855194,0.0
19_momentum_decay_exit,68,2017-09-30 00:00:00+00:00,2017-10-03 00:00:00+00:00,0.4490495394453668,0.8015873015873016,0.34523809523809523,0.0,1.0,chop_high_vol,0.8724026434741093,0.0,2.0345150362762783,0.746031746031746,0.376984126984127,0.0,1.0,chop_high_vol,0.8794829558436705,0.0
19_momentum_decay_exit,69,2017-10-07 00:00:00+00:00,2017-10-07 12:00:00+00:00,2.868954228486275,0.4007936507936508,0.12301587301587301,0.0,1.0,trend,1.0690753757824834,0.0,2.974871786474054,0.40476190476190477,0.12698412698412698,0.0,1.0,trend,1.0539494880320421,0.0
19_momentum_decay_exit,70,2017-10-08 00:00:00+00:00,2017-10-08 12:00:00+00:00,3.002989210676996,0.20238095238095238,0.4166666666666667,0.0,1.0,trend,1.4968064610750393,0.0,3.2194424806596444,0.20634920634920634,0.42063492063492064,0.0,1.0,trend,1.4826033072059803,0.0
19_momentum_decay_exit,71,2017-10-09 00:00:00+00:00,2017-10-10 00:00:00+00:00,3.7669131627130312,0.17857142857142858,0.7698412698412699,0.0,1.0,trend,1.7672824046159108,0.0,4.433644022282174,0.17857142857142858,0.6071428571428571,0.0,1.0,trend,1.6623405868361618,0.0
19_momentum_decay_exit,72,2017-10-11 00:00:00+00:00,2017-10-11 12:00:00+00:00,6.288265634414592,0.0992063492063492,0.38492063492063494,0.0,1.0,trend,1.7440666641857367,0.0,6.560800794822254,0.10317460317460317,0.3888888888888889,0.0,1.0,trend,1.706038978395789,0.0
19_momentum_decay_exit,73,2017-10-12 00:00:00+00:00,2017-10-17 00:00:00+00:00,4.4591185450780575,0.32936507936507936,0.9365079365079365,0.0,1.0,trend,2.885653081341368,0.0,7.33613109083735,0.2261904761904762,0.6825396825396826,0.0,1.0,trend,2.2380508405360744,0.0
19_momentum_decay_exit,74,2017-10-20 00:00:00+00:00,2017-10-22 00:00:00+00:00,6.837055956195159,0.27380952380952384,0.8412698412698413,0.0,1.0,trend,2.4072314146806417,0.0,8.198575050523505,0.2896825396825397,0.7698412698412699,0.0,1.0,trend,2.124446498728444,0.0
19_momentum_decay_exit,75,2017-10-29 00:00:00+00:00,2017-10-30 00:00:00+00:00,7.01881617343212,0.49603174603174605,0.9365079365079365,0.0,1.0,trend,1.7794608417749034,0.0,7.253666148247566,0.5,0.6031746031746031,0.0,1.0,trend,1.662124272985662,0.0
19_momentum_decay_exit,76,2017-10-31 00:00:00+00:00,2017-11-06 00:00:00+00:00,6.483522733828537,0.5,0.8095238095238095,0.0,1.0,trend,1.9069539078308462,0.0,7.214854818265116,0.30952380952380953,0.9444444444444444,0.0,1.0,trend,1.6587869006230642,0.0
19_momentum_decay_exit,77,2017-11-08 00:00:00+00:00,2017-11-08 12:00:00+00:00,7.54951412888154,0.3412698412698413,0.9920634920634921,0.0,1.0,trend,1.7622263909945843,0.0,7.627200073532291,0.3412698412698413,0.9920634920634921,0.0,1.0,trend,1.7236168702935326,0.0
19_momentum_decay_exit,78,2017-11-16 00:00:00+00:00,2017-11-23 00:00:00+00:00,3.060458271381238,0.6746031746031746,0.9761904761904762,0.0,1.0,chop,1.720641770367018,0.0,4.766050997664167,0.623015873015873,0.9285714285714286,0.0,1.0,chop,1.4291664129203525,0.0
19_momentum_decay_exit,79,2017-11-24 00:00:00+00:00,2017-11-25 00:00:00+00:00,5.034966895463239,0.6309523809523809,0.9682539682539683,0.0,1.0,chop,1.5319537206450415,0.0,4.699401020525917,0.6706349206349206,0.9285714285714286,0.0,1.0,chop,1.7786249843747424,0.0
19_momentum_decay_exit,80,2017-11-26 00:00:00+00:00,2017-11-26 12:00:00+00:00,4.8158778382202545,0.6626984126984127,0.9841269841269841,0.0,1.0,chop,1.9911611845674142,0.0,5.023885398549071,0.6666666666666666,0.9841269841269841,0.0,1.0,chop,1.9523890754367066,0.0
19_momentum_decay_exit,81,2017-11-27 00:00:00+00:00,2017-11-29 00:00:00+00:00,5.531473383769626,0.6944444444444444,0.9841269841269841,0.0,1.0,chop,2.1163336491389977,0.0,7.467310256165113,0.6547619047619048,1.0,0.0,1.0,trend,2.0166817273456354,0.0
19_momentum_decay_exit,82,2017-11-30 00:00:00+00:00,2017-12-05 00:00:00+00:00,8.309981352126655,0.6071428571428571,0.9841269841269841,0.0,1.0,trend,2.1124687465778678,0.0,8.534553542875841,0.10714285714285714,0.9761904761904762,0.0,1.0,trend,2.2934980477445195,0.0
19_momentum_decay_exit,83,2017-12-06 00:00:00+00:00,2017-12-09 00:00:00+00:00,5.783301791337936,0.7658730158730159,1.0,0.0,1.0,trend_high_vol,2.875309337860325,0.0,5.811999670308987,1.0,0.9841269841269841,0.0,1.0,trend_high_vol,2.4598827588070944,0.0
19_momentum_decay_exit,84,2017-12-16 00:00:00+00:00,2017-12-16 12:00:00+00:00,4.887103366062288,1.0,0.9365079365079365,0.0,1.0,chop_high_vol,2.2550223703504697,0.0,5.014487578715698,1.0,0.9365079365079365,0.0,1.0,chop_high_vol,2.1931622746873116,0.0
19_momentum_decay_exit,85,2018-02-19 00:00:00+00:00,2018-02-22 00:00:00+00:00,1.7638075309762211,0.8253968253968254,0.4523809523809524,0.0,1.0,chop_high_vol,-0.2845919851833671,0.0,0.9764231807671868,0.7857142857142857,0.4523809523809524,0.0,1.0,chop_high_vol,-0.6411973210038585,0.0
19_momentum_decay_exit,86,2018-03-03 00:00:00+00:00,2018-03-07 00:00:00+00:00,0.19639835391263538,0.31746031746031744,0.30158730158730157,0.0,1.0,chop,0.22375978808730393,0.0,0.8884531322075906,0.1746031746031746,0.5,0.0,1.0,chop_low_vol,-0.4030875763875879,0.0
19_momentum_decay_exit,87,2018-04-15 00:00:00+00:00,2018-04-17 00:00:00+00:00,3.280771730424608,0.3055555555555556,0.11507936507936507,0.0,0.0,chop,-0.3834040817195126,0.0,2.537946569793763,0.26587301587301587,0.3611111111111111,0.0,0.0,chop_low_vol,-0.6609775885530467,0.0
19_momentum_decay_exit,88,2018-04-20 00:00:00+00:00,2018-04-22 00:00:00+00:00,0.8187985705575035,0.1388888888888889,0.5436507936507936,0.0,0.0,chop_low_vol,0.12173584764403435,0.0,0.42884105730173827,0.1388888888888889,0.32142857142857145,0.0,0.0,chop_low_vol,0.1450434387989476,0.0
19_momentum_decay_exit,89,2018-04-23 00:00:00+00:00,2018-04-23 12:00:00+00:00,0.9415702433120371,0.12301587301587301,0.39285714285714285,0.0,0.0,chop_low_vol,0.32291250699298035,0.0,1.1729695068340351,0.12698412698412698,0.3968253968253968,0.0,0.0,chop_low_vol,0.32986717703657087,0.0
19_momentum_decay_exit,90,2018-04-24 00:00:00+00:00,2018-04-25 00:00:00+00:00,1.3083628299006436,0.11507936507936507,0.7420634920634921,0.0,0.0,chop_low_vol,0.8184579470907709,0.0,1.643323052257016,0.26587301587301587,0.7579365079365079,0.0,0.0,chop_low_vol,0.28986876492741265,0.0
19_momentum_decay_exit,91,2018-05-03 00:00:00+00:00,2018-05-04 00:00:00+00:00,2.652874363774624,0.051587301587301584,0.7738095238095238,0.0,0.0,chop_low_vol,1.2777280232472252,0.0,3.293208457277556,0.05952380952380952,0.5912698412698413,0.0,0.0,chop_low_vol,1.306939206553806,0.0
19_momentum_decay_exit,92,2018-05-05 00:00:00+00:00,2018-05-06 00:00:00+00:00,3.369983178232874,0.051587301587301584,0.5198412698412699,0.0,0.0,chop_low_vol,1.4986363001744871,0.0,3.4806175030749333,0.03571428571428571,0.44841269841269843,0.0,0.0,chop_low_vol,1.349731486234745,0.0
19_momentum_decay_exit,93,2018-07-07 00:00:00+00:00,2018-07-09 00:00:00+00:00,3.947270271118564,0.25,0.0992063492063492,0.0,0.0,chop_low_vol,-0.27899448151449846,0.0,2.86133560760875,0.23412698412698413,0.07539682539682539,0.0,0.0,chop_low_vol,-0.4161781718104353,0.0
19_momentum_decay_exit,94,2018-07-17 00:00:00+00:00,2018-07-26 00:00:00+00:00,1.6040521639310161,0.4166666666666667,0.6706349206349206,0.0,0.0,chop,1.2087376325610169,0.0,3.8409201905761186,0.5436507936507936,0.4166666666666667,0.0,0.0,trend,2.0603277082990443,0.0
19_momentum_decay_exit,95,2018-08-27 00:00:00+00:00,2018-08-27 12:00:00+00:00,2.2385318445425573,0.23412698412698413,0.25,0.0,0.0,chop_low_vol,0.15155969685967674,0.0,1.964591033263078,0.23809523809523808,0.25396825396825395,0.0,0.0,chop_low_vol,0.13663621009509985,0.0
19_momentum_decay_exit,96,2018-08-28 00:00:00+00:00,2018-09-03 00:00:00+00:00,1.432024643822857,0.051587301587301584,0.44047619047619047,0.0,0.0,chop_low_vol,0.47743254046504985,0.0,1.5852768517992586,0.011904761904761904,0.3134920634920635,0.0,0.0,chop_low_vol,0.6786389798617275,0.0
19_momentum_decay_exit,97,2018-09-04 00:00:00+00:00,2018-09-04 12:00:00+00:00,2.1850449646652637,0.003968253968253968,0.39285714285714285,0.0,0.0,chop_low_vol,0.889050352029853,0.0,2.440842134401242,0.007936507936507936,0.3968253968253968,0.0,0.0,chop_low_vol,0.8743986918364153,0.0
19_momentum_decay_exit,98,2018-11-07 00:00:00+00:00,2018-11-11 00:00:00+00:00,2.629837368525051,0.027777777777777776,0.8412698412698413,0.0,0.0,trend,-0.22671385688589193,0.0,1.6562783139493928,0.051587301587301584,0.3888888888888889,0.0,0.0,chop_low_vol,-0.31401351937360256,0.0
19_momentum_decay_exit,99,2019-02-09 00:00:00+00:00,2019-02-24 00:00:00+00:00,4.009797127973382,0.38095238095238093,0.8650793650793651,0.0,0.0,chop,-0.37134685798687544,0.0,3.3972709828982817,0.5317460317460317,1.0,0.0,0.0,chop,0.12840514158909333,0.0
19_momentum_decay_exit,100,2019-03-16 00:00:00+00:00,2019-03-19 00:00:00+00:00,3.7184498891610476,0.031746031746031744,0.9365079365079365,0.0,0.0,chop_low_vol,1.7191552203643297,0.0,6.774017144631564,0.015873015873015872,0.8809523809523809,0.0,0.0,trend,1.5901001611821013,0.0
19_momentum_decay_exit,101,2019-03-20 00:00:00+00:00,2019-03-22 00:00:00+00:00,7.041238194331783,0.027777777777777776,0.9682539682539683,0.0,0.0,trend,1.6660735185156912,0.0,6.360844213288854,0.04365079365079365,0.8492063492063492,0.0,0.0,trend,1.1390807306070838,0.0
19_momentum_decay_exit,102,2019-03-29 00:00:00+00:00,2019-03-29 12:00:00+00:00,4.514888057490272,0.01984126984126984,1.0,0.0,0.0,trend,1.442085211753967,0.0,4.596107310401067,0.023809523809523808,1.0,0.0,0.0,trend,1.4190727983963258,0.0
19_momentum_decay_exit,103,2019-03-30 00:00:00+00:00,2019-03-30 12:00:00+00:00,5.591865986410502,0.01984126984126984,0.873015873015873,0.0,0.0,trend,1.4325474083589658,0.0,5.672428436795645,0.023809523809523808,0.873015873015873,0.0,0.0,trend,1.412547109799692,0.0
19_momentum_decay_exit,104,2019-04-01 00:00:00+00:00,2019-04-11 00:00:00+00:00,5.592879107631903,0.027777777777777776,0.9126984126984127,0.0,0.0,trend,1.626316765689917,0.0,6.930642185163488,0.75,0.9444444444444444,0.0,1.0,trend_high_vol,2.1235918011005075,0.0
19_momentum_decay_exit,105,2019-04-20 00:00:00+00:00,2019-04-20 12:00:00+00:00,9.726732508109933,0.7896825396825397,0.8968253968253969,0.0,1.0,trend_high_vol,1.843564398961378,0.0,9.677311702635581,0.7936507936507936,0.8968253968253969,0.0,1.0,trend_high_vol,1.8016621696582193,0.0
19_momentum_decay_exit,106,2019-04-22 00:00:00+00:00,2019-04-25 00:00:00+00:00,10.508394867979023,0.21031746031746032,0.9206349206349206,0.0,1.0,trend,1.7612104174391106,0.0,10.126535267780586,0.32142857142857145,0.9126984126984127,0.0,1.0,trend,1.2781859755037486,0.0
19_momentum_decay_exit,107,2019-05-03 00:00:00+00:00,2019-05-17 00:00:00+00:00,5.965405030959124,0.32142857142857145,0.9841269841269841,0.0,1.0,trend,1.6195730031868238,0.0,6.734208218740583,1.0,0.9841269841269841,0.0,1.0,trend_high_vol,1.859572209197499,0.0
19_momentum_decay_exit,108,2019-05-26 00:00:00+00:00,2019-05-29 00:00:00+00:00,5.215739281071154,1.0,0.9444444444444444,0.0,1.0,chop_high_vol,2.0159539212846806,0.0,7.31346696514659,0.9761904761904762,0.873015873015873,0.0,1.0,trend_high_vol,1.8042870187742455,0.0
19_momentum_decay_exit,109,2019-06-15 00:00:00+00:00,2019-06-27 00:00:00+00:00,3.6716327802224953,0.5555555555555556,0.7142857142857143,0.0,1.0,chop,1.1394317043098008,0.0,5.533270218814824,0.9047619047619048,0.9920634920634921,0.0,1.0,chop_high_vol,1.5651783205888186,0.0
19_momentum_decay_exit,110,2019-08-04 00:00:00+00:00,2019-08-10 00:00:00+00:00,0.15597238275936565,0.5317460317460317,0.29365079365079366,0.0,1.0,chop,0.372297435830668,0.0,3.491121394780431,0.1865079365079365,0.4365079365079365,0.0,1.0,chop_low_vol,0.150627068073423,0.0
19_momentum_decay_exit,111,2019-10-25 00:00:00+00:00,2019-10-30 00:00:00+00:00,4.275391683695748,0.6904761904761905,0.9285714285714286,0.0001,0.0,trend,-0.4323946734598822,0.0,0.3403920638450821,0.6904761904761905,0.8849206349206349,0.00025294,1.0,chop,0.20429297166883847,0.0
19_momentum_decay_exit,112,2020-01-06 00:00:00+00:00,2020-01-13 00:00:00+00:00,1.3216234797059712,0.7658730158730159,0.8412698412698413,0.0001,0.0,chop_high_vol,-0.4086141189835787,0.0,2.4845848070392487,0.3611111111111111,0.7142857142857143,0.0001,0.0,chop,0.775133472292589,0.0
19_momentum_decay_exit,113,2020-01-14 00:00:00+00:00,2020-01-16 00:00:00+00:00,2.3087522128293183,0.7698412698412699,1.0,0.0001,0.0,chop_high_vol,2.3899543832978334,0.0,3.5003405599392674,0.7698412698412699,0.9365079365079365,0.0001,0.0,chop_high_vol,2.1947762874831698,0.0
19_momentum_decay_exit,114,2020-01-17 00:00:00+00:00,2020-01-17 12:00:00+00:00,4.09245704617864,0.7698412698412699,0.9682539682539683,0.0001,0.0,trend_high_vol,2.551507189366562,0.0,4.292026204799432,0.7698412698412699,0.9682539682539683,0.00015027,0.0,trend_high_vol,2.5353520429980345,0.0
19_momentum_decay_exit,115,2020-01-18 00:00:00+00:00,2020-01-18 12:00:00+00:00,4.560435129587562,0.7619047619047619,0.9444444444444444,0.00056749,0.0,trend_high_vol,2.5328424105504856,0.0,4.71104729833336,0.7619047619047619,0.9444444444444444,0.00029182,0.0,trend_high_vol,2.501484014887587,0.0
19_momentum_decay_exit,116,2020-01-28 00:00:00+00:00,2020-02-06 00:00:00+00:00,4.950847174500403,0.5396825396825397,0.9603174603174603,0.0001,1.0,trend,2.5162047306895583,0.0,6.197868733668427,0.19444444444444445,0.9682539682539683,0.00164021,1.0,trend,2.0713479382039064,0.0
19_momentum_decay_exit,117,2020-02-07 00:00:00+00:00,2020-02-07 12:00:00+00:00,6.349651814519911,0.20238095238095238,0.9444444444444444,0.00035618,1.0,trend,2.0158784767392284,0.0,6.451121254621365,0.20634920634920634,0.9444444444444444,0.00019726,1.0,trend,1.9642402508688908,0.0
19_momentum_decay_exit,118,2020-02-08 00:00:00+00:00,2020-02-08 12:00:00+00:00,6.576064039153227,0.17857142857142858,0.9444444444444444,0.00039915,1.0,trend,1.990321986223764,0.0,6.666389154500479,0.18253968253968253,0.9444444444444444,0.00062858,1.0,trend,1.9400605693484778,0.0
19_momentum_decay_exit,119,2020-02-09 00:00:00+00:00,2020-02-09 12:00:00+00:00,6.757296313159994,0.20238095238095238,0.9523809523809523,0.00042798,1.0,trend,2.152440098877854,0.0,6.92950405477182,0.20634920634920634,0.9523809523809523,0.00081519,1.0,trend,2.093481728518372,0.0
19_momentum_decay_exit,120,2020-02-11 00:00:00+00:00,2020-02-15 00:00:00+00:00,7.772738769104907,0.25793650793650796,0.9603174603174603,0.00043989,1.0,trend,2.065494087380333,0.0,7.5578999355134675,0.2976190476190476,0.9761904761904762,0.00059113,1.0,trend,1.3300043360713025,0.0
19_momentum_decay_exit,121,2020-04-02 00:00:00+00:00,2020-04-02 12:00:00+00:00,4.848825069627527,0.8333333333333334,0.9444444444444444,-0.0001933,0.0,trend_high_vol,-0.8175068592859437,0.0,4.550647315392949,0.8333333333333334,0.9444444444444444,3.28e-05,0.0,chop_high_vol,-0.8040856059806165,0.0
19_momentum_decay_exit,122,2020-04-04 00:00:00+00:00,2020-04-04 12:00:00+00:00,3.5647185088901825,0.8174603174603174,0.5079365079365079,6.184e-05,0.0,chop_high_vol,-0.7361311999463958,1.0,3.323758244996664,0.8174603174603174,0.5079365079365079,5.655e-05,0.0,chop_high_vol,-0.7235563422245243,1.0
19_momentum_decay_exit,123,2020-04-06 00:00:00+00:00,2020-04-09 00:00:00+00:00,2.868849327271663,0.8095238095238095,0.9126984126984127,2.364e-05,0.0,chop_high_vol,-0.5411538636554852,1.0,1.1550504346092663,0.7857142857142857,0.5317460317460317,0.0001,0.0,chop_high_vol,-0.6159373963809223,1.0
19_momentum_decay_exit,124,2020-04-23 00:00:00+00:00,2020-04-26 00:00:00+00:00,0.18335438458271802,0.6984126984126984,0.8015873015873016,-0.0002234,0.0,chop,-0.06495159143611094,0.0,1.70470431302393,0.49206349206349204,0.3968253968253968,0.0001,0.0,chop,0.30653448585758264,0.0
19_momentum_decay_exit,125,2020-04-27 00:00:00+00:00,2020-04-28 00:00:00+00:00,2.187565745072955,0.47619047619047616,0.5634920634920635,0.0001,0.0,chop,0.4965477189189411,0.0,2.620873471264365,0.44841269841269843,0.3968253968253968,0.0001,0.0,chop,0.5503795978636065,0.0
19_momentum_decay_exit,126,2020-04-29 00:00:00+00:00,2020-05-03 00:00:00+00:00,2.401595518290393,0.753968253968254,0.9920634920634921,0.0001,1.0,chop_high_vol,1.5498456186398273,0.0,5.441082732220945,0.7142857142857143,0.9126984126984127,0.0001,1.0,trend_high_vol,1.7739579107925256,0.0
19_momentum_decay_exit,127,2020-05-05 00:00:00+00:00,2020-05-05 12:00:00+00:00,6.531168798011278,0.6825396825396826,0.7301587301587301,0.0001,1.0,trend,1.8649300124594541,0.0,6.653069409774573,0.6825396825396826,0.7301587301587301,0.0001,1.0,trend,1.8759320861041724,0.0
19_momentum_decay_exit,128,2020-05-06 00:00:00+00:00,2020-05-09 00:00:00+00:00,6.78211251714565,0.6428571428571429,0.9444444444444444,0.0001,1.0,trend,2.206066513589686,0.0,7.176603237189155,0.7222222222222222,0.8492063492063492,0.00042037,1.0,trend_high_vol,2.0737833887459862,0.0
19_momentum_decay_exit,129,2020-06-01 00:00:00+00:00,2020-06-02 00:00:00+00:00,3.174773327628009,0.4523809523809524,0.3333333333333333,0.0001,1.0,chop,1.49748602585397,0.0,3.0321736922442013,0.46825396825396826,0.5079365079365079,0.0003448,1.0,chop,1.013754929822467,0.0
19_momentum_decay_exit,130,2020-07-22 00:00:00+00:00,2020-08-02 00:00:00+00:00,0.2678170098263337,0.06746031746031746,0.14682539682539683,0.0001,1.0,chop_low_vol,-0.9265658475844397,1.0,5.450158568795023,0.45634920634920634,0.45634920634920634,0.00095567,1.0,trend,1.1222769429576531,0.0
19_momentum_decay_exit,131,2020-08-06 00:00:00+00:00,2020-08-06 12:00:00+00:00,5.3517511281487,0.5595238095238095,0.4007936507936508,0.00038867,1.0,trend,1.5570937423481672,1.0,5.456892924567573,0.5634920634920635,0.40476190476190477,0.00038696,1.0,trend,1.56597955431405,1.0
19_momentum_decay_exit,132,2020-08-10 00:00:00+00:00,2020-08-10 12:00:00+00:00,7.5823269231171135,0.5833333333333334,0.503968253968254,0.00014574,1.0,trend,1.9211814826090183,0.0,7.609357492862026,0.5873015873015873,0.5079365079365079,0.00131898,1.0,trend,1.8781712659055776,0.0
19_momentum_decay_exit,133,2020-08-16 00:00:00+00:00,2020-08-16 12:00:00+00:00,8.524310891079644,0.2896825396825397,0.3611111111111111,0.0001564,1.0,trend,2.1299843602828883,0.0,8.459206588060127,0.29365079365079366,0.36507936507936506,0.00048777,1.0,trend,2.0763652134432946,0.0
19_momentum_decay_exit,134,2020-08-17 00:00:00+00:00,2020-08-18 00:00:00+00:00,7.854367019566415,0.2976190476190476,0.5912698412698413,0.00026342,1.0,trend,2.1069428115218045,0.0,7.4461731942035945,0.3055555555555556,0.5277777777777778,0.0008576,1.0,trend,1.5759569922114565,1.0
19_momentum_decay_exit,135,2020-10-10 00:00:00+00:00,2020-10-15 00:00:00+00:00,0.2969521184779173,0.39285714285714285,0.5,0.0001,1.0,chop,0.6220240968627906,0.0,3.5540899237553734,0.04365079365079365,0.6071428571428571,0.0001,1.0,trend,1.2245859625004465,0.0
19_momentum_decay_exit,136,2020-10-19 00:00:00+00:00,2020-10-19 12:00:00+00:00,3.6253115225369537,0.14682539682539683,0.5595238095238095,0.0001,1.0,trend,1.7049096585270638,0.0,3.8376293480525003,0.15079365079365079,0.5634920634920635,0.0001,1.0,trend,1.702926995696076,0.0
19_momentum_decay_exit,137,2020-10-20 00:00:00+00:00,2020-10-20 12:00:00+00:00,4.148527470001268,0.15476190476190477,0.7777777777777778,0.0001,1.0,trend,1.9572676019424813,0.0,4.415059833484941,0.15873015873015872,0.7777777777777778,0.0001,1.0,trend,1.9281357846733478,0.0
19_momentum_decay_exit,138,2020-10-21 00:00:00+00:00,2020-10-28 00:00:00+00:00,3.491933437186202,0.5753968253968254,0.8888888888888888,3.742e-05,1.0,trend,3.2301414996470426,0.0,7.1585595870991625,0.6349206349206349,0.8174603174603174,3.725e-05,1.0,trend,2.5536501872703004,0.0
19_momentum_decay_exit,139,2020-10-31 00:00:00+00:00,2020-10-31 12:00:00+00:00,7.08541763030339,0.6190476190476191,0.7142857142857143,-0.00013414,1.0,trend,2.4842377274121574,0.0,7.196096535387322,0.6190476190476191,0.7142857142857143,-0.00016865,1.0,trend,2.4070182306241796,0.0
19_momentum_decay_exit,140,2020-11-03 00:00:00+00:00,2020-11-03 12:00:00+00:00,7.247876414216581,0.6349206349206349,0.6904761904761905,-0.00017064,1.0,trend,2.0646488755549273,0.0,7.3092054065217775,0.6349206349206349,0.6904761904761905,-4.67e-06,1.0,trend,2.0112391839110595,0.0
19_momentum_decay_exit,141,2020-11-04 00:00:00+00:00,2020-11-07 00:00:00+00:00,9.559730934374569,0.6349206349206349,0.7857142857142857,-7.816e-05,1.0,trend,2.1534195601383037,0.0,7.356981970752283,0.9603174603174603,0.7619047619047619,0.0003429,1.0,trend_high_vol,1.922857633112358,0.0
19_momentum_decay_exit,142,2020-11-11 00:00:00+00:00,2020-11-14 00:00:00+00:00,7.495352183936001,0.8650793650793651,0.6428571428571429,0.0001,1.0,trend_high_vol,2.302857604796168,0.0,7.653125644840291,0.8888888888888888,0.5634920634920635,0.0001,1.0,trend_high_vol,2.0014117128272866,0.0
19_momentum_decay_exit,143,2020-11-16 00:00:00+00:00,2020-11-16 12:00:00+00:00,6.638946745022374,0.9047619047619048,0.6825396825396826,0.0001,1.0,trend_high_vol,2.0732561650645662,0.0,6.723942097920526,0.9047619047619048,0.6825396825396826,0.0001,1.0,trend_high_vol,2.0201371103746912,0.0
19_momentum_decay_exit,144,2020-11-17 00:00:00+00:00,2020-11-22 00:00:00+00:00,6.208496179141018,0.9365079365079365,0.8333333333333334,0.0001,1.0,trend_high_vol,2.316311210237982,0.0,11.236034386675373,0.9761904761904762,0.8571428571428571,0.00059438,1.0,trend_high_vol,1.985103117353832,0.0
19_momentum_decay_exit,145,2020-11-24 00:00:00+00:00,2020-11-26 00:00:00+00:00,9.955964971678377,1.0,0.9603174603174603,0.00050801,1.0,trend_high_vol,2.189771838311646,0.0,9.396300141255207,0.9523809523809523,0.9841269841269841,0.00075292,1.0,trend_high_vol,1.4505327684417726,0.0
19_momentum_decay_exit,146,2020-11-30 00:00:00+00:00,2020-12-01 00:00:00+00:00,5.687276472697532,1.0,0.9206349206349206,0.0001,1.0,trend_high_vol,1.955474754365718,0.0,6.28610417063399,1.0,0.9444444444444444,0.00045929,1.0,trend_high_vol,1.5734379230617888,0.0
19_momentum_decay_exit,147,2020-12-16 00:00:00+00:00,2020-12-23 00:00:00+00:00,4.406996874045532,0.9206349206349206,0.8492063492063492,0.0001,1.0,chop_high_vol,1.5954579245485025,0.0,6.6770782853408495,0.8809523809523809,0.9365079365079365,0.0001131,1.0,trend_high_vol,1.6377189880774845,0.0
19_momentum_decay_exit,148,2020-12-25 00:00:00+00:00,2020-12-26 00:00:00+00:00,6.080464529788771,0.8253968253968254,0.7698412698412699,0.00018528,1.0,trend_high_vol,1.8564164100516773,0.0,5.6981209004466615,0.9682539682539683,0.9047619047619048,0.00034905,1.0,trend_high_vol,2.1771235498664567,0.0
19_momentum_decay_exit,149,2020-12-28 00:00:00+00:00,2020-12-28 12:00:00+00:00,6.150195754206443,0.8809523809523809,0.9047619047619048,0.00071164,1.0,trend_high_vol,2.1453396738204464,0.0,6.316590917683844,0.8809523809523809,0.9047619047619048,0.00036133,1.0,trend_high_vol,2.1004420224919462,0.0
19_momentum_decay_exit,150,2020-12-29 00:00:00+00:00,2020-12-29 12:00:00+00:00,6.398136896140356,0.873015873015873,0.8253968253968254,0.00071278,1.0,trend_high_vol,2.10502319713757,0.0,6.5299017398871495,0.873015873015873,0.8253968253968254,0.0004893,1.0,trend_high_vol,2.0629206616032163,0.0
19_momentum_decay_exit,151,2020-12-30 00:00:00+00:00,2021-01-04 00:00:00+00:00,7.050880353929838,0.9365079365079365,0.9285714285714286,0.00039914,1.0,trend_high_vol,2.264654635647538,0.0,8.70955719655411,1.0,1.0,0.00164126,1.0,trend_high_vol,2.1204574350013394,0.0
19_momentum_decay_exit,152,2021-01-05 00:00:00+00:00,2021-01-05 12:00:00+00:00,8.207953915783595,0.9523809523809523,0.9603174603174603,0.00056137,1.0,trend_high_vol,2.2921858664642594,1.0,8.422002471990998,0.9523809523809523,0.9603174603174603,0.00047166,1.0,trend_high_vol,2.2340750805506264,1.0
19_momentum_decay_exit,153,2021-01-06 00:00:00+00:00,2021-01-09 00:00:00+00:00,7.251194360933766,0.9761904761904762,0.9841269841269841,0.00062904,1.0,trend_high_vol,2.6515320003174416,0.0,8.838577418713388,0.9920634920634921,0.9126984126984127,0.00131892,1.0,trend_high_vol,2.646446277801188,0.0
19_momentum_decay_exit,154,2021-02-05 00:00:00+00:00,2021-02-07 00:00:00+00:00,3.2582305113281147,0.8253968253968254,0.746031746031746,0.00061936,1.0,chop_high_vol,1.2030924101934901,0.0,3.960113520671736,0.8174603174603174,0.8293650793650794,0.00155546,1.0,chop_high_vol,1.2210845882716284,0.0
19_momentum_decay_exit,155,2021-02-08 00:00:00+00:00,2021-02-12 00:00:00+00:00,2.8646590946209547,1.0,0.9841269841269841,0.00059267,1.0,chop_high_vol,1.8592895919103034,0.0,5.511734387524745,0.9047619047619048,0.9047619047619048,0.00128772,1.0,chop_high_vol,1.8340714096312027,0.0
19_momentum_decay_exit,156,2021-02-14 00:00:00+00:00,2021-02-15 00:00:00+00:00,5.828098200076248,0.9047619047619048,0.8492063492063492,0.00075946,1.0,chop_high_vol,1.8692489287809395,0.0,6.076266052953852,0.9126984126984127,0.9047619047619048,0.0011786,1.0,trend_high_vol,1.741139903295621,0.0
19_momentum_decay_exit,157,2021-02-16 00:00:00+00:00,2021-02-16 12:00:00+00:00,6.42186079046842,0.8571428571428571,0.8968253968253969,0.00068133,1.0,trend_high_vol,1.8654872221034149,0.0,6.491660668052227,0.8571428571428571,0.8968253968253969,0.00123546,1.0,trend_high_vol,1.8351390889164656,0.0
19_momentum_decay_exit,158,2021-02-17 00:00:00+00:00,2021-02-18 00:00:00+00:00,6.271943383633499,0.7698412698412699,0.9285714285714286,0.00141818,1.0,trend_high_vol,2.126824254989304,0.0,6.677583581092025,0.7777777777777778,0.6190476190476191,0.00147112,1.0,trend_high_vol,1.9988019186439494,0.0
19_momentum_decay_exit,159,2021-02-19 00:00:00+00:00,2021-02-19 12:00:00+00:00,5.97294726501689,0.8412698412698413,0.7301587301587301,0.00125842,1.0,chop_high_vol,2.2695731734335065,0.0,6.179029842637087,0.8412698412698413,0.7301587301587301,0.00084526,1.0,trend_high_vol,2.2267447955091897,0.0
19_momentum_decay_exit,160,2021-02-20 00:00:00+00:00,2021-02-21 00:00:00+00:00,6.6306033870318135,0.8253968253968254,0.7936507936507936,0.00156318,1.0,trend_high_vol,2.1969258290415703,0.0,6.604089733888674,0.8253968253968254,0.5952380952380952,0.00122535,1.0,trend_high_vol,2.223671642527834,0.0
19_momentum_decay_exit,161,2021-03-11 00:00:00+00:00,2021-03-15 00:00:00+00:00,4.675755401449075,0.5396825396825397,0.5873015873015873,0.00095931,1.0,chop,1.6817083586114883,0.0,5.837304847580567,0.4603174603174603,0.7222222222222222,0.00115069,1.0,trend,1.2570345667632428,0.0
19_momentum_decay_exit,162,2021-04-10 00:00:00+00:00,2021-04-10 12:00:00+00:00,4.497927426061569,0.051587301587301584,0.5158730158730159,0.00021785,1.0,chop_low_vol,1.1128069571922035,0.0,4.566066800448612,0.05555555555555555,0.5158730158730159,0.00148624,1.0,chop_low_vol,1.0994229863582767,0.0
19_momentum_decay_exit,163,2021-04-11 00:00:00+00:00,2021-04-12 00:00:00+00:00,4.504410322753043,0.011904761904761904,0.19047619047619047,0.00119652,1.0,chop_low_vol,1.1609868717017022,0.0,5.201468440386572,0.01984126984126984,0.3333333333333333,0.00105998,1.0,trend,1.156917577261621,0.0
19_momentum_decay_exit,164,2021-04-13 00:00:00+00:00,2021-04-16 00:00:00+00:00,4.4720481106075844,0.051587301587301584,0.7698412698412699,0.00094343,1.0,chop_low_vol,1.6533165039134772,0.0,4.985003834639095,0.011904761904761904,0.9206349206349206,0.00110324,1.0,trend,0.9952843747335005,0.0
19_momentum_decay_exit,165,2021-05-08 00:00:00+00:00,2021-05-10 00:00:00+00:00,0.1847817493732738,0.46825396825396826,0.5912698412698413,0.00017144,1.0,chop,-0.21646434461706252,0.0,0.5061328180404131,0.48412698412698413,0.7817460317460317,0.00063864,1.0,chop,-1.1034478032693817,0.0
19_momentum_decay_exit,166,2021-06-14 00:00:00+00:00,2021-06-18 00:00:00+00:00,4.1775978025820475,0.6150793650793651,0.13095238095238096,0.0001,0.0,chop,-0.6090719547008474,0.0,3.4213674305087562,0.6150793650793651,0.06746031746031746,0.0001,0.0,chop,-0.7999927511032618,0.0
19_momentum_decay_exit,167,2021-07-25 00:00:00+00:00,2021-08-01 00:00:00+00:00,2.618088783471127,0.17857142857142858,0.051587301587301584,-0.00010603,0.0,chop_low_vol,0.5378351402913557,0.0,3.034380625128134,0.3611111111111111,0.1626984126984127,0.0001,0.0,chop,1.740898236409935,0.0
19_momentum_decay_exit,168,2021-08-06 00:00:00+00:00,2021-08-06 12:00:00+00:00,3.330154182816857,0.38095238095238093,0.4087301587301587,0.0001,0.0,chop,2.5951314020645455,0.0,3.5169423682256347,0.38095238095238093,0.4126984126984127,0.0001,0.0,chop,2.508527394979644,0.0
19_momentum_decay_exit,169,2021-08-07 00:00:00+00:00,2021-08-07 12:00:00+00:00,3.5090629106204076,0.40476190476190477,0.4642857142857143,0.0001,0.0,chop,2.844609476664763,0.0,3.7418317622218473,0.40476190476190477,0.46825396825396826,0.0001,0.0,chop,2.7359880798257454,0.0
19_momentum_decay_exit,170,2021-08-09 00:00:00+00:00,2021-08-09 12:00:00+00:00,4.227933938279601,0.3888888888888889,0.45634920634920634,0.0001,1.0,trend,3.0328698956704137,0.0,4.46640374670065,0.3888888888888889,0.4603174603174603,0.0001,1.0,trend,2.897487165016183,0.0
19_momentum_decay_exit,171,2021-08-13 00:00:00+00:00,2021-08-15 00:00:00+00:00,5.004568423006905,0.4126984126984127,0.25793650793650796,0.0001,1.0,trend,2.361112680698633,0.0,5.954107029308704,0.3253968253968254,0.24206349206349206,0.0001,1.0,trend,2.0184457018361512,0.0
19_momentum_decay_exit,172,2021-08-20 00:00:00+00:00,2021-08-23 00:00:00+00:00,5.261644692719891,0.3333333333333333,0.38492063492063494,0.0001,1.0,trend,1.967399729403143,0.0,7.461290986359293,0.1746031746031746,0.376984126984127,0.00014813,1.0,trend,1.6638929566919387,0.0
19_momentum_decay_exit,173,2021-09-03 00:00:00+00:00,2021-09-07 00:00:00+00:00,5.819797774047829,0.03571428571428571,0.7182539682539683,0.00057405,1.0,trend,1.1400126215460407,0.0,4.651794340093949,0.4642857142857143,0.8849206349206349,0.0001,1.0,chop,0.7124170432875724,0.0
19_momentum_decay_exit,174,2021-10-04 00:00:00+00:00,2021-10-10 00:00:00+00:00,0.12503063609909518,0.6150793650793651,0.4801587301587302,0.0001,1.0,chop,1.293421100650925,0.0,3.647071355042786,0.6150793650793651,0.8253968253968254,0.0001,1.0,trend,2.423395575503941,0.0
19_momentum_decay_exit,175,2021-10-11 00:00:00+00:00,2021-10-11 12:00:00+00:00,3.662274061234456,0.6150793650793651,0.8650793650793651,0.0001,1.0,trend,2.932695326051706,0.0,3.8883254268921945,0.6190476190476191,0.8650793650793651,0.0001,1.0,trend,2.8093667744899924,0.0
19_momentum_decay_exit,176,2021-10-15 00:00:00+00:00,2021-10-16 00:00:00+00:00,5.3125984542497475,0.623015873015873,0.9761904761904762,0.00017282,1.0,trend,2.971858007993379,0.0,5.8130615428414725,0.6309523809523809,0.5277777777777778,0.0001,1.0,trend,2.614216176011722,0.0
19_momentum_decay_exit,177,2021-10-18 00:00:00+00:00,2021-10-18 12:00:00+00:00,6.4948742606912,0.5912698412698413,0.7182539682539683,0.0004425,1.0,trend,2.4621528211382544,0.0,6.6095724764105155,0.5952380952380952,0.7222222222222222,0.00022227,1.0,trend,2.3806625236874397,0.0
19_momentum_decay_exit,178,2021-10-19 00:00:00+00:00,2021-10-21 00:00:00+00:00,6.829109226209114,0.6150793650793651,0.8531746031746031,0.0001,1.0,trend,2.598417701249826,0.0,8.089425295452479,0.3055555555555556,0.9285714285714286,0.00068927,1.0,trend,1.941445363705142,0.0
19_momentum_decay_exit,179,2021-11-08 00:00:00+00:00,2021-11-12 00:00:00+00:00,4.218181770126785,0.1626984126984127,0.8809523809523809,0.00037438,1.0,chop_low_vol,1.4473754545776574,0.0,6.427728343943317,0.06746031746031746,0.6349206349206349,0.00018008,1.0,trend,0.7936134339193005,0.0
19_momentum_decay_exit,180,2021-12-24 00:00:00+00:00,2021-12-25 00:00:00+00:00,4.418279218848659,0.25,0.011904761904761904,4.018e-05,1.0,chop_low_vol,-0.9287512632727175,0.0,4.393422827034079,0.25793650793650796,0.003968253968253968,0.0001,1.0,chop_low_vol,-0.9695674080576832,0.0
19_momentum_decay_exit,181,2022-02-06 00:00:00+00:00,2022-02-10 00:00:00+00:00,4.460484933196736,0.9404761904761905,0.011904761904761904,0.0001,0.0,chop_high_vol,-0.23216309525500678,0.0,0.3377634200819416,0.5992063492063492,0.49603174603174605,5.12e-05,0.0,chop,-0.062101046713112264,0.0
19_momentum_decay_exit,182,2022-02-15 00:00:00+00:00,2022-02-15 12:00:00+00:00,0.5356296436933992,0.623015873015873,0.17063492063492064,6.445e-05,0.0,chop,0.1840427949041514,0.0,0.7478175766680097,0.626984126984127,0.1746031746031746,-7.76e-05,0.0,chop,0.18988444009316732,0.0
19_momentum_decay_exit,183,2022-03-23 00:00:00+00:00,2022-03-26 00:00:00+00:00,0.8772131439065017,0.6507936507936508,0.39285714285714285,0.0001,0.0,chop,0.6201163463098787,0.0,2.4982878492346936,0.3968253968253968,0.04365079365079365,5.473e-05,0.0,chop,0.9470364538563596,0.0
19_momentum_decay_exit,184,2022-03-27 00:00:00+00:00,2022-03-31 00:00:00+00:00,2.75199193924062,0.5158730158730159,0.5476190476190477,0.0001,0.0,chop,1.6514966301882903,0.0,5.705463544120287,0.051587301587301584,0.7976190476190477,0.0001,0.0,trend,1.0344505233549366,0.0
19_momentum_decay_exit,185,2022-05-30 00:00:00+00:00,2022-06-01 00:00:00+00:00,6.163829737359547,0.5793650793650794,0.9246031746031746,0.0001,0.0,trend,-0.7941480653675821,0.0,5.423030470843442,0.5634920634920635,0.9444444444444444,0.0001,0.0,trend,-1.1693934903316163,0.0
19_momentum_decay_exit,186,2022-07-07 00:00:00+00:00,2022-07-11 00:00:00+00:00,13.961776535994996,0.44841269841269843,0.3333333333333333,8.373e-05,0.0,trend,-0.6476213872352495,0.0,9.816542645987264,0.3134920634920635,0.23412698412698413,4.543e-05,0.0,trend,-0.9710061230095066,0.0
19_momentum_decay_exit,187,2022-07-18 00:00:00+00:00,2022-07-23 00:00:00+00:00,4.160278328392939,0.4642857142857143,0.8968253968253969,8.709e-05,0.0,chop,-0.03155003033942033,0.0,0.9456733464454715,0.5198412698412699,0.20634920634920634,5.172e-05,0.0,chop,-0.011116890886382305,0.0
19_momentum_decay_exit,188,2022-07-28 00:00:00+00:00,2022-07-28 12:00:00+00:00,0.30097573254257676,0.6507936507936508,0.8809523809523809,2.951e-05,0.0,chop,0.4115363800211241,0.0,0.03801036660606234,0.6507936507936508,0.8809523809523809,0.0001,0.0,chop,0.4237293934419375,0.0
19_momentum_decay_exit,189,2022-08-10 00:00:00+00:00,2022-08-15 00:00:00+00:00,1.8359551722646976,0.3253968253968254,0.6865079365079365,-1.314e-05,0.0,chop,1.0754779198852473,0.0,3.6040426044192913,0.09126984126984126,0.7619047619047619,1.239e-05,0.0,chop_low_vol,1.2246848497182863,0.0
19_momentum_decay_exit,190,2022-09-10 00:00:00+00:00,2022-09-13 00:00:00+00:00,3.5245617487713665,0.48412698412698413,0.8253968253968254,0.0001,0.0,chop,0.08696684646238809,0.0,1.5093646040317474,0.6984126984126984,0.9642857142857143,0.0001,0.0,chop,-0.9404140020647679,0.0
19_momentum_decay_exit,191,2022-10-04 00:00:00+00:00,2022-10-06 00:00:00+00:00,2.8334375175784112,0.03571428571428571,0.753968253968254,0.0001,0.0,chop_low_vol,-0.42933292602009676,1.0,2.3136796135221456,0.04365079365079365,0.7142857142857143,0.0001,0.0,chop_low_vol,-0.6126139021409887,0.0
19_momentum_decay_exit,192,2022-10-26 00:00:00+00:00,2022-10-27 00:00:00+00:00,0.4303426123414107,0.0992063492063492,1.0,-1.66e-06,0.0,chop_low_vol,2.2571405590598084,0.0,0.27662940203876757,0.11507936507936507,0.9523809523809523,6.122e-05,0.0,chop_low_vol,1.4204518208106285,0.0
19_momentum_decay_exit,193,2022-10-29 00:00:00+00:00,2022-11-01 00:00:00+00:00,1.267005260282912,0.1388888888888889,0.8333333333333334,2.484e-05,0.0,chop_low_vol,2.479444404625122,0.0,2.2910366197338488,0.1388888888888889,0.7936507936507936,7.22e-06,0.0,chop_low_vol,1.5842946470193802,0.0
19_momentum_decay_exit,194,2022-11-04 00:00:00+00:00,2022-11-05 00:00:00+00:00,1.8520477807513385,0.21031746031746032,1.0,4.429e-05,0.0,chop_low_vol,1.846672337881414,0.0,2.2202927712663127,0.21031746031746032,0.7380952380952381,6.899e-05,0.0,chop_low_vol,1.943282003202093,0.0
19_momentum_decay_exit,195,2022-12-08 00:00:00+00:00,2022-12-10 00:00:00+00:00,4.374849632272029,0.25,0.1388888888888889,-1.492e-05,0.0,trend,-0.8389724220636834,0.0,3.5929103411826597,0.21031746031746032,0.003968253968253968,3.198e-05,0.0,trend,-0.8763141988468789,0.0
19_momentum_decay_exit,196,2022-12-13 00:00:00+00:00,2022-12-15 00:00:00+00:00,2.1125972430801356,0.11507936507936507,0.3253968253968254,3.003e-05,0.0,chop_low_vol,-0.5687115088898103,0.0,1.2357318598147604,0.23412698412698413,0.17063492063492064,0.0001,0.0,chop_low_vol,-0.5530320271046931,0.0
19_momentum_decay_exit,197,2023-01-06 00:00:00+00:00,2023-01-18 00:00:00+00:00,4.0770168873728165,0.003968253968253968,0.09126984126984126,7.264e-05,0.0,trend,-1.0419084780412138,0.0,6.978871313129315,0.6706349206349206,0.6150793650793651,0.0001,1.0,trend,2.7539357686515036,0.0
19_momentum_decay_exit,198,2023-01-20 00:00:00+00:00,2023-01-22 00:00:00+00:00,5.546440835739485,0.6944444444444444,0.5912698412698413,0.0001,1.0,trend,3.698377352108162,0.0,6.655258477242516,0.7103174603174603,0.4722222222222222,0.0001,1.0,trend_high_vol,2.992329761578786,0.0
19_momentum_decay_exit,199,2023-01-23 00:00:00+00:00,2023-01-23 12:00:00+00:00,6.872681887283277,0.7103174603174603,0.5198412698412699,0.0001,1.0,trend_high_vol,2.86012605706804,0.0,7.012547835321896,0.7142857142857143,0.5238095238095238,0.0001,1.0,trend_high_vol,2.743114426699014,0.0
19_momentum_decay_exit,200,2023-01-25 00:00:00+00:00,2023-01-25 12:00:00+00:00,7.318513707682627,0.7341269841269841,0.6785714285714286,0.0001,1.0,trend_high_vol,2.4849885550309616,0.0,7.395481221837738,0.7380952380952381,0.6825396825396826,0.0001,1.0,trend_high_vol,2.401730486983951,0.0
19_momentum_decay_exit,201,2023-01-29 00:00:00+00:00,2023-01-30 00:00:00+00:00,11.32896102153192,0.7658730158730159,0.5793650793650794,0.0001,1.0,trend_high_vol,2.3026402829439925,0.0,10.456359489427964,0.8214285714285714,0.5674603174603174,0.0001,1.0,trend_high_vol,1.8072249474511803,0.0
19_momentum_decay_exit,202,2023-02-15 00:00:00+00:00,2023-02-23 00:00:00+00:00,3.337622161794317,0.8095238095238095,0.7857142857142857,8.887e-05,1.0,chop_high_vol,1.7794664847891846,0.0,5.070110971614285,0.7698412698412699,0.7222222222222222,0.0001,1.0,trend_high_vol,1.2674972297214486,0.0
19_momentum_decay_exit,203,2023-03-14 00:00:00+00:00,2023-03-22 00:00:00+00:00,0.29743622255084917,0.8412698412698413,0.9722222222222222,0.0001,1.0,chop_high_vol,1.1185583257914433,1.0,3.5094472082505166,0.9007936507936508,0.876984126984127,2.68e-06,1.0,chop_high_vol,1.889800021850193,0.0
19_momentum_decay_exit,204,2023-03-23 00:00:00+00:00,2023-03-23 12:00:00+00:00,3.735321287037816,0.876984126984127,0.5357142857142857,5.334e-05,1.0,trend_high_vol,2.001924912548777,0.0,3.852333389460614,0.8809523809523809,0.5396825396825397,-1.09e-05,1.0,trend_high_vol,1.9525174963954344,0.0
19_momentum_decay_exit,205,2023-03-29 00:00:00+00:00,2023-03-29 12:00:00+00:00,4.655815786341808,0.8611111111111112,0.44841269841269843,7.531e-05,1.0,trend_high_vol,1.8202721544865998,0.0,4.694090343003638,0.8650793650793651,0.4523809523809524,7.098e-05,1.0,trend_high_vol,1.7795563731932387,0.0
19_momentum_decay_exit,206,2023-03-31 00:00:00+00:00,2023-03-31 12:00:00+00:00,6.139971167026913,0.8611111111111112,0.3492063492063492,1.123e-05,1.0,trend_high_vol,1.7241145005670364,0.0,6.156139755672381,0.8650793650793651,0.3492063492063492,6.358e-05,1.0,trend_high_vol,1.688186927237049,0.0
19_momentum_decay_exit,207,2023-04-10 00:00:00+00:00,2023-04-17 00:00:00+00:00,7.447964057897516,0.4603174603174603,0.39285714285714285,0.0001,1.0,trend,1.698549102045117,0.0,10.75648204247898,0.21428571428571427,0.3611111111111111,0.0001,1.0,trend,1.182068109524972,0.0
19_momentum_decay_exit,208,2023-05-28 00:00:00+00:00,2023-06-01 00:00:00+00:00,2.3669724672016654,0.07539682539682539,0.23412698412698413,7.362e-05,1.0,chop_low_vol,0.6093249084647309,0.0,1.3305631648226566,0.09126984126984126,0.25793650793650796,9.865e-05,1.0,chop_low_vol,-1.0524902530951876,0.0
19_momentum_decay_exit,209,2023-06-20 00:00:00+00:00,2023-06-26 00:00:00+00:00,1.219529408217027,0.6428571428571429,0.7182539682539683,3.69e-05,1.0,chop,1.8382521830954581,0.0,3.88485076364011,0.5198412698412699,0.4722222222222222,0.0001,1.0,trend,2.3889661902883983,0.0
19_momentum_decay_exit,210,2023-07-03 00:00:00+00:00,2023-07-03 12:00:00+00:00,5.5590108183170575,0.44841269841269843,0.43253968253968256,0.0001,1.0,trend,2.128480046352323,0.0,5.638693125070095,0.4523809523809524,0.4365079365079365,0.0001,1.0,trend,2.071956334016246,0.0
19_momentum_decay_exit,211,2023-07-13 00:00:00+00:00,2023-07-14 00:00:00+00:00,6.2639675240621635,0.01984126984126984,0.8293650793650794,-1.135e-05,1.0,trend,1.422166933791768,0.0,5.160519129330929,0.08333333333333333,0.7738095238095238,0.0001,1.0,trend,0.8911244850170792,0.0
19_momentum_decay_exit,212,2023-10-01 00:00:00+00:00,2023-10-08 00:00:00+00:00,0.16764344966685968,0.25,0.21031746031746032,2.95e-06,0.0,chop_low_vol,1.4413418436425902,0.0,2.70026164654178,0.3055555555555556,0.1388888888888889,3.14e-06,0.0,chop,1.5802263774165781,0.0
19_momentum_decay_exit,213,2023-10-16 00:00:00+00:00,2023-10-26 00:00:00+00:00,1.0424279199524775,0.5277777777777778,0.9761904761904762,5.11e-06,1.0,chop,1.4135090505207004,0.0,6.198932843104591,0.9722222222222222,0.876984126984127,0.0001,1.0,trend_high_vol,2.92556039043954,0.0
19_momentum_decay_exit,214,2023-10-29 00:00:00+00:00,2023-10-30 00:00:00+00:00,7.08135883177836,0.9523809523809523,0.39285714285714285,0.0001,1.0,trend_high_vol,2.489958958706501,0.0,8.788910785544706,0.9444444444444444,0.8333333333333334,0.0001,1.0,trend_high_vol,2.273073401893865,0.0
19_momentum_decay_exit,215,2023-10-31 00:00:00+00:00,2023-10-31 12:00:00+00:00,8.88823027334246,0.9365079365079365,0.7976190476190477,0.0001,1.0,trend_high_vol,2.2729017292549796,0.0,8.94997542232075,0.9365079365079365,0.8015873015873016,0.0001,1.0,trend_high_vol,2.2098317199562563,0.0
19_momentum_decay_exit,216,2023-11-01 00:00:00+00:00,2023-11-02 00:00:00+00:00,8.280899993441844,0.9365079365079365,0.9285714285714286,0.0001,1.0,trend_high_vol,2.440368014371191,0.0,8.520062610506082,0.9365079365079365,0.9047619047619048,0.0001,1.0,trend_high_vol,2.0996340136000615,0.0
19_momentum_decay_exit,217,2023-11-07 00:00:00+00:00,2023-11-07 12:00:00+00:00,16.84216932258655,0.8809523809523809,0.8650793650793651,0.0001,1.0,trend_high_vol,1.9193579209457168,0.0,16.733392032804392,0.8809523809523809,0.8650793650793651,0.0001,1.0,trend_high_vol,1.875885777243889,0.0
19_momentum_decay_exit,218,2023-11-08 00:00:00+00:00,2023-11-08 12:00:00+00:00,18.3013648923617,0.873015873015873,0.8253968253968254,0.0001,1.0,trend_high_vol,1.9727068727901926,0.0,18.199070295644386,0.873015873015873,0.8253968253968254,0.0001,1.0,trend_high_vol,1.927007159446112,0.0
19_momentum_decay_exit,219,2023-11-09 00:00:00+00:00,2023-11-11 00:00:00+00:00,15.330702884578818,0.8650793650793651,0.9841269841269841,0.0001,1.0,trend_high_vol,2.1012345737066034,0.0,14.890079338597701,0.8650793650793651,0.6507936507936508,0.0001,1.0,trend_high_vol,2.1549517242560374,0.0
19_momentum_decay_exit,220,2023-11-15 00:00:00+00:00,2023-11-16 00:00:00+00:00,9.02714988165719,0.6825396825396826,0.9523809523809523,0.0001,1.0,trend,1.8787520776783628,0.0,8.076632778159137,0.7777777777777778,0.9444444444444444,0.0001,1.0,trend_high_vol,1.287438826864114,0.0
19_momentum_decay_exit,221,2023-12-01 00:00:00+00:00,2023-12-11 00:00:00+00:00,6.417821194782877,0.8412698412698413,0.8968253968253969,0.0001,1.0,trend_high_vol,0.9439739180599421,0.0,7.569880802985745,0.6825396825396826,0.9920634920634921,0.0001473,1.0,trend,1.3240270534557335,0.0
19_momentum_decay_exit,222,2024-01-01 00:00:00+00:00,2024-01-03 00:00:00+00:00,3.781919359441682,0.373015873015873,0.6111111111111112,0.00037409,1.0,chop,1.1776243866283427,0.0,3.8193982273099985,0.4801587301587302,1.0,0.00021159,1.0,chop,0.8676223054043944,0.0
19_momentum_decay_exit,223,2024-01-08 00:00:00+00:00,2024-01-11 00:00:00+00:00,2.920382402774758,0.7698412698412699,0.9841269841269841,0.0001,1.0,chop_high_vol,2.135305129562807,0.0,4.227970010538351,0.6904761904761905,0.9841269841269841,0.0001,1.0,chop,1.7636746408574338,0.0
19_momentum_decay_exit,224,2024-02-07 00:00:00+00:00,2024-02-17 00:00:00+00:00,0.9347837576512018,0.18253968253968253,0.5714285714285714,7.527e-05,1.0,chop_low_vol,0.9779348299986163,0.0,7.735704395177292,0.11904761904761904,0.4444444444444444,0.0001,1.0,trend,2.5527258309731224,0.0
19_momentum_decay_exit,225,2024-02-20 00:00:00+00:00,2024-02-20 12:00:00+00:00,8.055013082669054,0.05952380952380952,0.8571428571428571,0.00010461,1.0,trend,2.1502325982554877,0.0,8.096169150208299,0.06349206349206349,0.8571428571428571,0.00010912,1.0,trend,2.090987839146339,0.0
19_momentum_decay_exit,226,2024-02-26 00:00:00+00:00,2024-03-05 00:00:00+00:00,8.63579926893693,0.24206349206349206,0.8611111111111112,0.00026761,1.0,trend,2.1158986699802487,0.0,6.465154409416233,1.0,1.0,0.0004896,1.0,trend_high_vol,1.8935804281077262,1.0
19_momentum_decay_exit,227,2024-03-09 00:00:00+00:00,2024-03-09 12:00:00+00:00,6.342085096349209,0.9841269841269841,0.4523809523809524,0.00019134,1.0,trend_high_vol,1.8675640016564703,0.0,6.392991022588418,0.9841269841269841,0.4523809523809524,0.00031281,1.0,trend_high_vol,1.8239334128131395,0.0
19_momentum_decay_exit,228,2024-03-10 00:00:00+00:00,2024-03-10 12:00:00+00:00,6.340653530415142,0.9682539682539683,0.8174603174603174,0.0003101,1.0,trend_high_vol,1.8304873300064302,0.0,6.37482539995415,0.9682539682539683,0.8174603174603174,0.00063451,1.0,trend_high_vol,1.7888941945473367,0.0
19_momentum_decay_exit,229,2024-03-11 00:00:00+00:00,2024-03-11 12:00:00+00:00,6.362010364448987,1.0,0.9682539682539683,0.00035489,1.0,trend_high_vol,2.0071174347701675,0.0,6.480564056216695,1.0,0.9682539682539683,0.00078428,1.0,trend_high_vol,1.9561903412681692,0.0
19_momentum_decay_exit,230,2024-03-13 00:00:00+00:00,2024-03-13 12:00:00+00:00,8.564496045398807,0.9841269841269841,0.9206349206349206,0.00033224,1.0,trend_high_vol,1.9161012432058024,0.0,8.651826099317274,0.9841269841269841,0.9206349206349206,0.0006442,1.0,trend_high_vol,1.8709761392772681,0.0
19_momentum_decay_exit,231,2024-04-08 00:00:00+00:00,2024-04-09 00:00:00+00:00,3.83803846537204,0.7301587301587301,0.7182539682539683,0.0001,1.0,trend_high_vol,0.56499541308368,0.0,3.546141530044174,0.5476190476190477,0.7142857142857143,0.00020915,1.0,chop,0.1346685427097853,0.0
19_momentum_decay_exit,232,2024-05-15 00:00:00+00:00,2024-05-19 00:00:00+00:00,1.2121867396136878,0.6904761904761905,0.7261904761904762,0.0001,1.0,chop,-0.37623291615530113,0.0,0.5490780384572739,0.7063492063492064,0.16666666666666666,3.339e-05,1.0,chop_high_vol,-0.43600693431732146,0.0
19_momentum_decay_exit,233,2024-05-20 00:00:00+00:00,2024-05-23 00:00:00+00:00,0.8948885634551916,0.7222222222222222,0.8015873015873016,5.607e-05,1.0,chop_high_vol,0.5762927885796884,0.0,2.0517550830230116,0.5833333333333334,0.753968253968254,0.0001,1.0,chop,0.4712350649004365,0.0
19_momentum_decay_exit,234,2024-07-15 00:00:00+00:00,2024-07-23 00:00:00+00:00,2.6041313168752227,0.4880952380952381,0.7420634920634921,4.59e-05,1.0,trend,-0.3717060175319479,0.0,2.3322761262864575,0.5119047619047619,0.7182539682539683,4.709e-05,1.0,trend,0.019099797294465485,0.0
19_momentum_decay_exit,235,2024-07-28 00:00:00+00:00,2024-07-29 00:00:00+00:00,3.2372402653130186,0.25,0.14682539682539683,8.18e-05,1.0,trend,0.6988164376483479,0.0,4.199689794948097,0.28174603174603174,0.8531746031746031,2.804e-05,1.0,trend,0.42630343881987687,0.0
19_momentum_decay_exit,236,2024-08-23 00:00:00+00:00,2024-08-26 00:00:00+00:00,1.2653118590697896,1.0,0.9166666666666666,-3.329e-05,1.0,chop_high_vol,0.05440583921656279,0.0,0.2780437190031352,0.8571428571428571,0.4722222222222222,2.439e-05,0.0,chop_high_vol,-0.26633540831047214,0.0
19_momentum_decay_exit,237,2024-09-18 00:00:00+00:00,2024-09-22 00:00:00+00:00,0.4604462726643094,0.36904761904761907,0.8809523809523809,1.344e-05,0.0,chop,-0.27229810151450523,0.0,1.8272626862010628,0.2896825396825397,0.21428571428571427,6.285e-05,0.0,chop_low_vol,0.023717464445659163,0.0
19_momentum_decay_exit,238,2024-09-24 00:00:00+00:00,2024-09-24 12:00:00+00:00,2.861430354297261,0.23412698412698413,0.5198412698412699,2.324e-05,1.0,trend,0.07461464339311738,0.0,3.0637199997462954,0.23809523809523808,0.5238095238095238,2.895e-05,1.0,trend,0.09922876043365282,0.0
19_momentum_decay_exit,239,2024-09-26 00:00:00+00:00,2024-09-28 00:00:00+00:00,2.9190285653171144,0.20238095238095238,0.7817460317460317,1.336e-05,1.0,trend,0.3116390660699256,0.0,4.352619237271787,0.20238095238095238,0.09126984126984126,5.455e-05,1.0,trend,0.8992248160073713,0.0
19_momentum_decay_exit,240,2024-10-14 00:00:00+00:00,2024-10-21 00:00:00+00:00,1.242989994308788,0.373015873015873,0.9523809523809523,5.429e-05,1.0,chop,1.514651734916437,0.0,4.863666544216322,0.15873015873015872,0.7777777777777778,0.0001,1.0,trend,0.9578219489512368,0.0
19_momentum_decay_exit,241,2024-10-28 00:00:00+00:00,2024-11-01 00:00:00+00:00,4.727394656896397,0.2698412698412698,0.8134920634920635,9.425e-05,1.0,trend,1.7663083870191034,0.0,5.029777594367546,0.29365079365079366,0.9682539682539683,0.0001,1.0,trend,1.3261345570447887,0.0
19_momentum_decay_exit,242,2024-11-06 00:00:00+00:00,2024-11-08 00:00:00+00:00,2.8295140999580877,0.746031746031746,1.0,0.0001,1.0,trend_high_vol,3.653044410221552,0.0,4.330102482325771,0.7222222222222222,0.9642857142857143,0.0001,1.0,trend_high_vol,3.187029170541163,0.0
19_momentum_decay_exit,243,2024-11-09 00:00:00+00:00,2024-11-09 12:00:00+00:00,4.808437744829441,0.7063492063492064,0.373015873015873,0.0001,1.0,trend_high_vol,2.9727727783423004,0.0,4.991873449798573,0.7063492063492064,0.373015873015873,0.0001,1.0,trend_high_vol,2.8528061264711186,0.0
19_momentum_decay_exit,244,2024-11-10 00:00:00+00:00,2024-11-16 00:00:00+00:00,4.586290444436148,0.8095238095238095,0.9841269841269841,0.0001,1.0,trend_high_vol,3.5124866744658005,0.0,6.244133876045786,0.8571428571428571,0.8571428571428571,0.00010977,1.0,trend_high_vol,2.9152716248844737,0.0
19_momentum_decay_exit,245,2024-11-19 00:00:00+00:00,2024-11-19 12:00:00+00:00,6.618083531811182,0.8333333333333334,0.9285714285714286,0.00021606,1.0,trend_high_vol,2.3227562995870397,0.0,6.675094437108595,0.8333333333333334,0.9285714285714286,0.00030216,1.0,trend_high_vol,2.2518770183512165,0.0
19_momentum_decay_exit,246,2024-11-20 00:00:00+00:00,2024-11-20 12:00:00+00:00,7.9646116120702555,0.7936507936507936,0.9206349206349206,0.00017959,1.0,trend_high_vol,2.280162786607001,1.0,8.065723360533887,0.7936507936507936,0.9206349206349206,0.0001,1.0,trend_high_vol,2.212225327837846,1.0
19_momentum_decay_exit,247,2024-11-21 00:00:00+00:00,2024-11-21 12:00:00+00:00,7.137749869355569,0.8095238095238095,0.9603174603174603,0.0001,1.0,trend_high_vol,2.3799172986617934,1.0,7.321749333869082,0.8095238095238095,0.9603174603174603,0.0001,1.0,trend_high_vol,2.3049216047721037,1.0
19_momentum_decay_exit,248,2024-11-22 00:00:00+00:00,2024-11-22 12:00:00+00:00,7.5187261104544545,0.7936507936507936,0.9365079365079365,0.0001,1.0,trend_high_vol,2.1767649973526133,1.0,7.65281426676393,0.7936507936507936,0.9365079365079365,0.0001,1.0,trend_high_vol,2.1157950787417863,1.0
19_momentum_decay_exit,249,2024-12-06 00:00:00+00:00,2024-12-09 00:00:00+00:00,7.764029760683635,0.38492063492063494,0.9444444444444444,0.0001,1.0,trend,1.4327610643656437,0.0,8.130245168005237,0.4642857142857143,0.9603174603174603,0.00030413,1.0,trend,1.0997623715693872,0.0
19_momentum_decay_exit,250,2024-12-13 00:00:00+00:00,2024-12-14 00:00:00+00:00,6.850164290905556,0.4880952380952381,0.7936507936507936,0.0001,1.0,trend,1.2136691619595805,0.0,7.060898081563949,0.503968253968254,0.6031746031746031,6.75e-05,1.0,trend,1.169290495471559,0.0
19_momentum_decay_exit,251,2024-12-15 00:00:00+00:00,2024-12-18 00:00:00+00:00,6.384808137540493,0.36904761904761907,0.753968253968254,0.0001,1.0,trend,1.291079569834062,0.0,6.180534251743308,0.49603174603174605,0.9285714285714286,0.0001,1.0,trend,0.9680094577223542,0.0
19_momentum_decay_exit,252,2025-01-17 00:00:00+00:00,2025-01-24 00:00:00+00:00,1.0420641706456075,0.5833333333333334,0.7936507936507936,4.598e-05,1.0,chop,1.1640578354975906,0.0,3.497258499830463,0.7936507936507936,0.5952380952380952,3.34e-06,1.0,chop_high_vol,0.7346400919308461,0.0
19_momentum_decay_exit,253,2025-04-21 00:00:00+00:00,2025-04-21 12:00:00+00:00,0.1720053067041906,0.7619047619047619,0.49603174603174605,5.232e-05,0.0,chop_high_vol,-1.2336595207033934,0.0,0.0033098313518514577,0.7619047619047619,0.5,5.403e-05,0.0,chop_high_vol,-1.2267812468054817,0.0
19_momentum_decay_exit,254,2025-04-22 00:00:00+00:00,2025-04-27 00:00:00+00:00,0.40282849161630213,0.8412698412698413,0.7658730158730159,1.553e-05,1.0,chop_high_vol,-0.2573049310664956,0.0,5.791830449741064,0.6984126984126984,0.10714285714285714,2.855e-05,1.0,trend,0.5136975343102488,0.0
19_momentum_decay_exit,255,2025-04-28 00:00:00+00:00,2025-04-29 00:00:00+00:00,6.024042909967625,0.6428571428571429,0.4087301587301587,-4.21e-06,1.0,trend,0.48422700398611507,0.0,6.492932748523753,0.3531746031746032,0.25793650793650796,-7.73e-06,1.0,trend,0.4432827238629764,0.0
19_momentum_decay_exit,256,2025-05-01 00:00:00+00:00,2025-05-01 12:00:00+00:00,6.332277218437334,0.13095238095238096,0.44047619047619047,3.519e-05,1.0,trend,1.5727988009212954,0.0,6.504762213697765,0.1349206349206349,0.4444444444444444,5.755e-05,1.0,trend,1.655454628265373,0.0
19_momentum_decay_exit,257,2025-05-02 00:00:00+00:00,2025-05-02 12:00:00+00:00,6.686013292500646,0.13095238095238096,0.26587301587301587,-0.00012232,1.0,trend,1.6031096374865954,0.0,6.828834821909165,0.1349206349206349,0.2698412698412698,-9.382e-05,1.0,trend,1.5992006089929534,0.0
19_momentum_decay_exit,258,2025-05-07 00:00:00+00:00,2025-05-11 00:00:00+00:00,9.132302998678266,0.1626984126984127,0.9285714285714286,7.57e-06,1.0,trend,0.909951947430217,1.0,7.880313607752313,0.3968253968253968,0.626984126984127,0.0001,1.0,trend,2.207952179465189,0.0
19_momentum_decay_exit,259,2025-05-18 00:00:00+00:00,2025-05-18 12:00:00+00:00,8.019032840986073,0.2261904761904762,0.7063492063492064,6.742e-05,1.0,trend,2.333432470720266,0.0,8.105854067978118,0.23015873015873015,0.7063492063492064,5.903e-05,1.0,trend,2.2652009582636685,0.0
19_momentum_decay_exit,260,2025-05-20 00:00:00+00:00,2025-05-20 12:00:00+00:00,8.430906803048536,0.25,0.4722222222222222,8.378e-05,1.0,trend,1.7702471660084427,1.0,8.460682411088923,0.25396825396825395,0.47619047619047616,7.107e-05,1.0,trend,1.731590605643213,1.0
19_momentum_decay_exit,261,2025-05-21 00:00:00+00:00,2025-05-23 00:00:00+00:00,7.4457644619389125,0.25793650793650796,0.9285714285714286,8.767e-05,1.0,trend,1.9083671926300416,1.0,8.512152733905575,0.3611111111111111,0.8611111111111112,0.0001,1.0,trend,1.292484198447502,1.0
19_momentum_decay_exit,262,2025-07-02 00:00:00+00:00,2025-07-03 00:00:00+00:00,1.7093248387027244,0.027777777777777776,0.8293650793650794,1.109e-05,1.0,chop_low_vol,0.7193236960102543,0.0,1.951719980905298,0.03571428571428571,0.7182539682539683,4.13e-05,1.0,chop_low_vol,1.0211429330239261,0.0
19_momentum_decay_exit,263,2025-07-09 00:00:00+00:00,2025-07-18 00:00:00+00:00,3.0531918831900526,0.09126984126984126,0.8888888888888888,3.601e-05,1.0,chop_low_vol,1.7949886379027666,0.0,7.201840042174883,0.0992063492063492,0.9444444444444444,0.0001,1.0,trend,1.859394828149826,0.0
19_momentum_decay_exit,264,2025-07-22 00:00:00+00:00,2025-07-22 12:00:00+00:00,6.349218081554779,0.003968253968253968,0.9523809523809523,0.0001,1.0,trend,1.4604371817656467,0.0,6.395600753503937,0.007936507936507936,0.9523809523809523,0.0001,1.0,trend,1.4331576738205463,0.0
19_momentum_decay_exit,265,2025-08-12 00:00:00+00:00,2025-08-14 00:00:00+00:00,2.4946707119096887,0.0992063492063492,0.9047619047619048,0.0001,1.0,chop_low_vol,1.3024845319880356,0.0,2.5751146451732816,0.38492063492063494,0.9841269841269841,0.0001,1.0,chop,0.9983271234799915,0.0
19_momentum_decay_exit,266,2025-09-12 00:00:00+00:00,2025-09-13 00:00:00+00:00,1.0553875903854975,0.21825396825396826,0.4880952380952381,3.326e-05,1.0,chop_low_vol,-1.1306116216723179,0.0,0.2882876249779891,0.1865079365079365,0.03571428571428571,6.891e-05,1.0,chop_low_vol,-1.117539581285153,0.0
19_momentum_decay_exit,267,2025-09-16 00:00:00+00:00,2025-09-18 00:00:00+00:00,1.305311381861935,0.11507936507936507,0.25,8.189e-05,1.0,chop_low_vol,-1.0562919372375457,0.0,2.402465960994886,0.003968253968253968,0.39285714285714285,6.303e-05,1.0,trend,-0.7132300230189478,0.0
19_momentum_decay_exit,268,2025-10-01 00:00:00+00:00,2025-10-08 00:00:00+00:00,0.20579752265412662,0.5555555555555556,0.8174603174603174,3.355e-05,1.0,chop,-0.8691302575613324,0.0,3.3936944543431955,0.8095238095238095,0.6746031746031746,2.542e-05,1.0,trend_high_vol,-0.829276012671193,1.0
19_momentum_decay_exit,269,2026-01-03 00:00:00+00:00,2026-01-07 00:00:00+00:00,4.418368444913177,0.08333333333333333,0.051587301587301584,4.813e-05,0.0,trend,-0.35930637342400323,0.0,0.16843045968142697,0.14682539682539683,0.28174603174603174,2.691e-05,0.0,chop_low_vol,-0.5681558805675387,1.0
19_momentum_decay_exit,270,2026-01-13 00:00:00+00:00,2026-01-15 00:00:00+00:00,0.7184306799000771,0.3055555555555556,0.48412698412698413,4.65e-05,0.0,chop,-0.14508204023354737,0.0,2.1071975819902256,0.3253968253968254,0.4523809523809524,-3.67e-06,0.0,chop,-0.15695682627162552,0.0
19_momentum_decay_exit,271,2026-03-04 00:00:00+00:00,2026-03-07 00:00:00+00:00,4.613312810236683,0.8333333333333334,0.8650793650793651,1.481e-05,0.0,chop_high_vol,-0.6574091689918322,0.0,3.2481312952271892,0.8253968253968254,0.11507936507936507,-2.176e-05,0.0,chop_high_vol,-1.0206263402158664,0.0
19_momentum_decay_exit,272,2026-03-15 00:00:00+00:00,2026-03-19 00:00:00+00:00,1.302993043488214,0.753968253968254,0.14682539682539683,-1.883e-05,0.0,chop_high_vol,-0.21912335283874246,0.0,0.12848045863757407,0.7063492063492064,0.4722222222222222,-9.74e-06,0.0,chop_high_vol,0.332455519246795,0.0
19_momentum_decay_exit,273,2026-04-07 00:00:00+00:00,2026-04-12 00:00:00+00:00,1.5899603903412922,0.38492063492063494,0.5753968253968254,-3.15e-06,0.0,chop,1.5504725902585168,0.0,1.0260248544744401,0.3055555555555556,0.21031746031746032,-8.108e-05,0.0,chop,0.7831688147960386,0.0
19_momentum_decay_exit,274,2026-04-13 00:00:00+00:00,2026-04-15 00:00:00+00:00,1.1050074487684705,0.5119047619047619,0.7658730158730159,-3.35e-06,0.0,chop,1.5668301461891634,0.0,2.1128076465104875,0.3611111111111111,0.4166666666666667,-9.313e-05,0.0,chop,1.1832292323004667,0.0
20_cross_asset_risk_on_filter,1,2015-07-20 12:00:00+00:00,2015-07-24 00:00:00+00:00,3.776823870035956,0.7857142857142857,0.5952380952380952,0.0,1.0,trend_high_vol,1.7871254401583776,0.0,3.2758434615614282,0.8531746031746031,0.8968253968253969,0.0,1.0,trend_high_vol,2.0334453313981804,0.0
20_cross_asset_risk_on_filter,2,2015-07-28 00:00:00+00:00,2015-08-06 00:00:00+00:00,7.0847664263001775,0.7738095238095238,0.6944444444444444,0.0,1.0,trend_high_vol,1.7662529119539643,0.0,4.168911357547984,0.17857142857142858,0.39285714285714285,0.0,1.0,trend,0.9410282829618598,0.0
20_cross_asset_risk_on_filter,3,2015-10-30 00:00:00+00:00,2015-11-12 00:00:00+00:00,6.184886819570744,0.6111111111111112,0.9920634920634921,0.0,1.0,trend,4.0388631716868195,0.0,3.5072182484140715,1.0,0.9365079365079365,0.0,1.0,chop_high_vol,1.4859676564616628,0.0
20_cross_asset_risk_on_filter,4,2015-11-16 00:00:00+00:00,2015-11-17 00:00:00+00:00,2.784323366228763,1.0,0.8293650793650794,0.0,1.0,chop_high_vol,1.171310774124308,0.0,2.968656010767187,0.9841269841269841,0.8571428571428571,0.0,1.0,chop_high_vol,1.2692720069632446,0.0
20_cross_asset_risk_on_filter,5,2015-11-18 00:00:00+00:00,2015-12-11 00:00:00+00:00,2.8454927741492293,0.9761904761904762,0.7936507936507936,0.0,1.0,chop_high_vol,1.217804060462921,0.0,5.9227799286622975,0.6190476190476191,0.9682539682539683,0.0,1.0,trend,1.9143998441630914,0.0
20_cross_asset_risk_on_filter,6,2015-12-15 00:00:00+00:00,2015-12-17 00:00:00+00:00,6.816938946885381,0.626984126984127,0.9047619047619048,0.0,1.0,trend,1.9625573242424001,0.0,7.1942150723140195,0.5714285714285714,0.6825396825396826,0.0,1.0,trend,1.8039388140222963,0.0
20_cross_asset_risk_on_filter,7,2015-12-23 00:00:00+00:00,2015-12-24 00:00:00+00:00,7.429063713704167,0.5436507936507936,0.6388888888888888,0.0,1.0,trend,1.320489984775071,0.0,6.527844148288384,0.5674603174603174,0.7698412698412699,0.0,1.0,trend,1.4289672415808308,0.0
20_cross_asset_risk_on_filter,8,2015-12-28 00:00:00+00:00,2015-12-29 00:00:00+00:00,5.896506368644661,0.6150793650793651,0.6547619047619048,0.0,1.0,trend,0.8728178786032903,0.0,5.688908311776475,0.6309523809523809,0.6944444444444444,0.0,1.0,trend,0.9836688060185654,0.0
20_cross_asset_risk_on_filter,9,2015-12-30 00:00:00+00:00,2015-12-31 00:00:00+00:00,5.485192542167298,0.6388888888888888,0.6111111111111112,0.0,1.0,trend,0.9670093974006738,0.0,4.877457372021125,0.4801587301587302,0.5952380952380952,0.0,1.0,trend,1.0104203132429515,0.0
20_cross_asset_risk_on_filter,10,2016-03-23 00:00:00+00:00,2016-03-30 00:00:00+00:00,0.6107405412560004,0.011904761904761904,0.5238095238095238,0.0,1.0,chop_low_vol,0.45250276904250564,0.0,1.2818013525732526,0.03571428571428571,0.5317460317460317,0.0,1.0,chop_low_vol,0.27990794033752253,0.0
20_cross_asset_risk_on_filter,11,2016-04-14 00:00:00+00:00,2016-04-19 00:00:00+00:00,4.000850637022896,0.011904761904761904,0.15476190476190477,0.0,1.0,trend,0.735516527811673,0.0,4.201603409975803,0.011904761904761904,0.3531746031746032,0.0,1.0,trend,0.7698375142192772,0.0
20_cross_asset_risk_on_filter,12,2016-04-22 00:00:00+00:00,2016-04-26 00:00:00+00:00,5.120406087994159,0.0992063492063492,0.4642857142857143,0.0,1.0,trend,2.263764421858159,0.0,6.3360321036222915,0.15476190476190477,0.7936507936507936,0.0,1.0,trend,2.6727349668405385,0.0
20_cross_asset_risk_on_filter,13,2016-05-20 00:00:00+00:00,2016-05-22 00:00:00+00:00,2.879912146840447,0.2896825396825397,0.8055555555555556,0.0,1.0,chop_low_vol,0.39203945190827677,0.0,1.3859474819050832,0.28174603174603174,0.06746031746031746,0.0,1.0,chop_low_vol,0.0509018061903705,0.0
20_cross_asset_risk_on_filter,14,2016-05-23 00:00:00+00:00,2016-06-08 00:00:00+00:00,0.8334241052583037,0.28174603174603174,0.23412698412698413,0.0,1.0,chop_low_vol,0.49602677965234154,0.0,7.222524321047779,0.9166666666666666,0.753968253968254,0.0,1.0,trend_high_vol,2.2035722249854035,0.0
20_cross_asset_risk_on_filter,15,2016-09-13 12:00:00+00:00,2016-09-22 00:00:00+00:00,2.1731338570640695,0.2619047619047619,0.5396825396825397,0.0,1.0,chop_low_vol,0.278773084773114,0.0,1.930001601688736,0.2857142857142857,0.28174603174603174,0.0,1.0,chop_low_vol,-0.19312651901996228,0.0
20_cross_asset_risk_on_filter,16,2016-09-27 00:00:00+00:00,2016-11-01 00:00:00+00:00,1.2875301942847013,0.08333333333333333,0.09126984126984126,0.0,1.0,chop_low_vol,0.7201750237331982,0.0,5.933939688605913,0.6150793650793651,0.8611111111111112,0.0,1.0,trend,2.4795873779368183,0.0
20_cross_asset_risk_on_filter,17,2016-11-07 00:00:00+00:00,2017-01-05 00:00:00+00:00,4.569879814123064,0.6944444444444444,0.4246031746031746,0.0,1.0,trend,1.5654481407247751,0.0,5.7646919851116225,1.0,1.0,0.0,1.0,chop_high_vol,1.6636330790112654,0.0
20_cross_asset_risk_on_filter,18,2017-03-07 00:00:00+00:00,2017-03-16 00:00:00+00:00,9.19790445842819,0.38095238095238093,0.9365079365079365,0.0,1.0,trend,1.7770348001216842,0.0,3.6886265905103786,0.7857142857142857,1.0,0.0,1.0,chop_high_vol,1.0127419094243209,0.0
20_cross_asset_risk_on_filter,19,2017-05-01 00:00:00+00:00,2017-05-17 00:00:00+00:00,6.435556975560199,0.11507936507936507,1.0,0.0,1.0,trend,2.2633224228928115,0.0,7.293806848934493,0.6309523809523809,0.9761904761904762,0.0,1.0,trend,1.8749596752110251,0.0
20_cross_asset_risk_on_filter,20,2017-05-18 00:00:00+00:00,2017-05-22 00:00:00+00:00,7.327041961868939,0.6388888888888888,0.9365079365079365,0.0,1.0,trend,1.944103849690616,0.0,6.75572353466508,0.6944444444444444,1.0,0.0,1.0,trend,2.1357314370404445,0.0
20_cross_asset_risk_on_filter,21,2017-05-23 00:00:00+00:00,2017-05-25 00:00:00+00:00,6.246606543392275,0.7103174603174603,0.9920634920634921,0.0,1.0,trend_high_vol,2.3259870374784524,0.0,6.643672829451622,0.7896825396825397,1.0,0.0,1.0,trend_high_vol,2.053762859051659,0.0
20_cross_asset_risk_on_filter,22,2017-05-25 12:00:00+00:00,2017-05-26 00:00:00+00:00,6.712452845245327,0.7936507936507936,1.0,0.0,1.0,trend_high_vol,2.008556379059029,0.0,7.231668189823644,0.8055555555555556,0.9841269841269841,0.0,1.0,trend_high_vol,1.7472222051108122,0.0
20_cross_asset_risk_on_filter,23,2017-06-15 00:00:00+00:00,2017-06-23 00:00:00+00:00,6.927960660038597,0.873015873015873,0.9761904761904762,0.0,1.0,trend_high_vol,1.008480880926794,0.0,4.557654497181348,0.6349206349206349,0.6904761904761905,0.0,1.0,chop,1.1539221930385117,0.0
20_cross_asset_risk_on_filter,24,2017-06-26 00:00:00+00:00,2017-07-09 00:00:00+00:00,4.352689017943093,0.5793650793650794,0.8968253968253969,0.0,1.0,chop,0.6926800521794774,0.0,2.1614319394775516,0.24603174603174602,0.42857142857142855,0.0,1.0,chop_low_vol,0.6341410775945222,0.0
20_cross_asset_risk_on_filter,25,2017-10-11 00:00:00+00:00,2017-11-08 00:00:00+00:00,6.288265634414592,0.0992063492063492,0.38492063492063494,0.0,1.0,trend,1.7440666641857367,0.0,7.54951412888154,0.3412698412698413,0.9920634920634921,0.0,1.0,trend,1.7622263909945843,0.0
20_cross_asset_risk_on_filter,26,2017-11-10 00:00:00+00:00,2017-11-14 00:00:00+00:00,6.906912876746529,0.47619047619047616,1.0,0.0,1.0,trend,1.1804034469585851,0.0,3.6658513398668364,0.5634920634920635,0.9047619047619048,0.0,1.0,chop,1.0512791427018982,0.0
20_cross_asset_risk_on_filter,27,2017-11-15 00:00:00+00:00,2017-11-17 00:00:00+00:00,3.074492685349002,0.6746031746031746,0.9523809523809523,0.0,1.0,chop,1.4526133505428829,0.0,3.4527312897151217,0.6746031746031746,0.9523809523809523,0.0,1.0,chop,1.5136028459952224,0.0
20_cross_asset_risk_on_filter,28,2017-11-20 00:00:00+00:00,2017-11-21 00:00:00+00:00,4.035826869236527,0.6349206349206349,0.8968253968253969,0.0,1.0,chop,1.6989395843136383,0.0,4.291975043194837,0.6150793650793651,0.9365079365079365,0.0,1.0,chop,1.562960311410072,0.0
20_cross_asset_risk_on_filter,29,2017-11-30 00:00:00+00:00,2017-12-22 00:00:00+00:00,8.309981352126655,0.6071428571428571,0.9841269841269841,0.0,1.0,trend,2.1124687465778678,0.0,7.489880239770504,1.0,1.0,0.0,1.0,trend_high_vol,0.9090804267862342,0.0
20_cross_asset_risk_on_filter,30,2018-03-04 00:00:00+00:00,2018-03-06 00:00:00+00:00,0.630213226963391,0.2777777777777778,0.24603174603174602,0.0,1.0,chop_low_vol,0.26024242712402157,0.0,1.1584644744483048,0.16666666666666666,0.31746031746031744,0.0,1.0,chop_low_vol,-0.05164593701717551,0.0
20_cross_asset_risk_on_filter,31,2019-04-24 00:00:00+00:00,2019-05-13 00:00:00+00:00,10.007358641908878,0.23412698412698413,0.9682539682539683,0.0,1.0,trend,1.6720727865947462,0.0,4.90727591857345,1.0,0.9920634920634921,0.0,1.0,chop_high_vol,2.668796674619751,0.0
20_cross_asset_risk_on_filter,32,2019-05-16 00:00:00+00:00,2019-05-16 12:00:00+00:00,6.467423384644078,0.9841269841269841,1.0,0.0,1.0,trend_high_vol,2.2926803354308385,0.0,6.594413893407647,0.9841269841269841,1.0,0.0,1.0,trend_high_vol,2.2318790776463047,0.0
20_cross_asset_risk_on_filter,33,2019-05-17 00:00:00+00:00,2019-05-23 00:00:00+00:00,6.734208218740583,1.0,0.9841269841269841,0.0,1.0,trend_high_vol,1.859572209197499,0.0,4.980092042221356,0.9920634920634921,0.9206349206349206,0.0,1.0,chop_high_vol,1.7099676798670662,0.0
20_cross_asset_risk_on_filter,34,2019-05-28 00:00:00+00:00,2019-05-30 00:00:00+00:00,6.929146615434783,1.0,0.8888888888888888,0.0,1.0,trend_high_vol,1.9164892693911721,0.0,7.4332795062102335,1.0,0.9761904761904762,0.0,1.0,trend_high_vol,1.5362856102631048,0.0
20_cross_asset_risk_on_filter,35,2020-05-27 00:00:00+00:00,2020-05-29 00:00:00+00:00,3.2438293443773953,0.48412698412698413,0.20634920634920634,2.104e-05,1.0,chop,1.021068269850269,0.0,3.852110381549458,0.5079365079365079,0.20634920634920634,2.618e-05,1.0,chop,1.0474974170936606,0.0
20_cross_asset_risk_on_filter,36,2020-06-03 00:00:00+00:00,2020-06-04 00:00:00+00:00,2.9769397752769384,0.4365079365079365,0.003968253968253968,0.0001,1.0,chop,1.2010680159034945,0.0,3.1858477560441125,0.3968253968253968,0.011904761904761904,0.0001,1.0,chop,1.1800386301446624,0.0
20_cross_asset_risk_on_filter,37,2020-06-05 00:00:00+00:00,2020-06-11 00:00:00+00:00,3.1892634761046157,0.3968253968253968,0.003968253968253968,0.0001,1.0,chop,1.2258154868979187,0.0,3.407968443758683,0.373015873015873,0.11507936507936507,0.0001,1.0,chop,0.47622068165805603,0.0
20_cross_asset_risk_on_filter,38,2020-10-13 12:00:00+00:00,2020-10-21 00:00:00+00:00,2.7081131912574317,0.18253968253968253,0.5873015873015873,0.0001,1.0,trend,1.2354521712598543,0.0,3.491933437186202,0.5753968253968254,0.8888888888888888,3.742e-05,1.0,trend,3.2301414996470426,0.0
20_cross_asset_risk_on_filter,39,2020-10-22 00:00:00+00:00,2020-11-03 00:00:00+00:00,4.712562660073193,0.5674603174603174,0.8015873015873016,0.0001,1.0,trend,3.3899212036306445,0.0,7.247876414216581,0.6349206349206349,0.6904761904761905,-0.00017064,1.0,trend,2.0646488755549273,0.0
20_cross_asset_risk_on_filter,40,2020-11-04 00:00:00+00:00,2020-11-05 00:00:00+00:00,9.559730934374569,0.6349206349206349,0.7857142857142857,-7.816e-05,1.0,trend,2.1534195601383037,0.0,6.58683507224702,0.9047619047619048,0.8650793650793651,-0.00023791,1.0,trend_high_vol,2.676909744940838,0.0
20_cross_asset_risk_on_filter,41,2020-11-09 00:00:00+00:00,2020-12-08 00:00:00+00:00,6.651675349676778,1.0,0.746031746031746,0.0001,1.0,trend_high_vol,2.4050831338018055,0.0,5.091047828737289,0.9523809523809523,0.5634920634920635,0.0001,1.0,trend_high_vol,0.9777790892900572,0.0
20_cross_asset_risk_on_filter,42,2020-12-09 00:00:00+00:00,2020-12-17 00:00:00+00:00,4.72235223070184,0.9523809523809523,0.6428571428571429,0.0001,1.0,trend_high_vol,1.1074513433427973,0.0,4.260729122049474,1.0,1.0,0.0001,1.0,chop_high_vol,1.8410337905939558,1.0
20_cross_asset_risk_on_filter,43,2021-01-08 00:00:00+00:00,2021-01-20 00:00:00+00:00,7.324640563392492,1.0,1.0,0.00213517,1.0,trend_high_vol,2.905029325724888,0.0,6.179503995789538,0.9682539682539683,0.8888888888888888,0.00158467,1.0,chop_high_vol,1.2507817494116953,0.0
20_cross_asset_risk_on_filter,44,2021-01-22 00:00:00+00:00,2021-04-06 00:00:00+00:00,4.279812331522128,0.9920634920634921,0.9523809523809523,0.00026589,1.0,chop_high_vol,0.9444709672619919,0.0,4.907925614427822,0.003968253968253968,0.6984126984126984,0.00037409,1.0,chop_low_vol,0.8886777991998291,0.0
20_cross_asset_risk_on_filter,45,2021-09-15 12:00:00+00:00,2021-09-20 00:00:00+00:00,1.1648487991179246,0.35714285714285715,0.2857142857142857,0.0001,1.0,chop,0.7262278874497093,0.0,0.7059718507596373,0.5674603174603174,0.8373015873015873,0.0001,0.0,chop,-0.28406707709000223,0.0
20_cross_asset_risk_on_filter,46,2021-10-11 12:00:00+00:00,2021-10-13 00:00:00+00:00,3.8883254268921945,0.6190476190476191,0.8650793650793651,0.0001,1.0,trend,2.8093667744899924,0.0,4.176137123873764,0.5912698412698413,0.8690476190476191,0.0001,1.0,trend,2.265073046546225,0.0
20_cross_asset_risk_on_filter,47,2021-10-15 00:00:00+00:00,2021-10-20 00:00:00+00:00,5.3125984542497475,0.623015873015873,0.9761904761904762,0.00017282,1.0,trend,2.971858007993379,0.0,8.14100840824291,0.5595238095238095,0.8650793650793651,0.0001,1.0,trend,2.5785947329995405,0.0
20_cross_asset_risk_on_filter,48,2021-11-03 00:00:00+00:00,2021-11-04 00:00:00+00:00,5.04065697250198,0.17063492063492064,0.6507936507936508,0.00047797,1.0,trend,1.3880359399806428,0.0,5.535055707810161,0.03571428571428571,0.4722222222222222,0.00031399,1.0,trend,1.0599272030074498,0.0
20_cross_asset_risk_on_filter,49,2023-02-07 00:00:00+00:00,2023-02-08 00:00:00+00:00,9.487055444054613,0.6984126984126984,0.5992063492063492,0.0001,1.0,trend,1.581463195767322,0.0,9.495383799385547,0.6984126984126984,0.5119047619047619,0.0001,1.0,trend,1.3815904562754422,0.0
20_cross_asset_risk_on_filter,50,2023-02-09 00:00:00+00:00,2023-03-03 00:00:00+00:00,7.309791558967051,0.5833333333333334,0.7896825396825397,0.0001,1.0,trend,0.9784936630410656,0.0,3.2407400575756182,0.7619047619047619,0.5515873015873016,0.0001,1.0,chop_high_vol,0.35238295249710083,0.0
20_cross_asset_risk_on_filter,51,2023-06-25 00:00:00+00:00,2023-07-12 00:00:00+00:00,3.5139524374598876,0.6468253968253969,0.20238095238095238,0.0001,1.0,trend,2.723374603794241,0.0,7.7093224243215746,0.011904761904761904,0.43253968253968256,7.041e-05,1.0,trend,1.0227669626046827,0.0
20_cross_asset_risk_on_filter,52,2023-08-01 00:00:00+00:00,2023-08-02 00:00:00+00:00,0.5455813304905882,0.14682539682539683,0.753968253968254,6.3e-05,1.0,chop_low_vol,0.4017832102247002,0.0,0.5388965555288516,0.01984126984126984,0.7976190476190477,0.0001,1.0,chop_low_vol,0.15157100831808973,0.0
20_cross_asset_risk_on_filter,53,2023-12-11 00:00:00+00:00,2023-12-14 00:00:00+00:00,7.569880802985745,0.6825396825396826,0.9920634920634921,0.0001473,1.0,trend,1.3240270534557335,0.0,5.896657540850449,0.6587301587301587,0.8888888888888888,0.0001,1.0,trend,1.3905198771287965,0.0
20_cross_asset_risk_on_filter,54,2024-01-08 00:00:00+00:00,2024-01-12 00:00:00+00:00,2.920382402774758,0.7698412698412699,0.9841269841269841,0.0001,1.0,chop_high_vol,2.135305129562807,0.0,3.4177315060145705,1.0,0.9682539682539683,0.0001,1.0,chop_high_vol,0.3716753338865324,0.0
20_cross_asset_risk_on_filter,55,2024-01-16 00:00:00+00:00,2024-01-17 00:00:00+00:00,1.461096411625127,0.9682539682539683,0.746031746031746,0.0001,1.0,chop_high_vol,0.5457980611743335,0.0,1.3995287186192473,0.9603174603174603,0.6111111111111112,0.0001,1.0,chop_high_vol,0.5514682419964659,0.0
20_cross_asset_risk_on_filter,56,2024-02-11 12:00:00+00:00,2024-02-20 00:00:00+00:00,4.523161157780302,0.11904761904761904,0.4603174603174603,0.0001,1.0,chop_low_vol,2.834954583358615,0.0,8.055013082669054,0.05952380952380952,0.8571428571428571,0.00010461,1.0,trend,2.1502325982554877,0.0
20_cross_asset_risk_on_filter,57,2024-02-21 00:00:00+00:00,2024-02-23 00:00:00+00:00,8.883383348309426,0.06349206349206349,0.8015873015873016,0.0001,1.0,trend,1.9642806540793656,0.0,10.520285947607526,0.09126984126984126,0.5119047619047619,0.0001,1.0,trend,1.453139556784945,0.0
20_cross_asset_risk_on_filter,58,2024-05-25 00:00:00+00:00,2024-05-28 00:00:00+00:00,2.275860089776718,0.5833333333333334,0.07142857142857142,0.0001,1.0,chop,0.8784949476925846,0.0,2.536298688706072,0.5634920634920635,0.5476190476190477,0.0001,1.0,chop,0.6095452223382947,0.0
20_cross_asset_risk_on_filter,59,2024-05-29 00:00:00+00:00,2024-06-05 00:00:00+00:00,3.055169982924774,0.5238095238095238,0.42063492063492064,0.0001,1.0,chop,0.5786798217986853,0.0,4.085415200638352,0.21031746031746032,0.5476190476190477,0.0001,1.0,trend,1.5978994128643444,0.0
20_cross_asset_risk_on_filter,60,2024-06-07 00:00:00+00:00,2024-06-14 12:00:00+00:00,4.580841610232125,0.20634920634920634,0.6587301587301587,0.0001,1.0,trend,1.5225923239997472,0.0,1.5883236660948854,0.03968253968253968,0.373015873015873,0.0001,1.0,chop_low_vol,0.2152732763700611,0.0
20_cross_asset_risk_on_filter,61,2024-06-15 00:00:00+00:00,2024-06-18 00:00:00+00:00,1.2745669942653148,0.03571428571428571,0.03571428571428571,0.0001,1.0,chop_low_vol,0.2605879876722214,0.0,0.0553274078283905,0.051587301587301584,0.7142857142857143,0.0001,1.0,chop_low_vol,-0.13674516414121596,0.0
20_cross_asset_risk_on_filter,62,2024-11-06 00:00:00+00:00,2024-11-07 00:00:00+00:00,2.8295140999580877,0.746031746031746,1.0,0.0001,1.0,trend_high_vol,3.653044410221552,0.0,3.645711523710472,0.7222222222222222,0.9841269841269841,0.0001,1.0,trend_high_vol,3.195709990484196,0.0
20_cross_asset_risk_on_filter,63,2024-11-11 00:00:00+00:00,2024-11-22 00:00:00+00:00,4.137795266548198,0.8412698412698413,0.9920634920634921,0.00014113,1.0,trend_high_vol,4.87519900657652,0.0,7.5187261104544545,0.7936507936507936,0.9365079365079365,0.0001,1.0,trend_high_vol,2.1767649973526133,1.0
20_cross_asset_risk_on_filter,64,2024-11-25 00:00:00+00:00,2024-12-10 00:00:00+00:00,10.449294927025557,0.8650793650793651,0.9365079365079365,0.00021035,1.0,trend_high_vol,1.7108547179698754,0.0,7.809386424192869,0.44047619047619047,0.9444444444444444,0.00011115,1.0,trend,0.9556587827855465,0.0
20_cross_asset_risk_on_filter,65,2024-12-13 00:00:00+00:00,2024-12-27 00:00:00+00:00,6.850164290905556,0.4880952380952381,0.7936507936507936,0.0001,1.0,trend,1.2136691619595805,0.0,2.252521592480229,0.6626984126984127,0.7222222222222222,0.0001,1.0,chop,0.3928340244605782,0.0
20_cross_asset_risk_on_filter,66,2025-06-01 00:00:00+00:00,2025-06-02 00:00:00+00:00,5.5383401581006035,0.027777777777777776,0.49206349206349204,4.687e-05,1.0,trend,1.0152836920430701,0.0,5.314406094496125,0.01984126984126984,0.6309523809523809,4.117e-05,1.0,trend,0.7443581856323979,0.0
20_cross_asset_risk_on_filter,67,2025-06-24 00:00:00+00:00,2025-06-25 00:00:00+00:00,0.390791147819821,0.4126984126984127,0.6666666666666666,4.889e-05,1.0,chop,0.5342926777132383,0.0,0.6953332236915368,0.3333333333333333,0.7380952380952381,4.47e-06,1.0,chop,0.7122601957274848,0.0
20_cross_asset_risk_on_filter,68,2025-06-27 00:00:00+00:00,2025-06-29 12:00:00+00:00,1.396726054189761,0.21031746031746032,0.5674603174603174,1.113e-05,1.0,chop_low_vol,0.9793233454566114,0.0,1.9600252227845276,0.007936507936507936,0.373015873015873,5.36e-05,1.0,chop_low_vol,1.2353261127362127,0.0
20_cross_asset_risk_on_filter,69,2025-07-08 12:00:00+00:00,2025-07-11 00:00:00+00:00,3.0837681146378877,0.03968253968253968,0.5634920634920635,4.563e-05,1.0,chop_low_vol,1.0872946293964785,0.0,3.5145731509736606,0.2896825396825397,0.9841269841269841,1.908e-05,1.0,chop_low_vol,2.82689752462824,0.0
20_cross_asset_risk_on_filter,70,2025-07-15 00:00:00+00:00,2025-07-16 00:00:00+00:00,5.7590550984305455,0.05952380952380952,0.9920634920634921,0.0001,1.0,trend,2.319515171368326,0.0,6.632880159218763,0.05952380952380952,0.9365079365079365,0.0001,1.0,trend,2.219162824248378,0.0
20_cross_asset_risk_on_filter,71,2025-07-17 00:00:00+00:00,2025-07-18 00:00:00+00:00,6.909239340977765,0.06746031746031746,0.9365079365079365,0.0001,1.0,trend,2.2978621792946607,0.0,7.201840042174883,0.0992063492063492,0.9444444444444444,0.0001,1.0,trend,1.859394828149826,0.0
20_cross_asset_risk_on_filter,72,2025-07-25 00:00:00+00:00,2025-08-02 00:00:00+00:00,9.099568534940293,0.011904761904761904,0.9920634920634921,0.0001,1.0,trend,1.525089774584382,0.0,4.093360838987423,0.01984126984126984,0.7222222222222222,5.681e-05,1.0,chop_low_vol,0.2761864164750742,0.0
20_cross_asset_risk_on_filter,73,2025-08-14 00:00:00+00:00,2025-08-19 00:00:00+00:00,2.5751146451732816,0.38492063492063494,0.9841269841269841,0.0001,1.0,chop,0.9983271234799915,0.0,1.3761838669892315,0.5436507936507936,0.8571428571428571,7.137e-05,1.0,chop,-0.007020583123499549,0.0
