strategy,trade_id,entry_time,exit_time,entry_price,exit_price,side,position_size,leverage,gross_pnl,fees,slippage,net_pnl,r_multiple,holding_bars,holding_hours,exit_reason,mae,mfe
02_btc_ma_20_50_200,1,2015-07-20 12:00:00+00:00,2015-08-16 12:00:00+00:00,278.9809875488281,258.5069885253906,LONG,0.844521038645269,0.844521038645269,-0.0768839752237701,0.0008015875171262935,0.00040079375856314674,-0.07799259806998815,-3.252834704237975,55,660,signal_flat,-0.07338851010359293,0.055365831700604495
02_btc_ma_20_50_200,2,2015-10-28 12:00:00+00:00,2016-01-19 12:00:00+00:00,304.6180114746094,380.14898681640625,LONG,0.9997632325488351,0.9997632325488351,0.3150831391622966,0.002078319025799442,0.001039159512899721,0.3110180361621995,15.356097813201316,167,2004,signal_flat,0.0,0.5275558137608107
02_btc_ma_20_50_200,3,2016-02-24 12:00:00+00:00,2016-03-31 00:00:00+00:00,424.9549865722656,416.72900390625,LONG,1.0,1.0,-0.01935730354023435,0.0008,0.0004,-0.020531022381178654,-1.1692463357018645,72,864,signal_flat,-0.057382499367142126,0.029984362572868406
02_btc_ma_20_50_200,4,2016-04-11 00:00:00+00:00,2016-07-25 00:00:00+00:00,422.4830017089844,654.0969848632812,LONG,1.0,1.0,0.5920342505516301,0.00157844082593925,0.000789220412969625,0.5882787925308943,131.68939911611935,211,2532,signal_flat,0.0,0.8138196810253857
02_btc_ma_20_50_200,5,2016-09-13 12:00:00+00:00,2017-01-26 00:00:00+00:00,609.2410278320312,917.5859985351562,LONG,1.0,1.0,0.604469313303309,0.0014337136514077484,0.0007168568257038742,0.6010380922437668,58.145247313767314,270,3240,signal_flat,-0.021244554466852472,0.8953582042526376
02_btc_ma_20_50_200,6,2017-02-01 12:00:00+00:00,2017-03-27 00:00:00+00:00,989.0230102539062,1045.77001953125,LONG,1.0,1.0,0.08800665637933269,0.0009114993171754788,0.0004557496585877394,0.08651493890709161,6.206888757246811,108,1296,signal_flat,-0.05207461321798179,0.28914087641606434
02_btc_ma_20_50_200,7,2017-04-17 12:00:00+00:00,2017-07-12 00:00:00+00:00,1193.9100341796875,2398.840087890625,LONG,1.0,1.0,0.6864625522699668,0.001664909635311676,0.000832454817655838,0.6822874783552673,62.28359842683128,172,2064,signal_flat,0.0,1.4776658397500908
02_btc_ma_20_50_200,8,2017-08-02 12:00:00+00:00,2017-09-22 12:00:00+00:00,2710.669921875,3630.699951171875,LONG,0.3965887841464421,0.3965887841464421,0.14390152340593865,0.001346035369848433,0.0006730176849242164,0.14157535897926565,2.7728490846503346,103,1236,signal_flat,0.0,0.8047235209815378
02_btc_ma_20_50_200,9,2017-10-11 00:00:00+00:00,2018-01-16 00:00:00+00:00,4826.47998046875,11490.5,LONG,1.0,1.0,0.9285062351157212,0.0018940348558755447,0.0009470174279377723,0.9230835789935321,53.26938215293609,195,2340,signal_flat,0.0,3.039672902306621
02_btc_ma_20_50_200,10,2018-03-04 00:00:00+00:00,2018-03-21 00:00:00+00:00,11512.599609375,8929.2802734375,LONG,0.5247714708046128,0.5247714708046128,-0.12882918538102894,0.0006089249734174643,0.00030446248670873215,-0.12962619278884846,-3.359395345910858,35,420,signal_flat,-0.3123290871363593,0.005272501204946822
02_btc_ma_20_50_200,11,2019-04-24 00:00:00+00:00,2019-07-29 12:00:00+00:00,5464.86669921875,9519.1455078125,LONG,1.0,1.0,0.7185129497752942,0.001995915372406891,0.0009979576862034455,0.7134265899566421,46.90626934121659,194,2328,signal_flat,-0.04654296037177108,1.3818021850694517
02_btc_ma_20_50_200,12,2019-08-17 12:00:00+00:00,2019-08-28 12:00:00+00:00,10231.744140625,9754.4228515625,LONG,0.7004726803931852,0.7004726803931852,-0.03891570862147897,0.0007792271825614141,0.00038961359128070704,-0.04004081372631296,-1.3851354056573386,23,276,signal_flat,-0.04665101887832612,0.06688102838649557
02_btc_ma_20_50_200,13,2020-02-19 00:00:00+00:00,2020-03-06 00:00:00+00:00,9633.38671875,9122.5458984375,LONG,0.9095374051786524,0.9095374051786524,-0.045390965739738665,0.000942652205795091,0.0004713261028975455,-0.04674192143467615,-2.0995453479352015,33,396,signal_flat,-0.11116885976383406,0.030220826252449706
02_btc_ma_20_50_200,14,2020-05-21 00:00:00+00:00,2020-06-29 00:00:00+00:00,9081.76171875,9190.8544921875,LONG,0.6759593447021955,0.6759593447021955,0.016663635796203558,0.0011459836718222393,0.0005729918359111196,0.01492333488146702,0.4981780575022889,79,948,signal_flat,-0.032085575873004424,0.11952602034210913
02_btc_ma_20_50_200,15,2020-07-27 00:00:00+00:00,2020-09-09 00:00:00+00:00,10990.873046875,10242.34765625,LONG,1.0,1.0,-0.08033396673449644,0.0011471001567458989,0.0005735500783729494,-0.08192245612259097,-5.269025645016451,89,1068,signal_flat,-0.0781881877488193,0.11496168607226842
02_btc_ma_20_50_200,16,2020-10-13 12:00:00+00:00,2021-04-27 12:00:00+00:00,11425.8994140625,55033.1171875,LONG,1.0,1.0,2.256609915458433,0.003332470310799564,0.001666235155399782,2.240512480911893,189.20666359431416,393,4716,signal_flat,-0.009082555641945933,4.5578519230698555
02_btc_ma_20_50_200,17,2021-09-15 12:00:00+00:00,2021-09-23 00:00:00+00:00,48176.34765625,44895.09765625,LONG,0.7783296085655852,0.7783296085655852,-0.050123421050949135,0.0007382239509750252,0.0003691119754875126,-0.05117289874412945,-1.966987973184943,16,192,signal_flat,-0.1553183717535146,0.0021175458490110266
02_btc_ma_20_50_200,18,2021-10-11 12:00:00+00:00,2021-11-27 12:00:00+00:00,57484.7890625,54815.078125,LONG,0.6194416949565589,0.6194416949565589,-0.06900018001366559,0.001216863561326564,0.000608431780663282,-0.0707016309155396,-2.162857966647245,95,1140,signal_flat,-0.06810538059456761,0.17538620610642508
02_btc_ma_20_50_200,19,2023-02-07 00:00:00+00:00,2023-03-10 12:00:00+00:00,23264.291015625,20187.244140625,LONG,1.0,1.0,-0.12973264635406234,0.0009912706387195977,0.0004956353193597988,-0.13102424841281612,-9.066078835547831,64,768,signal_flat,-0.13226480329589074,0.067264350365287
02_btc_ma_20_50_200,20,2023-03-19 12:00:00+00:00,2023-05-08 12:00:00+00:00,28038.67578125,27694.2734375,LONG,0.5582831940690489,0.5582831940690489,-0.011065184193817634,0.000895469513612247,0.0004477347568061235,-0.012391637537350841,-0.34164997244331957,101,1212,signal_flat,-0.0320552623949536,0.08727314572881406
02_btc_ma_20_50_200,21,2023-06-25 00:00:00+00:00,2023-08-03 12:00:00+00:00,30480.26171875,29178.6796875,LONG,1.0,1.0,-0.04268563189541674,0.0008007027528156155,0.00040035137640780777,-0.04383507565106004,-2.314287279435302,80,960,signal_flat,-0.04357911184069296,0.032669900231284466
02_btc_ma_20_50_200,22,2023-10-30 00:00:00+00:00,2024-01-24 12:00:00+00:00,34502.36328125,40077.07421875,LONG,1.0,1.0,0.16180703584407596,0.0012506601770851814,0.0006253300885425907,0.15962644807441162,9.055881002457406,174,2088,signal_flat,0.0,0.3613706262195582
02_btc_ma_20_50_200,23,2024-02-11 12:00:00+00:00,2024-04-19 00:00:00+00:00,48293.91796875,63843.5703125,LONG,1.0,1.0,0.2906126608618438,0.0016088054503348866,0.0008044027251674433,0.2875031789397553,19.94764416935444,136,1632,signal_flat,0.0,0.5133065005678525
02_btc_ma_20_50_200,24,2024-05-25 00:00:00+00:00,2024-06-25 12:00:00+00:00,69265.9453125,61804.640625,LONG,0.8457265901992166,0.8457265901992166,-0.10510029515306019,0.0008000562665590106,0.0004000281332795053,-0.10617439828384045,-4.434533373352675,64,768,signal_flat,-0.1297684050863288,0.02623042234972739
02_btc_ma_20_50_200,25,2024-07-28 00:00:00+00:00,2024-08-10 12:00:00+00:00,68255.8671875,60945.8125,LONG,1.0,1.0,-0.12366474231578128,0.0008208592678172743,0.00041042963390863714,-0.12473961454536919,-7.270430699895782,28,336,signal_flat,-0.2089843810359251,0.0
02_btc_ma_20_50_200,26,2024-10-28 00:00:00+00:00,2025-01-05 00:00:00+00:00,69907.7578125,98314.9609375,LONG,1.0,1.0,0.37274777881973775,0.0013638297900682632,0.0006819148950341316,0.3699665166549182,27.808622484038384,139,1668,signal_flat,-0.029985942413177757,0.5182950345393758
02_btc_ma_20_50_200,27,2025-01-21 00:00:00+00:00,2025-02-16 00:00:00+00:00,106146.265625,96175.03125,LONG,1.0,1.0,-0.09393862625584015,0.0008,0.0004,-0.09503351263810378,-4.893724350207875,53,636,signal_flat,-0.09796704458956329,0.0
02_btc_ma_20_50_200,28,2025-05-22 12:00:00+00:00,2025-06-29 12:00:00+00:00,111673.28125,108385.5703125,LONG,1.0,1.0,-0.029440443593126808,0.0008,0.0004,-0.03060476565937509,-2.679778651131805,77,924,signal_flat,-0.09569111344617176,0.0
02_btc_ma_20_50_200,29,2025-07-08 12:00:00+00:00,2025-08-25 12:00:00+00:00,108950.2734375,110124.3515625,LONG,1.0,1.0,0.010776275157064585,0.0008,0.0004,0.009563707506335284,1.015401665301238,97,1164,signal_flat,0.0,0.13211338171406317
02_btc_ma_20_50_200,30,2025-09-27 00:00:00+00:00,2025-10-23 12:00:00+00:00,109681.9453125,110069.7265625,LONG,1.0,1.0,0.004528739351446598,0.000919207528006547,0.0004596037640032735,0.0031449305385371495,0.3470717626325448,54,648,signal_flat,-0.02930433300432811,0.13740261347992755
03_btc_20d_breakout,1,2015-03-01 00:00:00+00:00,2015-03-24 00:00:00+00:00,260.2019958496094,245.59500122070312,LONG,1.0,1.0,-0.0579886915887039,0.001235175669900482,0.000617587834950241,-0.05978078191312519,-3.1391122735880184,47,564,signal_flat,-0.0561371352330009,0.1390342984687729
03_btc_20d_breakout,2,2015-05-03 00:00:00+00:00,2015-05-31 00:00:00+00:00,240.3580017089844,230.19000244140625,LONG,0.9350833919200221,0.9350833919200221,-0.04262880393701729,0.0008805575537293216,0.0004402787768646608,-0.043900074983144965,-2.0272800168024028,57,684,signal_flat,-0.044001048241053775,0.014582434776006181
03_btc_20d_breakout,3,2015-06-16 00:00:00+00:00,2015-08-08 00:00:00+00:00,250.89500427246097,260.99700927734375,LONG,1.0,1.0,0.057915569234420206,0.0010373360668967852,0.0005186680334483926,0.0562296800811084,5.326251899503097,107,1284,signal_flat,-0.04137190739573393,0.23903226090920215
03_btc_20d_breakout,4,2015-09-07 00:00:00+00:00,2015-09-21 00:00:00+00:00,239.8470001220703,227.0850067138672,LONG,1.0,1.0,-0.053208893176516225,0.0008,0.0004,-0.054355019544307326,-3.7945641399514045,29,348,signal_flat,-0.053208893176516225,0.01567663762699678
03_btc_20d_breakout,5,2015-10-05 00:00:00+00:00,2016-01-15 00:00:00+00:00,240.38299560546875,364.33099365234375,LONG,1.0,1.0,0.5981294395115846,0.0020785084397603737,0.0010392542198801868,0.5930243605666736,73.52346219076166,205,2460,signal_flat,0.0,0.9357484635394515
03_btc_20d_breakout,6,2016-02-14 00:00:00+00:00,2016-05-19 00:00:00+00:00,407.2300109863281,438.7149963378906,LONG,1.0,1.0,0.077314992761228,0.0008,0.0004,0.07599918421732488,4.811376769760715,191,2292,signal_flat,-0.017299838513058163,0.1445349720884408
03_btc_20d_breakout,7,2016-05-27 00:00:00+00:00,2016-07-31 00:00:00+00:00,473.4639892578125,624.6810302734375,LONG,1.0,1.0,0.3567219912719155,0.0015784408259392497,0.0007892204129696248,0.35349104139509846,34.34211483618244,131,1572,signal_flat,0.0,0.61851376405559
03_btc_20d_breakout,8,2016-09-03 00:00:00+00:00,2017-01-11 00:00:00+00:00,598.2119750976562,777.7570190429688,LONG,1.0,1.0,0.493415666820753,0.0009012750672555271,0.00045063753362776355,0.4913579261671053,61.01901265292897,261,3132,signal_flat,-0.003199537195040736,0.9303023485617183
03_btc_20d_breakout,9,2017-01-31 00:00:00+00:00,2017-03-17 00:00:00+00:00,970.4030151367188,1100.22998046875,LONG,1.0,1.0,0.14584122751227602,0.0008724746234019806,0.0004362373117009903,0.14430801707982632,10.13026098324123,91,1092,signal_flat,0.0,0.31387678144708087
03_btc_20d_breakout,10,2017-04-06 00:00:00+00:00,2017-07-01 00:00:00+00:00,1182.6800537109375,2434.550048828125,LONG,0.6710562706332464,0.6710562706332464,0.746805199309331,0.0013952519505011233,0.0006976259752505616,0.7431505073887519,24.628266903659977,173,2076,signal_flat,-0.012801445835610492,1.5011921847672216
03_btc_20d_breakout,11,2017-07-20 00:00:00+00:00,2017-09-13 00:00:00+00:00,2817.60009765625,3882.590087890625,LONG,0.3381446388742862,0.3381446388742862,0.18238236268164543,0.001316310174230551,0.0006581550871152755,0.18002259535534026,3.006267755695552,111,1332,signal_flat,-0.10226793600840145,0.7362328208656352
03_btc_20d_breakout,12,2017-09-30 00:00:00+00:00,2017-12-30 00:00:00+00:00,4338.7099609375,12952.2001953125,LONG,0.5303794948499935,0.5303794948499935,1.2100557688445237,0.0018159027894871288,0.0009079513947435644,1.204129385195893,31.539733123061996,183,2196,signal_flat,-0.02520336658609501,3.493824331694216
03_btc_20d_breakout,13,2018-02-19 00:00:00+00:00,2018-03-08 00:00:00+00:00,11225.2998046875,9395.009765625,LONG,0.32951337044313633,0.32951337044313633,-0.08546298702803268,0.0005037335007301368,0.0002518667503650684,-0.08616401947292163,-1.4021585530773184,35,420,signal_flat,-0.163050437040283,0.03100139916572031
03_btc_20d_breakout,14,2018-04-15 00:00:00+00:00,2018-05-11 00:00:00+00:00,8329.1103515625,8441.490234375,LONG,0.5555575109116156,0.5555575109116156,-0.007673382279813845,0.0010726453562707975,0.0005363226781353987,-0.00930092549881667,-0.25518393086164004,53,636,signal_flat,-0.051268441620826,0.18357783418917717
03_btc_20d_breakout,15,2018-07-07 00:00:00+00:00,2018-08-06 00:00:00+00:00,6856.93017578125,6951.7998046875,LONG,1.0,1.0,0.029206963240086647,0.0011400473614618708,0.0005700236807309354,0.027443710734762483,1.3996285692021733,61,732,signal_flat,-0.09160369160619819,0.2285774122368358
03_btc_20d_breakout,16,2018-08-27 00:00:00+00:00,2018-09-08 00:00:00+00:00,6884.64013671875,6225.97998046875,LONG,1.0,1.0,-0.09527382718132171,0.0008741446686803078,0.0004370723343401539,-0.09648058554458405,-4.769703046271928,25,300,signal_flat,-0.09567096364806082,0.06928757495792648
03_btc_20d_breakout,17,2018-11-07 00:00:00+00:00,2018-11-14 00:00:00+00:00,6530.14013671875,5738.35009765625,LONG,1.0,1.0,-0.1212516152004598,0.0008,0.0004,-0.1223628340458155,-23.340818373289963,15,180,signal_flat,-0.1212516152004598,0.0
03_btc_20d_breakout,18,2019-02-09 00:00:00+00:00,2019-07-14 00:00:00+00:00,3671.20361328125,10256.05859375,LONG,1.0,1.0,1.615887460689199,0.002000244796748379,0.0010001223983741895,1.6081088787528937,112.83603087706939,311,3732,signal_flat,-0.014796987481088597,2.545494289181865
03_btc_20d_breakout,19,2019-08-04 00:00:00+00:00,2019-08-28 00:00:00+00:00,10970.1845703125,9754.4228515625,LONG,0.9923647437334312,0.9923647437334312,-0.06940055037152948,0.0010228706775794417,0.0005114353387897209,-0.07083935690680632,-3.4717150355801087,49,588,signal_flat,-0.11082418084743018,0.09081184093711392
03_btc_20d_breakout,20,2019-10-25 00:00:00+00:00,2019-11-15 00:00:00+00:00,8660.7001953125,8491.9921875,LONG,0.7987896265602864,0.7987896265602864,-0.017666820411471162,0.0010012003568997117,0.0005006001784498558,-0.01915814245520364,-0.755760080245716,43,516,signal_flat,-0.01947971919219782,0.10288020926064978
03_btc_20d_breakout,21,2020-01-06 00:00:00+00:00,2020-02-25 00:00:00+00:00,7769.21923828125,9341.705078125,LONG,1.0,1.0,0.2024907449890203,0.0011258134798992846,0.0005629067399496423,0.20045276216588426,13.252934179199064,101,1212,signal_flat,0.0,0.32909812051904286
03_btc_20d_breakout,22,2020-04-02 00:00:00+00:00,2020-06-19 00:00:00+00:00,6793.62451171875,9288.0185546875,LONG,0.5797995672193593,0.5797995672193593,0.3468757979176942,0.0019953026481064305,0.0009976513240532153,0.3428692152933326,9.817581478302884,157,1884,signal_flat,-0.02230247611950631,0.49658971247959593
03_btc_20d_breakout,23,2020-07-22 00:00:00+00:00,2020-08-25 00:00:00+00:00,9525.36328125,11366.134765625,LONG,1.0,1.0,0.177315277591648,0.0011238800113343942,0.0005619400056671971,0.17530245139357503,28.21819316236948,69,828,signal_flat,0.0,0.2865023602692318
03_btc_20d_breakout,24,2020-10-10 00:00:00+00:00,2021-01-27 00:00:00+00:00,11296.361328125,30432.546875,LONG,1.0,1.0,1.3695551834990667,0.002026822125874958,0.001013411062937479,1.3623962557793385,124.8718597704968,219,2628,signal_flat,0.0,2.611570858080165
03_btc_20d_breakout,25,2021-02-05 00:00:00+00:00,2021-04-19 00:00:00+00:00,38144.30859375,55724.265625,LONG,0.6381861150041266,0.6381861150041266,0.24776393401466335,0.0015367301544474976,0.0007683650772237488,0.2448961321318457,7.718402295060825,147,1764,signal_flat,0.0,0.6648212897914509
03_btc_20d_breakout,26,2021-05-08 00:00:00+00:00,2021-05-15 00:00:00+00:00,58803.77734375,46760.1875,LONG,0.5859055070721824,0.5859055070721824,-0.13903554955875796,0.0006380083635988763,0.00031900418179943814,-0.13988246300844187,-4.047519824961498,15,180,signal_flat,-0.2048097994342546,0.0
03_btc_20d_breakout,27,2021-06-14 00:00:00+00:00,2021-06-21 00:00:00+00:00,40218.4765625,31676.693359375,LONG,0.4868627372210375,0.4868627372210375,-0.11471745168885183,0.0004518595253136898,0.0002259297626568449,-0.11533648422771459,-2.7731373434736586,15,180,signal_flat,-0.21238455389653965,0.004669320789865594
03_btc_20d_breakout,28,2021-07-25 00:00:00+00:00,2021-09-08 00:00:00+00:00,35350.1875,46091.390625,LONG,0.8279095320899738,0.8279095320899738,0.20765551175638186,0.0014055617343309572,0.0007027808671654786,0.20510383789329079,8.385998950500094,91,1092,signal_flat,0.0,0.4889181325063694
03_btc_20d_breakout,29,2021-10-04 00:00:00+00:00,2021-11-18 00:00:00+00:00,49112.90234375,56942.13671875,LONG,0.6092710741781358,0.6092710741781358,0.06044801688951851,0.0011803259806212464,0.0005901629903106232,0.05853975229889663,1.7614064177776696,91,1092,signal_flat,0.0,0.3757449651842537
03_btc_20d_breakout,30,2021-12-24 00:00:00+00:00,2022-01-04 00:00:00+00:00,50822.1953125,45897.57421875,LONG,0.8090985476472771,0.8090985476472771,-0.09459806009618099,0.0008432499601763075,0.00042162498008815376,-0.0957523414709659,-3.826035173638639,23,276,signal_flat,-0.09689902341819467,0.0
03_btc_20d_breakout,31,2022-02-06 00:00:00+00:00,2022-04-11 00:00:00+00:00,42412.43359375,39521.90234375,LONG,1.0,1.0,-0.073079422029669,0.0017416152058176764,0.0008708076029088382,-0.07552846791697188,-3.8194902984897086,129,1548,signal_flat,-0.12583933275020787,0.11914659091254465
03_btc_20d_breakout,32,2022-05-30 00:00:00+00:00,2022-06-11 00:00:00+00:00,31726.390625,28360.810546875,LONG,0.6986585088513079,0.6986585088513079,-0.08333402651761834,0.0007595848342217085,0.00037979241711085426,-0.08438837698985624,-2.911693928703322,25,300,signal_flat,-0.10608140452866277,0.0020777630413166825
03_btc_20d_breakout,33,2022-07-07 00:00:00+00:00,2022-08-19 00:00:00+00:00,21637.587890625,20877.552734375,LONG,1.0,1.0,-0.05897674751860693,0.0012445230982609991,0.0006222615491304996,-0.06078797680347103,-3.355010730845165,87,1044,signal_flat,-0.10692845430924647,0.12877962566046053
03_btc_20d_breakout,34,2022-09-10 00:00:00+00:00,2022-09-21 00:00:00+00:00,21680.5390625,18547.400390625,LONG,0.8752618827689456,0.8752618827689456,-0.120489591703133,0.0008056752891674438,0.0004028376445837219,-0.12156691065524883,-5.254743597781182,23,276,signal_flat,-0.1445138731487664,0.031821632952075074
03_btc_20d_breakout,35,2022-10-04 00:00:00+00:00,2022-11-08 00:00:00+00:00,20336.84375,18541.271484375,LONG,1.0,1.0,-0.08829158977164309,0.0008,0.0004,-0.08944609712829565,-5.153982411736652,71,852,signal_flat,-0.08829158977164286,0.046509068362685424
03_btc_20d_breakout,36,2022-12-08 00:00:00+00:00,2022-12-19 00:00:00+00:00,17233.474609375,16439.6796875,LONG,1.0,1.0,-0.0460612232801374,0.0008,0.0004,-0.04721668155711223,-3.7356907439851708,23,276,signal_flat,-0.0460612232801374,0.03378168329057085
03_btc_20d_breakout,37,2023-01-06 00:00:00+00:00,2023-02-09 00:00:00+00:00,16951.96875,21819.0390625,LONG,1.0,1.0,0.2826845947778571,0.0009719171934567073,0.00048595859672835367,0.2807864150010153,56.66937836504796,69,828,signal_flat,0.0,0.40246638941273405
03_btc_20d_breakout,38,2023-02-15 00:00:00+00:00,2023-03-07 00:00:00+00:00,24307.841796875,22219.76953125,LONG,1.0,1.0,-0.08323372720667621,0.0009912706387195977,0.0004956353193597988,-0.08459953410621357,-4.528056185735325,41,492,signal_flat,-0.085901178848936,0.021446027375907173
03_btc_20d_breakout,39,2023-03-14 00:00:00+00:00,2023-04-21 00:00:00+00:00,24746.07421875,27276.91015625,LONG,0.7191007890843587,0.7191007890843587,0.06179158238195548,0.0010140644903105097,0.0005070322451552549,0.060159905109660405,2.136461356207942,77,924,signal_flat,-0.014956444322371198,0.231940830261113
03_btc_20d_breakout,40,2023-05-28 00:00:00+00:00,2023-06-05 00:00:00+00:00,28085.646484375,25760.09765625,LONG,1.0,1.0,-0.08280204016022141,0.0008,0.0004,-0.08393136205748453,-6.177805895663461,17,204,signal_flat,-0.08280204016022141,0.0
03_btc_20d_breakout,41,2023-06-20 00:00:00+00:00,2023-07-18 00:00:00+00:00,28327.48828125,29856.5625,LONG,1.0,1.0,0.05403011413174763,0.0008059365744690452,0.0004029682872345226,0.052750240161763884,3.1383376409731056,57,684,signal_flat,0.0,0.11114859586612336
03_btc_20d_breakout,42,2023-10-01 00:00:00+00:00,2024-01-14 00:00:00+00:00,27983.75,41796.26953125,LONG,1.0,1.0,0.49671147630141466,0.001101348998353009,0.0005506744991765045,0.49422250373655885,49.171787410363955,211,2532,signal_flat,-0.043845130544512445,0.6784921215437532
03_btc_20d_breakout,43,2024-02-07 00:00:00+00:00,2024-04-13 00:00:00+00:00,44318.22265625,63821.47265625,LONG,1.0,1.0,0.4092055668972465,0.0015113607101328033,0.0007556803550664016,0.40598598433311306,32.54233881210242,133,1596,signal_flat,0.0,0.6490620701751757
03_btc_20d_breakout,44,2024-05-15 00:00:00+00:00,2024-06-11 00:00:00+00:00,66267.4921875,67332.03125,LONG,0.832532808229042,0.832532808229042,0.022161871522424548,0.0009875115647762249,0.0004937557823881124,0.020636440584557825,0.848465684682681,55,660,signal_flat,-0.01563225228621834,0.07817865070767271
03_btc_20d_breakout,45,2024-07-15 00:00:00+00:00,2024-08-03 00:00:00+00:00,64870.15234375,60680.09375,LONG,0.8131397280944802,0.8131397280944802,-0.0633797969804516,0.0008696820661599862,0.0004348410330799931,-0.06460592286045141,-2.594392311545454,39,468,signal_flat,-0.06459147146050592,0.05219218271307491
03_btc_20d_breakout,46,2024-08-23 00:00:00+00:00,2024-09-01 00:00:00+00:00,64094.35546875,57325.48828125,LONG,0.9240978253150695,0.9240978253150695,-0.10508548717737065,0.0008856366684792743,0.00044281833423963715,-0.10629245369050422,-4.850857475892217,19,228,signal_flat,-0.10560785170544773,0.0037318028748509757
03_btc_20d_breakout,47,2024-09-18 00:00:00+00:00,2024-10-09 00:00:00+00:00,61649.6796875,60582.1015625,LONG,0.9535976510766843,0.9535976510766843,-0.018299713018097075,0.0008,0.0004,-0.019492021463657028,-0.9179524546371357,43,516,signal_flat,-0.01731684788001353,0.06874275375771788
03_btc_20d_breakout,48,2024-10-14 00:00:00+00:00,2024-12-22 00:00:00+00:00,66046.125,95104.9375,LONG,1.0,1.0,0.4055692066352694,0.001363829790068263,0.0006819148950341315,0.40270200167956816,25.21004690093552,139,1668,signal_flat,0.0,0.6070678115105164
03_btc_20d_breakout,49,2025-01-17 00:00:00+00:00,2025-02-05 00:00:00+00:00,104462.0390625,96615.4453125,LONG,1.0,1.0,-0.07585796499055963,0.000870784880365768,0.000435392440182884,-0.07707301302264236,-3.8424411725482224,39,468,signal_flat,-0.07511430774681083,0.01612285742854702
03_btc_20d_breakout,50,2025-04-21 00:00:00+00:00,2025-06-05 00:00:00+00:00,87518.90625,101575.953125,LONG,0.882985944150539,0.882985944150539,0.1513980949200866,0.0008608751666176881,0.00043043758330884403,0.14989366783739566,6.536348672259301,91,1092,signal_flat,0.0,0.27599036636726715
03_btc_20d_breakout,51,2025-07-02 00:00:00+00:00,2025-07-31 00:00:00+00:00,108859.3203125,115758.203125,LONG,1.0,1.0,0.06337429622650137,0.0008,0.0004,0.062087211071594206,5.059036069565509,59,708,signal_flat,-0.007578445030078651,0.10229802756467588
03_btc_20d_breakout,52,2025-08-12 00:00:00+00:00,2025-08-21 00:00:00+00:00,120172.90625,112419.03125,LONG,1.0,1.0,-0.06452265524701017,0.0008,0.0004,-0.06565415093433646,-5.899960037770846,19,228,signal_flat,-0.06452265524700995,0.026388279596092357
03_btc_20d_breakout,53,2025-09-12 00:00:00+00:00,2025-09-25 00:00:00+00:00,116101.578125,109049.2890625,LONG,1.0,1.0,-0.060742404852646925,0.0008,0.0004,-0.06189127773595604,-7.4501932641462725,27,324,signal_flat,-0.06074240485264726,0.008919990724717053
03_btc_20d_breakout,54,2025-10-01 00:00:00+00:00,2025-10-16 00:00:00+00:00,118648.9296875,108186.0390625,LONG,1.0,1.0,-0.08740264353939864,0.0008783006274425164,0.0004391503137212582,-0.08861737588317775,-6.4489088494821205,31,372,signal_flat,-0.08818360732420749,0.05144253368804752
03_btc_20d_breakout,55,2026-01-03 00:00:00+00:00,2026-01-25 00:00:00+00:00,90603.1875,86572.21875,LONG,1.0,1.0,-0.04449036354267344,0.0008,0.0004,-0.045653431806807476,-6.495518279015853,45,540,signal_flat,-0.04449036354267333,0.06982249520746708
03_btc_20d_breakout,56,2026-03-04 00:00:00+00:00,2026-03-29 00:00:00+00:00,72710.578125,65954.921875,LONG,0.867157618851336,0.867157618851336,-0.09499332058052967,0.0009687284212704975,0.00048436421063524876,-0.09631297798150162,-4.124591946636062,51,612,signal_flat,-0.09291160136818122,0.02957627167814514
03_btc_20d_breakout,57,2026-04-07 00:00:00+00:00,2026-04-15 12:00:00+00:00,71940.703125,74143.4296875,LONG,1.0,1.0,0.03061864100316991,0.0004,0.0002,0.03000026981856796,1.911924228613719,18,216,end_of_data,-0.01650382639348158,0.03536158793972022
04_btc_20d_zscore_reversal,1,2015-03-24 12:00:00+00:00,2015-04-04 12:00:00+00:00,245.59500122070312,253.6970062255859,LONG,0.7918743529058709,0.7918743529058709,0.03168773051836893,0.0008830951515640734,0.0004415475757820367,0.030322037470214225,1.1858036733266508,23,276,signal_flat,-0.011734781937152605,0.035534131238446065
04_btc_20d_zscore_reversal,2,2015-04-13 12:00:00+00:00,2015-04-21 00:00:00+00:00,224.5870056152344,235.2689971923828,LONG,1.0,1.0,0.0475628211342245,0.0008,0.0004,0.04633453930890119,2.770610824701224,16,192,signal_flat,-0.024168847250684244,0.047562821134224276
04_btc_20d_zscore_reversal,3,2015-05-31 12:00:00+00:00,2015-06-11 00:00:00+00:00,230.19000244140625,229.7050018310547,LONG,1.0,1.0,-0.0021069577531936945,0.0008,0.0004,-0.003301720450828327,-0.38794040993607704,22,264,signal_flat,-0.03175205551841964,0.0
04_btc_20d_zscore_reversal,4,2015-08-08 12:00:00+00:00,2015-09-04 00:00:00+00:00,260.99700927734375,230.29800415039065,LONG,1.0,1.0,-0.1415678699262225,0.0012588079624583028,0.0006294039812291514,-0.14320791087989693,-11.123292972364748,54,648,signal_flat,-0.1934965243471093,0.03597350435845126
04_btc_20d_zscore_reversal,5,2016-01-15 12:00:00+00:00,2016-01-20 00:00:00+00:00,364.33099365234375,420.2300109863281,LONG,0.9066749940785942,0.9066749940785942,0.12050812368458463,0.0007253399952628753,0.00036266999763143767,0.11932754619177377,5.34306530225206,10,120,signal_flat,0.0,0.15342921219413186
04_btc_20d_zscore_reversal,6,2016-05-19 12:00:00+00:00,2016-05-26 00:00:00+00:00,438.7149963378906,453.3840026855469,LONG,1.0,1.0,0.03343630026350497,0.0008,0.0004,0.0322017221207318,3.9836970044922353,14,168,signal_flat,0.0,0.03343630026350519
04_btc_20d_zscore_reversal,7,2016-07-31 12:00:00+00:00,2016-08-20 00:00:00+00:00,624.6810302734375,581.697021484375,LONG,1.0,1.0,-0.06793856906530238,0.000863105441562805,0.0004315527207814025,-0.06913887903962268,-7.3857879145632905,40,480,signal_flat,-0.12360868935650171,0.0
04_btc_20d_zscore_reversal,8,2017-01-11 12:00:00+00:00,2017-01-17 00:00:00+00:00,777.7570190429688,907.93798828125,LONG,0.46883934142984146,0.46883934142984146,0.07555702278477283,0.0003998264504653303,0.00019991322523266514,0.07492474462947585,1.7347921670170585,12,144,signal_flat,0.0,0.1673799992168108
04_btc_20d_zscore_reversal,9,2017-03-17 12:00:00+00:00,2017-03-31 00:00:00+00:00,1100.22998046875,1071.7900390625,LONG,0.6161555495106923,0.6161555495106923,-0.021167648018057927,0.0005533372151617717,0.00027666860758088587,-0.02197850239733734,-0.6687851092746983,28,336,signal_flat,-0.14788722705790824,0.018459830175775682
04_btc_20d_zscore_reversal,10,2017-07-10 12:00:00+00:00,2017-07-20 00:00:00+00:00,2372.56005859375,2817.60009765625,LONG,0.9519767767987278,0.9519767767987278,0.044683847606632465,0.0008000000000000001,0.0004000000000000001,0.04345688353293742,2.0430691499269162,20,240,signal_flat,-0.1866086005709402,0.1875779866775138
04_btc_20d_zscore_reversal,11,2017-09-13 12:00:00+00:00,2017-09-25 00:00:00+00:00,3882.590087890625,3926.070068359375,LONG,0.5937296424883224,0.5937296424883224,-0.016405533414959872,0.0005541878248059638,0.0002770939124029819,-0.017225291039563162,-0.5050721645926,24,288,signal_flat,-0.1874110117851947,0.04703300094717444
04_btc_20d_zscore_reversal,12,2018-01-16 12:00:00+00:00,2018-02-14 00:00:00+00:00,11490.5,9494.6298828125,LONG,0.37576198639403996,0.37576198639403996,-0.08996761469295955,0.0005514276216231679,0.00027571381081158396,-0.09071752648906073,-1.6834575787536206,58,696,signal_flat,-0.3946938758512467,0.12259694489469553
04_btc_20d_zscore_reversal,13,2018-03-10 12:00:00+00:00,2018-04-12 00:00:00+00:00,8866.0,7889.25,LONG,0.5450704931097383,0.5450704931097383,-0.090595382145083,0.000994131933334952,0.000497065966667476,-0.09194014108181658,-2.474890407070096,66,792,signal_flat,-0.25148659776463456,0.08037783474086391
04_btc_20d_zscore_reversal,14,2018-05-11 12:00:00+00:00,2018-06-03 00:00:00+00:00,8441.490234375,7720.25,LONG,0.8351167093270704,0.8351167093270704,-0.07741502065507666,0.0012285028629268253,0.0006142514314634126,-0.07911528427383985,-3.2629145470555025,46,552,signal_flat,-0.154652788044913,0.03345975502788834
04_btc_20d_zscore_reversal,15,2018-06-10 12:00:00+00:00,2018-06-30 00:00:00+00:00,6786.02001953125,6404.0,LONG,0.9584808378531862,0.9584808378531862,-0.04731647185374033,0.0010807204094544253,0.0005403602047272127,-0.0488520951364696,-2.3124095958811273,40,480,signal_flat,-0.13005857271048327,0.017816025003725366
04_btc_20d_zscore_reversal,16,2018-08-08 12:00:00+00:00,2018-08-23 00:00:00+00:00,6305.7998046875,6534.8798828125,LONG,0.8577413218079577,0.8577413218079577,0.034567862648230196,0.000902376556337796,0.000451188278168898,0.03317742661746603,1.4053909868749463,30,360,signal_flat,-0.019202931824760183,0.04358369860088196
04_btc_20d_zscore_reversal,17,2018-10-11 12:00:00+00:00,2018-10-15 00:00:00+00:00,6256.240234375,6596.5400390625,LONG,1.0,1.0,0.054393660080013895,0.0008,0.0004,0.05315805896745296,5.872678068468392,8,96,signal_flat,0.0,0.054393660080013895
04_btc_20d_zscore_reversal,18,2018-11-14 12:00:00+00:00,2018-12-18 00:00:00+00:00,5738.35009765625,3696.05908203125,LONG,1.0,1.0,-0.2728154779364771,0.0011330837480297024,0.0005665418740148512,-0.2740625314255055,-22.078261144800713,68,816,signal_flat,-0.43594209769947445,0.0
04_btc_20d_zscore_reversal,19,2019-01-13 12:00:00+00:00,2019-02-08 00:00:00+00:00,3552.953125,3666.7802734375,LONG,0.8773120066924155,0.8773120066924155,0.03084106057824698,0.000865648696840092,0.000432824348420046,0.029548264271387348,1.28021874410759,52,624,signal_flat,-0.04319827476263138,0.04942796265430616
04_btc_20d_zscore_reversal,20,2019-07-16 12:00:00+00:00,2019-07-31 00:00:00+00:00,9477.6416015625,10085.6279296875,LONG,0.35575470263510506,0.35575470263510506,0.048743863905618134,0.000726682407634644,0.000363341203817322,0.04762538517026371,0.836733745806093,30,360,signal_flat,0.0,0.13605684843183052
04_btc_20d_zscore_reversal,21,2019-09-23 12:00:00+00:00,2019-10-09 00:00:00+00:00,9729.32421875,8595.740234375,LONG,1.0,1.0,-0.11703784782036997,0.0009279279638550958,0.0004639639819275479,-0.11824406817434308,-11.789751215371844,32,384,signal_flat,-0.17896088339575866,0.0
04_btc_20d_zscore_reversal,22,2019-10-23 12:00:00+00:00,2019-10-25 00:00:00+00:00,7514.671875,8660.7001953125,LONG,1.0,1.0,0.15250543727998767,0.0008,0.0004,0.15121598434257,9.276311047777686,4,48,signal_flat,-0.002818899590176671,0.15250543727998767
04_btc_20d_zscore_reversal,23,2019-11-15 12:00:00+00:00,2019-12-06 00:00:00+00:00,8491.9921875,7546.99658203125,LONG,1.0,1.0,-0.10881252508671813,0.0009718893134763708,0.0004859446567381854,-0.11010365942431521,-7.3435868119677234,42,504,signal_flat,-0.17005140412612985,0.010125232871041279
04_btc_20d_zscore_reversal,24,2019-12-16 12:00:00+00:00,2019-12-18 00:00:00+00:00,6932.48046875,7276.802734375,LONG,1.0,1.0,0.04966797485793495,0.0008,0.0004,0.04846378825043729,4.227603812318028,4,48,signal_flat,-0.04211556503438585,0.04966797485793495
04_btc_20d_zscore_reversal,25,2020-02-25 12:00:00+00:00,2020-03-23 12:00:00+00:00,9341.705078125,6416.31494140625,LONG,0.9494151903171144,0.9494151903171144,-0.4057872487366373,0.001093810959894107,0.0005469054799470535,-0.40688384128159893,-19.07764454904673,55,660,signal_flat,-0.4678928477867125,0.0
04_btc_20d_zscore_reversal,26,2020-09-03 12:00:00+00:00,2020-09-15 00:00:00+00:00,10245.296875,10796.951171875,LONG,0.8887866438551938,0.8887866438551938,0.04625769847614514,0.0007855388761898094,0.0003927694380949047,0.04502997352909066,1.9765023964950852,24,288,signal_flat,-0.011105610196141869,0.05384463755473168
04_btc_20d_zscore_reversal,27,2021-04-22 12:00:00+00:00,2021-04-30 00:00:00+00:00,51762.2734375,57750.17578125,LONG,0.85212798350532,0.85212798350532,0.08024108491575865,0.0007484776619474792,0.0003742388309737396,0.07905811340625224,3.3269740076016783,16,192,signal_flat,-0.05328242652595527,0.11568082207556141
04_btc_20d_zscore_reversal,28,2021-05-15 12:00:00+00:00,2021-06-03 00:00:00+00:00,46760.1875,39208.765625,LONG,0.5543676000978466,0.5543676000978466,-0.09269144070158519,0.0006241163738555991,0.00031205818692779956,-0.09353934998217428,-2.56088644647476,38,456,signal_flat,-0.25971070141132346,0.0
04_btc_20d_zscore_reversal,29,2021-06-21 12:00:00+00:00,2021-06-29 00:00:00+00:00,31676.693359375,35867.77734375,LONG,0.4960838894444284,0.4960838894444284,0.06458833262609809,0.0005099244077173107,0.00025496220385865534,0.06378161291262097,1.5626033634656213,16,192,signal_flat,-0.001228476156223679,0.1323081275190805
04_btc_20d_zscore_reversal,30,2021-07-16 12:00:00+00:00,2021-07-23 00:00:00+00:00,31421.5390625,33581.55078125,LONG,0.9824586200369877,0.9824586200369877,0.06439969865032635,0.0008500409628616005,0.00042502048143080025,0.06307028206006082,3.0601109620804325,14,168,signal_flat,-0.05137213053247458,0.0687430273371894
04_btc_20d_zscore_reversal,31,2021-09-20 12:00:00+00:00,2021-10-01 00:00:00+00:00,42843.80078125,48116.94140625,LONG,0.6438766452923705,0.6438766452923705,0.08680984441533401,0.000644093314554591,0.0003220466572772955,0.08578395207957912,2.7277643989197844,22,264,signal_flat,-0.050185206746199196,0.1230782640392567
04_btc_20d_zscore_reversal,32,2021-11-18 12:00:00+00:00,2021-12-21 00:00:00+00:00,56942.13671875,48936.61328125,LONG,0.8790976441725693,0.8790976441725693,-0.11107676721612059,0.001390773948141938,0.000695386974070969,-0.11292360952346814,-4.902527085782662,66,792,signal_flat,-0.1886123845430535,0.048383477552973675
04_btc_20d_zscore_reversal,33,2022-01-05 12:00:00+00:00,2022-02-01 00:00:00+00:00,43569.00390625,38743.2734375,LONG,0.9426471137337186,0.9426471137337186,-0.11816968326593014,0.00100416155180455,0.000502080775902275,-0.11949472825617657,-5.562832995775639,54,648,signal_flat,-0.1959823071609198,0.008724038242138299
04_btc_20d_zscore_reversal,34,2022-04-11 12:00:00+00:00,2022-05-04 00:00:00+00:00,39521.90234375,39698.37109375,LONG,0.985380633509338,0.985380633509338,0.002062535347594485,0.000978041710486383,0.0004890208552431915,0.0006233976169027766,0.03033662716494051,46,552,signal_flat,-0.04572217521396116,0.05012025076680682
04_btc_20d_zscore_reversal,35,2022-05-05 12:00:00+00:00,2022-05-29 12:00:00+00:00,36575.140625,29445.95703125,LONG,0.7525269084412475,0.7525269084412475,-0.1349455095617833,0.0009110999465466067,0.00045554997327330334,-0.13613480115644105,-5.059287146611724,49,588,signal_flat,-0.21729421323995246,0.0
04_btc_20d_zscore_reversal,36,2022-06-12 12:00:00+00:00,2022-07-04 00:00:00+00:00,26762.6484375,20231.26171875,LONG,0.7064930020500544,0.7064930020500544,-0.16352826652444918,0.0011599499996897817,0.0005799749998448908,-0.16497165123211832,-5.755927561877834,44,528,signal_flat,-0.28939609162606816,0.0
04_btc_20d_zscore_reversal,37,2022-08-19 12:00:00+00:00,2022-09-09 00:00:00+00:00,20877.552734375,21381.15234375,LONG,1.0,1.0,0.024197138521349748,0.0009571712865052871,0.00047858564325264355,0.022786322346070254,1.1286454646575876,42,504,signal_flat,-0.09770708241422943,0.03464733494884187
04_btc_20d_zscore_reversal,38,2022-11-08 12:00:00+00:00,2022-11-30 00:00:00+00:00,18541.271484375,17168.56640625,LONG,0.9370882331530962,0.9370882331530962,-0.06814183336487323,0.0011639754494878972,0.0005819877247439486,-0.06975924839646475,-3.228348504428224,44,528,signal_flat,-0.14853281809763286,0.0
04_btc_20d_zscore_reversal,39,2023-02-09 12:00:00+00:00,2023-02-15 00:00:00+00:00,21819.0390625,24307.841796875,LONG,1.0,1.0,0.11406564364479577,0.0008,0.0004,0.11278652276687828,6.574044645200956,12,144,signal_flat,-0.007693073387383564,0.11406564364479554
04_btc_20d_zscore_reversal,40,2023-03-09 12:00:00+00:00,2023-03-13 00:00:00+00:00,20363.021484375,24197.533203125,LONG,1.0,1.0,0.18363766467734677,0.0007999999999999999,0.00039999999999999996,0.18227444958906336,10.571054568012123,8,96,signal_flat,-0.008632183779056501,0.18830760070121744
04_btc_20d_zscore_reversal,41,2023-06-05 12:00:00+00:00,2023-06-06 00:00:00+00:00,25760.09765625,27238.783203125,LONG,1.0,1.0,0.057402171630208665,0.0008,0.0004,0.05616809032723058,3.3889817995261446,2,24,signal_flat,0.0,0.057402171630208665
04_btc_20d_zscore_reversal,42,2023-06-14 12:00:00+00:00,2023-06-17 00:00:00+00:00,25124.67578125,26510.67578125,LONG,1.0,1.0,0.05516489096485566,0.0008,0.0004,0.053903445619553514,3.0659563836057613,6,72,signal_flat,0.0,0.05516489096485544
04_btc_20d_zscore_reversal,43,2023-07-24 12:00:00+00:00,2023-08-01 00:00:00+00:00,29176.916015625,29675.732421875,LONG,1.0,1.0,0.017096269049918122,0.0008,0.0004,0.015885278025678184,1.414551369254773,16,192,signal_flat,0.0,0.017096269049918567
04_btc_20d_zscore_reversal,44,2023-08-16 12:00:00+00:00,2023-08-29 00:00:00+00:00,28701.779296875,27727.392578125,LONG,1.0,1.0,-0.03394865205642794,0.0008,0.0004,-0.035073694766607044,-6.42546174200273,26,312,signal_flat,-0.0938379596049379,0.0
04_btc_20d_zscore_reversal,45,2024-04-13 12:00:00+00:00,2024-04-22 00:00:00+00:00,63821.47265625,66837.6796875,LONG,0.7583069666095804,0.7583069666095804,0.03477998314445596,0.0007218551159015907,0.00036092755795079536,0.03366973081926261,1.2609063276068233,18,216,signal_flat,-0.039873433565322025,0.04726006633371882
04_btc_20d_zscore_reversal,46,2024-05-01 12:00:00+00:00,2024-05-03 12:00:00+00:00,58254.01171875,62889.8359375,LONG,1.0,1.0,0.07957948443330798,0.0007999999999999999,0.00039999999999999996,0.07828541707235681,4.3099816510248505,5,60,signal_flat,0.0,0.07957948443330798
04_btc_20d_zscore_reversal,47,2024-06-24 12:00:00+00:00,2024-07-13 00:00:00+00:00,60277.4140625,59231.953125,LONG,1.0,1.0,-0.016984175448649053,0.0009400899162890584,0.0004700449581445292,-0.018356857856552944,-1.3456513197481932,38,456,signal_flat,-0.07346540584684691,0.04271195847221487
04_btc_20d_zscore_reversal,48,2024-08-03 12:00:00+00:00,2024-08-17 12:00:00+00:00,60680.09375,59478.97265625,LONG,1.0,1.0,-0.029003401824385433,0.000870265230182867,0.0004351326150914335,-0.030266432782204977,-1.761167285708255,29,348,signal_flat,-0.11022785736467322,0.016974973258837567
04_btc_20d_zscore_reversal,49,2024-09-06 12:00:00+00:00,2024-09-12 00:00:00+00:00,53948.75390625,58127.01171875,LONG,1.0,1.0,0.07685252796454889,0.0008405547291538331,0.00042027736457691655,0.07550556068827219,3.933779779658767,12,144,signal_flat,0.0,0.0774486435731363
04_btc_20d_zscore_reversal,50,2025-02-04 12:00:00+00:00,2025-02-20 00:00:00+00:00,97871.8203125,98333.9375,LONG,1.0,1.0,0.004721657224975306,0.0008,0.0004,0.0035267582343139203,0.20288925634635757,32,384,signal_flat,-0.023829876976367292,0.004721657224975306
04_btc_20d_zscore_reversal,51,2025-02-24 12:00:00+00:00,2025-03-02 00:00:00+00:00,91418.171875,94248.3515625,LONG,1.0,1.0,0.03095861172294967,0.0008,0.0004,0.02977572668304984,2.156809955997404,12,144,signal_flat,-0.07734948416129661,0.03095861172294967
04_btc_20d_zscore_reversal,52,2025-04-06 12:00:00+00:00,2025-04-11 00:00:00+00:00,78214.484375,83404.8359375,LONG,1.0,1.0,0.061296183238685575,0.0008,0.0004,0.060046707972897906,3.610440905886306,10,120,signal_flat,-0.024835952899548874,0.06636049069395922
04_btc_20d_zscore_reversal,53,2025-06-05 12:00:00+00:00,2025-06-09 00:00:00+00:00,101575.953125,110294.1015625,LONG,1.0,1.0,0.08582886174615934,0.0008,0.0004,0.08455282583117207,7.010234394232104,8,96,signal_flat,0.0,0.08582886174615956
04_btc_20d_zscore_reversal,54,2025-07-31 12:00:00+00:00,2025-08-07 00:00:00+00:00,115758.203125,117496.8984375,LONG,1.0,1.0,0.015020061348244518,0.0008,0.0004,0.013815191842522223,1.824886313016801,14,168,signal_flat,-0.027914125956246316,0.015020061348244074
04_btc_20d_zscore_reversal,55,2025-08-25 12:00:00+00:00,2025-09-07 00:00:00+00:00,110124.3515625,111167.6171875,LONG,1.0,1.0,0.009473523432353081,0.0008,0.0004,0.00826765293481535,0.45334643731867175,26,312,signal_flat,-0.017140991962424246,0.021979272437543385
04_btc_20d_zscore_reversal,56,2025-09-25 12:00:00+00:00,2025-09-29 00:00:00+00:00,109049.2890625,114400.3828125,LONG,1.0,1.0,0.04907041390185607,0.0008,0.0004,0.047824431914444965,5.274627329587795,8,96,signal_flat,0.0,0.04907041390185585
04_btc_20d_zscore_reversal,57,2025-11-04 12:00:00+00:00,2025-12-02 00:00:00+00:00,101590.5234375,91350.203125,LONG,1.0,1.0,-0.09835948869303945,0.0010836057393150296,0.0005418028696575148,-0.09979969455638027,-6.108033225908643,56,672,signal_flat,-0.16676913839235286,0.04337087912742854
04_btc_20d_zscore_reversal,58,2025-12-15 12:00:00+00:00,2025-12-30 00:00:00+00:00,86419.78125,88430.1328125,LONG,1.0,1.0,0.02326263192780309,0.0008,0.0004,0.022044049876233096,1.2517840450916193,30,360,signal_flat,-0.011077017595436223,0.02547991580342024
04_btc_20d_zscore_reversal,59,2026-01-31 12:00:00+00:00,2026-02-25 00:00:00+00:00,78621.1171875,67960.125,LONG,1.0,1.0,-0.14184492194816245,0.001271805706537137,0.0006359028532685685,-0.14346912881853824,-7.396704337681779,50,600,signal_flat,-0.20247765614021285,0.0008604359734378786
05_btc_gold_ratio_mr,1,2015-08-18 12:00:00+00:00,2015-10-01 00:00:00+00:00,211.07899475097656,237.5489959716797,LONG,0.7571886452490167,0.7571886452490167,0.09486230312853872,0.0010645588786575163,0.0005322794393287581,0.09311973183684774,3.482121681055361,88,1056,signal_flat,-0.0027667349585307477,0.15410344319814984
05_btc_gold_ratio_mr,2,2016-02-03 12:00:00+00:00,2016-02-21 12:00:00+00:00,369.9490051269531,438.7980041503906,LONG,1.0,1.0,0.18676265495259758,0.0008563933857608044,0.0004281966928804022,0.18524086220042024,9.409837639752244,37,444,signal_flat,0.0,0.186104025336711
05_btc_gold_ratio_mr,3,2016-08-02 12:00:00+00:00,2016-09-04 00:00:00+00:00,547.4650268554688,608.6339721679688,LONG,1.0,1.0,0.11277106381426383,0.000863105441562805,0.0004315527207814025,0.11134250177996852,6.290217580684445,66,792,signal_flat,0.0,0.11173123818308972
05_btc_gold_ratio_mr,4,2018-02-01 12:00:00+00:00,2018-02-20 00:00:00+00:00,9170.5400390625,11403.7001953125,LONG,0.42685224890246465,0.42685224890246465,0.04932665850054074,0.00046335697603206707,0.00023167848801603354,0.04859892777049857,1.0244774309368385,38,456,signal_flat,-0.24156374761956945,0.24351457457660208
05_btc_gold_ratio_mr,5,2018-03-29 12:00:00+00:00,2018-04-20 00:00:00+00:00,7165.7001953125,8845.830078125,LONG,0.6222630132792222,0.6222630132792222,0.14321966007675613,0.0007498379013134409,0.00037491895065672046,0.14195258104703945,4.362298854333458,44,528,signal_flat,-0.07387699131482617,0.2344683474074969
05_btc_gold_ratio_mr,6,2018-06-12 12:00:00+00:00,2018-07-16 00:00:00+00:00,6582.35986328125,6741.75,LONG,1.0,1.0,0.029221801067880415,0.0013266805006269735,0.0006633402503134867,0.02720109775608992,1.3509633950788307,68,816,signal_flat,-0.10314232827990111,0.04171305097304856
05_btc_gold_ratio_mr,7,2018-11-14 12:00:00+00:00,2019-02-18 00:00:00+00:00,5738.35009765625,3915.71435546875,LONG,1.0,1.0,-0.22639188471079308,0.0018930792999514489,0.0009465396499757244,-0.2285775934706964,-18.414030455921235,192,2304,signal_flat,-0.43594209769947445,0.0
05_btc_gold_ratio_mr,8,2019-09-24 12:00:00+00:00,2019-10-26 00:00:00+00:00,8620.56640625,9244.97265625,LONG,1.0,1.0,0.058164739404610755,0.0009279279638550959,0.00046396398192754797,0.056735255807454976,3.4063267692025936,64,768,signal_flat,-0.13074287507391702,0.0724321605535454
05_btc_gold_ratio_mr,9,2019-11-22 12:00:00+00:00,2020-01-07 00:00:00+00:00,7296.57763671875,8163.6923828125,LONG,1.0,1.0,0.1248563495675914,0.001167416602123561,0.0005837083010617805,0.12292667216478304,6.285801133152244,92,1104,signal_flat,-0.08991372841679646,0.11883855545237365
05_btc_gold_ratio_mr,10,2020-03-08 12:00:00+00:00,2020-04-23 00:00:00+00:00,8108.1162109375,7429.724609375,LONG,0.8126424770460378,0.8126424770460378,-0.24677607494366782,0.0015702100493407475,0.0007851050246703737,-0.24867400640427972,-9.979942625957763,92,1104,signal_flat,-0.3869367487318299,0.0
05_btc_gold_ratio_mr,11,2021-05-12 12:00:00+00:00,2021-07-24 00:00:00+00:00,49150.53515625,34292.4453125,LONG,0.5280689077923157,0.5280689077923157,-0.16492921152494133,0.0016174650373512694,0.0008087325186756347,-0.16694241341699445,-4.353669114714765,146,1752,signal_flat,-0.3935498858457559,0.014852330654779644
05_btc_gold_ratio_mr,12,2021-12-04 12:00:00+00:00,2022-02-07 00:00:00+00:00,49200.703125,43840.28515625,LONG,0.6645391909725191,0.6645391909725191,-0.12459287778536776,0.001617595938479376,0.000808797969239688,-0.12670354545308082,-4.158220354247369,130,1560,signal_flat,-0.28801322389638107,0.03295668729327739
05_btc_gold_ratio_mr,13,2022-05-08 12:00:00+00:00,2022-07-18 00:00:00+00:00,34059.265625,22485.689453125,LONG,0.6738968808799469,0.6738968808799469,-0.22846027437702565,0.0016633922111513764,0.0008316961055756882,-0.23037675731801832,-7.667084350336258,142,1704,signal_flat,-0.4416308681604171,0.0
05_btc_gold_ratio_mr,14,2022-09-06 12:00:00+00:00,2022-09-09 00:00:00+00:00,18837.66796875,21381.15234375,LONG,1.0,1.0,0.1350154697004704,0.0008019730834777142,0.0004009865417388571,0.1337158443159534,7.028754780026393,6,72,signal_flat,0.0,0.13502119154129977
05_btc_gold_ratio_mr,15,2022-11-08 12:00:00+00:00,2023-01-11 00:00:00+00:00,18541.271484375,17934.896484375,LONG,0.9370882331530962,0.9370882331530962,-0.026547740722463686,0.0011639754494878972,0.0005819877247439486,-0.028246044241336254,-1.3071825855158234,128,1536,signal_flat,-0.14853281809763286,0.0
05_btc_gold_ratio_mr,16,2023-06-14 12:00:00+00:00,2023-06-20 00:00:00+00:00,25124.67578125,28327.48828125,LONG,1.0,1.0,0.12747676936751562,0.0008,0.0004,0.12615944115741273,7.175781427753353,12,144,signal_flat,0.0,0.12747676936751517
05_btc_gold_ratio_mr,17,2023-08-19 00:00:00+00:00,2023-09-27 00:00:00+00:00,26096.205078125,26352.716796875,LONG,1.0,1.0,0.009829464398447119,0.0008,0.0004,0.008621145343100656,0.7242343061030533,79,948,signal_flat,-0.03577343059863303,0.06250669379385498
05_btc_gold_ratio_mr,18,2024-05-01 12:00:00+00:00,2024-05-20 00:00:00+00:00,58254.01171875,71448.1953125,LONG,1.0,1.0,0.21533695257719154,0.001015321945000048,0.000507660972500024,0.2135403596545109,11.75640452951197,38,456,signal_flat,0.0,0.22649399079073618
05_btc_gold_ratio_mr,19,2024-07-04 12:00:00+00:00,2024-07-19 00:00:00+00:00,56977.703125,66710.15625,LONG,0.9795967396963327,0.9795967396963327,0.17313142208603427,0.0010819913914309484,0.0005409956957154742,0.17126582076097807,8.285451226763145,30,360,signal_flat,-0.019807638569144248,0.1708116085979905
05_btc_gold_ratio_mr,20,2024-08-05 12:00:00+00:00,2024-08-23 00:00:00+00:00,53991.45703125,64094.35546875,LONG,0.8571836357088489,0.8571836357088489,0.17480486701816855,0.0010934257112411774,0.0005467128556205887,0.17293184547427964,7.320605124484535,36,432,signal_flat,0.0,0.18712031482411162
05_btc_gold_ratio_mr,21,2024-09-06 12:00:00+00:00,2024-09-19 00:00:00+00:00,53948.75390625,62940.45703125,LONG,1.0,1.0,0.16703802361969,0.0008973697017294952,0.0004486848508647476,0.16548386338159404,8.621577930106554,26,312,signal_flat,0.0,0.16667119208398073
05_btc_gold_ratio_mr,22,2025-02-04 12:00:00+00:00,2025-04-23 00:00:00+00:00,97871.8203125,93699.109375,LONG,1.0,1.0,-0.04709419225287337,0.00150241626935069,0.000751208134675345,-0.04923189555735141,-2.8322391313834174,156,1872,signal_flat,-0.2206954679961266,0.004721657224975306
05_btc_gold_ratio_mr,23,2025-08-29 12:00:00+00:00,2026-01-13 00:00:00+00:00,108410.8359375,95321.78125,LONG,1.0,1.0,-0.11795768439942267,0.0013109302262843882,0.0006554651131421941,-0.11967085023698731,-7.059822198165518,274,3288,signal_flat,-0.21918912770121357,0.1507385785856421
05_btc_gold_ratio_mr,24,2026-01-20 12:00:00+00:00,2026-03-16 00:00:00+00:00,88310.90625,74861.0859375,LONG,1.0,1.0,-0.1627428286413568,0.001468055152289018,0.000734027576144509,-0.16458697285667634,-11.594897899205119,110,1320,signal_flat,-0.2899846653283552,0.013508736357237927
06_btc_momentum_plus_gold_regime,1,2015-07-20 12:00:00+00:00,2015-08-16 12:00:00+00:00,278.9809875488281,258.5069885253906,LONG,0.844521038645269,0.844521038645269,-0.0768839752237701,0.0008015875171262935,0.00040079375856314674,-0.07799259806998815,-3.252834704237975,55,660,signal_flat,-0.07338851010359293,0.055365831700604495
06_btc_momentum_plus_gold_regime,2,2015-10-28 12:00:00+00:00,2016-01-19 12:00:00+00:00,304.6180114746094,380.14898681640625,LONG,0.4998816162744176,0.4998816162744176,0.2957356213565827,0.002022991177942897,0.0010114955889714485,0.29184107290977823,14.409261008821355,167,2004,signal_flat,0.0,0.5275558137608107
06_btc_momentum_plus_gold_regime,3,2016-02-24 12:00:00+00:00,2016-03-31 00:00:00+00:00,424.9549865722656,416.72900390625,LONG,0.5,0.5,-0.00895185423509881,0.0016,0.0008,-0.011328059433648785,-0.6451355289325046,72,864,signal_flat,-0.057382499367142126,0.029984362572868406
06_btc_momentum_plus_gold_regime,4,2016-04-11 00:00:00+00:00,2016-07-25 00:00:00+00:00,422.4830017089844,654.0969848632812,LONG,0.5,0.5,0.459273779818399,0.001998665125117214,0.000999332562558607,0.45490506014596144,101.83296557024487,211,2532,signal_flat,0.0,0.8138196810253857
06_btc_momentum_plus_gold_regime,5,2016-09-13 12:00:00+00:00,2017-01-26 00:00:00+00:00,609.2410278320312,917.5859985351562,LONG,1.0,1.0,0.6546996643097884,0.00261077429881096,0.00130538714940548,0.6482535880075804,62.712938968684284,270,3240,signal_flat,-0.021244554466852472,0.8953582042526376
06_btc_momentum_plus_gold_regime,6,2017-02-01 12:00:00+00:00,2017-03-27 00:00:00+00:00,989.0230102539062,1045.77001953125,LONG,1.0,1.0,0.05118294797448941,0.0012919869702887297,0.0006459934851443649,0.049148533116388116,3.5260901930808197,108,1296,signal_flat,-0.05207461321798179,0.28914087641606434
06_btc_momentum_plus_gold_regime,7,2017-04-17 12:00:00+00:00,2017-07-12 00:00:00+00:00,1193.9100341796875,2398.840087890625,LONG,0.5,0.5,0.5156824094607411,0.0017647169434237284,0.0008823584717118642,0.5117236546657704,46.713433301669916,172,2064,signal_flat,0.0,1.4776658397500908
06_btc_momentum_plus_gold_regime,8,2017-08-02 12:00:00+00:00,2017-09-22 12:00:00+00:00,2710.669921875,3630.699951171875,LONG,0.19829439207322105,0.19829439207322105,0.05410282408947631,0.0008364421851598674,0.0004182210925799337,0.052779262253316084,1.0337175203564974,103,1236,signal_flat,0.0,0.8047235209815378
06_btc_momentum_plus_gold_regime,9,2017-10-11 00:00:00+00:00,2018-01-16 00:00:00+00:00,4826.47998046875,11490.5,LONG,1.0,1.0,0.8200322929152313,0.00329973921333223,0.001649869606666115,0.8111447374846128,46.80960639503871,195,2340,signal_flat,0.0,3.039672902306621
06_btc_momentum_plus_gold_regime,10,2018-03-04 00:00:00+00:00,2018-03-21 00:00:00+00:00,11512.599609375,8929.2802734375,LONG,0.5247714708046128,0.5247714708046128,-0.13519741714268452,0.0007900323692530338,0.0003950161846265169,-0.13621978170163918,-3.530274945395509,35,420,signal_flat,-0.3123290871363593,0.005272501204946822
06_btc_momentum_plus_gold_regime,11,2019-04-24 00:00:00+00:00,2019-07-29 12:00:00+00:00,5464.86669921875,9519.1455078125,LONG,1.0,1.0,0.347368893639459,0.0019915760435997025,0.0009957880217998513,0.3433483339238681,22.574417123799254,194,2328,signal_flat,-0.04654296037177108,1.3818021850694517
06_btc_momentum_plus_gold_regime,12,2019-08-17 12:00:00+00:00,2019-08-28 12:00:00+00:00,10231.744140625,9754.4228515625,LONG,0.3502363401965926,0.3502363401965926,-0.018906837192991133,0.00038961359128070704,0.00019480679564035352,-0.019480634614793435,-0.6738953137681144,23,276,signal_flat,-0.04665101887832612,0.06688102838649557
06_btc_momentum_plus_gold_regime,13,2020-02-19 00:00:00+00:00,2020-03-06 00:00:00+00:00,9633.38671875,9122.5458984375,LONG,0.4547687025893262,0.4547687025893262,-0.011501102829137189,0.0008381549660336119,0.0004190774830168059,-0.012736317332189273,-0.5720876460330248,33,396,signal_flat,-0.11116885976383406,0.030220826252449706
06_btc_momentum_plus_gold_regime,14,2020-05-21 00:00:00+00:00,2020-06-29 00:00:00+00:00,9081.76171875,9190.8544921875,LONG,0.33797967235109777,0.33797967235109777,0.00740396687586542,0.001737684575125239,0.0008688422875626195,0.0047923616919347545,0.15998095985243635,79,948,signal_flat,-0.032085575873004424,0.11952602034210913
06_btc_momentum_plus_gold_regime,15,2020-07-27 00:00:00+00:00,2020-09-09 00:00:00+00:00,10990.873046875,10242.34765625,LONG,0.5,0.5,-0.09735065788056707,0.001385160151078702,0.000692580075539351,-0.09923488949819814,-6.382513444957524,89,1068,signal_flat,-0.0781881877488193,0.11496168607226842
06_btc_momentum_plus_gold_regime,16,2020-10-13 12:00:00+00:00,2021-04-27 12:00:00+00:00,11425.8994140625,55033.1171875,LONG,0.5,0.5,1.4838150893331856,0.005296227762007466,0.002648113881003733,1.4643542302535524,123.66169819939077,393,4716,signal_flat,-0.009082555641945933,4.5578519230698555
06_btc_momentum_plus_gold_regime,17,2021-09-15 12:00:00+00:00,2021-09-23 00:00:00+00:00,48176.34765625,44895.09765625,LONG,0.7783296085655852,0.7783296085655852,-0.050123421050949135,0.0007382239509750252,0.0003691119754875126,-0.05117289874412945,-1.966987973184943,16,192,signal_flat,-0.1553183717535146,0.0021175458490110266
06_btc_momentum_plus_gold_regime,18,2021-10-11 12:00:00+00:00,2021-11-27 12:00:00+00:00,57484.7890625,54815.078125,LONG,0.6194416949565589,0.6194416949565589,-0.022298006516259905,0.0019741958633514313,0.0009870979316757157,-0.02518878677812242,-0.7705588604925192,95,1140,signal_flat,-0.06810538059456761,0.17538620610642508
06_btc_momentum_plus_gold_regime,19,2023-02-07 00:00:00+00:00,2023-03-10 12:00:00+00:00,23264.291015625,20187.244140625,LONG,1.0,1.0,-0.12973264635406234,0.0009912706387195977,0.0004956353193597988,-0.13102644078151038,-9.066230534089584,64,768,signal_flat,-0.13226480329589074,0.067264350365287
06_btc_momentum_plus_gold_regime,20,2023-03-19 12:00:00+00:00,2023-05-08 12:00:00+00:00,28038.67578125,27694.2734375,LONG,0.27914159703452446,0.27914159703452446,0.03408734422681192,0.0016336317644068785,0.0008168158822034392,0.03155545118483283,0.8700156855975518,101,1212,signal_flat,-0.0320552623949536,0.08727314572881406
06_btc_momentum_plus_gold_regime,21,2023-06-25 00:00:00+00:00,2023-08-03 12:00:00+00:00,30480.26171875,29178.6796875,LONG,1.0,1.0,-0.03070940675603384,0.0012007027528156155,0.0006003513764078078,-0.032454013453673825,-1.713420346307608,80,960,signal_flat,-0.04357911184069296,0.032669900231284466
06_btc_momentum_plus_gold_regime,22,2023-10-30 00:00:00+00:00,2024-01-24 12:00:00+00:00,34502.36328125,40077.07421875,LONG,0.5,0.5,0.033463847872510666,0.002657529364169968,0.001328764682084984,0.029334689314005624,1.6642070213067541,174,2088,signal_flat,0.0,0.3613706262195582
06_btc_momentum_plus_gold_regime,23,2024-02-11 12:00:00+00:00,2024-04-19 00:00:00+00:00,48293.91796875,63843.5703125,LONG,0.5,0.5,0.23204865011752895,0.0016044027251674435,0.0008022013625837217,0.22913139771295588,15.897673223858954,136,1632,signal_flat,0.0,0.5133065005678525
06_btc_momentum_plus_gold_regime,24,2024-05-25 00:00:00+00:00,2024-06-25 12:00:00+00:00,69265.9453125,61804.640625,LONG,0.4228632950996083,0.4228632950996083,-0.09657411211916056,0.0020000281332795055,0.0010000140666397528,-0.09929050012330298,-4.14701701700794,64,768,signal_flat,-0.1297684050863288,0.02623042234972739
06_btc_momentum_plus_gold_regime,25,2024-07-28 00:00:00+00:00,2024-08-10 12:00:00+00:00,68255.8671875,60945.8125,LONG,0.5,0.5,-0.009422570486324111,0.0006961765424757162,0.0003480882712378581,-0.010437683039073442,-0.6083588720362794,28,336,signal_flat,-0.2089843810359251,0.0
06_btc_momentum_plus_gold_regime,26,2024-10-28 00:00:00+00:00,2025-01-05 00:00:00+00:00,69907.7578125,98314.9609375,LONG,0.5,0.5,0.3354632826156452,0.0028512544120181376,0.0014256272060090688,0.32979011201379516,24.788753336060704,139,1668,signal_flat,-0.029985942413177757,0.5182950345393758
06_btc_momentum_plus_gold_regime,27,2025-01-21 00:00:00+00:00,2025-02-16 00:00:00+00:00,106146.265625,96175.03125,LONG,0.5,0.5,-0.047220813908851245,0.0004,0.0002,-0.04779446821913047,-2.461162872300435,53,636,signal_flat,-0.09796704458956329,0.0
06_btc_momentum_plus_gold_regime,28,2025-05-22 12:00:00+00:00,2025-06-29 12:00:00+00:00,111673.28125,108385.5703125,LONG,0.5,0.5,0.0009022736313479829,0.002,0.001,-0.0020821758554611103,-0.18231704393585343,77,924,signal_flat,-0.09569111344617176,0.0
06_btc_momentum_plus_gold_regime,29,2025-07-08 12:00:00+00:00,2025-08-25 12:00:00+00:00,108950.2734375,110124.3515625,LONG,1.0,1.0,0.04573155468738155,0.0024000000000000002,0.0012000000000000001,0.04196987073305669,4.456041405134272,97,1164,signal_flat,0.0,0.13211338171406317
06_btc_momentum_plus_gold_regime,30,2025-09-27 00:00:00+00:00,2025-10-23 12:00:00+00:00,109681.9453125,110069.7265625,LONG,0.5,0.5,0.004058941789043091,0.0004596037640032735,0.00022980188200163676,0.003367060658711951,0.37158584693365876,54,648,signal_flat,-0.02930433300432811,0.13740261347992755
07_btc_momentum_plus_gold_shock_filter,1,2015-07-20 12:00:00+00:00,2015-08-16 12:00:00+00:00,278.9809875488281,258.5069885253906,LONG,0.844521038645269,0.844521038645269,-0.0768839752237701,0.0008015875171262935,0.00040079375856314674,-0.07799259806998815,-3.252834704237975,55,660,signal_flat,-0.07338851010359293,0.055365831700604495
07_btc_momentum_plus_gold_shock_filter,2,2015-10-28 12:00:00+00:00,2016-01-19 12:00:00+00:00,304.6180114746094,380.14898681640625,LONG,0.9997632325488351,0.9997632325488351,0.3587329392821528,0.0025983190257994416,0.0012991595128997208,0.3535099461007636,17.45407879635575,167,2004,signal_flat,0.0,0.5275558137608107
07_btc_momentum_plus_gold_shock_filter,3,2016-02-24 12:00:00+00:00,2016-03-31 00:00:00+00:00,424.9549865722656,416.72900390625,LONG,1.0,1.0,-0.025255564983212575,0.00132,0.00066,-0.027191360566053202,-1.5485540911860167,72,864,signal_flat,-0.057382499367142126,0.029984362572868406
07_btc_momentum_plus_gold_shock_filter,4,2016-04-11 00:00:00+00:00,2016-07-25 00:00:00+00:00,422.4830017089844,654.0969848632812,LONG,1.0,1.0,0.6092158436437718,0.0022608063454608337,0.0011304031727304169,0.6037924670854182,135.1622193267187,211,2532,signal_flat,0.0,0.8138196810253857
07_btc_momentum_plus_gold_shock_filter,5,2016-09-13 12:00:00+00:00,2017-01-26 00:00:00+00:00,609.2410278320312,917.5859985351562,LONG,1.0,1.0,0.604469313303309,0.0014337136514077484,0.0007168568257038742,0.6010380922437668,58.145247313767314,270,3240,signal_flat,-0.021244554466852472,0.8953582042526376
07_btc_momentum_plus_gold_shock_filter,6,2017-02-01 12:00:00+00:00,2017-03-27 00:00:00+00:00,989.0230102539062,1045.77001953125,LONG,1.0,1.0,0.08800665637933269,0.0009114993171754788,0.0004557496585877394,0.08651493890709161,6.206888757246811,108,1296,signal_flat,-0.05207461321798179,0.28914087641606434
07_btc_momentum_plus_gold_shock_filter,7,2017-04-17 12:00:00+00:00,2017-07-12 00:00:00+00:00,1193.9100341796875,2398.840087890625,LONG,1.0,1.0,0.6864625522699668,0.001664909635311676,0.000832454817655838,0.6822874783552673,62.28359842683128,172,2064,signal_flat,0.0,1.4776658397500908
07_btc_momentum_plus_gold_shock_filter,8,2017-08-02 12:00:00+00:00,2017-09-22 12:00:00+00:00,2710.669921875,3630.699951171875,LONG,0.3965887841464421,0.3965887841464421,0.14390152340593865,0.001346035369848433,0.0006730176849242164,0.14157535897926565,2.7728490846503346,103,1236,signal_flat,0.0,0.8047235209815378
07_btc_momentum_plus_gold_shock_filter,9,2017-10-11 00:00:00+00:00,2018-01-16 00:00:00+00:00,4826.47998046875,11490.5,LONG,1.0,1.0,0.9285062351157212,0.0018940348558755447,0.0009470174279377723,0.9230835789935321,53.26938215293609,195,2340,signal_flat,0.0,3.039672902306621
07_btc_momentum_plus_gold_shock_filter,10,2018-03-04 00:00:00+00:00,2018-03-21 00:00:00+00:00,11512.599609375,8929.2802734375,LONG,0.5247714708046128,0.5247714708046128,-0.12882918538102894,0.0006089249734174643,0.00030446248670873215,-0.12962619278884846,-3.359395345910858,35,420,signal_flat,-0.3123290871363593,0.005272501204946822
07_btc_momentum_plus_gold_shock_filter,11,2019-04-24 00:00:00+00:00,2019-07-29 12:00:00+00:00,5464.86669921875,9519.1455078125,LONG,1.0,1.0,0.5399297598447823,0.0021575694715679264,0.0010787847357839632,0.5350025495029622,35.175271062925525,194,2328,signal_flat,-0.04654296037177108,1.3818021850694517
07_btc_momentum_plus_gold_shock_filter,12,2019-08-17 12:00:00+00:00,2019-08-28 12:00:00+00:00,10231.744140625,9754.4228515625,LONG,0.7004726803931852,0.7004726803931852,-0.03891570862147897,0.0007792271825614141,0.00038961359128070704,-0.04004081372631296,-1.3851354056573386,23,276,signal_flat,-0.04665101887832612,0.06688102838649557
07_btc_momentum_plus_gold_shock_filter,13,2020-02-19 00:00:00+00:00,2020-03-06 00:00:00+00:00,9633.38671875,9122.5458984375,LONG,0.9095374051786524,0.9095374051786524,-0.001168083921503027,0.0012761562044205435,0.0006380781022102718,-0.0030907245202560496,-0.13882861656257897,33,396,signal_flat,-0.11116885976383406,0.030220826252449706
07_btc_momentum_plus_gold_shock_filter,14,2020-05-21 00:00:00+00:00,2020-06-29 00:00:00+00:00,9081.76171875,9190.8544921875,LONG,0.6759593447021955,0.6759593447021955,0.016663635796203558,0.0011459836718222393,0.0005729918359111196,0.01492333488146702,0.4981780575022889,79,948,signal_flat,-0.032085575873004424,0.11952602034210913
07_btc_momentum_plus_gold_shock_filter,15,2020-07-27 00:00:00+00:00,2020-09-09 00:00:00+00:00,10990.873046875,10242.34765625,LONG,0.35,0.35,-0.05072930426879296,0.00202579487347246,0.00101289743673623,-0.05361454640798602,-3.448339238594943,89,1068,signal_flat,-0.0781881877488193,0.11496168607226842
07_btc_momentum_plus_gold_shock_filter,16,2020-10-13 12:00:00+00:00,2021-04-27 12:00:00+00:00,11425.8994140625,55033.1171875,LONG,1.0,1.0,2.1334709971418557,0.004213295224303585,0.0021066476121517925,2.1139390928418536,178.51780171088765,393,4716,signal_flat,-0.009082555641945933,4.5578519230698555
07_btc_momentum_plus_gold_shock_filter,17,2021-09-15 12:00:00+00:00,2021-09-23 00:00:00+00:00,48176.34765625,44895.09765625,LONG,0.7783296085655852,0.7783296085655852,-0.050123421050949135,0.0007382239509750252,0.0003691119754875126,-0.05117289874412945,-1.966987973184943,16,192,signal_flat,-0.1553183717535146,0.0021175458490110266
07_btc_momentum_plus_gold_shock_filter,18,2021-10-11 12:00:00+00:00,2021-11-27 12:00:00+00:00,57484.7890625,54815.078125,LONG,0.6194416949565589,0.6194416949565589,-0.06900018001366559,0.001216863561326564,0.000608431780663282,-0.0707016309155396,-2.162857966647245,95,1140,signal_flat,-0.06810538059456761,0.17538620610642508
07_btc_momentum_plus_gold_shock_filter,19,2023-02-07 00:00:00+00:00,2023-03-10 12:00:00+00:00,23264.291015625,20187.244140625,LONG,1.0,1.0,-0.12973264635406234,0.0009912706387195977,0.0004956353193597988,-0.13102424841281612,-9.066078835547831,64,768,signal_flat,-0.13226480329589074,0.067264350365287
07_btc_momentum_plus_gold_shock_filter,20,2023-03-19 12:00:00+00:00,2023-05-08 12:00:00+00:00,28038.67578125,27694.2734375,LONG,0.19539911792416712,0.19539911792416712,0.025240631806968006,0.0008828802259318268,0.0004414401129659134,0.023882815339864694,0.6584733598072997,101,1212,signal_flat,-0.0320552623949536,0.08727314572881406
07_btc_momentum_plus_gold_shock_filter,21,2023-06-25 00:00:00+00:00,2023-08-03 12:00:00+00:00,30480.26171875,29178.6796875,LONG,1.0,1.0,-0.04268563189541674,0.0008007027528156155,0.00040035137640780777,-0.04383507565106004,-2.314287279435302,80,960,signal_flat,-0.04357911184069296,0.032669900231284466
07_btc_momentum_plus_gold_shock_filter,22,2023-10-30 00:00:00+00:00,2024-01-24 12:00:00+00:00,34502.36328125,40077.07421875,LONG,1.0,1.0,0.16180703584407596,0.0012506601770851814,0.0006253300885425907,0.15962644807441162,9.055881002457406,174,2088,signal_flat,0.0,0.3613706262195582
07_btc_momentum_plus_gold_shock_filter,23,2024-02-11 12:00:00+00:00,2024-04-19 00:00:00+00:00,48293.91796875,63843.5703125,LONG,1.0,1.0,0.21318491180918087,0.0021464360180241298,0.0010732180090120649,0.20930967730476713,14.522395820022549,136,1632,signal_flat,0.0,0.5133065005678525
07_btc_momentum_plus_gold_shock_filter,24,2024-05-25 00:00:00+00:00,2024-06-25 12:00:00+00:00,69265.9453125,61804.640625,LONG,0.8457265901992166,0.8457265901992166,-0.10510029515306019,0.0008000562665590106,0.0004000281332795053,-0.10617439828384045,-4.434533373352675,64,768,signal_flat,-0.1297684050863288,0.02623042234972739
07_btc_momentum_plus_gold_shock_filter,25,2024-07-28 00:00:00+00:00,2024-08-10 12:00:00+00:00,68255.8671875,60945.8125,LONG,1.0,1.0,-0.12366474231578128,0.0008208592678172743,0.00041042963390863714,-0.12473961454536919,-7.270430699895782,28,336,signal_flat,-0.2089843810359251,0.0
07_btc_momentum_plus_gold_shock_filter,26,2024-10-28 00:00:00+00:00,2025-01-05 00:00:00+00:00,69907.7578125,98314.9609375,LONG,1.0,1.0,0.31650511331969966,0.002119751095461724,0.001059875547730862,0.3123755102843566,23.479780595547698,139,1668,signal_flat,-0.029985942413177757,0.5182950345393758
07_btc_momentum_plus_gold_shock_filter,27,2025-01-21 00:00:00+00:00,2025-02-16 00:00:00+00:00,106146.265625,96175.03125,LONG,1.0,1.0,-0.05266109182841405,0.00132,0.00066,-0.054540110605077574,-2.808527854247527,53,636,signal_flat,-0.09796704458956329,0.0
07_btc_momentum_plus_gold_shock_filter,28,2025-05-22 12:00:00+00:00,2025-06-29 12:00:00+00:00,111673.28125,108385.5703125,LONG,0.35,0.35,0.015333291255335668,0.00132,0.00066,0.013325087590450035,1.166755715327979,77,924,signal_flat,-0.09569111344617176,0.0
07_btc_momentum_plus_gold_shock_filter,29,2025-07-08 12:00:00+00:00,2025-08-25 12:00:00+00:00,108950.2734375,110124.3515625,LONG,1.0,1.0,0.010776275157064585,0.0008,0.0004,0.009563707506335284,1.015401665301238,97,1164,signal_flat,0.0,0.13211338171406317
07_btc_momentum_plus_gold_shock_filter,30,2025-09-27 00:00:00+00:00,2025-10-23 12:00:00+00:00,109681.9453125,110069.7265625,LONG,1.0,1.0,0.08232200008890755,0.0008417226348022917,0.00042086131740114586,0.08096264102994466,8.934965712380853,54,648,signal_flat,-0.02930433300432811,0.13740261347992755
08_ratio_mr_plus_beta_corr_stability,1,2015-08-18 12:00:00+00:00,2015-10-01 00:00:00+00:00,211.07899475097656,237.5489959716797,LONG,0.7571886452490167,0.7571886452490167,0.09519865183328746,0.0012710647139326909,0.0006355323569663454,0.09313252584634957,3.4826001005803655,88,1056,signal_flat,-0.0027667349585307477,0.15410344319814984
08_ratio_mr_plus_beta_corr_stability,2,2016-02-03 12:00:00+00:00,2016-02-21 12:00:00+00:00,369.9490051269531,438.7980041503906,LONG,1.0,1.0,0.18676265495259758,0.0008563933857608044,0.0004281966928804022,0.18524086220042024,9.409837639752244,37,444,signal_flat,0.0,0.186104025336711
08_ratio_mr_plus_beta_corr_stability,3,2016-08-02 12:00:00+00:00,2016-09-04 00:00:00+00:00,547.4650268554688,608.6339721679688,LONG,1.0,1.0,0.11454470271075157,0.0018119400710913693,0.0009059700355456846,0.11154527919299628,6.301673350296247,66,792,signal_flat,0.0,0.11173123818308972
08_ratio_mr_plus_beta_corr_stability,4,2018-02-01 12:00:00+00:00,2018-02-20 00:00:00+00:00,9170.5400390625,11403.7001953125,LONG,0.17074089956098587,0.17074089956098587,0.021351396786193577,0.0001853427904128268,9.26713952064134e-05,0.021067731361542386,0.4441129936624317,38,456,signal_flat,-0.24156374761956945,0.24351457457660208
08_ratio_mr_plus_beta_corr_stability,5,2018-03-29 12:00:00+00:00,2018-04-20 00:00:00+00:00,7165.7001953125,8845.830078125,LONG,0.6222630132792222,0.6222630132792222,0.10363440988246375,0.001685139457957846,0.000842569728978923,0.1008714587594346,3.099848172788144,44,528,signal_flat,-0.07387699131482617,0.2344683474074969
08_ratio_mr_plus_beta_corr_stability,6,2018-06-12 12:00:00+00:00,2018-07-16 00:00:00+00:00,6582.35986328125,6741.75,LONG,0.4,0.4,0.06649814265666376,0.002742846219904502,0.001371423109952251,0.062162034763277196,3.087325161720861,68,816,signal_flat,-0.10314232827990111,0.04171305097304856
08_ratio_mr_plus_beta_corr_stability,7,2018-11-14 12:00:00+00:00,2019-02-18 00:00:00+00:00,5738.35009765625,3915.71435546875,LONG,1.0,1.0,-0.3002991212878793,0.0036636905923567156,0.0018318452961783578,-0.30415670257010363,-24.502623811272564,192,2304,signal_flat,-0.43594209769947445,0.0
08_ratio_mr_plus_beta_corr_stability,8,2019-09-24 12:00:00+00:00,2019-10-26 00:00:00+00:00,8620.56640625,9244.97265625,LONG,0.4,0.4,0.028190039594000682,0.002289658007544994,0.001144829003772497,0.024702142508239655,1.4830913879728664,64,768,signal_flat,-0.13074287507391702,0.0724321605535454
08_ratio_mr_plus_beta_corr_stability,9,2019-11-22 12:00:00+00:00,2020-01-07 00:00:00+00:00,7296.57763671875,8163.6923828125,LONG,1.0,1.0,0.08723847911575966,0.0023532373994023166,0.0011766186997011583,0.08344790673890023,4.267071885224557,92,1104,signal_flat,-0.08991372841679646,0.11883855545237365
08_ratio_mr_plus_beta_corr_stability,10,2020-03-08 12:00:00+00:00,2020-04-23 00:00:00+00:00,8108.1162109375,7429.724609375,LONG,0.3250569908184151,0.3250569908184151,-0.30284819057857315,0.0020103493198611864,0.0010051746599305932,-0.305136384897551,-12.24592653813179,92,1104,signal_flat,-0.3869367487318299,0.0
08_ratio_mr_plus_beta_corr_stability,11,2021-05-12 12:00:00+00:00,2021-07-24 00:00:00+00:00,49150.53515625,34292.4453125,LONG,0.5280689077923157,0.5280689077923157,-0.17438151929391177,0.00278823939128692,0.00139411969564346,-0.17782693557326845,-4.637525128116417,146,1752,signal_flat,-0.3935498858457559,0.014852330654779644
08_ratio_mr_plus_beta_corr_stability,12,2021-12-04 12:00:00+00:00,2022-02-07 00:00:00+00:00,49200.703125,43840.28515625,LONG,0.6645391909725191,0.6645391909725191,0.034474633019189405,0.004820524561191511,0.0024102622805957557,0.026983491128373505,0.8855577137753075,130,1560,signal_flat,-0.28801322389638107,0.03295668729327739
08_ratio_mr_plus_beta_corr_stability,13,2022-05-08 12:00:00+00:00,2022-07-18 00:00:00+00:00,34059.265625,22485.689453125,LONG,0.6738968808799469,0.6738968808799469,-0.0612572645244438,0.0027691633530484085,0.0013845816765242042,-0.06514885482382837,-2.168195138594548,142,1704,signal_flat,-0.4416308681604171,0.0
08_ratio_mr_plus_beta_corr_stability,14,2022-09-06 12:00:00+00:00,2022-09-09 00:00:00+00:00,18837.66796875,21381.15234375,LONG,1.0,1.0,0.1350154697004704,0.0008019730834777142,0.0004009865417388571,0.1337158443159534,7.028754780026393,6,72,signal_flat,0.0,0.13502119154129977
08_ratio_mr_plus_beta_corr_stability,15,2022-11-08 12:00:00+00:00,2023-01-11 00:00:00+00:00,18541.271484375,17934.896484375,LONG,0.3748352932612385,0.3748352932612385,0.02258385847958433,0.0016746743130551054,0.0008373371565275527,0.020035008754574424,0.9271887532594828,128,1536,signal_flat,-0.14853281809763286,0.0
08_ratio_mr_plus_beta_corr_stability,16,2023-06-14 12:00:00+00:00,2023-06-20 00:00:00+00:00,25124.67578125,28327.48828125,LONG,1.0,1.0,0.12747676936751562,0.0008,0.0004,0.12615944115741273,7.175781427753353,12,144,signal_flat,0.0,0.12747676936751517
08_ratio_mr_plus_beta_corr_stability,17,2023-08-19 00:00:00+00:00,2023-09-27 00:00:00+00:00,26096.205078125,26352.716796875,LONG,0.4,0.4,-0.013834035746654982,0.0012799999999999999,0.0006399999999999999,-0.015744760012477932,-1.3226659438611117,79,948,signal_flat,-0.03577343059863303,0.06250669379385498
08_ratio_mr_plus_beta_corr_stability,18,2024-05-01 12:00:00+00:00,2024-05-20 00:00:00+00:00,58254.01171875,71448.1953125,LONG,1.0,1.0,0.16513167838401266,0.0013432979702281626,0.0006716489851140813,0.16284519427126298,8.965396436708168,38,456,signal_flat,0.0,0.22649399079073618
08_ratio_mr_plus_beta_corr_stability,19,2024-07-04 12:00:00+00:00,2024-07-19 00:00:00+00:00,56977.703125,66710.15625,LONG,0.9795967396963327,0.9795967396963327,0.17313142208603427,0.0010819913914309484,0.0005409956957154742,0.17126582076097807,8.285451226763145,30,360,signal_flat,-0.019807638569144248,0.1708116085979905
08_ratio_mr_plus_beta_corr_stability,20,2024-08-05 12:00:00+00:00,2024-08-23 00:00:00+00:00,53991.45703125,64094.35546875,LONG,0.3428734542835396,0.3428734542835396,0.18520659915311843,0.0015781004029767928,0.0007890502014883964,0.18248465158687277,7.724997509179566,36,432,signal_flat,0.0,0.18712031482411162
08_ratio_mr_plus_beta_corr_stability,21,2024-09-06 12:00:00+00:00,2024-09-19 00:00:00+00:00,53948.75390625,62940.45703125,LONG,1.0,1.0,0.13832744289888255,0.0008973697017294952,0.0004486848508647476,0.13681470471268597,7.127937519472578,26,312,signal_flat,0.0,0.16667119208398073
08_ratio_mr_plus_beta_corr_stability,22,2025-02-04 12:00:00+00:00,2025-04-23 00:00:00+00:00,97871.8203125,93699.109375,LONG,1.0,1.0,-0.07724704601692733,0.0026011145860554245,0.0013005572930277123,-0.08083092775061063,-4.650085356445727,156,1872,signal_flat,-0.2206954679961266,0.004721657224975306
08_ratio_mr_plus_beta_corr_stability,23,2025-08-29 12:00:00+00:00,2026-01-13 00:00:00+00:00,108410.8359375,95321.78125,LONG,1.0,1.0,-0.11795768439942267,0.0013109302262843882,0.0006554651131421941,-0.11967085023698731,-7.059822198165518,274,3288,signal_flat,-0.21918912770121357,0.1507385785856421
08_ratio_mr_plus_beta_corr_stability,24,2026-01-20 12:00:00+00:00,2026-03-16 00:00:00+00:00,88310.90625,74861.0859375,LONG,0.4,0.4,-0.11883938565975194,0.0019294999748443898,0.0009647499874221949,-0.12142629513679759,-8.554294850637712,110,1320,signal_flat,-0.2899846653283552,0.013508736357237927
09_residual_spread_stationary_only,1,2016-11-28 00:00:00+00:00,2016-12-22 00:00:00+00:00,735.81298828125,864.5399780273438,LONG,1.0,1.0,0.174945253476404,0.0008,0.0004,0.173560401257975,14.852081941244043,49,588,signal_flat,-0.00028401832847246844,0.17494525347640422
09_residual_spread_stationary_only,2,2018-11-14 12:00:00+00:00,2018-11-18 00:00:00+00:00,5738.35009765625,5623.5400390625,LONG,1.0,1.0,-0.02000750331365131,0.0008,0.0004,-0.021175909283552397,-1.705914532384595,8,96,signal_flat,-0.03206845459052954,0.0
09_residual_spread_stationary_only,3,2020-09-03 12:00:00+00:00,2020-09-14 00:00:00+00:00,10245.296875,10680.837890625,LONG,0.8887866438551938,0.8887866438551938,0.03715268704495145,0.0007855388761898094,0.0003927694380949047,0.03594622481054999,1.5777890572621414,22,264,signal_flat,-0.011105610196141869,0.04251131235521166
09_residual_spread_stationary_only,4,2021-06-17 12:00:00+00:00,2021-06-23 00:00:00+00:00,38053.50390625,33723.02734375,LONG,0.5058096806215158,0.5058096806215158,-0.06217914982881545,0.00043403389979095313,0.00021701694989547656,-0.06278648917605811,-1.5683806310111914,12,144,signal_flat,-0.1675748588772572,0.0
09_residual_spread_stationary_only,5,2023-05-03 12:00:00+00:00,2023-05-08 00:00:00+00:00,29006.30859375,27694.2734375,LONG,1.0,1.0,-0.045232751765341916,0.0008,0.0004,-0.046393854608565044,-2.7636193474052737,10,120,signal_flat,-0.04523275176534203,0.018205562771568484
09_residual_spread_stationary_only,6,2024-04-02 12:00:00+00:00,2024-04-08 00:00:00+00:00,65446.97265625,71631.359375,LONG,0.7024536773020289,0.7024536773020289,0.08735144319139354,0.0008329265329286789,0.00041646326646433947,0.08601541810445767,2.9839540351651705,12,144,signal_flat,0.0,0.09449461858583619
10_clean_combo_momo_regime_ratio_overlay,1,2015-07-20 12:00:00+00:00,2015-08-16 12:00:00+00:00,278.9809875488281,258.5069885253906,LONG,0.5067126231871614,0.5067126231871614,-0.07867991644873484,0.0016943492709499631,0.0008471746354749816,-0.08101304399067966,-3.3788083422014483,55,660,signal_flat,-0.07338851010359293,0.055365831700604495
10_clean_combo_momo_regime_ratio_overlay,2,2015-10-28 12:00:00+00:00,2016-01-19 12:00:00+00:00,304.6180114746094,380.14898681640625,LONG,0.29992896976465055,0.29992896976465055,0.23035178002824508,0.0061177345039863905,0.0030588672519931952,0.21914893439858618,10.82018430123615,167,2004,signal_flat,0.0,0.5275558137608107
10_clean_combo_momo_regime_ratio_overlay,3,2016-02-24 12:00:00+00:00,2016-03-31 00:00:00+00:00,424.9549865722656,416.72900390625,LONG,0.5,0.5,-0.00895185423509881,0.0016,0.0008,-0.011328059433648785,-0.6451355289325046,72,864,signal_flat,-0.057382499367142126,0.029984362572868406
10_clean_combo_momo_regime_ratio_overlay,4,2016-04-11 00:00:00+00:00,2016-07-25 00:00:00+00:00,422.4830017089844,654.0969848632812,LONG,0.5,0.5,0.29443157942843357,0.0056819177411629885,0.0028409588705814942,0.283488408763106,63.46041822413253,211,2532,signal_flat,0.0,0.8138196810253857
10_clean_combo_momo_regime_ratio_overlay,5,2016-09-13 12:00:00+00:00,2017-01-26 00:00:00+00:00,609.2410278320312,917.5859985351562,LONG,1.0,1.0,0.37127169427267037,0.018771090533927413,0.009385545266963707,0.3333409427242633,32.24785883728261,270,3240,signal_flat,-0.021244554466852472,0.8953582042526376
10_clean_combo_momo_regime_ratio_overlay,6,2017-02-01 12:00:00+00:00,2017-03-27 00:00:00+00:00,989.0230102539062,1045.77001953125,LONG,1.0,1.0,0.08316922751186295,0.004870508927159494,0.002435254463579747,0.07527550290766971,5.400531730080391,108,1296,signal_flat,-0.05207461321798179,0.28914087641606434
10_clean_combo_momo_regime_ratio_overlay,7,2017-04-17 12:00:00+00:00,2017-07-12 00:00:00+00:00,1193.9100341796875,2398.840087890625,LONG,0.5,0.5,0.28960634916305095,0.006401971084417077,0.0032009855422085384,0.27735899256557195,25.319116444387557,172,2064,signal_flat,0.0,1.4776658397500908
10_clean_combo_momo_regime_ratio_overlay,8,2017-08-02 12:00:00+00:00,2017-09-22 12:00:00+00:00,2710.669921875,3630.699951171875,LONG,0.19829439207322105,0.19829439207322105,0.01052797525843574,0.00208749328313646,0.00104374664156823,0.007374716124938896,0.14443879926582226,103,1236,signal_flat,0.0,0.8047235209815378
10_clean_combo_momo_regime_ratio_overlay,9,2017-10-11 00:00:00+00:00,2018-01-16 00:00:00+00:00,4826.47998046875,11490.5,LONG,1.0,1.0,0.44028969392355455,0.00689398540874874,0.00344699270437437,0.4255378700586874,24.556973969159415,195,2340,signal_flat,0.0,3.039672902306621
10_clean_combo_momo_regime_ratio_overlay,10,2018-03-04 00:00:00+00:00,2018-03-21 00:00:00+00:00,11512.599609375,8929.2802734375,LONG,0.5247714708046128,0.5247714708046128,-0.13519741714268452,0.0007900323692530338,0.0003950161846265169,-0.13621978170163918,-3.530274945395509,35,420,signal_flat,-0.3123290871363593,0.005272501204946822
10_clean_combo_momo_regime_ratio_overlay,11,2019-04-24 00:00:00+00:00,2019-07-29 12:00:00+00:00,5464.86669921875,9519.1455078125,LONG,0.6,0.6,0.26017280936630716,0.00533096975740587,0.002665484878702935,0.2501553524660056,16.44717831533381,194,2328,signal_flat,-0.04654296037177108,1.3818021850694517
10_clean_combo_momo_regime_ratio_overlay,12,2019-08-17 12:00:00+00:00,2019-08-28 12:00:00+00:00,10231.744140625,9754.4228515625,LONG,0.3502363401965926,0.3502363401965926,-0.018906837192991133,0.00038961359128070704,0.00019480679564035352,-0.019480634614793435,-0.6738953137681144,23,276,signal_flat,-0.04665101887832612,0.06688102838649557
10_clean_combo_momo_regime_ratio_overlay,13,2020-02-19 00:00:00+00:00,2020-03-06 00:00:00+00:00,9633.38671875,9122.5458984375,LONG,0.4547687025893262,0.4547687025893262,-0.011501102829137189,0.0008381549660336119,0.0004190774830168059,-0.012736317332189273,-0.5720876460330248,33,396,signal_flat,-0.11116885976383406,0.030220826252449706
10_clean_combo_momo_regime_ratio_overlay,14,2020-05-21 00:00:00+00:00,2020-06-29 00:00:00+00:00,9081.76171875,9190.8544921875,LONG,0.33797967235109777,0.33797967235109777,0.017562856078463973,0.0018169639629360853,0.0009084819814680426,0.014804205809740623,0.4942012326158883,79,948,signal_flat,-0.032085575873004424,0.11952602034210913
10_clean_combo_momo_regime_ratio_overlay,15,2020-07-27 00:00:00+00:00,2020-09-09 00:00:00+00:00,10990.873046875,10242.34765625,LONG,0.5,0.5,-0.07517346315733953,0.00444776627183873,0.002223883135919365,-0.08133480081578437,-5.2312292821075985,89,1068,signal_flat,-0.0781881877488193,0.11496168607226842
10_clean_combo_momo_regime_ratio_overlay,16,2020-10-13 12:00:00+00:00,2021-04-27 12:00:00+00:00,11425.8994140625,55033.1171875,LONG,0.5,0.5,1.0097221021072218,0.01569257262570162,0.00784628631285081,0.9631677316651437,81.33753082950665,393,4716,signal_flat,-0.009082555641945933,4.5578519230698555
10_clean_combo_momo_regime_ratio_overlay,17,2021-09-15 12:00:00+00:00,2021-09-23 00:00:00+00:00,48176.34765625,44895.09765625,LONG,0.7783296085655852,0.7783296085655852,-0.050123421050949135,0.0007382239509750252,0.0003691119754875126,-0.05117289874412945,-1.966987973184943,16,192,signal_flat,-0.1553183717535146,0.0021175458490110266
10_clean_combo_momo_regime_ratio_overlay,18,2021-10-11 12:00:00+00:00,2021-11-27 12:00:00+00:00,57484.7890625,54815.078125,LONG,0.37166501697393534,0.37166501697393534,-0.0064332074349736645,0.004190207132572631,0.0020951035662863157,-0.012654032669883741,-0.3871038760473221,95,1140,signal_flat,-0.06810538059456761,0.17538620610642508
10_clean_combo_momo_regime_ratio_overlay,19,2023-02-07 00:00:00+00:00,2023-03-10 12:00:00+00:00,23264.291015625,20187.244140625,LONG,1.0,1.0,-0.10230630934001972,0.002081921538381463,0.0010409607691907316,-0.10510925055910358,-7.272919047104965,64,768,signal_flat,-0.13226480329589074,0.067264350365287
10_clean_combo_momo_regime_ratio_overlay,20,2023-03-19 12:00:00+00:00,2023-05-08 12:00:00+00:00,28038.67578125,27694.2734375,LONG,0.16748495822071466,0.16748495822071466,0.05435639649171353,0.002808963344947639,0.0014044816724738194,0.0499205117345034,1.3763589684608941,101,1212,signal_flat,-0.0320552623949536,0.08727314572881406
10_clean_combo_momo_regime_ratio_overlay,21,2023-06-25 00:00:00+00:00,2023-08-03 12:00:00+00:00,30480.26171875,29178.6796875,LONG,0.6,0.6,-0.019030617541290873,0.003279718898873754,0.001639859449436877,-0.0238352504570033,-1.2583899107166994,80,960,signal_flat,-0.04357911184069296,0.032669900231284466
10_clean_combo_momo_regime_ratio_overlay,22,2023-10-30 00:00:00+00:00,2024-01-24 12:00:00+00:00,34502.36328125,40077.07421875,LONG,0.3,0.3,0.07813697503639783,0.0077069910786859725,0.0038534955393429863,0.06577758737709649,3.731674864042895,174,2088,signal_flat,0.0,0.3613706262195582
10_clean_combo_momo_regime_ratio_overlay,23,2024-02-11 12:00:00+00:00,2024-04-19 00:00:00+00:00,48293.91796875,63843.5703125,LONG,0.3,0.3,0.13219015322663674,0.003971702771512523,0.0019858513857562614,0.12549778623402918,8.707330447858082,136,1632,signal_flat,0.0,0.5133065005678525
10_clean_combo_momo_regime_ratio_overlay,24,2024-05-25 00:00:00+00:00,2024-06-25 12:00:00+00:00,69265.9453125,61804.640625,LONG,0.4228632950996083,0.4228632950996083,-0.08019714126027655,0.0029600281332795055,0.0014800140666397527,-0.08428929414503106,-3.5204690956027735,64,768,signal_flat,-0.1297684050863288,0.02623042234972739
10_clean_combo_momo_regime_ratio_overlay,25,2024-07-28 00:00:00+00:00,2024-08-10 12:00:00+00:00,68255.8671875,60945.8125,LONG,0.5,0.5,-0.009422570486324111,0.0006961765424757162,0.0003480882712378581,-0.010437683039073442,-0.6083588720362794,28,336,signal_flat,-0.2089843810359251,0.0
10_clean_combo_momo_regime_ratio_overlay,26,2024-10-28 00:00:00+00:00,2025-01-05 00:00:00+00:00,69907.7578125,98314.9609375,LONG,0.5,0.5,0.23406931101022077,0.0062946736398012924,0.0031473368199006462,0.22251885641582803,16.72568352832706,139,1668,signal_flat,-0.029985942413177757,0.5182950345393758
10_clean_combo_momo_regime_ratio_overlay,27,2025-01-21 00:00:00+00:00,2025-02-16 00:00:00+00:00,106146.265625,96175.03125,LONG,0.5,0.5,-0.04269179175538251,0.0005600000000000001,0.00028000000000000003,-0.04349858942011764,-2.239947786162056,53,636,signal_flat,-0.09796704458956329,0.0
10_clean_combo_momo_regime_ratio_overlay,28,2025-05-22 12:00:00+00:00,2025-06-29 12:00:00+00:00,111673.28125,108385.5703125,LONG,0.3,0.3,0.01928489296812952,0.00296,0.00148,0.014780069333676371,1.2941551228803807,77,924,signal_flat,-0.09569111344617176,0.0
10_clean_combo_momo_regime_ratio_overlay,29,2025-07-08 12:00:00+00:00,2025-08-25 12:00:00+00:00,108950.2734375,110124.3515625,LONG,1.0,1.0,0.032860042964093505,0.00496,0.00248,0.025219890416126267,2.6776559937958826,97,1164,signal_flat,0.0,0.13211338171406317
10_clean_combo_momo_regime_ratio_overlay,30,2025-09-27 00:00:00+00:00,2025-10-23 12:00:00+00:00,109681.9453125,110069.7265625,LONG,0.5,0.5,0.004058941789043091,0.0004596037640032735,0.00022980188200163676,0.003367060658711951,0.37158584693365876,54,648,signal_flat,-0.02930433300432811,0.13740261347992755
11_vol_expansion_breakout,1,2015-05-03 00:00:00+00:00,2015-05-11 00:00:00+00:00,240.3580017089844,242.1580047607422,LONG,0.9350833919200221,0.9350833919200221,0.007146688366839848,0.0008805575537293216,0.0004402787768646608,0.005822241183604193,0.2688677230974326,17,204,signal_flat,-0.044001048241053775,0.014582434776006181
11_vol_expansion_breakout,2,2015-06-16 00:00:00+00:00,2015-07-25 12:00:00+00:00,250.89500427246097,288.6969909667969,LONG,1.0,1.0,0.1701936446725998,0.0010373360668967852,0.0005186680334483926,0.1683787862516568,15.949367465994566,80,960,signal_flat,-0.04137190739573393,0.23903226090920215
11_vol_expansion_breakout,3,2015-10-16 00:00:00+00:00,2015-11-19 00:00:00+00:00,262.8689880371094,326.14898681640625,LONG,1.0,1.0,0.31964645294051963,0.0009339858184386908,0.0004669929092193454,0.31781307672267967,29.208763623075427,69,828,signal_flat,-0.004663854322148331,0.5656582062207711
11_vol_expansion_breakout,4,2015-12-08 00:00:00+00:00,2015-12-10 00:00:00+00:00,415.56298828125,415.47900390625,LONG,0.7637708230404519,0.7637708230404519,-0.000375805206803248,0.0006470757160915471,0.00032353785804577353,-0.001347672621958118,-0.05083298388642898,5,60,signal_flat,-0.00020209782239599683,0.0048127481426387675
11_vol_expansion_breakout,5,2015-12-11 00:00:00+00:00,2015-12-25 00:00:00+00:00,451.93798828125,455.6530151367187,LONG,0.802049763722317,0.802049763722317,0.0074052345858854896,0.0009370986404142077,0.00046854932020710385,0.005987688653910972,0.23716940228853128,29,348,signal_flat,-0.04023335915528714,0.029612527537115074
11_vol_expansion_breakout,6,2016-04-20 00:00:00+00:00,2016-05-11 00:00:00+00:00,441.3890075683594,452.7279968261719,LONG,1.0,1.0,0.025689333135592518,0.0008,0.0004,0.02446136537922805,4.150238279455446,43,516,signal_flat,0.0,0.05595966656606821
11_vol_expansion_breakout,7,2016-05-27 00:00:00+00:00,2016-06-11 12:00:00+00:00,473.4639892578125,606.7269897460938,LONG,1.0,1.0,0.28006416898066133,0.0009213026716098334,0.0004606513358049167,0.27829927303768764,27.037136657740724,32,384,signal_flat,0.0,0.2814638568335053
11_vol_expansion_breakout,8,2016-06-12 00:00:00+00:00,2016-07-06 00:00:00+00:00,672.7839965820312,677.3309936523438,LONG,0.8897303438896725,0.8897303438896725,0.02628703943095667,0.0009098560761478105,0.00045492803807390525,0.024890685624701092,1.0936878709281546,49,588,signal_flat,-0.11395629078500535,0.13901042131135632
11_vol_expansion_breakout,9,2016-09-04 00:00:00+00:00,2016-09-17 00:00:00+00:00,608.6339721679688,605.9840087890625,LONG,1.0,1.0,-0.0043539524576112765,0.0008,0.0004,-0.005549343680796404,-0.5999816387563794,27,324,signal_flat,-0.004353952457610943,0.0290519551068662
11_vol_expansion_breakout,10,2016-10-11 00:00:00+00:00,2016-11-15 00:00:00+00:00,641.072021484375,711.6190185546875,LONG,1.0,1.0,0.10999384697063497,0.0008472353828102414,0.0004236176914051207,0.10859070354555223,17.790372045475387,71,852,signal_flat,-0.01645993211291963,0.1556095955908816
11_vol_expansion_breakout,11,2016-11-16 00:00:00+00:00,2016-11-17 00:00:00+00:00,744.197998046875,740.9769897460938,LONG,1.0,1.0,-0.004328160394457825,0.0008,0.0004,-0.005525203498221276,-0.3291955328429855,3,36,signal_flat,-0.004328160394457825,0.0
11_vol_expansion_breakout,12,2016-12-22 00:00:00+00:00,2017-01-11 00:00:00+00:00,864.5399780273438,777.7570190429688,LONG,1.0,1.0,0.03340575712261118,0.0008540396844452856,0.0004270198422226428,0.03205420356978439,3.2370197793573263,41,492,signal_flat,-0.10038050430286782,0.33565828049218105
11_vol_expansion_breakout,13,2017-02-21 00:00:00+00:00,2017-03-17 00:00:00+00:00,1115.300048828125,1100.22998046875,LONG,1.0,1.0,-0.0030236408451665975,0.0008724746234019807,0.00043623731170099034,-0.004357660356823501,-0.26053045165177147,49,588,signal_flat,-0.013512120236352065,0.14318114804535376
11_vol_expansion_breakout,14,2017-04-30 00:00:00+00:00,2017-06-10 00:00:00+00:00,1347.8900146484375,2947.7099609375,LONG,1.0,1.0,0.7149283875537205,0.0010086267853263893,0.0005043133926631947,0.712359962884286,53.097575553199405,83,996,signal_flat,0.0,1.1869068906978546
11_vol_expansion_breakout,15,2017-07-20 00:00:00+00:00,2017-08-03 00:00:00+00:00,2817.60009765625,2804.72998046875,LONG,0.3381446388742862,0.3381446388742862,-0.0012324769964473514,0.0003667499425145773,0.00018337497125728866,-0.001778419181286628,-0.029698517734728758,29,348,signal_flat,-0.10226793600840145,0.02049261365457955
11_vol_expansion_breakout,16,2017-08-16 00:00:00+00:00,2017-08-19 00:00:00+00:00,4376.6298828125,4193.7001953125,LONG,0.44712234147372243,0.44712234147372243,-0.019300649588158914,0.00037203407515447724,0.00018601703757723862,-0.01984697145879044,-0.4382467963187127,7,84,signal_flat,-0.049355273671482625,0.0
11_vol_expansion_breakout,17,2017-10-20 00:00:00+00:00,2017-10-28 00:00:00+00:00,6011.4501953125,5753.08984375,LONG,0.6574585219031882,0.6574585219031882,-0.0417769909661464,0.0007962802990600188,0.0003981401495300094,-0.04292521114129488,-1.393730913602316,17,204,signal_flat,-0.08064777097742348,0.003351920366813088
11_vol_expansion_breakout,18,2017-10-31 00:00:00+00:00,2017-11-29 00:00:00+00:00,6468.39990234375,9888.6103515625,LONG,0.7329829682857609,0.7329829682857609,0.24017733462082336,0.0008268591267827255,0.00041342956339136274,0.2386431221646752,8.638551756642068,59,708,signal_flat,-0.08013265814582504,0.5550677070913335
11_vol_expansion_breakout,19,2017-12-06 00:00:00+00:00,2017-12-21 00:00:00+00:00,14291.5,15802.900390625,LONG,0.4276920501540536,0.4276920501540536,0.07628845730226241,0.0003966622689662446,0.0001983311344831223,0.07565189009077211,1.5978981525077376,31,372,signal_flat,0.0,0.3642654998163244
11_vol_expansion_breakout,20,2018-04-15 00:00:00+00:00,2018-04-18 00:00:00+00:00,8329.1103515625,8163.419921875,LONG,0.5555575109116156,0.5555575109116156,-0.00950461682821846,0.00047784138831959985,0.00023892069415979992,-0.010207841267613316,-0.28006643646512847,7,84,signal_flat,-0.051268441620826,0.0
11_vol_expansion_breakout,21,2018-04-24 00:00:00+00:00,2018-05-08 00:00:00+00:00,9697.5,9234.8203125,LONG,0.5774373370629642,0.5774373370629642,-0.02972594549829355,0.0006662352949674337,0.00033311764748371683,-0.03069866341762506,-0.875432091861456,29,348,signal_flat,-0.0878329224671307,0.016566165571023417
11_vol_expansion_breakout,22,2018-07-17 00:00:00+00:00,2018-08-06 00:00:00+00:00,7321.0400390625,6951.7998046875,LONG,0.8580363998683714,0.8580363998683714,-0.0374970430932402,0.0009459388012856668,0.0004729694006428334,-0.038868397440170344,-1.6470260977908002,41,492,signal_flat,-0.05043548900222694,0.15069300076233083
11_vol_expansion_breakout,23,2019-02-09 00:00:00+00:00,2019-03-09 00:00:00+00:00,3671.20361328125,3963.313720703125,LONG,1.0,1.0,0.07956793961661801,0.0008,0.0004,0.07828300331859772,5.492876444073376,57,684,signal_flat,-0.014796987481088597,0.1283838467804952
11_vol_expansion_breakout,24,2019-04-02 00:00:00+00:00,2019-04-17 00:00:00+00:00,4879.8779296875,5251.93798828125,LONG,1.0,1.0,0.06905249145554349,0.0010569993801271909,0.0005284996900635954,0.06736434787183754,3.4665630301824137,31,372,signal_flat,0.0,0.0911239655032674
11_vol_expansion_breakout,25,2019-05-03 00:00:00+00:00,2019-05-28 12:00:00+00:00,5768.28955078125,8719.9619140625,LONG,1.0,1.0,0.40418606136725743,0.0009825645704022868,0.0004912822852011434,0.4021546965228273,22.843840927254245,52,624,signal_flat,-0.0037242273789966918,0.5265839626791717
11_vol_expansion_breakout,26,2019-06-21 00:00:00+00:00,2019-07-12 00:00:00+00:00,10144.556640625,11815.986328125,LONG,0.7124660243312797,0.7124660243312797,0.1297799281208858,0.0007264698134542933,0.00036323490672714664,0.12855710617170324,4.523331121597035,43,516,signal_flat,0.0,0.283075437046461
11_vol_expansion_breakout,27,2019-10-25 00:00:00+00:00,2019-11-08 00:00:00+00:00,8660.7001953125,8804.880859375,LONG,0.7987896265602864,0.7987896265602864,0.018536110040610954,0.0007800297908787923,0.00039001489543939613,0.01733248133751908,0.6837404783438622,29,348,signal_flat,0.0,0.10288020926064978
11_vol_expansion_breakout,28,2020-01-07 00:00:00+00:00,2020-01-24 00:00:00+00:00,8163.6923828125,8445.4345703125,LONG,1.0,1.0,0.027901946884429263,0.0010912337617783993,0.0005456168808891997,0.026231855749214716,1.4232869504479353,35,420,signal_flat,-0.034864259994562,0.09543674288583182
11_vol_expansion_breakout,29,2020-02-05 00:00:00+00:00,2020-02-14 00:00:00+00:00,9613.423828125,10312.1162109375,LONG,1.0,1.0,0.07267882861550379,0.0008,0.0004,0.07139809651634565,3.6254884928238766,19,228,signal_flat,0.0,0.07412872584376551
11_vol_expansion_breakout,30,2020-04-29 00:00:00+00:00,2020-05-24 00:00:00+00:00,8801.0380859375,8790.3681640625,LONG,0.6998299893989698,0.6998299893989698,0.012128102414239006,0.0009468575291715479,0.00047342876458577395,0.010676468751099621,0.368993160468866,51,612,signal_flat,-0.02263848713691552,0.13072099649111446
11_vol_expansion_breakout,31,2020-07-27 00:00:00+00:00,2020-08-15 00:00:00+00:00,10990.873046875,11865.6982421875,LONG,1.0,1.0,0.06517909552644796,0.0010898383510181435,0.0005449191755090717,0.06343980992114284,4.080272994858285,39,468,signal_flat,-0.007101328925793737,0.08072500496239154
11_vol_expansion_breakout,32,2020-10-19 00:00:00+00:00,2020-11-22 00:00:00+00:00,11742.037109375,18370.001953125,LONG,1.0,1.0,0.5122172508638485,0.0011869718581211642,0.0005934859290605821,0.5095276113430272,41.18611473235686,69,828,signal_flat,0.0,0.5876489103403353
11_vol_expansion_breakout,33,2020-11-30 00:00:00+00:00,2020-12-14 00:00:00+00:00,19625.8359375,19246.64453125,LONG,0.6835022885919196,0.6835022885919196,-0.006616527860124788,0.0006940857851252538,0.0003470428925626269,-0.007649146038522958,-0.258196921361619,29,348,signal_flat,-0.07984024963904801,0.0
11_vol_expansion_breakout,34,2020-12-17 00:00:00+00:00,2021-01-26 00:00:00+00:00,22805.162109375,32569.849609375,LONG,0.6970829413214618,0.6970829413214618,0.2902766707161546,0.0009470584851434035,0.00047352924257170175,0.28845465076256427,9.930248906667613,81,972,signal_flat,-9.121084581742434e-05,0.7889637959744413
11_vol_expansion_breakout,35,2021-02-08 00:00:00+00:00,2021-02-22 00:00:00+00:00,46196.46484375,54207.3203125,LONG,0.4481360089854547,0.4481360089854547,0.09149871415873423,0.000459852301113693,0.0002299261505568465,0.0907382034165729,2.0081592598523588,29,348,signal_flat,-0.027670542634020245,0.24554866930006392
11_vol_expansion_breakout,36,2021-05-08 00:00:00+00:00,2021-05-15 00:00:00+00:00,58803.77734375,46760.1875,LONG,0.5859055070721824,0.5859055070721824,-0.13903554955875796,0.0006380083635988763,0.00031900418179943814,-0.13988246300844187,-4.047519824961498,15,180,signal_flat,-0.2048097994342546,0.0
11_vol_expansion_breakout,37,2021-07-25 00:00:00+00:00,2021-08-18 00:00:00+00:00,35350.1875,44801.1875,LONG,0.8279095320899738,0.8279095320899738,0.19296990141292492,0.0008917047797968611,0.00044585238989843054,0.19138297597875042,7.824999532853136,49,588,signal_flat,0.0,0.3519962323396446
11_vol_expansion_breakout,38,2021-10-06 00:00:00+00:00,2021-10-14 00:00:00+00:00,55361.44921875,57321.5234375,LONG,0.605887908832981,0.605887908832981,0.02561219981513152,0.0005494281795220038,0.0002747140897610019,0.02476789672954327,0.741104666490648,17,204,signal_flat,-0.02809653406297008,0.038354123197895884
11_vol_expansion_breakout,39,2022-02-07 00:00:00+00:00,2022-02-18 00:00:00+00:00,43840.28515625,40030.9765625,LONG,0.944628524143844,0.944628524143844,-0.07516619345967779,0.0008663836347991435,0.00043319181739957173,-0.07637726093694508,-3.563061092925912,23,276,signal_flat,-0.08689059800075072,0.01676353076013748
11_vol_expansion_breakout,40,2022-07-18 00:00:00+00:00,2022-08-01 00:00:00+00:00,22485.689453125,23314.19921875,LONG,0.7314837554162402,0.7314837554162402,0.03167396044748805,0.0008107469021936161,0.00040537345109680807,0.03042284134966544,1.0990123998410677,29,348,signal_flat,-0.05541015540005345,0.06040274052776451
11_vol_expansion_breakout,41,2022-09-10 00:00:00+00:00,2022-09-21 00:00:00+00:00,21680.5390625,18547.400390625,LONG,0.8752618827689456,0.8752618827689456,-0.120489591703133,0.0008056752891674438,0.0004028376445837219,-0.12156691065524883,-5.254743597781182,23,276,signal_flat,-0.1445138731487664,0.031821632952075074
11_vol_expansion_breakout,42,2022-10-26 00:00:00+00:00,2022-11-08 00:00:00+00:00,20770.44140625,18541.271484375,LONG,1.0,1.0,-0.10732414772871524,0.0008,0.0004,-0.10845455392766146,-8.018788437776198,27,324,signal_flat,-0.10732414772871535,0.024662451316314282
11_vol_expansion_breakout,43,2023-01-12 00:00:00+00:00,2023-01-28 00:00:00+00:00,18869.587890625,23031.08984375,LONG,1.0,1.0,0.2163441655691163,0.0009719171934567073,0.00048595859672835367,0.2145800934492923,20.985087802380544,33,396,signal_flat,0.0,0.22513854086265828
11_vol_expansion_breakout,44,2023-02-15 00:00:00+00:00,2023-03-01 00:00:00+00:00,24307.841796875,23646.55078125,LONG,1.0,1.0,-0.024366108133747177,0.0009451692714003194,0.0004725846357001597,-0.025736392180369383,-1.3774996640587012,29,348,signal_flat,-0.047741312904183486,0.021446027375907173
11_vol_expansion_breakout,45,2023-03-14 00:00:00+00:00,2023-03-28 00:00:00+00:00,24746.07421875,27268.130859375,LONG,0.7191007890843587,0.7191007890843587,0.07161637202874904,0.0007606099530717802,0.0003803049765358901,0.07039877701810138,2.5000748646347453,29,348,signal_flat,-0.014956444322371198,0.14498859115121632
11_vol_expansion_breakout,46,2023-05-28 00:00:00+00:00,2023-06-05 00:00:00+00:00,28085.646484375,25760.09765625,LONG,1.0,1.0,-0.08280204016022141,0.0008,0.0004,-0.08393136205748453,-6.177805895663461,17,204,signal_flat,-0.08280204016022141,0.0
11_vol_expansion_breakout,47,2023-06-21 00:00:00+00:00,2023-07-02 00:00:00+00:00,30027.296875,30620.76953125,LONG,1.0,1.0,0.019814414764924182,0.0008059365744690452,0.0004029682872345226,0.01858262663642196,0.9908993721604331,23,276,signal_flat,-0.0038303689299371557,0.022252148695952156
11_vol_expansion_breakout,48,2023-10-01 00:00:00+00:00,2023-11-06 00:00:00+00:00,27983.75,35037.37109375,LONG,1.0,1.0,0.2514888782708875,0.0008332996551669245,0.00041664982758346226,0.24992484529585557,24.865827170036336,73,876,signal_flat,-0.043845130544512445,0.26635114687095185
11_vol_expansion_breakout,49,2023-11-15 00:00:00+00:00,2023-11-30 00:00:00+00:00,37880.58203125,37712.74609375,LONG,1.0,1.0,-0.006050953066479403,0.0009326515368203174,0.0004663257684101587,-0.007441091080193307,-0.49810495079349865,31,372,signal_flat,-0.054560131350278485,0.0
11_vol_expansion_breakout,50,2024-01-08 00:00:00+00:00,2024-01-14 00:00:00+00:00,46970.50390625,41796.26953125,LONG,0.9544426483214005,0.9544426483214005,-0.10659378516702767,0.000802345894462682,0.000401172947231341,-0.1076847976693931,-5.0757750592928215,13,156,signal_flat,-0.11015922642276577,0.0
11_vol_expansion_breakout,51,2024-02-12 00:00:00+00:00,2024-02-23 00:00:00+00:00,49958.22265625,50731.94921875,LONG,1.0,1.0,0.015487471758629079,0.0008,0.0004,0.014262374465718208,0.9672093219760994,23,276,signal_flat,-0.004319233922406296,0.04657195993058272
11_vol_expansion_breakout,52,2024-02-27 00:00:00+00:00,2024-04-02 00:00:00+00:00,57085.37109375,65446.97265625,LONG,1.0,1.0,0.11925482020468614,0.001183596927069978,0.000591798463534989,0.11725706534399483,7.0239375028446105,71,852,signal_flat,0.0,0.28024918818477396
11_vol_expansion_breakout,53,2024-05-15 00:00:00+00:00,2024-05-29 00:00:00+00:00,66267.4921875,67578.09375,LONG,0.832532808229042,0.832532808229042,0.025897325523175363,0.0008989891771608923,0.00044949458858044614,0.024517784351431038,1.0080468383780143,29,348,signal_flat,-0.01563225228621834,0.07817865070767271
11_vol_expansion_breakout,54,2024-07-15 00:00:00+00:00,2024-07-21 00:00:00+00:00,64870.15234375,68154.5234375,LONG,0.8131397280944802,0.8131397280944802,0.0519908529101738,0.0008561374654888364,0.0004280687327444182,0.05065139964464915,2.034017873112628,13,156,signal_flat,-0.013813532188911792,0.05062992724829685
11_vol_expansion_breakout,55,2024-09-18 00:00:00+00:00,2024-09-22 00:00:00+00:00,61649.6796875,63648.7109375,LONG,0.9535976510766843,0.9535976510766843,0.03139303823770234,0.0008,0.0004,0.030158665216082126,1.420284746520496,9,108,signal_flat,0.0,0.03242565509071604
11_vol_expansion_breakout,56,2024-10-14 00:00:00+00:00,2024-11-25 00:00:00+00:00,66046.125,93102.296875,LONG,1.0,1.0,0.3770042207443096,0.001143026374756929,0.0005715131873784645,0.37464595695898617,23.45367568770422,85,1020,signal_flat,0.0,0.49891706837456407
11_vol_expansion_breakout,57,2024-12-15 00:00:00+00:00,2024-12-22 00:00:00+00:00,104298.6953125,95104.9375,LONG,1.0,1.0,-0.08757913687219543,0.0008315109589262287,0.00041575547946311436,-0.08873001664200841,-4.753757128473607,15,180,signal_flat,-0.08814834917113434,0.017659916497337447
11_vol_expansion_breakout,58,2025-01-17 00:00:00+00:00,2025-01-29 00:00:00+00:00,104462.0390625,103703.2109375,LONG,1.0,1.0,-0.008062364326800742,0.000870784880365768,0.000435392440182884,-0.009345218805123179,-0.46590177411032435,25,300,signal_flat,-0.032283781915096066,0.01612285742854702
11_vol_expansion_breakout,59,2025-04-21 00:00:00+00:00,2025-04-23 00:00:00+00:00,87518.90625,93699.109375,LONG,0.882985944150539,0.882985944150539,0.06211138277304551,0.0007063887553204312,0.0003531943776602156,0.06099017958245878,2.659572516212752,5,60,signal_flat,0.0,0.07061563483604427
11_vol_expansion_breakout,60,2025-05-18 00:00:00+00:00,2025-05-22 00:00:00+00:00,106446.0078125,111673.28125,LONG,1.0,1.0,0.049107275556145025,0.0008,0.0004,0.04785996403882886,3.5605816870052354,9,108,signal_flat,-0.007889709931436006,0.049107275556145025
11_vol_expansion_breakout,61,2025-07-02 00:00:00+00:00,2025-07-07 00:00:00+00:00,108859.3203125,108299.8515625,LONG,1.0,1.0,-0.0051393739038047,0.0008,0.0004,-0.006337983533234115,-0.5164362635965366,11,132,signal_flat,-0.007578445030078651,0.007244728772290987
11_vol_expansion_breakout,62,2025-07-10 00:00:00+00:00,2025-07-21 00:00:00+00:00,115987.203125,117439.5390625,LONG,1.0,1.0,0.012521518739742055,0.0008,0.0004,0.011307574745945459,0.8824552841180604,23,276,signal_flat,0.0,0.033301087498742055
11_vol_expansion_breakout,63,2025-08-12 00:00:00+00:00,2025-08-21 00:00:00+00:00,120172.90625,112419.03125,LONG,1.0,1.0,-0.06452265524701017,0.0008,0.0004,-0.06565415093433646,-5.899960037770846,19,228,signal_flat,-0.06452265524700995,0.026388279596092357
11_vol_expansion_breakout,64,2025-10-01 00:00:00+00:00,2025-10-16 00:00:00+00:00,118648.9296875,108186.0390625,LONG,1.0,1.0,-0.08740264353939864,0.0008783006274425164,0.0004391503137212582,-0.08861737588317775,-6.4489088494821205,31,372,signal_flat,-0.08818360732420749,0.05144253368804752
11_vol_expansion_breakout,65,2026-01-13 00:00:00+00:00,2026-01-25 00:00:00+00:00,95321.78125,86572.21875,LONG,1.0,1.0,-0.09178975030956027,0.0008,0.0004,-0.09289524467431909,-7.513205770256863,25,300,signal_flat,-0.09178975030956005,0.016864423365986925
11_vol_expansion_breakout,66,2026-03-15 00:00:00+00:00,2026-03-18 00:00:00+00:00,72789.9140625,71245.578125,LONG,0.9045278202708192,0.9045278202708192,-0.02113587581970422,0.0007670805536007209,0.00038354027680036044,-0.02228065233321397,-0.9952861594095974,7,84,signal_flat,-0.021216345113060253,0.028454105238008953
11_vol_expansion_breakout,67,2026-04-13 00:00:00+00:00,2026-04-15 12:00:00+00:00,74484.640625,74143.4296875,LONG,1.0,1.0,-0.0045809570219700335,0.0004,0.0002,-0.005178208447756849,-0.29823406317853296,6,72,end_of_data,-0.0045809570219699225,0.0
12_squeeze_compression_expansion,1,2015-02-27 00:00:00+00:00,2015-02-27 12:00:00+00:00,253.8280029296875,253.8280029296875,LONG,0.6718233359693074,0.6718233359693074,0.0,0.0005374586687754459,0.00026872933438772296,-0.0008060255183890419,-0.02674250037803453,2,24,signal_flat,0.0,0.0
12_squeeze_compression_expansion,2,2015-02-28 00:00:00+00:00,2015-02-28 12:00:00+00:00,254.26300048828125,254.26300048828125,LONG,0.8572781919173345,0.8572781919173345,0.0,0.0006858225535338676,0.0003429112767669338,-0.0010284692569774156,-0.04354228581049333,2,24,signal_flat,0.0,0.0
12_squeeze_compression_expansion,3,2015-03-01 00:00:00+00:00,2015-03-01 12:00:00+00:00,260.2019958496094,260.2019958496094,LONG,1.0,1.0,0.0,0.0008,0.0004,-0.0011996400000000573,-0.06299356628288777,2,24,signal_flat,0.0,0.0
12_squeeze_compression_expansion,4,2015-03-02 00:00:00+00:00,2015-03-02 12:00:00+00:00,275.6700134277344,275.6700134277344,LONG,0.8807207789313755,0.8807207789313755,0.0,0.0007045766231451004,0.0003522883115725502,-0.0010565856938450358,-0.045955881698895855,2,24,signal_flat,0.0,0.0
12_squeeze_compression_expansion,5,2015-03-03 00:00:00+00:00,2015-03-03 12:00:00+00:00,281.7019958496094,281.7019958496094,LONG,0.9387161885157138,0.9387161885157138,0.0,0.0007509729508125711,0.00037548647540628554,-0.0011261421985090392,-0.05220663169343371,2,24,signal_flat,0.0,0.0
12_squeeze_compression_expansion,6,2015-03-10 00:00:00+00:00,2015-03-10 12:00:00+00:00,291.760009765625,291.760009765625,LONG,0.8669823441733971,0.8669823441733971,0.0,0.0006935858753387177,0.00034679293766935883,-0.0010401082159893216,-0.04453350875761217,2,24,signal_flat,0.0,0.0
12_squeeze_compression_expansion,7,2015-03-11 00:00:00+00:00,2015-03-11 12:00:00+00:00,296.3789978027344,296.3789978027344,LONG,0.8399264739176039,0.8399264739176039,0.0,0.0006719411791340831,0.00033597058956704156,-0.0010076577971678269,-0.04179770859598545,2,24,signal_flat,0.0,0.0
12_squeeze_compression_expansion,8,2015-04-03 00:00:00+00:00,2015-04-03 12:00:00+00:00,254.3220062255859,254.3220062255859,LONG,1.0,1.0,0.0,0.0008,0.0004,-0.0011996400000000573,-0.06080759219732453,2,24,signal_flat,0.0,0.0
12_squeeze_compression_expansion,9,2015-04-05 00:00:00+00:00,2015-04-05 12:00:00+00:00,260.5979919433594,260.5979919433594,LONG,1.0,1.0,0.0,0.0008,0.0004,-0.0011996400000000573,-0.06249174512164538,2,24,signal_flat,0.0,0.0
12_squeeze_compression_expansion,10,2015-05-24 00:00:00+00:00,2015-05-24 12:00:00+00:00,240.9530029296875,240.9530029296875,LONG,1.0,1.0,0.0,0.0008,0.0004,-0.0011996400000000573,-0.14349089785190908,2,24,signal_flat,0.0,0.0
12_squeeze_compression_expansion,11,2015-06-12 00:00:00+00:00,2015-06-12 12:00:00+00:00,229.98199462890625,229.98199462890625,LONG,1.0,1.0,0.0,0.0008,0.0004,-0.0011996400000000573,-0.1265576247077294,2,24,signal_flat,0.0,0.0
12_squeeze_compression_expansion,12,2015-06-13 00:00:00+00:00,2015-06-13 12:00:00+00:00,232.40199279785156,232.40199279785156,LONG,1.0,1.0,0.0,0.0008,0.0004,-0.0011996400000000573,-0.13182026950562156,2,24,signal_flat,0.0,0.0
12_squeeze_compression_expansion,13,2015-06-14 00:00:00+00:00,2015-06-14 12:00:00+00:00,233.54299926757812,233.54299926757812,LONG,1.0,1.0,0.0,0.0008,0.0004,-0.0011996400000000573,-0.14137540554633202,2,24,signal_flat,0.0,0.0
12_squeeze_compression_expansion,14,2015-06-15 00:00:00+00:00,2015-06-15 12:00:00+00:00,236.822998046875,236.822998046875,LONG,1.0,1.0,0.0,0.0008,0.0004,-0.0011996400000000573,-0.1658190810420082,2,24,signal_flat,0.0,0.0
12_squeeze_compression_expansion,15,2015-06-16 00:00:00+00:00,2015-06-26 00:00:00+00:00,250.89500427246097,243.593994140625,LONG,1.0,1.0,-0.02909986252220198,0.0008,0.0004,-0.03026269311452434,-2.8665773387437214,21,252,signal_flat,-0.04137190739573393,0.0
12_squeeze_compression_expansion,16,2015-07-24 00:00:00+00:00,2015-07-24 12:00:00+00:00,288.27801513671875,288.27801513671875,LONG,0.9177326719031436,0.9177326719031436,0.0,0.0007341861375225148,0.0003670930687612574,-0.0011009760023110715,-0.0498990388022468,2,24,signal_flat,0.0,0.0
12_squeeze_compression_expansion,17,2015-07-25 00:00:00+00:00,2015-07-25 12:00:00+00:00,288.6969909667969,288.6969909667969,LONG,1.0,1.0,0.0,0.0008,0.0004,-0.0011996400000000573,-0.059663626415176495,2,24,signal_flat,0.0,0.0
12_squeeze_compression_expansion,18,2015-07-26 00:00:00+00:00,2015-07-26 12:00:00+00:00,292.6860046386719,292.6860046386719,LONG,1.0,1.0,0.0,0.0008,0.0004,-0.0011996400000000573,-0.07154460101021637,2,24,signal_flat,0.0,0.0
12_squeeze_compression_expansion,19,2015-07-27 00:00:00+00:00,2015-07-27 12:00:00+00:00,293.6239929199219,293.6239929199219,LONG,1.0,1.0,0.0,0.0008,0.0004,-0.0011996400000000573,-0.0946541711592762,2,24,signal_flat,0.0,0.0
12_squeeze_compression_expansion,20,2015-07-28 00:00:00+00:00,2015-07-28 12:00:00+00:00,294.427001953125,294.427001953125,LONG,1.0,1.0,0.0,0.0008,0.0004,-0.0011996400000000573,-0.10212587055846731,2,24,signal_flat,0.0,0.0
12_squeeze_compression_expansion,21,2015-09-05 00:00:00+00:00,2015-09-05 12:00:00+00:00,235.0189971923828,235.0189971923828,LONG,1.0,1.0,0.0,0.0008,0.0004,-0.0011996400000000573,-0.06287889925718639,2,24,signal_flat,0.0,0.0
12_squeeze_compression_expansion,22,2015-09-06 00:00:00+00:00,2015-09-06 12:00:00+00:00,239.83999633789065,239.83999633789065,LONG,1.0,1.0,0.0,0.0008,0.0004,-0.0011996400000000573,-0.0604193536729514,2,24,signal_flat,0.0,0.0
12_squeeze_compression_expansion,23,2015-09-07 00:00:00+00:00,2015-09-07 12:00:00+00:00,239.8470001220703,239.8470001220703,LONG,1.0,1.0,0.0,0.0008,0.0004,-0.0011996400000000573,-0.08374775619647935,2,24,signal_flat,0.0,0.0
12_squeeze_compression_expansion,24,2015-09-08 00:00:00+00:00,2015-09-08 12:00:00+00:00,243.60699462890625,243.60699462890625,LONG,1.0,1.0,0.0,0.0008,0.0004,-0.0011996400000000573,-0.10277206900877806,2,24,signal_flat,0.0,0.0
12_squeeze_compression_expansion,25,2015-09-24 00:00:00+00:00,2015-09-24 12:00:00+00:00,234.5290069580078,234.5290069580078,LONG,1.0,1.0,0.0,0.0008,0.0004,-0.0011996400000000573,-0.1269446329921433,2,24,signal_flat,0.0,0.0
12_squeeze_compression_expansion,26,2015-09-25 00:00:00+00:00,2015-09-25 12:00:00+00:00,235.1439971923828,235.1439971923828,LONG,1.0,1.0,0.0,0.0008,0.0004,-0.0011996400000000573,-0.13111976720477253,2,24,signal_flat,0.0,0.0
12_squeeze_compression_expansion,27,2015-09-28 00:00:00+00:00,2015-10-04 00:00:00+00:00,239.1419982910156,238.25900268554688,LONG,1.0,1.0,-0.003692348528400835,0.0008,0.0004,-0.004888740037604755,-0.5486202919849729,13,156,signal_flat,-0.012887743493183113,0.0
12_squeeze_compression_expansion,28,2015-10-05 00:00:00+00:00,2015-10-08 00:00:00+00:00,240.38299560546875,242.3040008544922,LONG,1.0,1.0,0.007991435684478798,0.0008,0.0004,0.00678055000004818,0.8406560416586154,7,84,signal_flat,0.0,0.023628992226607748
12_squeeze_compression_expansion,29,2015-10-11 00:00:00+00:00,2015-10-11 12:00:00+00:00,247.0500030517578,247.0500030517578,LONG,1.0,1.0,0.0,0.0008,0.0004,-0.0011996400000000573,-0.1364543901336207,2,24,signal_flat,0.0,0.0
12_squeeze_compression_expansion,30,2015-10-13 00:00:00+00:00,2015-11-11 00:00:00+00:00,249.50799560546875,311.0840148925781,LONG,1.0,1.0,0.3687156478610616,0.0008000000000000001,0.0004000000000000001,0.3670837062135155,46.90918282624815,59,708,signal_flat,0.0,0.6494981945669933
12_squeeze_compression_expansion,31,2015-11-26 00:00:00+00:00,2015-11-26 12:00:00+00:00,352.6839904785156,352.6839904785156,LONG,1.0,1.0,0.0,0.0008,0.0004,-0.0011996400000000573,-0.060871530820773796,2,24,signal_flat,0.0,0.0
12_squeeze_compression_expansion,32,2015-11-27 00:00:00+00:00,2015-11-27 12:00:00+00:00,358.0419921875,358.0419921875,LONG,0.9878791370349914,0.9878791370349914,0.0,0.0007903033096279932,0.0003951516548139966,-0.0011851036385737146,-0.05781736288623223,2,24,signal_flat,0.0,0.0
12_squeeze_compression_expansion,33,2015-11-29 00:00:00+00:00,2015-11-29 12:00:00+00:00,371.29400634765625,371.29400634765625,LONG,1.0,1.0,0.0,0.0008,0.0004,-0.0011996400000000573,-0.06040336490018832,2,24,signal_flat,0.0,0.0
12_squeeze_compression_expansion,34,2015-11-30 00:00:00+00:00,2015-11-30 12:00:00+00:00,377.3210144042969,377.3210144042969,LONG,1.0,1.0,0.0,0.0008,0.0004,-0.0011996400000000573,-0.06429476472830445,2,24,signal_flat,0.0,0.0
12_squeeze_compression_expansion,35,2016-01-07 00:00:00+00:00,2016-01-07 12:00:00+00:00,458.0480041503906,458.0480041503906,LONG,1.0,1.0,0.0,0.0008,0.0004,-0.0011996400000000573,-0.06661252857887279,2,24,signal_flat,0.0,0.0
12_squeeze_compression_expansion,36,2016-02-13 00:00:00+00:00,2016-02-13 12:00:00+00:00,391.8599853515625,391.8599853515625,LONG,1.0,1.0,0.0,0.0008,0.0004,-0.0011996400000000573,-0.08113487038550866,2,24,signal_flat,0.0,0.0
12_squeeze_compression_expansion,37,2016-02-14 00:00:00+00:00,2016-02-14 12:00:00+00:00,407.2300109863281,407.2300109863281,LONG,1.0,1.0,0.0,0.0008,0.0004,-0.0011996400000000573,-0.07594713137407921,2,24,signal_flat,0.0,0.0
12_squeeze_compression_expansion,38,2016-02-16 00:00:00+00:00,2016-02-16 12:00:00+00:00,407.4880065917969,407.4880065917969,LONG,1.0,1.0,0.0,0.0008,0.0004,-0.0011996400000000573,-0.06959417964771736,2,24,signal_flat,0.0,0.0
12_squeeze_compression_expansion,39,2016-02-17 00:00:00+00:00,2016-02-17 12:00:00+00:00,416.3219909667969,416.3219909667969,LONG,1.0,1.0,0.0,0.0008,0.0004,-0.0011996400000000573,-0.06691453606165303,2,24,signal_flat,0.0,0.0
12_squeeze_compression_expansion,40,2016-02-18 00:00:00+00:00,2016-02-18 12:00:00+00:00,422.37298583984375,422.37298583984375,LONG,1.0,1.0,0.0,0.0008,0.0004,-0.0011996400000000573,-0.07906348253252413,2,24,signal_flat,0.0,0.0
12_squeeze_compression_expansion,41,2016-02-20 00:00:00+00:00,2016-03-01 00:00:00+00:00,437.16400146484375,435.12298583984375,LONG,1.0,1.0,-0.004668764166676498,0.0008,0.0004,-0.005866333988100436,-0.3710308874393219,21,252,signal_flat,-0.03757859516830375,0.003737733848330871
12_squeeze_compression_expansion,42,2016-03-27 00:00:00+00:00,2016-03-28 00:00:00+00:00,426.7650146484375,424.2309875488281,LONG,1.0,1.0,-0.005937757343340011,0.0008,0.0004,-0.0071338346889341375,-1.0638963501607746,3,36,signal_flat,-0.005937757343340011,0.0
12_squeeze_compression_expansion,43,2016-04-12 00:00:00+00:00,2016-04-12 12:00:00+00:00,425.19000244140625,425.19000244140625,LONG,1.0,1.0,0.0,0.0008,0.0004,-0.0011996400000000573,-0.3308576806001044,2,24,signal_flat,0.0,0.0
12_squeeze_compression_expansion,44,2016-04-15 00:00:00+00:00,2016-04-15 12:00:00+00:00,429.7130126953125,429.7130126953125,LONG,1.0,1.0,0.0,0.0008,0.0004,-0.0011996400000000573,-0.2965582830399227,2,24,signal_flat,0.0,0.0
12_squeeze_compression_expansion,45,2016-04-16 00:00:00+00:00,2016-04-16 12:00:00+00:00,430.5719909667969,430.5719909667969,LONG,1.0,1.0,0.0,0.0008,0.0004,-0.0011996400000000573,-0.325091093284478,2,24,signal_flat,0.0,0.0
12_squeeze_compression_expansion,46,2016-04-19 00:00:00+00:00,2016-05-02 00:00:00+00:00,435.5090026855469,444.66900634765625,LONG,1.0,1.0,0.021032868679234262,0.0008,0.0004,0.019798075080266875,3.933252514563022,27,324,signal_flat,0.0,0.07021665771245944
12_squeeze_compression_expansion,47,2016-07-17 00:00:00+00:00,2016-07-17 12:00:00+00:00,679.458984375,679.458984375,LONG,1.0,1.0,0.0,0.0008,0.0004,-0.0011996400000000573,-0.06064638038242636,2,24,signal_flat,0.0,0.0
12_squeeze_compression_expansion,48,2016-09-03 00:00:00+00:00,2016-09-17 00:00:00+00:00,598.2119750976562,605.9840087890625,LONG,1.0,1.0,0.012992106502276446,0.0008,0.0004,0.01177588927703166,1.4623823052979787,29,348,signal_flat,0.0,0.04698000888675313
12_squeeze_compression_expansion,49,2016-09-30 00:00:00+00:00,2016-09-30 12:00:00+00:00,609.7349853515625,609.7349853515625,LONG,1.0,1.0,0.0,0.0008,0.0004,-0.0011996400000000573,-0.23840474171204873,2,24,signal_flat,0.0,0.0
12_squeeze_compression_expansion,50,2016-10-01 00:00:00+00:00,2016-10-01 12:00:00+00:00,613.9829711914062,613.9829711914062,LONG,1.0,1.0,0.0,0.0008,0.0004,-0.0011996400000000573,-0.22161390580372453,2,24,signal_flat,0.0,0.0
12_squeeze_compression_expansion,51,2016-10-07 00:00:00+00:00,2016-10-07 12:00:00+00:00,617.1209716796875,617.1209716796875,LONG,1.0,1.0,0.0,0.0008,0.0004,-0.0011996400000000573,-0.2917271948622509,2,24,signal_flat,0.0,0.0
12_squeeze_compression_expansion,52,2016-10-08 00:00:00+00:00,2016-10-08 12:00:00+00:00,619.1079711914062,619.1079711914062,LONG,1.0,1.0,0.0,0.0008,0.0004,-0.0011996400000000573,-0.2779212964321653,2,24,signal_flat,0.0,0.0
12_squeeze_compression_expansion,53,2016-10-11 00:00:00+00:00,2016-10-21 00:00:00+00:00,641.072021484375,632.8280029296875,LONG,1.0,1.0,-0.012859738498022133,0.0008,0.0004,-0.014042107817871963,-2.300512974186849,21,252,signal_flat,-0.01645993211291963,0.0008719144529865108
12_squeeze_compression_expansion,54,2016-10-22 00:00:00+00:00,2016-11-13 00:00:00+00:00,657.2940063476562,702.031005859375,LONG,1.0,1.0,0.06801282945438669,0.0008472353828102414,0.0004236176914051207,0.06665405922354162,7.5022020868049,45,540,signal_flat,-0.005375098487757302,0.12708920564893744
12_squeeze_compression_expansion,55,2016-11-16 00:00:00+00:00,2016-11-16 12:00:00+00:00,744.197998046875,744.197998046875,LONG,1.0,1.0,0.0,0.0008,0.0004,-0.0011996400000000573,-0.07147539980145763,2,24,signal_flat,0.0,0.0
12_squeeze_compression_expansion,56,2016-11-18 00:00:00+00:00,2016-11-18 12:00:00+00:00,751.5850219726562,751.5850219726562,LONG,1.0,1.0,0.0,0.0008,0.0004,-0.0011996400000000573,-0.10357722228447885,2,24,signal_flat,0.0,0.0
12_squeeze_compression_expansion,57,2016-11-19 00:00:00+00:00,2016-11-19 12:00:00+00:00,751.6160278320312,751.6160278320312,LONG,1.0,1.0,0.0,0.0008,0.0004,-0.0011996400000000573,-0.10371732626736237,2,24,signal_flat,0.0,0.0
12_squeeze_compression_expansion,58,2016-12-01 00:00:00+00:00,2016-12-01 12:00:00+00:00,756.7739868164062,756.7739868164062,LONG,1.0,1.0,0.0,0.0008,0.0004,-0.0011996400000000573,-0.1262835707472002,2,24,signal_flat,0.0,0.0
12_squeeze_compression_expansion,59,2016-12-02 00:00:00+00:00,2016-12-02 12:00:00+00:00,777.9439697265625,777.9439697265625,LONG,1.0,1.0,0.0,0.0008,0.0004,-0.0011996400000000573,-0.11452275562204323,2,24,signal_flat,0.0,0.0
12_squeeze_compression_expansion,60,2016-12-12 00:00:00+00:00,2016-12-12 12:00:00+00:00,780.0869750976562,780.0869750976562,LONG,1.0,1.0,0.0,0.0008,0.0004,-0.0011996400000000573,-0.12984211401173806,2,24,signal_flat,0.0,0.0
12_squeeze_compression_expansion,61,2016-12-13 00:00:00+00:00,2016-12-13 12:00:00+00:00,780.5560302734375,780.5560302734375,LONG,1.0,1.0,0.0,0.0008,0.0004,-0.0011996400000000573,-0.1295244165704816,2,24,signal_flat,0.0,0.0
12_squeeze_compression_expansion,62,2016-12-14 00:00:00+00:00,2016-12-14 12:00:00+00:00,781.4810180664062,781.4810180664062,LONG,1.0,1.0,0.0,0.0008,0.0004,-0.0011996400000000573,-0.1433764618541662,2,24,signal_flat,0.0,0.0
12_squeeze_compression_expansion,63,2016-12-16 00:00:00+00:00,2016-12-16 12:00:00+00:00,784.906982421875,784.906982421875,LONG,1.0,1.0,0.0,0.0008,0.0004,-0.0011996400000000573,-0.1921451117556179,2,24,signal_flat,0.0,0.0
12_squeeze_compression_expansion,64,2016-12-17 00:00:00+00:00,2016-12-17 12:00:00+00:00,790.8289794921875,790.8289794921875,LONG,1.0,1.0,0.0,0.0008,0.0004,-0.0011996400000000573,-0.1947789278195118,2,24,signal_flat,0.0,0.0
12_squeeze_compression_expansion,65,2016-12-19 00:00:00+00:00,2016-12-19 12:00:00+00:00,792.7139892578125,792.7139892578125,LONG,1.0,1.0,0.0,0.0008,0.0004,-0.0011996400000000573,-0.2535552826753249,2,24,signal_flat,0.0,0.0
12_squeeze_compression_expansion,66,2016-12-20 00:00:00+00:00,2016-12-20 12:00:00+00:00,800.8759765625,800.8759765625,LONG,1.0,1.0,0.0,0.0008,0.0004,-0.0011996400000000573,-0.24251507304415296,2,24,signal_flat,0.0,0.0
12_squeeze_compression_expansion,67,2016-12-21 00:00:00+00:00,2017-01-06 00:00:00+00:00,834.281005859375,902.2009887695312,LONG,1.0,1.0,0.1603495395694563,0.0008179954931073084,0.0004089977465536542,0.15890505079843886,21.017167699567135,33,396,signal_flat,0.0,0.3841019660747129
12_squeeze_compression_expansion,68,2017-01-31 00:00:00+00:00,2017-01-31 12:00:00+00:00,970.4030151367188,970.4030151367188,LONG,1.0,1.0,0.0,0.0008,0.0004,-0.0011996400000000573,-0.08421338281721136,2,24,signal_flat,0.0,0.0
12_squeeze_compression_expansion,69,2017-02-01 00:00:00+00:00,2017-02-01 12:00:00+00:00,989.0230102539062,989.0230102539062,LONG,1.0,1.0,0.0,0.0008,0.0004,-0.0011996400000000573,-0.08606643110203446,2,24,signal_flat,0.0,0.0
12_squeeze_compression_expansion,70,2017-02-02 00:00:00+00:00,2017-02-02 12:00:00+00:00,1011.7999877929688,1011.7999877929688,LONG,1.0,1.0,0.0,0.0008,0.0004,-0.0011996400000000573,-0.08227923551441996,2,24,signal_flat,0.0,0.0
12_squeeze_compression_expansion,71,2017-02-03 00:00:00+00:00,2017-02-03 12:00:00+00:00,1029.9100341796875,1029.9100341796875,LONG,1.0,1.0,0.0,0.0008,0.0004,-0.0011996400000000573,-0.07721145179418698,2,24,signal_flat,0.0,0.0
12_squeeze_compression_expansion,72,2017-02-04 00:00:00+00:00,2017-02-04 12:00:00+00:00,1042.9000244140625,1042.9000244140625,LONG,1.0,1.0,0.0,0.0008,0.0004,-0.0011996400000000573,-0.08387840432244173,2,24,signal_flat,0.0,0.0
12_squeeze_compression_expansion,73,2017-02-07 00:00:00+00:00,2017-02-07 12:00:00+00:00,1061.3499755859375,1061.3499755859375,LONG,1.0,1.0,0.0,0.0008,0.0004,-0.0011996400000000573,-0.07990844559427872,2,24,signal_flat,0.0,0.0
12_squeeze_compression_expansion,74,2017-02-08 00:00:00+00:00,2017-02-08 12:00:00+00:00,1063.0699462890625,1063.0699462890625,LONG,1.0,1.0,0.0,0.0008,0.0004,-0.0011996400000000573,-0.08319335844430589,2,24,signal_flat,0.0,0.0
12_squeeze_compression_expansion,75,2017-02-20 00:00:00+00:00,2017-02-20 12:00:00+00:00,1079.97998046875,1079.97998046875,LONG,1.0,1.0,0.0,0.0008,0.0004,-0.0011996400000000573,-0.07504164384878398,2,24,signal_flat,0.0,0.0
12_squeeze_compression_expansion,76,2017-02-21 00:00:00+00:00,2017-02-21 12:00:00+00:00,1115.300048828125,1115.300048828125,LONG,1.0,1.0,0.0,0.0008,0.0004,-0.0011996400000000573,-0.07172260466104176,2,24,signal_flat,0.0,0.0
12_squeeze_compression_expansion,77,2017-02-22 00:00:00+00:00,2017-02-22 12:00:00+00:00,1117.43994140625,1117.43994140625,LONG,1.0,1.0,0.0,0.0008,0.0004,-0.0011996400000000573,-0.07163140956792037,2,24,signal_flat,0.0,0.0
12_squeeze_compression_expansion,78,2017-02-23 00:00:00+00:00,2017-03-08 00:00:00+00:00,1166.719970703125,1150.0,LONG,1.0,1.0,-0.014330748699749374,0.0008,0.0004,-0.015550993132666058,-1.0175802069827364,27,324,signal_flat,-0.019610536767467712,0.0927986339909832
12_squeeze_compression_expansion,79,2017-04-09 00:00:00+00:00,2017-04-09 12:00:00+00:00,1187.8699951171875,1187.8699951171875,LONG,0.9540768862382266,0.9540768862382266,0.0,0.0007632615089905813,0.00038163075449529067,-0.0011445645689120987,-0.05392893034312442,2,24,signal_flat,0.0,0.0
12_squeeze_compression_expansion,80,2017-04-11 00:00:00+00:00,2017-04-11 12:00:00+00:00,1205.010009765625,1205.010009765625,LONG,1.0,1.0,0.0,0.0008,0.0004,-0.0011996400000000573,-0.07310767282680691,2,24,signal_flat,0.0,0.0
12_squeeze_compression_expansion,81,2017-04-18 00:00:00+00:00,2017-04-18 12:00:00+00:00,1211.6700439453125,1211.6700439453125,LONG,1.0,1.0,0.0,0.0008,0.0004,-0.0011996400000000573,-0.10562432671049023,2,24,signal_flat,0.0,0.0
12_squeeze_compression_expansion,82,2017-04-20 00:00:00+00:00,2017-04-20 12:00:00+00:00,1229.0799560546875,1229.0799560546875,LONG,1.0,1.0,0.0,0.0008,0.0004,-0.0011996400000000573,-0.14389125686321377,2,24,signal_flat,0.0,0.0
12_squeeze_compression_expansion,83,2017-04-22 00:00:00+00:00,2017-04-22 12:00:00+00:00,1231.7099609375,1231.7099609375,LONG,1.0,1.0,0.0,0.0008,0.0004,-0.0011996400000000573,-0.1347373331871306,2,24,signal_flat,0.0,0.0
12_squeeze_compression_expansion,84,2017-04-24 00:00:00+00:00,2017-04-24 12:00:00+00:00,1250.1500244140625,1250.1500244140625,LONG,1.0,1.0,0.0,0.0008,0.0004,-0.0011996400000000573,-0.09917255816844436,2,24,signal_flat,0.0,0.0
12_squeeze_compression_expansion,85,2017-04-25 00:00:00+00:00,2017-04-25 12:00:00+00:00,1265.489990234375,1265.489990234375,LONG,1.0,1.0,0.0,0.0008,0.0004,-0.0011996400000000573,-0.10083439022609791,2,24,signal_flat,0.0,0.0
12_squeeze_compression_expansion,86,2017-04-26 00:00:00+00:00,2017-06-06 00:00:00+00:00,1281.0799560546875,2863.199951171875,LONG,1.0,1.0,0.775814568724142,0.0009623511926482473,0.0004811755963241236,0.7732794874666549,61.85226816031105,83,996,signal_flat,0.0,1.2349892663917763
12_squeeze_compression_expansion,87,2017-06-23 00:00:00+00:00,2017-06-23 12:00:00+00:00,2744.909912109375,2744.909912109375,LONG,0.5894173765072345,0.5894173765072345,0.0,0.00047153390120578757,0.00023576695060289378,-0.0007071757831847991,-0.020584885189072148,2,24,signal_flat,0.0,0.0
12_squeeze_compression_expansion,88,2017-07-05 00:00:00+00:00,2017-07-05 12:00:00+00:00,2601.989990234375,2601.989990234375,LONG,1.0,1.0,0.0,0.0008,0.0004,-0.0011996400000000573,-0.059573944900470494,2,24,signal_flat,0.0,0.0
12_squeeze_compression_expansion,89,2017-07-06 00:00:00+00:00,2017-07-06 12:00:00+00:00,2608.56005859375,2608.56005859375,LONG,1.0,1.0,0.0,0.0008,0.0004,-0.0011996400000000573,-0.06033154903305251,2,24,signal_flat,0.0,0.0
12_squeeze_compression_expansion,90,2017-08-27 00:00:00+00:00,2017-08-27 12:00:00+00:00,4382.8798828125,4382.8798828125,LONG,0.8177357266883004,0.8177357266883004,0.0,0.0006541885813506404,0.0003270942906753202,-0.0009810421430072047,-0.03961856765349328,2,24,signal_flat,0.0,0.0
12_squeeze_compression_expansion,91,2017-08-29 00:00:00+00:00,2017-08-29 12:00:00+00:00,4579.02001953125,4579.02001953125,LONG,0.9558438357205853,0.9558438357205853,0.0,0.0007646750685764682,0.0003823375342882341,-0.0011466836933869962,-0.05412883926789296,2,24,signal_flat,0.0,0.0
12_squeeze_compression_expansion,92,2017-08-31 00:00:00+00:00,2017-08-31 12:00:00+00:00,4703.39013671875,4703.39013671875,LONG,1.0,1.0,0.0,0.0008,0.0004,-0.0011996400000000573,-0.06152014807696892,2,24,signal_flat,0.0,0.0
12_squeeze_compression_expansion,93,2017-09-01 00:00:00+00:00,2017-09-01 12:00:00+00:00,4892.009765625,4892.009765625,LONG,1.0,1.0,0.0,0.0008,0.0004,-0.0011996400000000573,-0.061382928708942706,2,24,signal_flat,0.0,0.0
12_squeeze_compression_expansion,94,2017-10-07 00:00:00+00:00,2017-10-07 12:00:00+00:00,4426.89013671875,4426.89013671875,LONG,0.8401238457683646,0.8401238457683646,0.0,0.0006720990766146917,0.00033604953830734585,-0.0010078945240146187,-0.0418173522684331,2,24,signal_flat,0.0,0.0
12_squeeze_compression_expansion,95,2017-10-08 00:00:00+00:00,2017-10-08 12:00:00+00:00,4610.47998046875,4610.47998046875,LONG,0.8099233462531246,0.8099233462531246,0.0,0.0006479386770024997,0.00032396933850124983,-0.0009716718642061029,-0.03886526910952613,2,24,signal_flat,0.0,0.0
12_squeeze_compression_expansion,96,2017-10-09 00:00:00+00:00,2017-10-09 12:00:00+00:00,4772.02001953125,4772.02001953125,LONG,0.8886453308987954,0.8886453308987954,0.0,0.0007109162647190363,0.00035545813235951816,-0.0010660901084897922,-0.046786494979867206,2,24,signal_flat,0.0,0.0
12_squeeze_compression_expansion,97,2017-10-10 00:00:00+00:00,2017-10-10 12:00:00+00:00,4781.990234375,4781.990234375,LONG,0.9071270226633715,0.9071270226633715,0.0,0.0007257016181306973,0.00036285080906534864,-0.0010882561905992683,-0.04875255542693389,2,24,signal_flat,0.0,0.0
12_squeeze_compression_expansion,98,2017-10-11 00:00:00+00:00,2017-10-11 12:00:00+00:00,4826.47998046875,4826.47998046875,LONG,1.0,1.0,0.0,0.0008,0.0004,-0.0011996400000000573,-0.06922892255935047,2,24,signal_flat,0.0,0.0
12_squeeze_compression_expansion,99,2017-10-12 00:00:00+00:00,2017-10-22 00:00:00+00:00,5446.91015625,6008.419921875,LONG,0.7767298920662122,0.7767298920662122,0.07679009266332182,0.0006758944473385373,0.00033794722366926866,0.0757006375164837,2.9038066130323146,21,252,signal_flat,0.0,0.10734341574100559
12_squeeze_compression_expansion,100,2017-11-26 00:00:00+00:00,2017-11-26 12:00:00+00:00,9330.5498046875,9330.5498046875,LONG,0.47776688674337514,0.47776688674337514,0.0,0.0003822135093947001,0.00019110675469735005,-0.0005732380900607126,-0.013525372054277196,2,24,signal_flat,0.0,0.0
12_squeeze_compression_expansion,101,2017-11-27 00:00:00+00:00,2017-11-27 12:00:00+00:00,9818.349609375,9818.349609375,LONG,0.5218683980141358,0.5218683980141358,0.0,0.0004174947184113086,0.0002087473592056543,-0.000626144032831899,-0.01613739311539472,2,24,signal_flat,0.0,0.0
12_squeeze_compression_expansion,102,2017-11-28 00:00:00+00:00,2017-11-28 12:00:00+00:00,10058.7998046875,10058.7998046875,LONG,0.5097957177748664,0.5097957177748664,0.0,0.00040783657421989317,0.00020391828710994658,-0.0006116613003271931,-0.015399453923939137,2,24,signal_flat,0.0,0.0
12_squeeze_compression_expansion,103,2017-11-30 00:00:00+00:00,2017-11-30 12:00:00+00:00,10233.599609375,10233.599609375,LONG,0.6601641108946998,0.6601641108946998,0.0,0.0005281312887157599,0.00026406564435787995,-0.00079204003907829,-0.025822434301200996,2,24,signal_flat,0.0,0.0
12_squeeze_compression_expansion,104,2017-12-01 00:00:00+00:00,2017-12-01 12:00:00+00:00,10975.599609375,10975.599609375,LONG,0.589055747211583,0.589055747211583,0.0,0.00047124459776926644,0.00023562229888463322,-0.0007067419814514864,-0.02055963599638668,2,24,signal_flat,0.0,0.0
12_squeeze_compression_expansion,105,2017-12-05 00:00:00+00:00,2017-12-05 12:00:00+00:00,11916.7001953125,11916.7001953125,LONG,0.5831504358258008,0.5831504358258008,0.0,0.00046652034866064067,0.00023326017433032033,-0.0006996580997957746,-0.020149515352133895,2,24,signal_flat,0.0,0.0
12_squeeze_compression_expansion,106,2017-12-06 00:00:00+00:00,2017-12-17 00:00:00+00:00,14291.5,19140.80078125,LONG,0.4276920501540536,0.4276920501540536,0.13360903617754438,0.0003601033219715198,0.0001800516609857599,0.1330034909273834,2.8092626922465898,23,276,signal_flat,0.0,0.3642654998163244
12_squeeze_compression_expansion,107,2018-03-03 00:00:00+00:00,2018-03-03 12:00:00+00:00,11489.7001953125,11489.7001953125,LONG,0.48155440694732066,0.48155440694732066,0.0,0.0003852435255578565,0.00019262176277892826,-0.0005777818062638884,-0.01374065254302193,2,24,signal_flat,0.0,0.0
12_squeeze_compression_expansion,108,2018-03-04 00:00:00+00:00,2018-03-04 12:00:00+00:00,11512.599609375,11512.599609375,LONG,0.5247714708046128,0.5247714708046128,0.0,0.00041981717664369024,0.00020990858832184512,-0.0006296266263307038,-0.016317417897186635,2,24,signal_flat,0.0,0.0
12_squeeze_compression_expansion,109,2018-03-05 00:00:00+00:00,2018-03-05 12:00:00+00:00,11573.2998046875,11573.2998046875,LONG,0.588569218960193,0.588569218960193,0.0,0.0004708553751681544,0.0002354276875840772,-0.0007061583538110483,-0.02052569071918068,2,24,signal_flat,0.0,0.0
12_squeeze_compression_expansion,110,2018-04-23 00:00:00+00:00,2018-04-23 12:00:00+00:00,8930.8798828125,8930.8798828125,LONG,0.68383138662242,0.68383138662242,0.0,0.000547065109297936,0.000273532554648968,-0.0008204293188153189,-0.02770692544379828,2,24,signal_flat,0.0,0.0
12_squeeze_compression_expansion,111,2018-04-24 00:00:00+00:00,2018-04-24 12:00:00+00:00,9697.5,9697.5,LONG,0.5774373370629642,0.5774373370629642,0.0,0.0004619498696503714,0.0002309749348251857,-0.0006928047682793759,-0.019756675373631828,2,24,signal_flat,0.0,0.0
12_squeeze_compression_expansion,112,2018-05-05 00:00:00+00:00,2018-05-05 12:00:00+00:00,9858.150390625,9858.150390625,LONG,0.632696148914065,0.632696148914065,0.0,0.000506156919131252,0.000253078459565626,-0.000759091269106893,-0.023718505528479067,2,24,signal_flat,0.0,0.0
12_squeeze_compression_expansion,113,2018-06-02 00:00:00+00:00,2018-06-02 12:00:00+00:00,7643.4501953125,7643.4501953125,LONG,0.9330044971300161,0.9330044971300161,0.0,0.0007464035977040129,0.00037320179885200644,-0.001119292017495055,-0.05157334229617989,2,24,signal_flat,0.0,0.0
12_squeeze_compression_expansion,114,2018-06-03 00:00:00+00:00,2018-06-03 12:00:00+00:00,7720.25,7720.25,LONG,1.0,1.0,0.0,0.0008,0.0004,-0.0011996400000000573,-0.059635545461833334,2,24,signal_flat,0.0,0.0
12_squeeze_compression_expansion,115,2018-07-17 00:00:00+00:00,2018-08-02 00:00:00+00:00,7321.0400390625,7567.14990234375,LONG,0.8580363998683714,0.8580363998683714,0.03375219072554492,0.0009345748414008868,0.0004672874207004434,0.0323024430409502,1.368797537710179,33,396,signal_flat,0.0,0.15069300076233083
12_squeeze_compression_expansion,116,2018-08-24 00:00:00+00:00,2018-08-24 12:00:00+00:00,6719.9599609375,6719.9599609375,LONG,1.0,1.0,0.0,0.0008,0.0004,-0.0011996400000000573,-0.06261022855487285,2,24,signal_flat,0.0,0.0
12_squeeze_compression_expansion,117,2018-08-25 00:00:00+00:00,2018-08-25 12:00:00+00:00,6763.18994140625,6763.18994140625,LONG,1.0,1.0,0.0,0.0008,0.0004,-0.0011996400000000573,-0.0654191202060535,2,24,signal_flat,0.0,0.0
12_squeeze_compression_expansion,118,2018-08-27 00:00:00+00:00,2018-08-27 12:00:00+00:00,6884.64013671875,6884.64013671875,LONG,1.0,1.0,0.0,0.0008,0.0004,-0.0011996400000000573,-0.059306507419420715,2,24,signal_flat,0.0,0.0
12_squeeze_compression_expansion,119,2018-08-28 00:00:00+00:00,2018-08-28 12:00:00+00:00,7096.27978515625,7096.27978515625,LONG,0.9500459732623542,0.9500459732623542,0.0,0.0007600367786098833,0.00038001838930494167,-0.0011397302364682949,-0.053474265194951645,2,24,signal_flat,0.0,0.0
12_squeeze_compression_expansion,120,2018-09-01 00:00:00+00:00,2018-09-01 12:00:00+00:00,7193.25,7193.25,LONG,1.0,1.0,0.0,0.0008,0.0004,-0.0011996400000000573,-0.06426054215796101,2,24,signal_flat,0.0,0.0
12_squeeze_compression_expansion,121,2018-09-02 00:00:00+00:00,2018-09-02 12:00:00+00:00,7272.72021484375,7272.72021484375,LONG,1.0,1.0,0.0,0.0008,0.0004,-0.0011996400000000573,-0.0646975797188463,2,24,signal_flat,0.0,0.0
12_squeeze_compression_expansion,122,2018-09-04 00:00:00+00:00,2018-09-04 12:00:00+00:00,7361.66015625,7361.66015625,LONG,1.0,1.0,0.0,0.0008,0.0004,-0.0011996400000000573,-0.07761241792238703,2,24,signal_flat,0.0,0.0
12_squeeze_compression_expansion,123,2018-09-21 00:00:00+00:00,2018-09-21 12:00:00+00:00,6734.9501953125,6734.9501953125,LONG,1.0,1.0,0.0,0.0008,0.0004,-0.0011996400000000573,-0.08303299165381502,2,24,signal_flat,0.0,0.0
12_squeeze_compression_expansion,124,2018-10-08 00:00:00+00:00,2018-10-08 12:00:00+00:00,6652.22998046875,6652.22998046875,LONG,1.0,1.0,0.0,0.0008,0.0004,-0.0011996400000000573,-0.1345997718131222,2,24,signal_flat,0.0,0.0
12_squeeze_compression_expansion,125,2018-12-18 00:00:00+00:00,2018-12-18 12:00:00+00:00,3696.05908203125,3696.05908203125,LONG,0.5906837943752368,0.5906837943752368,0.0,0.0004725470355001894,0.0002362735177500947,-0.000708694946606192,-0.020673429430218077,2,24,signal_flat,0.0,0.0
12_squeeze_compression_expansion,126,2018-12-19 00:00:00+00:00,2018-12-19 12:00:00+00:00,3745.95068359375,3745.95068359375,LONG,0.6411539734779682,0.6411539734779682,0.0,0.0005129231787823745,0.00025646158939118726,-0.0007692367799432276,-0.02435681588393341,2,24,signal_flat,0.0,0.0
12_squeeze_compression_expansion,127,2018-12-20 00:00:00+00:00,2019-01-01 00:00:00+00:00,4134.44140625,3843.52001953125,LONG,0.585932067654931,0.585932067654931,-0.03902698465377541,0.0005574913013023374,0.0002787456506511687,-0.039827248864710896,-1.152459597600406,25,300,signal_flat,-0.1160030734578148,0.0
12_squeeze_compression_expansion,128,2019-01-06 00:00:00+00:00,2019-01-06 12:00:00+00:00,4076.632568359375,4076.632568359375,LONG,0.6434791825597391,0.6434791825597391,0.0,0.0005147833460477913,0.00025739167302389566,-0.0007720259555066278,-0.024533783976346722,2,24,signal_flat,0.0,0.0
12_squeeze_compression_expansion,129,2019-02-08 00:00:00+00:00,2019-03-04 00:00:00+00:00,3666.7802734375,3761.55712890625,LONG,1.0,1.0,0.025847432461475917,0.0008,0.0004,0.02460278336268118,1.7302711880341284,49,588,signal_flat,-0.013608509466459195,0.12974504784963603
12_squeeze_compression_expansion,130,2019-03-16 00:00:00+00:00,2019-03-16 12:00:00+00:00,4048.725830078125,4048.725830078125,LONG,1.0,1.0,0.0,0.0008,0.0004,-0.0011996400000000573,-0.12228908158245202,2,24,signal_flat,0.0,0.0
12_squeeze_compression_expansion,131,2019-03-19 00:00:00+00:00,2019-03-19 12:00:00+00:00,4071.190185546875,4071.190185546875,LONG,1.0,1.0,0.0,0.0008,0.0004,-0.0011996400000000573,-0.18258231771153796,2,24,signal_flat,0.0,0.0
12_squeeze_compression_expansion,132,2019-03-20 00:00:00+00:00,2019-03-20 12:00:00+00:00,4087.476318359375,4087.476318359375,LONG,1.0,1.0,0.0,0.0008,0.0004,-0.0011996400000000573,-0.17858656974662918,2,24,signal_flat,0.0,0.0
12_squeeze_compression_expansion,133,2019-03-29 00:00:00+00:00,2019-04-12 00:00:00+00:00,4098.37451171875,5089.5390625,LONG,1.0,1.0,0.2433128417393955,0.0008152479420434355,0.00040762397102171776,0.24179440000452135,27.591377742743525,29,348,signal_flat,0.0,0.2991862365402824
12_squeeze_compression_expansion,134,2019-06-13 00:00:00+00:00,2019-06-13 12:00:00+00:00,8230.923828125,8230.923828125,LONG,0.8078035033269475,0.8078035033269475,0.0,0.000646242802661558,0.000323121401330779,-0.000969129287252346,-0.038662112877771534,2,24,signal_flat,0.0,0.0
12_squeeze_compression_expansion,135,2019-06-14 00:00:00+00:00,2019-06-14 12:00:00+00:00,8693.8330078125,8693.8330078125,LONG,0.7529104731718903,0.7529104731718903,0.0,0.0006023283785375123,0.00030116418926875614,-0.0009032884931011731,-0.033586747559039495,2,24,signal_flat,0.0,0.0
12_squeeze_compression_expansion,136,2019-06-15 00:00:00+00:00,2019-06-15 12:00:00+00:00,8838.375,8838.375,LONG,0.7233202592323738,0.7233202592323738,0.0,0.000578656207385899,0.0002893281036929495,-0.0008677959618877962,-0.030998907493714496,2,24,signal_flat,0.0,0.0
12_squeeze_compression_expansion,137,2019-06-16 00:00:00+00:00,2019-06-16 12:00:00+00:00,8994.48828125,8994.48828125,LONG,0.7293337107190223,0.7293337107190223,0.0,0.0005834669685752179,0.00029173348428760895,-0.0008750089589047993,-0.03151642303333072,2,24,signal_flat,0.0,0.0
12_squeeze_compression_expansion,138,2019-06-17 00:00:00+00:00,2019-06-17 12:00:00+00:00,9320.3525390625,9320.3525390625,LONG,0.7791341114743106,0.7791341114743106,0.0,0.0006233072891794484,0.0003116536445897242,-0.0009347423957822842,-0.035966840871465046,2,24,signal_flat,0.0,0.0
12_squeeze_compression_expansion,139,2019-06-20 00:00:00+00:00,2019-06-20 12:00:00+00:00,9527.16015625,9527.16015625,LONG,0.7842755362239774,0.7842755362239774,0.0,0.0006274204289791819,0.00031371021448959094,-0.000940909211746721,-0.0364430337030809,2,24,signal_flat,0.0,0.0
12_squeeze_compression_expansion,140,2019-06-21 00:00:00+00:00,2019-07-10 00:00:00+00:00,10144.556640625,12156.5126953125,LONG,0.7124660243312797,0.7124660243312797,0.13887132086015708,0.0006722805686207008,0.0003361402843103504,0.1377252074476889,4.8459142837618,39,468,signal_flat,0.0,0.283075437046461
12_squeeze_compression_expansion,141,2019-08-01 00:00:00+00:00,2019-08-01 12:00:00+00:00,10399.6689453125,10399.6689453125,LONG,1.0,1.0,0.0,0.0008,0.0004,-0.0011996400000000573,-0.05945647692046272,2,24,signal_flat,0.0,0.0
12_squeeze_compression_expansion,142,2019-08-02 00:00:00+00:00,2019-08-02 12:00:00+00:00,10518.1748046875,10518.1748046875,LONG,1.0,1.0,0.0,0.0008,0.0004,-0.0011996400000000573,-0.05973809051319811,2,24,signal_flat,0.0,0.0
12_squeeze_compression_expansion,143,2019-08-03 00:00:00+00:00,2019-08-03 12:00:00+00:00,10821.7265625,10821.7265625,LONG,0.9858502140927664,0.9858502140927664,0.0,0.0007886801712742132,0.0003943400856371066,-0.0011826703726793841,-0.05758014926459908,2,24,signal_flat,0.0,0.0
12_squeeze_compression_expansion,144,2019-08-04 00:00:00+00:00,2019-08-04 12:00:00+00:00,10970.1845703125,10970.1845703125,LONG,0.9923647437334312,0.9923647437334312,0.0,0.000793891794986745,0.0003969458974933725,-0.0011904831688775985,-0.05834353242978563,2,24,signal_flat,0.0,0.0
12_squeeze_compression_expansion,145,2019-08-05 00:00:00+00:00,2019-08-05 12:00:00+00:00,11805.6533203125,11805.6533203125,LONG,0.8395292062530226,0.8395292062530226,0.0,0.0006716233650024181,0.00033581168250120907,-0.0010071813161598442,-0.04175818403964283,2,24,signal_flat,0.0,0.0
12_squeeze_compression_expansion,146,2019-08-07 00:00:00+00:00,2019-08-07 12:00:00+00:00,11941.96875,11941.96875,LONG,0.8006277939712051,0.8006277939712051,0.0,0.0006405022351769641,0.00032025111758848205,-0.0009605225910140902,-0.037978375163964455,2,24,signal_flat,0.0,0.0
12_squeeze_compression_expansion,147,2019-08-08 00:00:00+00:00,2019-08-08 12:00:00+00:00,11966.4072265625,11966.4072265625,LONG,0.8194588795565526,0.8194588795565526,0.0,0.000655567103645242,0.000327783551822621,-0.0009831089108400803,-0.039785693447039125,2,24,signal_flat,0.0,0.0
12_squeeze_compression_expansion,148,2019-09-03 00:00:00+00:00,2019-09-03 12:00:00+00:00,10623.5400390625,10623.5400390625,LONG,0.8509670430371311,0.8509670430371311,0.0,0.0006807736344297049,0.00034038681721485246,-0.0010208997594776115,-0.04290362382461225,2,24,signal_flat,0.0,0.0
12_squeeze_compression_expansion,149,2020-01-06 00:00:00+00:00,2020-01-24 00:00:00+00:00,7769.21923828125,8445.4345703125,LONG,1.0,1.0,0.08009248248669132,0.001091233761778399,0.0005456168808891995,0.07833759440064281,5.179289978999389,37,444,signal_flat,0.0,0.151056279849348
12_squeeze_compression_expansion,150,2020-01-28 00:00:00+00:00,2020-01-29 00:00:00+00:00,9358.58984375,9316.6298828125,LONG,1.0,1.0,-0.004483577295090302,0.0008,0.0004,-0.005680527148713366,-0.32315623879234384,3,36,signal_flat,-0.004483577295090302,0.0
12_squeeze_compression_expansion,151,2020-01-30 00:00:00+00:00,2020-01-30 12:00:00+00:00,9508.9931640625,9508.9931640625,LONG,1.0,1.0,0.0,0.0008,0.0004,-0.0011996400000000573,-0.0647389621444336,2,24,signal_flat,0.0,0.0
12_squeeze_compression_expansion,152,2020-02-07 00:00:00+00:00,2020-02-07 12:00:00+00:00,9795.943359375,9795.943359375,LONG,1.0,1.0,0.0,0.0008,0.0004,-0.0011996400000000573,-0.06500199581568353,2,24,signal_flat,0.0,0.0
12_squeeze_compression_expansion,153,2020-02-08 00:00:00+00:00,2020-02-08 12:00:00+00:00,9865.119140625,9865.119140625,LONG,1.0,1.0,0.0,0.0008,0.0004,-0.0011996400000000573,-0.06554107813181943,2,24,signal_flat,0.0,0.0
12_squeeze_compression_expansion,154,2020-02-09 00:00:00+00:00,2020-02-09 12:00:00+00:00,10116.673828125,10116.673828125,LONG,1.0,1.0,0.0,0.0008,0.0004,-0.0011996400000000573,-0.06602162301999148,2,24,signal_flat,0.0,0.0
12_squeeze_compression_expansion,155,2020-02-11 00:00:00+00:00,2020-02-17 00:00:00+00:00,10208.236328125,9690.142578125,LONG,1.0,1.0,-0.05075252309476663,0.0008,0.0004,-0.05190562818840572,-3.173401532082756,13,156,signal_flat,-0.05075252309476663,0.011541499979814906
12_squeeze_compression_expansion,156,2020-04-23 00:00:00+00:00,2020-04-26 00:00:00+00:00,7429.724609375,7679.8671875,LONG,0.8038467139709713,0.8038467139709713,0.02890407472640999,0.0007335154653224107,0.00036675773266120536,0.027780613143736144,1.102841756988772,7,84,signal_flat,0.0,0.03366781291050325
12_squeeze_compression_expansion,157,2020-04-27 00:00:00+00:00,2020-04-27 12:00:00+00:00,7795.60107421875,7795.60107421875,LONG,0.9265843452913557,0.9265843452913557,0.0,0.0007412674762330845,0.00037063373811654227,-0.0011115921332720546,-0.050866113622461136,2,24,signal_flat,0.0,0.0
12_squeeze_compression_expansion,158,2020-04-28 00:00:00+00:00,2020-04-28 12:00:00+00:00,7807.05859375,7807.05859375,LONG,0.9232995255957946,0.9232995255957946,0.0,0.0007386396204766357,0.00036931981023831785,-0.0011076525371898072,-0.0505061533430389,2,24,signal_flat,0.0,0.0
12_squeeze_compression_expansion,159,2020-04-29 00:00:00+00:00,2020-05-09 00:00:00+00:00,8801.0380859375,9593.896484375,LONG,0.6998299893989698,0.6998299893989698,0.08128035458447846,0.0007630689406236187,0.00038153447031180935,0.08003533891886905,2.7661292647747997,21,252,signal_flat,-0.01618949646720247,0.13072099649111446
12_squeeze_compression_expansion,160,2020-05-30 00:00:00+00:00,2020-05-30 12:00:00+00:00,9700.4140625,9700.4140625,LONG,0.9475577842645906,0.9475577842645906,0.0,0.0007580462274116725,0.00037902311370583623,-0.0011367461094458076,-0.05319457141353176,2,24,signal_flat,0.0,0.0
12_squeeze_compression_expansion,161,2020-06-01 00:00:00+00:00,2020-06-11 00:00:00+00:00,10167.2685546875,9321.78125,LONG,0.784418007686408,0.784418007686408,-0.07561468156308859,0.0008479072253030229,0.00042395361265151147,-0.0768208349340056,-2.975943708498668,21,252,signal_flat,-0.08315776259275631,0.0
12_squeeze_compression_expansion,162,2020-06-22 00:00:00+00:00,2020-06-22 12:00:00+00:00,9648.7177734375,9648.7177734375,LONG,1.0,1.0,0.0,0.0008,0.0004,-0.0011996400000000573,-0.09328816317108646,2,24,signal_flat,0.0,0.0
12_squeeze_compression_expansion,163,2020-07-06 00:00:00+00:00,2020-07-06 12:00:00+00:00,9375.474609375,9375.474609375,LONG,1.0,1.0,0.0,0.0008,0.0004,-0.0011996400000000573,-0.10803282712072892,2,24,signal_flat,0.0,0.0
12_squeeze_compression_expansion,164,2020-07-08 00:00:00+00:00,2020-07-16 00:00:00+00:00,9428.3330078125,9132.2275390625,LONG,1.0,1.0,-0.03140591963655093,0.0008,0.0004,-0.032571738582644505,-2.9836427001209196,17,204,signal_flat,-0.03140591963655093,0.0
12_squeeze_compression_expansion,165,2020-07-21 00:00:00+00:00,2020-07-21 12:00:00+00:00,9374.8876953125,9374.8876953125,LONG,1.0,1.0,0.0,0.0008,0.0004,-0.0011996400000000573,-0.18671250045238727,2,24,signal_flat,0.0,0.0
12_squeeze_compression_expansion,166,2020-07-22 00:00:00+00:00,2020-07-22 12:00:00+00:00,9525.36328125,9525.36328125,LONG,1.0,1.0,0.0,0.0008,0.0004,-0.0011996400000000573,-0.19310439173098312,2,24,signal_flat,0.0,0.0
12_squeeze_compression_expansion,167,2020-07-23 00:00:00+00:00,2020-07-23 12:00:00+00:00,9581.072265625,9581.072265625,LONG,1.0,1.0,0.0,0.0008,0.0004,-0.0011996400000000573,-0.2184746248300858,2,24,signal_flat,0.0,0.0
12_squeeze_compression_expansion,168,2020-07-25 00:00:00+00:00,2020-08-12 00:00:00+00:00,9677.11328125,11584.9345703125,LONG,1.0,1.0,0.18237542728921574,0.001041528024789981,0.0005207640123949905,0.18053400749793536,27.486817362841872,37,444,signal_flat,0.0,0.2274436583417463
12_squeeze_compression_expansion,169,2020-09-01 00:00:00+00:00,2020-09-03 00:00:00+00:00,11970.478515625,10245.296875,LONG,1.0,1.0,-0.1441196889809484,0.0008,0.0004,-0.1452049830703661,-10.17872440864068,5,60,signal_flat,-0.1441196889809484,0.0
12_squeeze_compression_expansion,170,2020-09-14 00:00:00+00:00,2020-09-14 12:00:00+00:00,10680.837890625,10680.837890625,LONG,0.807534757566388,0.807534757566388,0.0,0.0006460278060531104,0.0003230139030265552,-0.0009688069486212258,-0.03863639550450394,2,24,signal_flat,0.0,0.0
12_squeeze_compression_expansion,171,2020-09-15 00:00:00+00:00,2020-09-15 12:00:00+00:00,10796.951171875,10796.951171875,LONG,0.8408940821920726,0.8408940821920726,0.0,0.0006727152657536581,0.00033635763287682903,-0.0010088183416018248,-0.04189405511531826,2,24,signal_flat,0.0,0.0
12_squeeze_compression_expansion,172,2020-09-16 00:00:00+00:00,2020-09-16 12:00:00+00:00,10974.9052734375,10974.9052734375,LONG,0.9230417075201983,0.9230417075201983,0.0,0.0007384333660161586,0.0003692166830080793,-0.0011073433268663502,-0.05047795495672862,2,24,signal_flat,0.0,0.0
12_squeeze_compression_expansion,173,2020-09-19 00:00:00+00:00,2020-09-19 12:00:00+00:00,11094.3466796875,11094.3466796875,LONG,1.0,1.0,0.0,0.0008,0.0004,-0.0011996400000000573,-0.10328947343624455,2,24,signal_flat,0.0,0.0
12_squeeze_compression_expansion,174,2020-10-08 00:00:00+00:00,2020-10-08 12:00:00+00:00,10915.685546875,10915.685546875,LONG,1.0,1.0,0.0,0.0008,0.0004,-0.0011996400000000573,-0.12935066861378156,2,24,signal_flat,0.0,0.0
12_squeeze_compression_expansion,175,2020-10-09 00:00:00+00:00,2020-10-09 12:00:00+00:00,11064.4580078125,11064.4580078125,LONG,1.0,1.0,0.0,0.0008,0.0004,-0.0011996400000000573,-0.12240283029115262,2,24,signal_flat,0.0,0.0
12_squeeze_compression_expansion,176,2020-10-10 00:00:00+00:00,2020-10-10 12:00:00+00:00,11296.361328125,11296.361328125,LONG,1.0,1.0,0.0,0.0008,0.0004,-0.0011996400000000573,-0.10995426420149279,2,24,signal_flat,0.0,0.0
12_squeeze_compression_expansion,177,2020-10-11 00:00:00+00:00,2020-10-11 12:00:00+00:00,11384.181640625,11384.181640625,LONG,1.0,1.0,0.0,0.0008,0.0004,-0.0011996400000000573,-0.10613868593596586,2,24,signal_flat,0.0,0.0
12_squeeze_compression_expansion,178,2020-10-12 00:00:00+00:00,2020-10-12 12:00:00+00:00,11555.36328125,11555.36328125,LONG,1.0,1.0,0.0,0.0008,0.0004,-0.0011996400000000573,-0.10045843261294332,2,24,signal_flat,0.0,0.0
12_squeeze_compression_expansion,179,2020-10-19 00:00:00+00:00,2020-10-20 00:00:00+00:00,11742.037109375,11916.3349609375,LONG,1.0,1.0,0.014843919324981414,0.0008,0.0004,0.013635372973386461,1.102173902254528,3,36,signal_flat,0.0,0.014843919324981414
12_squeeze_compression_expansion,180,2020-10-21 00:00:00+00:00,2020-11-15 00:00:00+00:00,12823.689453125,15955.587890625,LONG,1.0,1.0,0.2367836310252427,0.0008972220153657432,0.0004486110076828716,0.23511972469269682,13.68147958360566,51,612,signal_flat,0.0,0.2724737801392656
12_squeeze_compression_expansion,181,2020-12-15 00:00:00+00:00,2020-12-15 12:00:00+00:00,19417.076171875,19417.076171875,LONG,1.0,1.0,0.0,0.0008,0.0004,-0.0011996400000000573,-0.06153855402341075,2,24,signal_flat,0.0,0.0
12_squeeze_compression_expansion,182,2020-12-16 00:00:00+00:00,2021-01-01 00:00:00+00:00,21310.59765625,29374.15234375,LONG,0.8116630815365711,0.8116630815365711,0.23952260057911112,0.0008209985107937609,0.00041049925539688044,0.23800985657277707,9.540450204218324,33,396,signal_flat,0.0,0.37838238127193535
12_squeeze_compression_expansion,183,2021-02-08 00:00:00+00:00,2021-02-18 00:00:00+00:00,46196.46484375,51679.796875,LONG,0.4481360089854547,0.4481360089854547,0.0609008333733847,0.0004370217242147856,0.0002185108621073928,0.060204472117851404,1.332406457431629,21,252,signal_flat,-0.027670542634020245,0.1288527810273632
12_squeeze_compression_expansion,184,2021-02-19 00:00:00+00:00,2021-02-19 12:00:00+00:00,55888.1328125,55888.1328125,LONG,0.4922113626790669,0.4922113626790669,0.0,0.0003937690901432535,0.00019688454507162676,-0.0005905664172857206,-0.014355506367373282,2,24,signal_flat,0.0,0.0
12_squeeze_compression_expansion,185,2021-02-20 00:00:00+00:00,2021-02-20 12:00:00+00:00,56099.51953125,56099.51953125,LONG,0.5151302952852715,0.5151302952852715,0.0,0.0004121042362282172,0.0002060521181141086,-0.0006180608250228037,-0.015723399282012707,2,24,signal_flat,0.0,0.0
12_squeeze_compression_expansion,186,2021-02-21 00:00:00+00:00,2021-02-21 12:00:00+00:00,57539.9453125,57539.9453125,LONG,0.5001855703185625,0.5001855703185625,0.0,0.00040014845625485,0.000200074228127425,-0.0006001326175645305,-0.014824379499645287,2,24,signal_flat,0.0,0.0
12_squeeze_compression_expansion,187,2021-03-07 00:00:00+00:00,2021-03-07 12:00:00+00:00,51206.69140625,51206.69140625,LONG,0.5317544396140639,0.5317544396140639,0.0,0.0004254035516912511,0.00021270177584562555,-0.0006380035329345279,-0.016754533572455252,2,24,signal_flat,0.0,0.0
12_squeeze_compression_expansion,188,2021-03-08 00:00:00+00:00,2021-03-08 12:00:00+00:00,52246.5234375,52246.5234375,LONG,0.572118257240939,0.572118257240939,0.0,0.0004576946057927512,0.0002288473028963756,-0.0006864240737410876,-0.01939440441413153,2,24,signal_flat,0.0,0.0
12_squeeze_compression_expansion,189,2021-03-09 00:00:00+00:00,2021-03-11 00:00:00+00:00,54824.1171875,57805.12109375,LONG,0.6362815212922595,0.6362815212922595,0.03427266137023466,0.0005090252170338076,0.0002545126085169038,0.03349092058566239,1.0523847111606677,5,60,signal_flat,0.0,0.05437395181494464
12_squeeze_compression_expansion,190,2021-03-13 00:00:00+00:00,2021-03-13 12:00:00+00:00,61243.0859375,61243.0859375,LONG,0.583596224728677,0.583596224728677,0.0,0.0004668769797829416,0.0002334384898914708,-0.0007001928592350604,-0.020180330990915055,2,24,signal_flat,0.0,0.0
12_squeeze_compression_expansion,191,2021-03-30 00:00:00+00:00,2021-04-01 00:00:00+00:00,58917.69140625,59095.80859375,LONG,0.8789524992619884,0.8789524992619884,0.002992563703937412,0.0007924791756713579,0.00039623958783567895,0.0018024459916783364,0.07823945196353366,5,60,signal_flat,0.0,0.003023152863744105
12_squeeze_compression_expansion,192,2021-04-02 00:00:00+00:00,2021-04-02 12:00:00+00:00,59384.3125,59384.3125,LONG,1.0,1.0,0.0,0.0008,0.0004,-0.0011996400000000573,-0.06256467351727053,2,24,signal_flat,0.0,0.0
12_squeeze_compression_expansion,193,2021-04-10 00:00:00+00:00,2021-04-10 12:00:00+00:00,59793.234375,59793.234375,LONG,1.0,1.0,0.0,0.0008,0.0004,-0.0011996400000000573,-0.07121837317784446,2,24,signal_flat,0.0,0.0
12_squeeze_compression_expansion,194,2021-04-11 00:00:00+00:00,2021-04-11 12:00:00+00:00,60204.96484375,60204.96484375,LONG,1.0,1.0,0.0,0.0008,0.0004,-0.0011996400000000573,-0.06931399062176052,2,24,signal_flat,0.0,0.0
12_squeeze_compression_expansion,195,2021-04-13 00:00:00+00:00,2021-04-18 00:00:00+00:00,63503.45703125,56216.18359375,LONG,1.0,1.0,-0.11471190210325566,0.0008025947993609453,0.00040129739968047264,-0.11581963258705374,-6.349439170012721,11,132,signal_flat,-0.11475396424345752,0.0
12_squeeze_compression_expansion,196,2021-07-23 00:00:00+00:00,2021-08-23 00:00:00+00:00,33581.55078125,49546.1484375,LONG,0.8856791133594644,0.8856791133594644,0.34432103964456484,0.0010571714580969278,0.0005285857290484639,0.3422029491696914,14.967810804436148,63,756,signal_flat,0.0,0.4753978683189255
12_squeeze_compression_expansion,197,2021-09-03 00:00:00+00:00,2021-09-03 12:00:00+00:00,50025.375,50025.375,LONG,1.0,1.0,0.0,0.0008,0.0004,-0.0011996400000000573,-0.06116072681791902,2,24,signal_flat,0.0,0.0
12_squeeze_compression_expansion,198,2021-09-05 00:00:00+00:00,2021-09-05 12:00:00+00:00,51753.41015625,51753.41015625,LONG,0.9605282749160209,0.9605282749160209,0.0,0.0007684226199328167,0.00038421130996640836,-0.001152301788655219,-0.0546606162395473,2,24,signal_flat,0.0,0.0
12_squeeze_compression_expansion,199,2021-09-06 00:00:00+00:00,2021-09-06 12:00:00+00:00,52633.53515625,52633.53515625,LONG,0.9216359191298733,0.9216359191298733,0.0,0.0007373087353038986,0.0003686543676519493,-0.0011056573143595205,-0.050324337871542016,2,24,signal_flat,0.0,0.0
12_squeeze_compression_expansion,200,2021-09-18 00:00:00+00:00,2021-09-18 12:00:00+00:00,48278.36328125,48278.36328125,LONG,0.7480558480112651,0.7480558480112651,0.0,0.0005984446784090121,0.00029922233920450604,-0.0008974655660949349,-0.03315507013550125,2,24,signal_flat,0.0,0.0
12_squeeze_compression_expansion,201,2021-10-15 00:00:00+00:00,2021-10-16 00:00:00+00:00,61593.94921875,60892.1796875,LONG,0.7283008702424686,0.7283008702424686,-0.008297882613499286,0.0005826406961939749,0.00029132034809698746,-0.009168026692736309,-0.3297500210121815,3,36,signal_flat,-0.01139348166745524,0.0
12_squeeze_compression_expansion,202,2021-10-18 00:00:00+00:00,2021-10-18 12:00:00+00:00,62026.078125,62026.078125,LONG,0.74294762032569,0.74294762032569,0.0,0.000594358096260552,0.000297179048130276,-0.0008913384347707387,-0.032703856142039175,2,24,signal_flat,0.0,0.0
12_squeeze_compression_expansion,203,2021-10-19 00:00:00+00:00,2021-10-19 12:00:00+00:00,64261.9921875,64261.9921875,LONG,0.768856235561483,0.768856235561483,0.0,0.0006150849884491863,0.00030754249422459317,-0.0009224146723056936,-0.03502430105437349,2,24,signal_flat,0.0,0.0
12_squeeze_compression_expansion,204,2021-10-20 00:00:00+00:00,2021-10-20 12:00:00+00:00,65992.8359375,65992.8359375,LONG,0.8832032599824511,0.8832032599824511,0.0,0.0007065626079859608,0.0003532813039929804,-0.001059563094699456,-0.04621528338977196,2,24,signal_flat,0.0,0.0
12_squeeze_compression_expansion,205,2021-11-02 00:00:00+00:00,2021-11-02 12:00:00+00:00,63226.40234375,63226.40234375,LONG,0.7979518344159675,0.7979518344159675,0.0,0.000638361467532774,0.000319180733766387,-0.0009573129795322766,-0.037724957452933354,2,24,signal_flat,0.0,0.0
12_squeeze_compression_expansion,206,2021-11-07 00:00:00+00:00,2021-11-07 12:00:00+00:00,63326.98828125,63326.98828125,LONG,0.9551002017218113,0.9551002017218113,0.0,0.000764080161377449,0.0003820400806887245,-0.001145791844163857,-0.05404466103284476,2,24,signal_flat,0.0,0.0
12_squeeze_compression_expansion,207,2021-11-08 00:00:00+00:00,2021-11-16 00:00:00+00:00,67566.828125,60161.24609375,LONG,0.8612624836844216,0.8612624836844216,-0.1073814202747011,0.0007999999999999999,0.00039999999999999996,-0.10848291873400018,-4.614185235598479,17,204,signal_flat,-0.10960381353923443,0.0
12_squeeze_compression_expansion,208,2021-12-23 00:00:00+00:00,2021-12-23 12:00:00+00:00,50784.5390625,50784.5390625,LONG,0.7904774226612068,0.7904774226612068,0.0,0.0006323819381289655,0.00031619096906448273,-0.0009483479595533417,-0.03702161143622432,2,24,signal_flat,0.0,0.0
12_squeeze_compression_expansion,209,2021-12-24 00:00:00+00:00,2021-12-24 12:00:00+00:00,50822.1953125,50822.1953125,LONG,0.8090985476472771,0.8090985476472771,0.0,0.0006472788381178216,0.0003236394190589108,-0.000970682586611149,-0.03878616085789309,2,24,signal_flat,0.0,0.0
12_squeeze_compression_expansion,210,2022-01-31 00:00:00+00:00,2022-01-31 12:00:00+00:00,38483.125,38483.125,LONG,0.9498622434939367,0.9498622434939367,0.0,0.0007598897947951493,0.00037994489739757466,-0.0011395098864113162,-0.053453587323222064,2,24,signal_flat,0.0,0.0
12_squeeze_compression_expansion,211,2022-02-01 00:00:00+00:00,2022-02-01 12:00:00+00:00,38743.2734375,38743.2734375,LONG,0.9379214533986253,0.9379214533986253,0.0,0.0007503371627189002,0.0003751685813594501,-0.0011251890532834041,-0.05211828327282223,2,24,signal_flat,0.0,0.0
12_squeeze_compression_expansion,212,2022-02-04 00:00:00+00:00,2022-02-14 00:00:00+00:00,41500.875,42586.91796875,LONG,0.8677347494437859,0.8677347494437859,0.02852491659200118,0.0008280263637506935,0.00041401318187534673,0.027253269715067807,1.1678948351504739,21,252,signal_flat,-0.001438787435204647,0.06838221784480458
12_squeeze_compression_expansion,213,2022-02-15 00:00:00+00:00,2022-02-15 12:00:00+00:00,44575.203125,44575.203125,LONG,0.8254810974242838,0.8254810974242838,0.0,0.000660384877939427,0.0003301924389697135,-0.0009903320060540288,-0.04037254077378129,2,24,signal_flat,0.0,0.0
12_squeeze_compression_expansion,214,2022-03-19 00:00:00+00:00,2022-03-19 12:00:00+00:00,42190.65234375,42190.65234375,LONG,0.7470401161029151,0.7470401161029151,0.0,0.0005976320928823321,0.00029881604644116605,-0.000896247234506764,-0.03306510351126336,2,24,signal_flat,0.0,0.0
12_squeeze_compression_expansion,215,2022-03-22 00:00:00+00:00,2022-03-22 12:00:00+00:00,42358.80859375,42358.80859375,LONG,0.7359866137155359,0.7359866137155359,0.0,0.0005887892909724287,0.00029439464548621435,-0.0008829889329923235,-0.03209396019532079,2,24,signal_flat,0.0,0.0
12_squeeze_compression_expansion,216,2022-03-23 00:00:00+00:00,2022-03-23 12:00:00+00:00,42892.95703125,42892.95703125,LONG,0.9028170147061765,0.9028170147061765,0.0,0.0007222536117649412,0.0003611268058824706,-0.0010830869893649897,-0.048290445070672365,2,24,signal_flat,0.0,0.0
12_squeeze_compression_expansion,217,2022-03-24 00:00:00+00:00,2022-03-24 12:00:00+00:00,43960.93359375,43960.93359375,LONG,1.0,1.0,0.0,0.0008,0.0004,-0.0011996400000000573,-0.0603553263692021,2,24,signal_flat,0.0,0.0
12_squeeze_compression_expansion,218,2022-03-25 00:00:00+00:00,2022-03-25 12:00:00+00:00,44348.73046875,44348.73046875,LONG,1.0,1.0,0.0,0.0008,0.0004,-0.0011996400000000573,-0.06202021805619978,2,24,signal_flat,0.0,0.0
12_squeeze_compression_expansion,219,2022-03-26 00:00:00+00:00,2022-03-26 12:00:00+00:00,44500.828125,44500.828125,LONG,1.0,1.0,0.0,0.0008,0.0004,-0.0011996400000000573,-0.061878788454880033,2,24,signal_flat,0.0,0.0
12_squeeze_compression_expansion,220,2022-03-27 00:00:00+00:00,2022-03-27 12:00:00+00:00,46820.4921875,46820.4921875,LONG,0.9562907877969475,0.9562907877969475,0.0,0.000765032630237558,0.000382516315118779,-0.0011472197282107466,-0.054179465070059746,2,24,signal_flat,0.0,0.0
12_squeeze_compression_expansion,221,2022-03-28 00:00:00+00:00,2022-03-28 12:00:00+00:00,47128.00390625,47128.00390625,LONG,1.0,1.0,0.0,0.0008,0.0004,-0.0011996400000000573,-0.0658620880304941,2,24,signal_flat,0.0,0.0
12_squeeze_compression_expansion,222,2022-03-29 00:00:00+00:00,2022-03-29 12:00:00+00:00,47465.73046875,47465.73046875,LONG,1.0,1.0,0.0,0.0008,0.0004,-0.0011996400000000573,-0.06614793493930961,2,24,signal_flat,0.0,0.0
12_squeeze_compression_expansion,223,2022-05-30 00:00:00+00:00,2022-05-30 12:00:00+00:00,31726.390625,31726.390625,LONG,0.6986585088513079,0.6986585088513079,0.0,0.0005589268070810463,0.00027946340354052313,-0.0008382144860851204,-0.028921329182318448,2,24,signal_flat,0.0,0.0
12_squeeze_compression_expansion,224,2022-05-31 00:00:00+00:00,2022-05-31 12:00:00+00:00,31792.310546875,31792.310546875,LONG,0.7287848007037386,0.7287848007037386,0.0,0.0005830278405629909,0.00029151392028149546,-0.000874350555021608,-0.031469006384914094,2,24,signal_flat,0.0,0.0
12_squeeze_compression_expansion,225,2022-07-07 00:00:00+00:00,2022-07-07 12:00:00+00:00,21637.587890625,21637.587890625,LONG,1.0,1.0,0.0,0.0008,0.0004,-0.0011996400000000573,-0.06621054499253325,2,24,signal_flat,0.0,0.0
12_squeeze_compression_expansion,226,2022-07-08 00:00:00+00:00,2022-07-08 12:00:00+00:00,21731.1171875,21731.1171875,LONG,1.0,1.0,0.0,0.0008,0.0004,-0.0011996400000000573,-0.06689384586667824,2,24,signal_flat,0.0,0.0
12_squeeze_compression_expansion,227,2022-08-08 00:00:00+00:00,2022-08-08 12:00:00+00:00,23809.486328125,23809.486328125,LONG,1.0,1.0,0.0,0.0008,0.0004,-0.0011996400000000573,-0.0653664074219252,2,24,signal_flat,0.0,0.0
12_squeeze_compression_expansion,228,2022-08-10 00:00:00+00:00,2022-08-10 12:00:00+00:00,23947.642578125,23947.642578125,LONG,1.0,1.0,0.0,0.0008,0.0004,-0.0011996400000000573,-0.07222556552730611,2,24,signal_flat,0.0,0.0
12_squeeze_compression_expansion,229,2022-08-11 00:00:00+00:00,2022-08-11 12:00:00+00:00,23957.529296875,23957.529296875,LONG,1.0,1.0,0.0,0.0008,0.0004,-0.0011996400000000573,-0.08696776675941795,2,24,signal_flat,0.0,0.0
12_squeeze_compression_expansion,230,2022-08-12 00:00:00+00:00,2022-08-12 12:00:00+00:00,24402.818359375,24402.818359375,LONG,1.0,1.0,0.0,0.0008,0.0004,-0.0011996400000000573,-0.07995415329221067,2,24,signal_flat,0.0,0.0
12_squeeze_compression_expansion,231,2022-08-13 00:00:00+00:00,2022-08-13 12:00:00+00:00,24424.068359375,24424.068359375,LONG,1.0,1.0,0.0,0.0008,0.0004,-0.0011996400000000573,-0.08204950111439462,2,24,signal_flat,0.0,0.0
12_squeeze_compression_expansion,232,2022-09-09 00:00:00+00:00,2022-09-20 00:00:00+00:00,21381.15234375,18890.7890625,LONG,0.8840740112735543,0.8840740112735543,-0.09788143675933803,0.0007908625855124675,0.00039543129275623377,-0.0989696750072564,-4.321046123615984,23,276,signal_flat,-0.11647469889423279,0.04626957701319512
12_squeeze_compression_expansion,233,2022-09-29 00:00:00+00:00,2022-09-29 12:00:00+00:00,19573.05078125,19573.05078125,LONG,1.0,1.0,0.0,0.0008,0.0004,-0.0011996400000000573,-0.06840013964171424,2,24,signal_flat,0.0,0.0
12_squeeze_compression_expansion,234,2022-10-03 00:00:00+00:00,2022-10-03 12:00:00+00:00,19623.580078125,19623.580078125,LONG,1.0,1.0,0.0,0.0008,0.0004,-0.0011996400000000573,-0.069964937599495,2,24,signal_flat,0.0,0.0
12_squeeze_compression_expansion,235,2022-10-04 00:00:00+00:00,2022-10-04 12:00:00+00:00,20336.84375,20336.84375,LONG,1.0,1.0,0.0,0.0008,0.0004,-0.0011996400000000573,-0.06912457512313444,2,24,signal_flat,0.0,0.0
12_squeeze_compression_expansion,236,2022-10-17 00:00:00+00:00,2022-10-17 12:00:00+00:00,19550.7578125,19550.7578125,LONG,1.0,1.0,0.0,0.0008,0.0004,-0.0011996400000000573,-0.10297387156671438,2,24,signal_flat,0.0,0.0
12_squeeze_compression_expansion,237,2022-10-23 00:00:00+00:00,2022-10-23 12:00:00+00:00,19567.0078125,19567.0078125,LONG,1.0,1.0,0.0,0.0008,0.0004,-0.0011996400000000573,-0.1275882130142458,2,24,signal_flat,0.0,0.0
12_squeeze_compression_expansion,238,2022-10-25 00:00:00+00:00,2022-11-08 00:00:00+00:00,20095.857421875,18541.271484375,LONG,1.0,1.0,-0.07735852742504956,0.0008,0.0004,-0.07852687945042369,-6.813705693659164,29,348,signal_flat,-0.07735852742504945,0.059058638776123606
12_squeeze_compression_expansion,239,2022-12-08 00:00:00+00:00,2022-12-10 00:00:00+00:00,17233.474609375,17128.724609375,LONG,1.0,1.0,-0.006078286728261717,0.0008,0.0004,-0.007270789035710101,-0.5752504921235783,5,60,signal_flat,-0.006078286728261717,0.0
12_squeeze_compression_expansion,240,2022-12-13 00:00:00+00:00,2022-12-13 12:00:00+00:00,17781.318359375,17781.318359375,LONG,1.0,1.0,0.0,0.0008,0.0004,-0.0011996400000000573,-0.0901320935418213,2,24,signal_flat,0.0,0.0
12_squeeze_compression_expansion,241,2022-12-14 00:00:00+00:00,2022-12-14 12:00:00+00:00,17815.650390625,17815.650390625,LONG,1.0,1.0,0.0,0.0008,0.0004,-0.0011996400000000573,-0.11641526251569154,2,24,signal_flat,0.0,0.0
12_squeeze_compression_expansion,242,2022-12-26 00:00:00+00:00,2022-12-26 12:00:00+00:00,16919.8046875,16919.8046875,LONG,1.0,1.0,0.0,0.0008,0.0004,-0.0011996400000000573,-0.09521254294048066,2,24,signal_flat,0.0,0.0
12_squeeze_compression_expansion,243,2023-01-06 00:00:00+00:00,2023-01-06 12:00:00+00:00,16951.96875,16951.96875,LONG,1.0,1.0,0.0,0.0008,0.0004,-0.0011996400000000573,-0.24211589104694956,2,24,signal_flat,0.0,0.0
12_squeeze_compression_expansion,244,2023-01-07 00:00:00+00:00,2023-01-07 12:00:00+00:00,16955.078125,16955.078125,LONG,1.0,1.0,0.0,0.0008,0.0004,-0.0011996400000000573,-0.2524557801214721,2,24,signal_flat,0.0,0.0
12_squeeze_compression_expansion,245,2023-01-08 00:00:00+00:00,2023-01-08 12:00:00+00:00,17091.14453125,17091.14453125,LONG,1.0,1.0,0.0,0.0008,0.0004,-0.0011996400000000573,-0.2263197033828867,2,24,signal_flat,0.0,0.0
12_squeeze_compression_expansion,246,2023-01-09 00:00:00+00:00,2023-01-09 12:00:00+00:00,17196.5546875,17196.5546875,LONG,1.0,1.0,0.0,0.0008,0.0004,-0.0011996400000000573,-0.22169797256387583,2,24,signal_flat,0.0,0.0
12_squeeze_compression_expansion,247,2023-01-10 00:00:00+00:00,2023-01-10 12:00:00+00:00,17446.29296875,17446.29296875,LONG,1.0,1.0,0.0,0.0008,0.0004,-0.0011996400000000573,-0.21448774079716196,2,24,signal_flat,0.0,0.0
12_squeeze_compression_expansion,248,2023-01-11 00:00:00+00:00,2023-01-30 00:00:00+00:00,17934.896484375,22840.138671875,LONG,1.0,1.0,0.26912460525646265,0.0009719171934567073,0.00048595859672835367,0.26725443232380686,38.78771553584732,39,468,signal_flat,0.0,0.3256037706692403
12_squeeze_compression_expansion,249,2023-03-13 00:00:00+00:00,2023-03-27 00:00:00+00:00,24197.533203125,27139.888671875,LONG,0.7315437075039496,0.7315437075039496,0.08563710836059601,0.0006907994594465385,0.00034539972972326926,0.08450885956658749,3.0530973616857278,29,348,signal_flat,0.0,0.1709446751617969
12_squeeze_compression_expansion,250,2023-04-10 00:00:00+00:00,2023-04-10 12:00:00+00:00,29652.98046875,29652.98046875,LONG,1.0,1.0,0.0,0.0008,0.0004,-0.0011996400000000573,-0.09344959142916603,2,24,signal_flat,0.0,0.0
12_squeeze_compression_expansion,251,2023-04-11 00:00:00+00:00,2023-04-11 12:00:00+00:00,30235.05859375,30235.05859375,LONG,1.0,1.0,0.0,0.0008,0.0004,-0.0011996400000000573,-0.08629325295645275,2,24,signal_flat,0.0,0.0
12_squeeze_compression_expansion,252,2023-04-13 00:00:00+00:00,2023-04-13 12:00:00+00:00,30399.06640625,30399.06640625,LONG,1.0,1.0,0.0,0.0008,0.0004,-0.0011996400000000573,-0.10786500685137787,2,24,signal_flat,0.0,0.0
12_squeeze_compression_expansion,253,2023-04-14 00:00:00+00:00,2023-04-14 12:00:00+00:00,30485.69921875,30485.69921875,LONG,1.0,1.0,0.0,0.0008,0.0004,-0.0011996400000000573,-0.11770877015434314,2,24,signal_flat,0.0,0.0
12_squeeze_compression_expansion,254,2023-05-28 00:00:00+00:00,2023-06-05 00:00:00+00:00,28085.646484375,25760.09765625,LONG,1.0,1.0,-0.08280204016022141,0.0008,0.0004,-0.08393136205748453,-6.177805895663461,17,204,signal_flat,-0.08280204016022141,0.0
12_squeeze_compression_expansion,255,2023-07-03 00:00:00+00:00,2023-07-03 12:00:00+00:00,31156.439453125,31156.439453125,LONG,1.0,1.0,0.0,0.0008,0.0004,-0.0011996400000000573,-0.07383632322444386,2,24,signal_flat,0.0,0.0
12_squeeze_compression_expansion,256,2023-07-13 00:00:00+00:00,2023-07-13 12:00:00+00:00,31476.048828125,31476.048828125,LONG,1.0,1.0,0.0,0.0008,0.0004,-0.0011996400000000573,-0.11833714536533264,2,24,signal_flat,0.0,0.0
12_squeeze_compression_expansion,257,2023-08-08 00:00:00+00:00,2023-08-11 00:00:00+00:00,29765.4921875,29397.71484375,LONG,1.0,1.0,-0.012355829409212649,0.0008,0.0004,-0.013541289038405235,-2.313860854331587,7,84,signal_flat,-0.012355829409212538,0.0
12_squeeze_compression_expansion,258,2023-08-29 00:00:00+00:00,2023-08-31 00:00:00+00:00,27727.392578125,25931.47265625,LONG,1.0,1.0,-0.06477060245801325,0.0008,0.0004,-0.06592207805613037,-4.217807137801474,5,60,signal_flat,-0.06477060245801325,0.0
12_squeeze_compression_expansion,259,2023-10-01 00:00:00+00:00,2023-10-11 00:00:00+00:00,27983.75,26873.3203125,LONG,1.0,1.0,-0.039681232411667655,0.0008,0.0004,-0.040844362554669056,-4.063737076449624,21,252,signal_flat,-0.03968123241166743,0.0
12_squeeze_compression_expansion,260,2023-10-16 00:00:00+00:00,2023-11-02 00:00:00+00:00,28519.466796875,34938.2421875,LONG,1.0,1.0,0.22450635426808718,0.0008332996551669245,0.00041664982758346226,0.22296580679326072,19.48350500591858,35,420,signal_flat,-0.006701562878480671,0.2425636902206394
12_squeeze_compression_expansion,261,2023-11-07 00:00:00+00:00,2023-11-07 12:00:00+00:00,35443.5625,35443.5625,LONG,1.0,1.0,0.0,0.0008,0.0004,-0.0011996400000000573,-0.13498386049528377,2,24,signal_flat,0.0,0.0
12_squeeze_compression_expansion,262,2023-11-08 00:00:00+00:00,2023-11-08 12:00:00+00:00,35655.27734375,35655.27734375,LONG,1.0,1.0,0.0,0.0008,0.0004,-0.0011996400000000573,-0.14907806945183483,2,24,signal_flat,0.0,0.0
12_squeeze_compression_expansion,263,2023-11-09 00:00:00+00:00,2023-11-09 12:00:00+00:00,36693.125,36693.125,LONG,1.0,1.0,0.0,0.0008,0.0004,-0.0011996400000000573,-0.12749193989355945,2,24,signal_flat,0.0,0.0
12_squeeze_compression_expansion,264,2023-11-10 00:00:00+00:00,2023-11-10 12:00:00+00:00,37313.96875,37313.96875,LONG,1.0,1.0,0.0,0.0008,0.0004,-0.0011996400000000573,-0.11875400800680712,2,24,signal_flat,0.0,0.0
12_squeeze_compression_expansion,265,2023-11-15 00:00:00+00:00,2023-11-29 00:00:00+00:00,37880.58203125,37858.4921875,LONG,1.0,1.0,-0.0022097002810954613,0.0009279185957871246,0.0004639592978935623,-0.003595397485521845,-0.2406750929814453,29,348,signal_flat,-0.054560131350278485,0.0
12_squeeze_compression_expansion,266,2023-12-02 00:00:00+00:00,2023-12-02 12:00:00+00:00,39476.33203125,39476.33203125,LONG,1.0,1.0,0.0,0.0008,0.0004,-0.0011996400000000573,-0.07923182155952951,2,24,signal_flat,0.0,0.0
12_squeeze_compression_expansion,267,2023-12-03 00:00:00+00:00,2023-12-03 12:00:00+00:00,39978.390625,39978.390625,LONG,1.0,1.0,0.0,0.0008,0.0004,-0.0011996400000000573,-0.08281503948726887,2,24,signal_flat,0.0,0.0
12_squeeze_compression_expansion,268,2023-12-04 00:00:00+00:00,2023-12-04 12:00:00+00:00,41980.09765625,41980.09765625,LONG,1.0,1.0,0.0,0.0008,0.0004,-0.0011996400000000573,-0.06705851328425337,2,24,signal_flat,0.0,0.0
12_squeeze_compression_expansion,269,2023-12-05 00:00:00+00:00,2023-12-21 00:00:00+00:00,44080.6484375,43869.15234375,LONG,1.0,1.0,-0.004624196636966227,0.0008966060305602057,0.00044830301528010286,-0.005957137580341443,-0.32563931964467485,33,396,signal_flat,-0.06435514237664164,0.0019499060936425394
12_squeeze_compression_expansion,270,2023-12-22 00:00:00+00:00,2023-12-22 12:00:00+00:00,43997.90234375,43997.90234375,LONG,1.0,1.0,0.0,0.0008,0.0004,-0.0011996400000000573,-0.06859041610470716,2,24,signal_flat,0.0,0.0
12_squeeze_compression_expansion,271,2024-01-01 00:00:00+00:00,2024-01-13 00:00:00+00:00,44167.33203125,42842.3828125,LONG,1.0,1.0,-0.029385288594012238,0.0008364458813428797,0.0004182229406714398,-0.030607719781701292,-2.021167249201694,25,300,signal_flat,-0.029998398314223462,0.06346708633015585
12_squeeze_compression_expansion,272,2024-02-07 00:00:00+00:00,2024-02-07 12:00:00+00:00,44318.22265625,44318.22265625,LONG,1.0,1.0,0.0,0.0008,0.0004,-0.0011996400000000573,-0.09615871689925308,2,24,signal_flat,0.0,0.0
12_squeeze_compression_expansion,273,2024-02-08 00:00:00+00:00,2024-02-08 12:00:00+00:00,45301.56640625,45301.56640625,LONG,1.0,1.0,0.0,0.0008,0.0004,-0.0011996400000000573,-0.08689794578085032,2,24,signal_flat,0.0,0.0
12_squeeze_compression_expansion,274,2024-02-09 00:00:00+00:00,2024-02-09 12:00:00+00:00,47147.19921875,47147.19921875,LONG,1.0,1.0,0.0,0.0008,0.0004,-0.0011996400000000573,-0.08988054649665787,2,24,signal_flat,0.0,0.0
12_squeeze_compression_expansion,275,2024-02-10 00:00:00+00:00,2024-02-10 12:00:00+00:00,47771.27734375,47771.27734375,LONG,1.0,1.0,0.0,0.0008,0.0004,-0.0011996400000000573,-0.0870903669176319,2,24,signal_flat,0.0,0.0
12_squeeze_compression_expansion,276,2024-02-11 00:00:00+00:00,2024-02-11 12:00:00+00:00,48293.91796875,48293.91796875,LONG,1.0,1.0,0.0,0.0008,0.0004,-0.0011996400000000573,-0.08323383393384982,2,24,signal_flat,0.0,0.0
12_squeeze_compression_expansion,277,2024-02-12 00:00:00+00:00,2024-02-22 00:00:00+00:00,49958.22265625,51304.97265625,LONG,1.0,1.0,0.0269575242751654,0.0008,0.0004,0.02571913295513739,1.7441545380220058,21,252,signal_flat,-0.004319233922406296,0.04657195993058272
12_squeeze_compression_expansion,278,2024-02-26 00:00:00+00:00,2024-03-14 00:00:00+00:00,54522.40234375,71396.59375,LONG,1.0,1.0,0.2577187906099456,0.0009689984941661094,0.0004844992470830547,0.2558888442680425,18.753646844300974,35,420,signal_flat,0.0,0.34043066443086945
12_squeeze_compression_expansion,279,2024-04-08 00:00:00+00:00,2024-04-08 12:00:00+00:00,71631.359375,71631.359375,LONG,1.0,1.0,0.0,0.0008,0.0004,-0.0011996400000000573,-0.06417884094798684,2,24,signal_flat,0.0,0.0
12_squeeze_compression_expansion,280,2024-05-15 00:00:00+00:00,2024-05-27 00:00:00+00:00,66267.4921875,69394.5546875,LONG,0.832532808229042,0.832532808229042,0.050106982511445075,0.0008640365703765874,0.0004320182851882937,0.048760812380710616,2.004797091473314,25,300,signal_flat,-0.01563225228621834,0.07817865070767271
12_squeeze_compression_expansion,281,2024-06-04 00:00:00+00:00,2024-06-04 12:00:00+00:00,70567.765625,70567.765625,LONG,1.0,1.0,0.0,0.0008,0.0004,-0.0011996400000000573,-0.09840694511339726,2,24,signal_flat,0.0,0.0
12_squeeze_compression_expansion,282,2024-06-05 00:00:00+00:00,2024-06-05 12:00:00+00:00,71082.8203125,71082.8203125,LONG,1.0,1.0,0.0,0.0008,0.0004,-0.0011996400000000573,-0.10271715431003212,2,24,signal_flat,0.0,0.0
12_squeeze_compression_expansion,283,2024-09-18 00:00:00+00:00,2024-09-19 00:00:00+00:00,61649.6796875,62940.45703125,LONG,0.9535976510766843,0.9535976510766843,0.01996575244676535,0.0007628781208613474,0.0003814390604306737,0.018810339054144976,0.8858494712569223,3,36,signal_flat,0.0,0.020937291974474137
12_squeeze_compression_expansion,284,2024-09-20 00:00:00+00:00,2024-09-20 12:00:00+00:00,63192.9765625,63192.9765625,LONG,1.0,1.0,0.0,0.0008,0.0004,-0.0011996400000000573,-0.06675104846229883,2,24,signal_flat,0.0,0.0
12_squeeze_compression_expansion,285,2024-09-21 00:00:00+00:00,2024-09-21 12:00:00+00:00,63394.83984375,63394.83984375,LONG,1.0,1.0,0.0,0.0008,0.0004,-0.0011996400000000573,-0.06684264189796853,2,24,signal_flat,0.0,0.0
12_squeeze_compression_expansion,286,2024-09-22 00:00:00+00:00,2024-09-22 12:00:00+00:00,63648.7109375,63648.7109375,LONG,1.0,1.0,0.0,0.0008,0.0004,-0.0011996400000000573,-0.06931429207222642,2,24,signal_flat,0.0,0.0
12_squeeze_compression_expansion,287,2024-09-24 00:00:00+00:00,2024-09-24 12:00:00+00:00,64301.96875,64301.96875,LONG,1.0,1.0,0.0,0.0008,0.0004,-0.0011996400000000573,-0.07925340807908168,2,24,signal_flat,0.0,0.0
12_squeeze_compression_expansion,288,2024-09-26 00:00:00+00:00,2024-09-26 12:00:00+00:00,65181.01953125,65181.01953125,LONG,1.0,1.0,0.0,0.0008,0.0004,-0.0011996400000000573,-0.06904662128680389,2,24,signal_flat,0.0,0.0
12_squeeze_compression_expansion,289,2024-09-27 00:00:00+00:00,2024-09-27 12:00:00+00:00,65790.6640625,65790.6640625,LONG,1.0,1.0,0.0,0.0008,0.0004,-0.0011996400000000573,-0.0797696866766206,2,24,signal_flat,0.0,0.0
12_squeeze_compression_expansion,290,2024-09-28 00:00:00+00:00,2024-09-28 12:00:00+00:00,65887.6484375,65887.6484375,LONG,1.0,1.0,0.0,0.0008,0.0004,-0.0011996400000000573,-0.08286852750628829,2,24,signal_flat,0.0,0.0
12_squeeze_compression_expansion,291,2024-10-12 00:00:00+00:00,2024-10-24 00:00:00+00:00,63193.0234375,68161.0546875,LONG,1.0,1.0,0.07861676779737481,0.0008,0.0004,0.07733922116298175,5.246945598455193,25,300,signal_flat,-0.005406426515387475,0.09191963561048766
12_squeeze_compression_expansion,292,2024-10-28 00:00:00+00:00,2024-11-21 00:00:00+00:00,69907.7578125,98504.7265625,LONG,1.0,1.0,0.36144904918261345,0.001061991776873631,0.0005309958884368155,0.359331751243539,27.00925777610402,49,588,signal_flat,-0.029985942413177757,0.40906717143897087
12_squeeze_compression_expansion,293,2024-12-06 00:00:00+00:00,2024-12-06 12:00:00+00:00,99920.7109375,99920.7109375,LONG,1.0,1.0,0.0,0.0008,0.0004,-0.0011996400000000573,-0.06398409526577899,2,24,signal_flat,0.0,0.0
12_squeeze_compression_expansion,294,2024-12-07 00:00:00+00:00,2024-12-07 12:00:00+00:00,99923.3359375,99923.3359375,LONG,1.0,1.0,0.0,0.0008,0.0004,-0.0011996400000000573,-0.06713006661437902,2,24,signal_flat,0.0,0.0
12_squeeze_compression_expansion,295,2024-12-08 00:00:00+00:00,2024-12-08 12:00:00+00:00,101236.015625,101236.015625,LONG,1.0,1.0,0.0,0.0008,0.0004,-0.0011996400000000573,-0.06437241280026056,2,24,signal_flat,0.0,0.0
12_squeeze_compression_expansion,296,2024-12-13 00:00:00+00:00,2024-12-21 00:00:00+00:00,101459.2578125,97224.7265625,LONG,1.0,1.0,-0.04113808820725362,0.0008315109589262287,0.00041575547946311436,-0.042337872678209765,-2.3652117030049418,17,204,signal_flat,-0.04173627268026692,0.046140133990052234
12_squeeze_compression_expansion,297,2025-01-05 00:00:00+00:00,2025-01-05 12:00:00+00:00,98314.9609375,98314.9609375,LONG,1.0,1.0,0.0,0.0008,0.0004,-0.0011996400000000573,-0.08299982755312582,2,24,signal_flat,0.0,0.0
12_squeeze_compression_expansion,298,2025-01-06 00:00:00+00:00,2025-01-06 12:00:00+00:00,102078.0859375,102078.0859375,LONG,1.0,1.0,0.0,0.0008,0.0004,-0.0011996400000000573,-0.07109787338893411,2,24,signal_flat,0.0,0.0
12_squeeze_compression_expansion,299,2025-02-20 00:00:00+00:00,2025-02-20 12:00:00+00:00,98333.9375,98333.9375,LONG,1.0,1.0,0.0,0.0008,0.0004,-0.0011996400000000573,-0.13590763839908973,2,24,signal_flat,0.0,0.0
12_squeeze_compression_expansion,300,2025-04-21 00:00:00+00:00,2025-04-21 12:00:00+00:00,87518.90625,87518.90625,LONG,0.882985944150539,0.882985944150539,0.0,0.0007063887553204312,0.0003531943776602156,-0.0010593024538767537,-0.04619254627506645,2,24,signal_flat,0.0,0.0
12_squeeze_compression_expansion,301,2025-04-22 00:00:00+00:00,2025-04-22 12:00:00+00:00,93441.890625,93441.890625,LONG,0.8068919858784289,0.8068919858784289,0.0,0.0006455135887027431,0.00032275679435137157,-0.0009680359961703466,-0.03857492076770589,2,24,signal_flat,0.0,0.0
12_squeeze_compression_expansion,302,2025-04-23 00:00:00+00:00,2025-04-23 12:00:00+00:00,93699.109375,93699.109375,LONG,1.0,1.0,0.0,0.0008,0.0004,-0.0011996400000000573,-0.06186975074129668,2,24,signal_flat,0.0,0.0
12_squeeze_compression_expansion,303,2025-04-24 00:00:00+00:00,2025-04-24 12:00:00+00:00,93943.796875,93943.796875,LONG,1.0,1.0,0.0,0.0008,0.0004,-0.0011996400000000573,-0.07045779475254345,2,24,signal_flat,0.0,0.0
12_squeeze_compression_expansion,304,2025-04-25 00:00:00+00:00,2025-04-25 12:00:00+00:00,94720.5,94720.5,LONG,1.0,1.0,0.0,0.0008,0.0004,-0.0011996400000000573,-0.0843199365445306,2,24,signal_flat,0.0,0.0
12_squeeze_compression_expansion,305,2025-05-02 00:00:00+00:00,2025-05-02 12:00:00+00:00,96910.0703125,96910.0703125,LONG,1.0,1.0,0.0,0.0008,0.0004,-0.0011996400000000573,-0.09469290866944897,2,24,signal_flat,0.0,0.0
12_squeeze_compression_expansion,306,2025-05-07 00:00:00+00:00,2025-05-07 12:00:00+00:00,97032.3203125,97032.3203125,LONG,1.0,1.0,0.0,0.0008,0.0004,-0.0011996400000000573,-0.1328425775750821,2,24,signal_flat,0.0,0.0
12_squeeze_compression_expansion,307,2025-05-08 00:00:00+00:00,2025-05-18 00:00:00+00:00,103241.4609375,106446.0078125,LONG,1.0,1.0,0.031039340647649016,0.0008,0.0004,0.02982136962789328,2.2230276720198456,21,252,signal_flat,-0.004150539992449409,0.031039340647648794
12_squeeze_compression_expansion,308,2025-05-20 00:00:00+00:00,2025-05-20 12:00:00+00:00,106791.0859375,106791.0859375,LONG,1.0,1.0,0.0,0.0008,0.0004,-0.0011996400000000573,-0.09277539219262397,2,24,signal_flat,0.0,0.0
12_squeeze_compression_expansion,309,2025-05-21 00:00:00+00:00,2025-05-21 12:00:00+00:00,109678.078125,109678.078125,LONG,1.0,1.0,0.0,0.0008,0.0004,-0.0011996400000000573,-0.08165266515512748,2,24,signal_flat,0.0,0.0
12_squeeze_compression_expansion,310,2025-05-22 00:00:00+00:00,2025-05-22 12:00:00+00:00,111673.28125,111673.28125,LONG,1.0,1.0,0.0,0.0008,0.0004,-0.0011996400000000573,-0.10504147284849864,2,24,signal_flat,0.0,0.0
12_squeeze_compression_expansion,311,2025-06-09 00:00:00+00:00,2025-06-17 00:00:00+00:00,110294.1015625,104601.1171875,LONG,1.0,1.0,-0.05161639919405825,0.0008,0.0004,-0.05276605521709887,-3.821461522117522,17,204,signal_flat,-0.05161639919405825,0.0
12_squeeze_compression_expansion,312,2025-06-25 00:00:00+00:00,2025-07-03 00:00:00+00:00,107361.2578125,109647.9765625,LONG,1.0,1.0,0.02129929172396272,0.0008,0.0004,0.020078505087887777,1.6685697882850001,17,204,signal_flat,-0.015489540606950514,0.02129929172396272
12_squeeze_compression_expansion,313,2025-07-22 00:00:00+00:00,2025-07-22 12:00:00+00:00,119995.4140625,119995.4140625,LONG,1.0,1.0,0.0,0.0008,0.0004,-0.0011996400000000573,-0.10007849886456677,2,24,signal_flat,0.0,0.0
12_squeeze_compression_expansion,314,2025-09-08 00:00:00+00:00,2025-09-08 12:00:00+00:00,112071.4296875,112071.4296875,LONG,1.0,1.0,0.0,0.0008,0.0004,-0.0011996400000000573,-0.11993903990399425,2,24,signal_flat,0.0,0.0
12_squeeze_compression_expansion,315,2025-09-10 00:00:00+00:00,2025-09-10 12:00:00+00:00,113955.359375,113955.359375,LONG,1.0,1.0,0.0,0.0008,0.0004,-0.0011996400000000573,-0.11490529520902851,2,24,signal_flat,0.0,0.0
12_squeeze_compression_expansion,316,2025-09-11 00:00:00+00:00,2025-09-11 12:00:00+00:00,115507.5390625,115507.5390625,LONG,1.0,1.0,0.0,0.0008,0.0004,-0.0011996400000000573,-0.11356260566213466,2,24,signal_flat,0.0,0.0
12_squeeze_compression_expansion,317,2025-09-12 00:00:00+00:00,2025-09-12 12:00:00+00:00,116101.578125,116101.578125,LONG,1.0,1.0,0.0,0.0008,0.0004,-0.0011996400000000573,-0.14440726018827285,2,24,signal_flat,0.0,0.0
12_squeeze_compression_expansion,318,2025-09-16 00:00:00+00:00,2025-09-16 12:00:00+00:00,116843.1875,116843.1875,LONG,1.0,1.0,0.0,0.0008,0.0004,-0.0011996400000000573,-0.170352842122112,2,24,signal_flat,0.0,0.0
12_squeeze_compression_expansion,319,2025-09-18 00:00:00+00:00,2025-09-18 12:00:00+00:00,117137.203125,117137.203125,LONG,1.0,1.0,0.0,0.0008,0.0004,-0.0011996400000000573,-0.1788784756520598,2,24,signal_flat,0.0,0.0
12_squeeze_compression_expansion,320,2026-01-01 00:00:00+00:00,2026-01-01 12:00:00+00:00,88731.984375,88731.984375,LONG,1.0,1.0,0.0,0.0008,0.0004,-0.0011996400000000573,-0.1512484892051015,2,24,signal_flat,0.0,0.0
12_squeeze_compression_expansion,321,2026-01-02 00:00:00+00:00,2026-01-02 12:00:00+00:00,89944.6953125,89944.6953125,LONG,1.0,1.0,0.0,0.0008,0.0004,-0.0011996400000000573,-0.17903487972203816,2,24,signal_flat,0.0,0.0
12_squeeze_compression_expansion,322,2026-01-03 00:00:00+00:00,2026-01-03 12:00:00+00:00,90603.1875,90603.1875,LONG,1.0,1.0,0.0,0.0008,0.0004,-0.0011996400000000573,-0.17068341283112534,2,24,signal_flat,0.0,0.0
12_squeeze_compression_expansion,323,2026-01-04 00:00:00+00:00,2026-01-04 12:00:00+00:00,91413.4921875,91413.4921875,LONG,1.0,1.0,0.0,0.0008,0.0004,-0.0011996400000000573,-0.16118344237677812,2,24,signal_flat,0.0,0.0
12_squeeze_compression_expansion,324,2026-01-05 00:00:00+00:00,2026-01-20 00:00:00+00:00,93882.5546875,88310.90625,LONG,1.0,1.0,-0.05934700494725509,0.0008,0.0004,-0.06050254849916792,-6.529665393354497,31,372,signal_flat,-0.05934700494725498,0.03245303078555506
12_squeeze_compression_expansion,325,2026-03-16 00:00:00+00:00,2026-03-16 12:00:00+00:00,74861.0859375,74861.0859375,LONG,0.958850692000901,0.958850692000901,0.0,0.0007670805536007208,0.0003835402768003604,-0.0011502898483272128,-0.054469878552992484,2,24,signal_flat,0.0,0.0
12_squeeze_compression_expansion,326,2026-04-05 00:00:00+00:00,2026-04-05 12:00:00+00:00,68981.8984375,68981.8984375,LONG,1.0,1.0,0.0,0.0008,0.0004,-0.0011996400000000573,-0.07497474079493284,2,24,signal_flat,0.0,0.0
12_squeeze_compression_expansion,327,2026-04-07 00:00:00+00:00,2026-04-07 12:00:00+00:00,71940.703125,71940.703125,LONG,1.0,1.0,0.0,0.0008,0.0004,-0.0011996400000000573,-0.07645333843613264,2,24,signal_flat,0.0,0.0
12_squeeze_compression_expansion,328,2026-04-10 00:00:00+00:00,2026-04-10 12:00:00+00:00,72979.046875,72979.046875,LONG,1.0,1.0,0.0,0.0008,0.0004,-0.0011996400000000573,-0.09609880365676683,2,24,signal_flat,0.0,0.0
12_squeeze_compression_expansion,329,2026-04-11 00:00:00+00:00,2026-04-11 12:00:00+00:00,73054.2734375,73054.2734375,LONG,1.0,1.0,0.0,0.0008,0.0004,-0.0011996400000000573,-0.09568859433198626,2,24,signal_flat,0.0,0.0
12_squeeze_compression_expansion,330,2026-04-13 00:00:00+00:00,2026-04-15 12:00:00+00:00,74484.640625,74143.4296875,LONG,1.0,1.0,-0.0045809570219700335,0.0004,0.0002,-0.005178208447756849,-0.29823406317853296,6,72,end_of_data,-0.0045809570219699225,0.0
13_drawdown_recovery_momentum,1,2015-05-18 12:00:00+00:00,2015-06-05 12:00:00+00:00,233.1280059814453,224.95199584960935,LONG,1.0,1.0,-0.03507090491944809,0.0008,0.0004,-0.03622847245907057,-2.8934550198072606,37,444,signal_flat,-0.043761413672497196,0.03356523775554021
13_drawdown_recovery_momentum,2,2015-06-23 12:00:00+00:00,2015-08-16 12:00:00+00:00,244.29600524902344,258.5069885253906,LONG,1.0,1.0,0.07612671922703851,0.0010373360668967852,0.0005186680334483926,0.07445774961052987,6.886801965502245,109,1308,signal_flat,-0.01547714976149872,0.27250138240143795
13_drawdown_recovery_momentum,3,2015-10-04 00:00:00+00:00,2016-01-19 12:00:00+00:00,238.25900268554688,380.14898681640625,LONG,1.0,1.0,0.6813551901923844,0.0020785084397603737,0.0010392542198801868,0.6761574219576221,77.68368615168171,216,2592,signal_flat,0.0,0.9530049616568965
13_drawdown_recovery_momentum,4,2016-09-13 12:00:00+00:00,2017-01-26 00:00:00+00:00,609.2410278320312,917.5859985351562,LONG,1.0,1.0,0.604469313303309,0.0014337136514077484,0.0007168568257038742,0.6010380922437668,58.145247313767314,270,3240,signal_flat,-0.021244554466852472,0.8953582042526376
13_drawdown_recovery_momentum,5,2017-02-01 12:00:00+00:00,2017-03-27 00:00:00+00:00,989.0230102539062,1045.77001953125,LONG,1.0,1.0,0.08800665637933269,0.0009114993171754788,0.0004557496585877394,0.08651493890709161,6.206888757246811,108,1296,signal_flat,-0.05207461321798179,0.28914087641606434
13_drawdown_recovery_momentum,6,2017-04-17 12:00:00+00:00,2017-07-12 00:00:00+00:00,1193.9100341796875,2398.840087890625,LONG,1.0,1.0,0.6864625522699668,0.001664909635311676,0.000832454817655838,0.6822874783552673,62.28359842683128,172,2064,signal_flat,0.0,1.4776658397500908
13_drawdown_recovery_momentum,7,2017-08-02 12:00:00+00:00,2017-09-22 12:00:00+00:00,2710.669921875,3630.699951171875,LONG,0.3965887841464421,0.3965887841464421,0.14390152340593865,0.001346035369848433,0.0006730176849242164,0.14157535897926565,2.7728490846503346,103,1236,signal_flat,0.0,0.8047235209815378
13_drawdown_recovery_momentum,8,2017-10-11 00:00:00+00:00,2018-01-16 00:00:00+00:00,4826.47998046875,11490.5,LONG,1.0,1.0,0.9285062351157212,0.0018940348558755447,0.0009470174279377723,0.9230835789935321,53.26938215293609,195,2340,signal_flat,0.0,3.039672902306621
13_drawdown_recovery_momentum,9,2018-03-04 00:00:00+00:00,2018-03-21 00:00:00+00:00,11512.599609375,8929.2802734375,LONG,0.5247714708046128,0.5247714708046128,-0.12882918538102894,0.0006089249734174643,0.00030446248670873215,-0.12962619278884846,-3.359395345910858,35,420,signal_flat,-0.3123290871363593,0.005272501204946822
13_drawdown_recovery_momentum,10,2018-04-27 00:00:00+00:00,2018-05-26 00:00:00+00:00,8987.0498046875,7355.8798828125,LONG,0.5589142869805708,0.5589142869805708,-0.17396172660824494,0.0012579786659996793,0.0006289893329998397,-0.17553587687114003,-4.845172439778968,59,708,signal_flat,-0.18150226796609137,0.09692842533076296
13_drawdown_recovery_momentum,11,2018-07-22 00:00:00+00:00,2018-08-17 00:00:00+00:00,7418.490234375,6580.6298828125,LONG,0.9062893155816392,0.9062893155816392,-0.09754569421249948,0.0011549095730405221,0.0005774547865202611,-0.09910379903531696,-4.435629845269917,53,636,signal_flat,-0.1663115046941145,0.13557735672610693
13_drawdown_recovery_momentum,12,2019-01-07 00:00:00+00:00,2019-01-26 00:00:00+00:00,4025.248291015625,3602.46044921875,LONG,0.6543292822955181,0.6543292822955181,-0.08605680233396984,0.0009631866242598311,0.00048159331212991555,-0.08737969425508607,-2.8236119472064485,39,468,signal_flat,-0.11733317596079484,0.002496267304939348
13_drawdown_recovery_momentum,13,2019-02-22 12:00:00+00:00,2019-07-29 12:00:00+00:00,4005.526611328125,9519.1455078125,LONG,1.0,1.0,1.3289553333285333,0.002252914752534082,0.001126457376267041,1.321175679880585,118.19988566967483,315,3780,signal_flat,-0.060908216595515596,2.2495680863787015
13_drawdown_recovery_momentum,14,2019-08-17 12:00:00+00:00,2019-08-28 12:00:00+00:00,10231.744140625,9754.4228515625,LONG,0.7004726803931852,0.7004726803931852,-0.03891570862147897,0.0007792271825614141,0.00038961359128070704,-0.04004081372631296,-1.3851354056573386,23,276,signal_flat,-0.04665101887832612,0.06688102838649557
13_drawdown_recovery_momentum,15,2019-11-05 12:00:00+00:00,2019-11-24 00:00:00+00:00,9342.52734375,7047.9169921875,LONG,0.6265560249833138,0.6265560249833138,-0.2327679848428721,0.0008107594610537595,0.00040537973052687975,-0.23372752485714676,-7.232157981448533,38,456,signal_flat,-0.24560916624959706,0.001964408386214478
13_drawdown_recovery_momentum,16,2020-01-08 00:00:00+00:00,2020-03-06 00:00:00+00:00,8079.86279296875,9122.5458984375,LONG,1.0,1.0,0.13574637565391656,0.0013062560434305684,0.0006531280217152842,0.13353229902417674,7.140074843651555,117,1404,signal_flat,-0.024850855645838776,0.27799876706890725
13_drawdown_recovery_momentum,17,2020-04-19 00:00:00+00:00,2020-06-29 00:00:00+00:00,7189.4248046875,9190.8544921875,LONG,0.8300073575140862,0.8300073575140862,0.2730970858900361,0.001818011545138183,0.0009090057725690915,0.2696576182961421,11.053320691479206,143,1716,signal_flat,-0.04299392105728206,0.4141977739385281
13_drawdown_recovery_momentum,18,2021-08-01 12:00:00+00:00,2021-09-23 00:00:00+00:00,39974.89453125,44895.09765625,LONG,0.5966975737486159,0.5966975737486159,0.07396127081067405,0.001445405293558872,0.000722702646779436,0.07163342006575646,2.110902102616029,106,1272,signal_flat,-0.045576457020436556,0.3166647660597135
13_drawdown_recovery_momentum,19,2022-02-19 00:00:00+00:00,2022-03-07 12:00:00+00:00,40122.15625,38062.0390625,LONG,1.0,1.0,-0.033712996029723774,0.0009118677683182887,0.00045593388415914434,-0.03502803121875708,-1.7528839804156302,34,408,signal_flat,-0.07593996147702053,0.10548985558945367
13_drawdown_recovery_momentum,20,2022-03-19 12:00:00+00:00,2022-03-20 00:00:00+00:00,42190.65234375,41247.82421875,LONG,0.7470401161029151,0.7470401161029151,-0.01669399245658809,0.0005976320928823321,0.00029881604644116605,-0.017582757041857078,-0.6486777969500238,2,24,signal_flat,-0.022346848712323064,0.0
13_drawdown_recovery_momentum,21,2022-03-27 00:00:00+00:00,2022-04-22 12:00:00+00:00,46820.4921875,39740.3203125,LONG,0.9562907877969475,0.9562907877969475,-0.1530645087940784,0.0009643828772716551,0.00048219143863582756,-0.15428862490900985,-7.286551092529359,54,648,signal_flat,-0.15588451771334766,0.013781108465627412
13_drawdown_recovery_momentum,22,2022-07-28 12:00:00+00:00,2022-08-29 12:00:00+00:00,23843.88671875,20297.994140625,LONG,0.7115845294114067,0.7115845294114067,-0.145124096597249,0.0008227296501944805,0.00041136482509724026,-0.14617812283776954,-5.136969793328624,65,780,signal_flat,-0.17728117548474087,0.024332511199558926
13_drawdown_recovery_momentum,23,2022-12-25 12:00:00+00:00,2023-01-03 00:00:00+00:00,16841.986328125,16679.857421875,LONG,1.0,1.0,-0.009626471788499957,0.0008,0.0004,-0.010814870154084999,-0.851796296557359,18,216,signal_flat,-0.0174854811444195,0.004620497716771643
13_drawdown_recovery_momentum,24,2023-01-12 00:00:00+00:00,2023-03-10 12:00:00+00:00,18869.587890625,20187.244140625,LONG,1.0,1.0,0.06926290572439875,0.0011631878321763049,0.0005815939160881524,0.06740933885834988,6.592367781670197,116,1392,signal_flat,0.0,0.3158288660790465
13_drawdown_recovery_momentum,25,2025-04-24 12:00:00+00:00,2025-06-29 12:00:00+00:00,93943.796875,108385.5703125,LONG,1.0,1.0,0.1537278023445876,0.0008,0.0004,0.1523437443237825,8.947521147509677,133,1596,signal_flat,-0.0020113422204066644,0.18872437526227026
13_drawdown_recovery_momentum,26,2026-01-08 12:00:00+00:00,2026-02-02 00:00:00+00:00,91027.125,78688.765625,LONG,1.0,1.0,-0.13554596363446614,0.0008,0.0004,-0.13657170421192777,-13.509270027161502,50,600,signal_flat,-0.15437903468334302,0.06484004767809592
13_drawdown_recovery_momentum,27,2026-03-20 00:00:00+00:00,2026-04-06 12:00:00+00:00,70522.5859375,68859.828125,LONG,1.0,1.0,-0.023291675674553147,0.0008479630947360931,0.00042398154736804654,-0.024535009937562413,-1.4539039755876006,36,432,signal_flat,-0.06476881132163892,0.011163755051434743
13_drawdown_recovery_momentum,28,2026-04-11 12:00:00+00:00,2026-04-12 12:00:00+00:00,73054.2734375,70753.40625,LONG,1.0,1.0,-0.031495312720733026,0.0008,0.0004,-0.03265716968378074,-2.6048803490230283,3,36,signal_flat,-0.031495312720733026,0.0
13_drawdown_recovery_momentum,29,2026-04-13 00:00:00+00:00,2026-04-15 12:00:00+00:00,74484.640625,74143.4296875,LONG,1.0,1.0,-0.0045809570219700335,0.0004,0.0002,-0.005178208447756849,-0.29823406317853296,6,72,end_of_data,-0.0045809570219699225,0.0
14_funding_sentiment_filter,1,2015-03-01 00:00:00+00:00,2015-03-24 00:00:00+00:00,260.2019958496094,245.59500122070312,LONG,0.7,0.7,-0.038001734843217005,0.0008646229689303372,0.0004323114844651686,-0.03927199421850236,-2.062187798726531,47,564,signal_flat,-0.0561371352330009,0.1390342984687729
14_funding_sentiment_filter,2,2015-05-03 00:00:00+00:00,2015-05-31 00:00:00+00:00,240.3580017089844,230.19000244140625,LONG,0.6545583743440154,0.6545583743440154,-0.029545458268481095,0.0006163902876105251,0.00030819514380526255,-0.03044605016727564,-1.4059809491983604,57,684,signal_flat,-0.044001048241053775,0.014582434776006181
14_funding_sentiment_filter,3,2015-06-16 00:00:00+00:00,2015-08-08 00:00:00+00:00,250.89500427246097,260.99700927734375,LONG,0.7,0.7,0.04296175134130564,0.0007261352468277497,0.00036306762341387484,0.04180706987060212,3.9600969628451756,107,1284,signal_flat,-0.04137190739573393,0.23903226090920215
14_funding_sentiment_filter,4,2015-09-07 00:00:00+00:00,2015-09-21 00:00:00+00:00,239.8470001220703,227.0850067138672,LONG,0.7,0.7,-0.0373252767935075,0.00056,0.00028,-0.0381388673709977,-2.6625025559301325,29,348,signal_flat,-0.053208893176516225,0.01567663762699678
14_funding_sentiment_filter,5,2015-10-05 00:00:00+00:00,2016-01-15 00:00:00+00:00,240.38299560546875,364.33099365234375,LONG,0.7,0.7,0.40388994034666204,0.0014549559078322616,0.0007274779539161308,0.40077782164795805,49.6886384037786,205,2460,signal_flat,0.0,0.9357484635394515
14_funding_sentiment_filter,6,2016-02-14 00:00:00+00:00,2016-05-19 00:00:00+00:00,407.2300109863281,438.7149963378906,LONG,0.7,0.7,0.055485137975061605,0.00056,0.00028,0.05458759310607397,3.455846007987048,191,2292,signal_flat,-0.017299838513058163,0.1445349720884408
14_funding_sentiment_filter,7,2016-05-27 00:00:00+00:00,2016-07-31 00:00:00+00:00,473.4639892578125,624.6810302734375,LONG,0.7,0.7,0.24536927816754672,0.001104908578157475,0.0005524542890787375,0.24329744465268077,23.63666346574621,131,1572,signal_flat,0.0,0.61851376405559
14_funding_sentiment_filter,8,2016-09-03 00:00:00+00:00,2017-01-11 00:00:00+00:00,598.2119750976562,777.7570190429688,LONG,0.7,0.7,0.332566445538768,0.0006308925470788688,0.0003154462735394344,0.33128915392449887,41.140960588111604,261,3132,signal_flat,-0.003199537195040736,0.9303023485617183
14_funding_sentiment_filter,9,2017-01-31 00:00:00+00:00,2017-03-17 00:00:00+00:00,970.4030151367188,1100.22998046875,LONG,0.7,0.7,0.10369840437597166,0.0006107322363813864,0.0003053661181906932,0.10267173417271391,7.2074406108443405,91,1092,signal_flat,0.0,0.31387678144708087
14_funding_sentiment_filter,10,2017-04-06 00:00:00+00:00,2017-07-01 00:00:00+00:00,1182.6800537109375,2434.550048828125,LONG,0.4697393894432724,0.4697393894432724,0.4850437761170159,0.000976676365350786,0.000488338182675393,0.4828689405932842,16.002445036612155,173,2076,signal_flat,-0.012801445835610492,1.5011921847672216
14_funding_sentiment_filter,11,2017-07-20 00:00:00+00:00,2017-09-13 00:00:00+00:00,2817.60009765625,3882.590087890625,LONG,0.2367012472120003,0.2367012472120003,0.12895310238653201,0.0009214171219613855,0.0004607085609806928,0.12738135286745655,2.127191050914665,111,1332,signal_flat,-0.10226793600840145,0.7362328208656352
14_funding_sentiment_filter,12,2017-09-30 00:00:00+00:00,2017-12-30 00:00:00+00:00,4338.7099609375,12952.2001953125,LONG,0.37126564639499543,0.37126564639499543,0.7585308982735675,0.0012711319526409902,0.0006355659763204951,0.7552158000242235,19.781349974453732,183,2196,signal_flat,-0.02520336658609501,3.493824331694216
14_funding_sentiment_filter,13,2018-02-19 00:00:00+00:00,2018-03-08 00:00:00+00:00,11225.2998046875,9395.009765625,LONG,0.2306593593101954,0.2306593593101954,-0.059857372405764164,0.00035261345051109576,0.00017630672525554788,-0.06035962010175944,-0.9822401288135949,35,420,signal_flat,-0.163050437040283,0.03100139916572031
14_funding_sentiment_filter,14,2018-04-15 00:00:00+00:00,2018-05-11 00:00:00+00:00,8329.1103515625,8441.490234375,LONG,0.38889025763813095,0.38889025763813095,-0.003575941665154958,0.0007508517493895583,0.00037542587469477915,-0.004712983972226081,-0.12930732283293433,53,636,signal_flat,-0.051268441620826,0.18357783418917717
14_funding_sentiment_filter,15,2018-07-07 00:00:00+00:00,2018-08-06 00:00:00+00:00,6856.93017578125,6951.7998046875,LONG,0.7,0.7,0.023346313176077604,0.0007980331530233093,0.00039901657651165463,0.0221199513779744,1.1281169735825776,61,732,signal_flat,-0.09160369160619819,0.2285774122368358
14_funding_sentiment_filter,16,2018-08-27 00:00:00+00:00,2018-09-08 00:00:00+00:00,6884.64013671875,6225.97998046875,LONG,0.7,0.7,-0.06655412951370676,0.0006119012680762153,0.00030595063403810764,-0.06742111406764584,-3.333092262410604,25,300,signal_flat,-0.09567096364806082,0.06928757495792648
14_funding_sentiment_filter,17,2018-11-07 00:00:00+00:00,2018-11-14 00:00:00+00:00,6530.14013671875,5738.35009765625,LONG,0.7,0.7,-0.08545015081611862,0.00056,0.00028,-0.08624638844873633,-16.45157456373094,15,180,signal_flat,-0.1212516152004598,0.0
14_funding_sentiment_filter,18,2019-02-09 00:00:00+00:00,2019-07-14 00:00:00+00:00,3671.20361328125,10256.05859375,LONG,0.7,0.7,0.9869788747279067,0.001400171357723865,0.0007000856788619325,0.9828333254209471,68.96237743567102,311,3732,signal_flat,-0.014796987481088597,2.545494289181865
14_funding_sentiment_filter,19,2019-08-04 00:00:00+00:00,2019-08-28 00:00:00+00:00,10970.1845703125,9754.4228515625,LONG,0.6946553206134018,0.6946553206134018,-0.04717080979588628,0.0007160094743056091,0.00035800473715280455,-0.04819948390022355,-2.362173800981101,49,588,signal_flat,-0.11082418084743018,0.09081184093711392
14_funding_sentiment_filter,20,2019-10-25 00:00:00+00:00,2019-10-27 00:00:00+00:00,8660.7001953125,9551.71484375,LONG,0.5591527385922005,0.5591527385922005,0.05396726364613702,0.00044732219087376037,0.00022366109543688019,0.0532668068882618,2.1012959029006177,5,60,signal_flat,0.0,0.10288020926064978
14_funding_sentiment_filter,21,2019-10-27 12:00:00+00:00,2019-10-28 12:00:00+00:00,9551.71484375,9256.1484375,LONG,0.4391308584936222,0.4391308584936222,-0.01358837987121908,0.0003513046867948978,0.0001756523433974489,-0.014108288571352712,-0.43708749832719607,3,36,signal_flat,-0.030943805493041765,0.0
14_funding_sentiment_filter,22,2019-10-29 12:00:00+00:00,2019-10-30 12:00:00+00:00,9427.6875,9205.7265625,LONG,0.4180324677466752,0.4180324677466752,-0.009841955245810885,0.00033442597419734016,0.00016721298709867008,-0.010338616438036241,-0.3049106059997461,3,36,signal_flat,-0.02354351875791383,0.0
14_funding_sentiment_filter,23,2019-10-31 00:00:00+00:00,2019-10-31 12:00:00+00:00,9199.5849609375,9199.5849609375,LONG,0.4198297773785182,0.4198297773785182,0.0,0.0003358638219028145,0.00016793191095140726,-0.0005037322803190802,-0.014920147442662577,2,24,signal_flat,0.0,0.0
14_funding_sentiment_filter,24,2019-11-01 00:00:00+00:00,2019-11-01 12:00:00+00:00,9261.1044921875,9261.1044921875,LONG,0.42838656597320834,0.42838656597320834,0.0,0.0003427092527785667,0.00017135462638928335,-0.0005139978137499446,-0.015534497471843567,2,24,signal_flat,0.0,0.0
14_funding_sentiment_filter,25,2019-11-02 00:00:00+00:00,2019-11-15 00:00:00+00:00,9324.7177734375,8491.9921875,LONG,0.42386332551871475,0.42386332551871475,-0.052337162203103915,0.000820135291266681,0.0004100676456333405,-0.05351228437480493,-1.6002190121900879,27,324,signal_flat,-0.08930303374002502,0.009425972279866413
14_funding_sentiment_filter,26,2020-01-06 00:00:00+00:00,2020-01-11 12:00:00+00:00,7769.21923828125,8037.53759765625,LONG,0.7,0.7,0.025576410967254937,0.00056,0.00028,0.024715932114053096,1.6340938281210993,12,144,signal_flat,0.0,0.05114219958933752
14_funding_sentiment_filter,27,2020-01-12 00:00:00+00:00,2020-01-14 12:00:00+00:00,8192.494140625,8827.7646484375,LONG,0.6048607618770506,0.6048607618770506,0.048870586694960805,0.0005015809515696453,0.00025079047578482265,0.04808515506073885,2.0519488322432275,6,72,signal_flat,-0.005895616628883604,0.07754299202514114
14_funding_sentiment_filter,28,2020-01-15 12:00:00+00:00,2020-01-16 12:00:00+00:00,8807.0107421875,8723.7861328125,LONG,0.5111207063814516,0.5111207063814516,-0.004829995372698348,0.00043153747974478715,0.00021576873987239357,-0.005474147645150196,-0.1973967854286999,3,36,signal_flat,-0.009449813541879348,0.0
14_funding_sentiment_filter,29,2020-01-17 00:00:00+00:00,2020-01-18 00:00:00+00:00,8929.0380859375,8942.80859375,LONG,0.5837304057353665,0.5837304057353665,0.0009002385290786119,0.0004669843245882932,0.0002334921622941466,0.00019956941106236137,0.008218761641617209,3,36,signal_flat,0.0,0.0015422162701026476
14_funding_sentiment_filter,30,2020-01-19 00:00:00+00:00,2020-01-19 12:00:00+00:00,8706.2451171875,8706.2451171875,LONG,0.5529076083685633,0.5529076083685633,0.0,0.0004423260866948507,0.00022116304334742534,-0.0006633790755858904,-0.025877029973990485,2,24,signal_flat,0.0,0.0
14_funding_sentiment_filter,31,2020-01-20 12:00:00+00:00,2020-01-24 00:00:00+00:00,8657.642578125,8445.4345703125,LONG,0.62758989697948,0.62758989697948,-0.01781641699013048,0.00056,0.00028,-0.01863965886476071,-0.8253040900051444,8,96,signal_flat,-0.029006389540671806,0.010193531591149663
14_funding_sentiment_filter,32,2020-01-25 00:00:00+00:00,2020-01-28 12:00:00+00:00,8367.84765625,9358.58984375,LONG,0.7,0.7,0.08197741343079645,0.00056,0.00028,0.08106874326433022,4.708141667078052,8,96,signal_flat,0.0,0.11839868843214507
14_funding_sentiment_filter,33,2020-01-30 00:00:00+00:00,2020-01-31 00:00:00+00:00,9508.9931640625,9350.529296875,LONG,0.7,0.7,-0.011665242062689596,0.00056,0.00028,-0.012500166261023238,-0.674575531302283,3,36,signal_flat,-0.016664631518128026,0.0
14_funding_sentiment_filter,34,2020-02-02 00:00:00+00:00,2020-02-03 00:00:00+00:00,9344.365234375,9293.521484375,LONG,0.7,0.7,-0.003808779313235089,0.00056,0.00028,-0.004647003225923485,-0.2777164250653577,3,36,signal_flat,-0.005441113304621492,0.0
14_funding_sentiment_filter,35,2020-02-03 12:00:00+00:00,2020-02-04 00:00:00+00:00,9293.521484375,9180.962890625,LONG,0.7,0.7,-0.008478058156692225,0.00056,0.00028,-0.009314320972266477,-0.5569830398036231,2,24,signal_flat,-0.012111511652417528,0.0
14_funding_sentiment_filter,36,2020-02-04 12:00:00+00:00,2020-02-06 00:00:00+00:00,9180.962890625,9729.8017578125,LONG,0.7,0.7,0.04172632043484903,0.00056,0.00028,0.04085512899309229,2.423226296644279,4,48,signal_flat,0.0,0.05978009863735956
14_funding_sentiment_filter,37,2020-02-07 00:00:00+00:00,2020-02-09 12:00:00+00:00,9795.943359375,10116.673828125,LONG,0.7,0.7,0.022880991876825796,0.00056,0.00028,0.02202195227985637,1.193250350061967,6,72,signal_flat,0.0,0.032741151820059544
14_funding_sentiment_filter,38,2020-02-11 00:00:00+00:00,2020-02-12 00:00:00+00:00,10208.236328125,10326.0546875,LONG,0.7,0.7,0.008079049985870501,0.00056,0.00028,0.007235833184876306,0.44238370512411673,3,36,signal_flat,0.0,0.011541499979814906
14_funding_sentiment_filter,39,2020-02-13 12:00:00+00:00,2020-02-25 00:00:00+00:00,10214.3798828125,9341.705078125,LONG,0.7,0.7,-0.0554213031701527,0.0005842058026846197,0.00029210290134230985,-0.05625593735406831,-3.4815539765184074,24,288,signal_flat,-0.08543590650627064,0.009568503349817403
14_funding_sentiment_filter,40,2020-04-02 00:00:00+00:00,2020-04-30 12:00:00+00:00,6793.62451171875,8658.5537109375,LONG,0.5797995672193593,0.5797995672193593,0.19833392558463436,0.0022172615638311366,0.0011086307819155683,0.19437279591594803,5.565593748152011,58,696,signal_flat,-0.02230247611950631,0.29548491688877365
14_funding_sentiment_filter,41,2020-05-01 00:00:00+00:00,2020-05-08 12:00:00+00:00,8864.7666015625,9842.666015625,LONG,0.5352845105880382,0.5352845105880382,0.06634214456638343,0.0005085392669596661,0.00025426963347983304,0.06553055036767796,2.474734346323838,16,192,signal_flat,0.0,0.12259228042545978
14_funding_sentiment_filter,42,2020-05-10 12:00:00+00:00,2020-06-02 00:00:00+00:00,8756.4306640625,9529.8037109375,LONG,0.4444339004131887,0.4444339004131887,0.03334611371183871,0.001797756475616483,0.0008988782378082415,0.030541068969965446,0.9576162480229691,46,552,signal_flat,-0.017659566044374797,0.1611202035111472
14_funding_sentiment_filter,43,2020-06-03 00:00:00+00:00,2020-06-19 00:00:00+00:00,9656.7177734375,9288.0185546875,LONG,0.47704333969718515,0.47704333969718515,-0.03205417603319083,0.0015507850031820784,0.0007753925015910392,-0.0343128584653658,-1.1548214169216384,33,396,signal_flat,-0.03818059380011829,0.02209621924666072
14_funding_sentiment_filter,44,2020-07-22 00:00:00+00:00,2020-07-27 00:00:00+00:00,9525.36328125,10990.873046875,LONG,0.7,0.7,0.10669687947780093,0.00056,0.00028,0.10580055773674357,17.030569459630932,11,132,signal_flat,0.0,0.15385342504571464
14_funding_sentiment_filter,45,2020-07-31 12:00:00+00:00,2020-08-02 00:00:00+00:00,11323.466796875,11053.6142578125,LONG,0.7,0.7,-0.015886858955509897,0.00056,0.00028,-0.016731120781741105,-0.9450599995570688,4,48,signal_flat,-0.0238312650978032,0.03851523428168302
14_funding_sentiment_filter,46,2020-08-02 12:00:00+00:00,2020-08-10 12:00:00+00:00,11053.6142578125,11878.111328125,LONG,0.5791434208361171,0.5791434208361171,0.04304659090399676,0.0006323843540218803,0.00031619217701094016,0.042059241234711164,1.7184925532266435,17,204,signal_flat,0.0,0.0745907221911386
14_funding_sentiment_filter,47,2020-08-11 00:00:00+00:00,2020-08-18 00:00:00+00:00,11410.525390625,11991.2333984375,LONG,0.6624055203833001,0.6624055203833001,0.03423532580503652,0.0005875708068877295,0.00029378540344386476,0.0333177481774416,1.5570396729887384,15,180,signal_flat,0.0,0.07395601203589952
14_funding_sentiment_filter,48,2020-08-19 12:00:00+00:00,2020-08-25 00:00:00+00:00,11758.283203125,11366.134765625,LONG,0.7,0.7,-0.023248793306369198,0.00056,0.00028,-0.024079297408694855,-1.6050589922425806,12,144,signal_flat,-0.03335082432746461,0.01021312934149976
14_funding_sentiment_filter,49,2020-10-10 00:00:00+00:00,2020-11-06 12:00:00+00:00,11296.361328125,15565.880859375,LONG,0.7,0.7,0.3098001191306994,0.0010431615336434514,0.0005215807668217257,0.307754169171387,28.20753161463437,56,672,signal_flat,0.0,0.3791917751446858
14_funding_sentiment_filter,50,2020-11-08 00:00:00+00:00,2020-11-18 12:00:00+00:00,15479.5673828125,17804.005859375,LONG,0.5409105915714061,0.5409105915714061,0.08222208659461017,0.0005015762949657823,0.00025078814748289113,0.08140999768160784,3.1067286447472897,22,264,signal_flat,-0.012188004638422956,0.15016172087234203
14_funding_sentiment_filter,51,2020-11-19 00:00:00+00:00,2020-11-19 12:00:00+00:00,17817.08984375,17817.08984375,LONG,0.6506684649317633,0.6506684649317633,0.0,0.0005205347719454107,0.00026026738597270536,-0.0007806497449156513,-0.03583571507621791,2,24,signal_flat,0.0,0.0
14_funding_sentiment_filter,52,2020-11-21 00:00:00+00:00,2020-11-22 00:00:00+00:00,18642.232421875,18370.001953125,LONG,0.6542498471878264,0.6542498471878264,-0.009553938527800176,0.0005233998777502612,0.0002616999388751306,-0.010335133851302025,-0.47704552844815923,3,36,signal_flat,-0.014602889964538845,0.0
14_funding_sentiment_filter,53,2020-11-25 12:00:00+00:00,2020-11-26 00:00:00+00:00,18732.12109375,17150.623046875,LONG,0.670945591382,0.670945591382,-0.05664596854886139,0.0005367564731056,0.0002683782365528,-0.05742813738032415,-2.7183922798583606,2,24,signal_flat,-0.08442706722639481,0.0
14_funding_sentiment_filter,54,2020-11-26 12:00:00+00:00,2020-12-18 12:00:00+00:00,17150.623046875,23137.9609375,LONG,0.5775865326718997,0.5775865326718997,0.2106061609398613,0.0008986904586634328,0.0004493452293317164,0.20898760950735373,8.516039961382793,45,540,signal_flat,-0.0024617591448197196,0.3491032293264673
14_funding_sentiment_filter,55,2020-12-19 00:00:00+00:00,2020-12-20 00:00:00+00:00,23869.83203125,23477.294921875,LONG,0.5084946219753701,0.5084946219753701,-0.00836214552250003,0.0004067956975802961,0.00020339784879014805,-0.008969694721213672,-0.3217837586692311,3,36,signal_flat,-0.01644490454985592,0.0
14_funding_sentiment_filter,56,2020-12-20 12:00:00+00:00,2020-12-28 00:00:00+00:00,23477.294921875,27084.80859375,LONG,0.5001904388968761,0.5001904388968761,0.0654456254091591,0.00041033842316724083,0.00020516921158362042,0.06479390782946792,2.286491828573307,16,192,signal_flat,-0.028717656479103182,0.15365968199827384
14_funding_sentiment_filter,57,2020-12-28 12:00:00+00:00,2020-12-29 00:00:00+00:00,27084.80859375,27362.4375,LONG,0.3944587004663893,0.3944587004663893,0.00404334175714105,0.0003155669603731115,0.00015778348018655574,0.0035690903729399537,0.09932513828986671,2,24,signal_flat,0.0,0.010250355112868093
14_funding_sentiment_filter,58,2020-12-29 12:00:00+00:00,2020-12-30 12:00:00+00:00,27362.4375,28840.953125,LONG,0.39336772503792417,0.39336772503792417,0.021255428279709054,0.0003443790856311702,0.0001721895428155851,0.020728426247722975,0.5752612871831702,3,36,signal_flat,0.0,0.054034499850387885
14_funding_sentiment_filter,59,2021-01-01 00:00:00+00:00,2021-01-03 00:00:00+00:00,29374.15234375,32782.0234375,LONG,0.5027990656454457,0.5027990656454457,0.056396516643599126,0.0004022392525163566,0.0002011196262581783,0.05576360247034051,1.9780869527484535,5,60,signal_flat,0.0,0.11601598078029651
14_funding_sentiment_filter,60,2021-01-05 00:00:00+00:00,2021-01-06 12:00:00+00:00,33992.4296875,36824.36328125,LONG,0.4160886484765707,0.4160886484765707,0.034664642463970274,0.00033287091878125656,0.00016643545939062828,0.03414907302129899,1.0024549874179474,4,48,signal_flat,0.0,0.08331071417326141
14_funding_sentiment_filter,61,2021-01-08 12:00:00+00:00,2021-01-09 00:00:00+00:00,40797.609375,40254.546875,LONG,0.34071019920257734,0.34071019920257734,-0.004535239573812633,0.00027256815936206185,0.00013628407968103092,-0.004943122901390207,-0.11881920351805515,2,24,signal_flat,-0.013311135341493308,0.0
14_funding_sentiment_filter,62,2021-01-09 12:00:00+00:00,2021-01-10 00:00:00+00:00,40254.546875,38356.44140625,LONG,0.37878314245250927,0.37878314245250927,-0.017860599857004833,0.0003030265139620074,0.0001515132569810037,-0.018311028799863016,-0.48933184769481386,2,24,signal_flat,-0.047152573214749416,0.0
14_funding_sentiment_filter,63,2021-01-11 00:00:00+00:00,2021-01-19 12:00:00+00:00,35566.65625,36069.8046875,LONG,0.3271262219442763,0.3271262219442763,0.00790908618565922,0.0003042363479918081,0.00015211817399590405,0.007449243928752347,0.17192049285084346,18,216,signal_flat,-0.046214502171538774,0.10179961392912773
14_funding_sentiment_filter,64,2021-01-20 12:00:00+00:00,2021-01-27 00:00:00+00:00,35547.75,30432.546875,LONG,0.3440825995074181,0.3440825995074181,-0.05168396501204253,0.0003394560930122496,0.0001697280465061248,-0.05217263213555079,-1.2665010441354174,14,168,signal_flat,-0.14389667770815306,0.0
14_funding_sentiment_filter,65,2021-02-05 00:00:00+00:00,2021-02-07 00:00:00+00:00,38144.30859375,38903.44140625,LONG,0.4467302805028886,0.4467302805028886,0.00896699733588302,0.0003573842244023109,0.00017869211220115545,0.008425079470225194,0.26553360460608055,5,60,signal_flat,0.0,0.029406828078771152
14_funding_sentiment_filter,66,2021-02-07 12:00:00+00:00,2021-02-09 00:00:00+00:00,38903.44140625,46481.10546875,LONG,0.44343302650389305,0.44343302650389305,0.08522156979112228,0.00035474642120311446,0.00017737321060155723,0.08465106918112597,2.6482597359731646,4,48,signal_flat,0.0,0.19478133009802612
14_funding_sentiment_filter,67,2021-02-11 00:00:00+00:00,2021-04-03 12:00:00+00:00,47909.33203125,57603.890625,LONG,0.34975012040581044,0.34975012040581044,0.08415509234293239,0.000917525114182464,0.000458762557091232,0.08266475179473276,2.0397565325418405,104,1248,signal_flat,-0.05785015950947059,0.2783122481764668
14_funding_sentiment_filter,68,2021-04-04 00:00:00+00:00,2021-04-10 12:00:00+00:00,58758.5546875,59793.234375,LONG,0.65200871928189,0.65200871928189,0.012484038242129847,0.0005715485504331784,0.0002857742752165892,0.011616547746212458,0.5343558635020778,14,168,signal_flat,-0.0461144288165487,0.017609005071734796
14_funding_sentiment_filter,69,2021-04-13 00:00:00+00:00,2021-04-14 00:00:00+00:00,63503.45703125,63109.6953125,LONG,0.7,0.7,-0.00434044406416112,0.00056,0.00028,-0.005178444677654159,-0.2838915885122273,3,36,signal_flat,-0.00620063437737306,0.0
14_funding_sentiment_filter,70,2021-04-15 12:00:00+00:00,2021-04-16 00:00:00+00:00,63314.01171875,61572.7890625,LONG,0.7,0.7,-0.019250965564926337,0.00056,0.00028,-0.02008270375938903,-1.0739908284590811,2,24,signal_flat,-0.027501379378466195,0.0
14_funding_sentiment_filter,71,2021-04-17 12:00:00+00:00,2021-04-19 00:00:00+00:00,60683.8203125,55724.265625,LONG,0.7,0.7,-0.05664285080625042,0.00056,0.00028,-0.057439570788434535,-2.9909355864644143,4,48,signal_flat,-0.08172779271245723,0.0
14_funding_sentiment_filter,72,2021-05-08 00:00:00+00:00,2021-05-15 00:00:00+00:00,58803.77734375,46760.1875,LONG,0.4101338549505276,0.4101338549505276,-0.09835213977463897,0.0004466058545192133,0.00022330292725960665,-0.09896772317565383,-2.863645756370374,15,180,signal_flat,-0.2048097994342546,0.0
14_funding_sentiment_filter,73,2021-06-14 00:00:00+00:00,2021-06-21 00:00:00+00:00,40218.4765625,31676.693359375,LONG,0.34080391605472626,0.34080391605472626,-0.08087326185639121,0.0004411408875741656,0.0002205704437870828,-0.08149074504285403,-1.9593542298346454,15,180,signal_flat,-0.21238455389653965,0.004669320789865594
14_funding_sentiment_filter,74,2021-07-25 00:00:00+00:00,2021-08-23 12:00:00+00:00,35350.1875,49546.1484375,LONG,0.8279095320899738,0.8279095320899738,0.21065144718342244,0.0011350672696770552,0.0005675336348385276,0.20859774592611924,8.528852977013663,60,720,signal_flat,0.0,0.40158092336851103
14_funding_sentiment_filter,75,2021-08-24 00:00:00+00:00,2021-08-25 00:00:00+00:00,47706.1171875,48960.7890625,LONG,0.6050290887007846,0.6050290887007846,0.01591227762607894,0.0004840232709606277,0.00024201163548031386,0.015180598066810491,0.6479854151170766,3,36,signal_flat,0.0,0.02630002081428562
14_funding_sentiment_filter,76,2021-08-25 12:00:00+00:00,2021-08-28 12:00:00+00:00,48960.7890625,48902.40234375,LONG,0.5604137082802694,0.5604137082802694,-0.001332648411220716,0.0005034049274152244,0.0002517024637076122,-0.0020862605515447052,-0.0824854579939877,7,84,signal_flat,-0.04122830434622349,0.0019991284479718985
14_funding_sentiment_filter,77,2021-08-29 00:00:00+00:00,2021-08-31 00:00:00+00:00,48829.83203125,47166.6875,LONG,0.6047267922009658,0.6047267922009658,-0.02063456556313248,0.0004837814337607727,0.00024189071688038636,-0.02134499260235867,-0.9106580118860442,5,60,signal_flat,-0.0363476092875793,0.0
14_funding_sentiment_filter,78,2021-08-31 12:00:00+00:00,2021-09-01 00:00:00+00:00,47166.6875,48847.02734375,LONG,0.6274701758811199,0.6274701758811199,0.02235397890296764,0.0005019761407048959,0.00025098807035244794,0.02159274055764171,0.9558746602836055,2,24,signal_flat,0.0,0.03562556399047523
14_funding_sentiment_filter,79,2021-09-01 12:00:00+00:00,2021-09-02 00:00:00+00:00,48847.02734375,49327.72265625,LONG,0.5677630991701142,0.5677630991701142,0.0055872603763771345,0.0004542104793360914,0.0002271052396680457,0.004904157360990036,0.19644078177272303,2,24,signal_flat,0.0,0.009840830417728652
14_funding_sentiment_filter,80,2021-09-03 12:00:00+00:00,2021-09-08 00:00:00+00:00,50025.375,46091.390625,LONG,0.7,0.7,-0.04572788853592258,0.00056,0.00028,-0.04653658240008973,-2.3725544356734773,10,120,signal_flat,-0.07863977781275999,0.052136743727558166
14_funding_sentiment_filter,81,2021-10-04 00:00:00+00:00,2021-10-07 12:00:00+00:00,49112.90234375,53805.984375,LONG,0.426489751924695,0.426489751924695,0.05470954749207402,0.0004903709241524106,0.0002451854620762053,0.05393910741289498,1.6229773143072053,8,96,signal_flat,0.0,0.1272282145181587
14_funding_sentiment_filter,82,2021-10-08 12:00:00+00:00,2021-10-15 12:00:00+00:00,53967.84765625,61593.94921875,LONG,0.46923418697405955,0.46923418697405955,0.06583602531234001,0.00045154394778294956,0.00022577197389147478,0.0651154295473384,2.155627173957947,15,180,signal_flat,0.0,0.14130823988154395
14_funding_sentiment_filter,83,2021-10-16 00:00:00+00:00,2021-10-16 12:00:00+00:00,60892.1796875,60892.1796875,LONG,0.5059538746815103,0.5059538746815103,0.0,0.00040476309974520823,0.00020238154987260411,-0.0006070524934614907,-0.021668920058970143,2,24,signal_flat,0.0,0.0
14_funding_sentiment_filter,84,2021-10-18 12:00:00+00:00,2021-10-21 00:00:00+00:00,62026.078125,62210.171875,LONG,0.5200633342279829,0.5200633342279829,-0.0031099585455163226,0.0004945938255901726,0.0002472969127950863,-0.0038620837331549973,-0.14170266409536975,6,72,signal_flat,0.0,0.06395306510442045
14_funding_sentiment_filter,85,2021-10-22 12:00:00+00:00,2021-10-23 00:00:00+00:00,60692.265625,61393.6171875,LONG,0.534031184005169,0.534031184005169,0.006171191690881095,0.0004272249472041352,0.0002136124736020676,0.005528479572941558,0.20829191890622867,2,24,signal_flat,0.0,0.011555863919028075
14_funding_sentiment_filter,86,2021-10-23 12:00:00+00:00,2021-10-24 12:00:00+00:00,61393.6171875,60930.8359375,LONG,0.5442555534444254,0.5442555534444254,-0.004102564352467142,0.00043540444275554037,0.00021770222137777018,-0.004752898663056726,-0.18249943230263635,3,36,signal_flat,-0.007537937512081094,0.0
14_funding_sentiment_filter,87,2021-10-25 00:00:00+00:00,2021-10-26 12:00:00+00:00,63039.82421875,60363.79296875,LONG,0.561128323905195,0.561128323905195,-0.023819814674924222,0.00044890265912415596,0.00022445132956207798,-0.02447738840562763,-0.9690080036576287,4,48,signal_flat,-0.04244985266320056,0.0
14_funding_sentiment_filter,88,2021-10-27 12:00:00+00:00,2021-10-31 12:00:00+00:00,58482.38671875,61318.95703125,LONG,0.5251420676241179,0.5251420676241179,0.023888785294020387,0.00047994092922388793,0.00023997046461194396,0.02315281387116097,0.8577894175715761,9,108,signal_flat,0.0,0.06404625965443245
14_funding_sentiment_filter,89,2021-11-01 12:00:00+00:00,2021-11-03 00:00:00+00:00,61004.40625,62970.046875,LONG,0.5591573936370688,0.5591573936370688,0.018055621230530727,0.0004473259149096551,0.00022366295745482754,0.017371864945641136,0.6852998080034117,4,48,signal_flat,0.0,0.03642353446805324
14_funding_sentiment_filter,90,2021-11-04 00:00:00+00:00,2021-11-04 12:00:00+00:00,61452.23046875,61452.23046875,LONG,0.6632987130992464,0.6632987130992464,0.0,0.0005306389704793971,0.00026531948523969855,-0.0007958000682533051,-0.03724030426727034,2,24,signal_flat,0.0,0.0
14_funding_sentiment_filter,91,2021-11-05 00:00:00+00:00,2021-11-08 12:00:00+00:00,61125.67578125,67566.828125,LONG,0.7,0.7,0.07105705229045967,0.00056,0.00028,0.07015978864610761,3.5069270055829262,8,96,signal_flat,0.0,0.1053755604568023
14_funding_sentiment_filter,92,2021-11-09 00:00:00+00:00,2021-11-10 12:00:00+00:00,66971.828125,64995.23046875,LONG,0.6715227177812455,0.6715227177812455,-0.019819232463053504,0.0005402418635502608,0.0002701209317751304,-0.02061341758540247,-0.9765866984867015,4,48,signal_flat,-0.029513867421399387,0.0
14_funding_sentiment_filter,93,2021-11-11 12:00:00+00:00,2021-11-18 00:00:00+00:00,64949.9609375,56942.13671875,LONG,0.7,0.7,-0.08647357790124599,0.0005611649277755472,0.0002805824638877736,-0.0872578905124115,-4.735635148244463,14,168,signal_flat,-0.12329220992843648,0.007958109578347194
14_funding_sentiment_filter,94,2021-12-24 00:00:00+00:00,2022-01-04 00:00:00+00:00,50822.1953125,45897.57421875,LONG,0.5663689833530939,0.5663689833530939,-0.06655956257943618,0.0005902749721234152,0.0002951374860617076,-0.06739058815521881,-2.692767160500662,23,276,signal_flat,-0.09689902341819467,0.0
14_funding_sentiment_filter,95,2022-02-06 00:00:00+00:00,2022-04-11 00:00:00+00:00,42412.43359375,39521.90234375,LONG,0.7,0.7,-0.01132863606539769,0.004138352123306463,0.0020691760616532314,-0.01746079194723993,-0.8829958727581185,129,1548,signal_flat,-0.12583933275020787,0.11914659091254465
14_funding_sentiment_filter,96,2022-05-30 00:00:00+00:00,2022-06-11 00:00:00+00:00,31726.390625,28360.810546875,LONG,0.4890609561959155,0.4890609561959155,-0.06525709798003132,0.001124079872092653,0.0005620399360463265,-0.06683578510990817,-2.3060681656199136,25,300,signal_flat,-0.10608140452866277,0.0020777630413166825
14_funding_sentiment_filter,97,2022-07-07 00:00:00+00:00,2022-08-19 00:00:00+00:00,21637.587890625,20877.552734375,LONG,0.7,0.7,-0.0353016645107429,0.0025081634827489813,0.0012540817413744907,-0.038945696628186255,-2.1494913464588987,87,1044,signal_flat,-0.10692845430924647,0.12877962566046053
14_funding_sentiment_filter,98,2022-09-10 00:00:00+00:00,2022-09-21 00:00:00+00:00,21680.5390625,18547.400390625,LONG,0.6126833179382618,0.6126833179382618,-0.09128555669020288,0.0009038858363268394,0.0004519429181634197,-0.09252671374635602,-3.9994777695817327,23,276,signal_flat,-0.1445138731487664,0.031821632952075074
14_funding_sentiment_filter,99,2022-10-04 00:00:00+00:00,2022-11-08 00:00:00+00:00,20336.84375,18541.271484375,LONG,0.7,0.7,-0.06098132153058433,0.0017600000000000003,0.0008800000000000001,-0.06348473783331143,-3.6580603593836667,71,852,signal_flat,-0.08829158977164286,0.046509068362685424
14_funding_sentiment_filter,100,2022-12-08 00:00:00+00:00,2022-12-19 00:00:00+00:00,17233.474609375,16439.6796875,LONG,1.0,1.0,-0.0324748432087264,0.0012799999999999999,0.0006399999999999999,-0.03433569100002953,-2.7165721695624834,23,276,signal_flat,-0.0460612232801374,0.03378168329057085
14_funding_sentiment_filter,101,2023-01-06 00:00:00+00:00,2023-01-14 12:00:00+00:00,16951.96875,20976.298828125,LONG,0.7,0.7,0.1669290599736959,0.0007999999999999999,0.00039999999999999996,0.16553234522515825,33.40836522730031,18,216,signal_flat,0.0,0.2373960297753026
14_funding_sentiment_filter,102,2023-01-15 00:00:00+00:00,2023-01-16 00:00:00+00:00,20880.798828125,21169.6328125,LONG,0.7,0.7,0.00968276121649958,0.00056,0.00028,0.008838870856788583,0.5030146419101277,3,36,signal_flat,0.0,0.013832516023570829
14_funding_sentiment_filter,103,2023-01-16 12:00:00+00:00,2023-02-09 00:00:00+00:00,21169.6328125,21819.0390625,LONG,0.7,0.7,0.02037589898848835,0.000680342035419695,0.0003401710177098475,0.019323924066656728,1.0566750886673517,48,576,signal_flat,-0.02271421364550419,0.12305048542041175
14_funding_sentiment_filter,104,2023-02-15 00:00:00+00:00,2023-02-17 00:00:00+00:00,24307.841796875,24565.6015625,LONG,0.7,0.7,0.007658574316692368,0.00056,0.00028,0.006823807965915973,0.36523352281754945,5,60,signal_flat,-0.028154173176657027,0.010603975777814023
14_funding_sentiment_filter,105,2023-02-17 12:00:00+00:00,2023-03-07 00:00:00+00:00,24565.6015625,22219.76953125,LONG,0.6239757628394172,0.6239757628394172,-0.06554047195008705,0.0010743349784745307,0.0005371674892372654,-0.06704673690934937,-2.951518166557473,36,432,signal_flat,-0.0954925538982514,0.010728289080545572
14_funding_sentiment_filter,106,2023-03-14 00:00:00+00:00,2023-03-15 00:00:00+00:00,24746.07421875,24375.9609375,LONG,0.503370552359051,0.503370552359051,-0.007528633639879434,0.00040269644188724085,0.00020134822094362043,-0.008130313269737233,-0.28873217274853985,3,36,signal_flat,-0.014956444322371198,0.0
14_funding_sentiment_filter,107,2023-03-16 12:00:00+00:00,2023-04-21 00:00:00+00:00,25052.7890625,27276.91015625,LONG,0.4862008407333473,0.4862008407333473,0.0282573876688188,0.002543383892685539,0.0012716919463427695,0.024328620190903205,0.8345133292123311,72,864,signal_flat,0.0,0.21685849598207785
14_funding_sentiment_filter,108,2023-05-28 00:00:00+00:00,2023-06-05 00:00:00+00:00,28085.646484375,25760.09765625,LONG,0.7,0.7,-0.058348954123244035,0.00056,0.00028,-0.059154146236856775,-4.354067709811511,17,204,signal_flat,-0.08280204016022141,0.0
14_funding_sentiment_filter,109,2023-06-20 00:00:00+00:00,2023-07-18 00:00:00+00:00,28327.48828125,29856.5625,LONG,0.7,0.7,0.05643063143367977,0.0015241556021283317,0.0007620778010641658,0.054031129050674975,3.214543205187536,57,684,signal_flat,0.0,0.11114859586612336
14_funding_sentiment_filter,110,2023-10-01 00:00:00+00:00,2023-10-02 00:00:00+00:00,27983.75,27530.78515625,LONG,0.7,0.7,-0.016186709920936293,0.0007999999999999999,0.00039999999999999996,-0.017376563564058922,-1.728850230482487,3,36,signal_flat,-0.016186709920936293,0.0
14_funding_sentiment_filter,111,2023-10-02 12:00:00+00:00,2023-10-04 00:00:00+00:00,27530.78515625,27799.39453125,LONG,0.7,0.7,0.006840039700922507,0.00056,0.00028,0.005998419341635364,0.5651076156656611,4,48,signal_flat,-0.003661597010505724,0.009756691408382201
14_funding_sentiment_filter,112,2023-10-05 00:00:00+00:00,2023-10-10 00:00:00+00:00,27415.912109375,27391.01953125,LONG,1.0,1.0,0.005151163873977405,0.0008,0.0004,0.003943347731631075,0.39790065394472507,11,132,signal_flat,-0.0009079609690055834,0.020168132001923134
14_funding_sentiment_filter,113,2023-10-10 12:00:00+00:00,2023-10-11 12:00:00+00:00,27391.01953125,26873.3203125,LONG,0.7,0.7,-0.013230228714617764,0.00056,0.00028,-0.014058941256309798,-1.2119639133992646,3,36,signal_flat,-0.018900326735168282,0.0
14_funding_sentiment_filter,114,2023-10-12 12:00:00+00:00,2023-10-23 00:00:00+00:00,26756.798828125,33086.234375,LONG,0.7,0.7,0.17811250727440586,0.0012799999999999999,0.0006399999999999999,0.1758879790679353,15.877323156843424,22,264,signal_flat,0.0,0.23655428990339122
14_funding_sentiment_filter,115,2023-10-31 12:00:00+00:00,2023-11-11 12:00:00+00:00,34667.78125,37138.05078125,LONG,0.7,0.7,0.04959401379912598,0.00056,0.00028,0.048712539975918734,2.7506423103974833,23,276,signal_flat,0.0,0.07632987761511267
14_funding_sentiment_filter,116,2023-11-13 12:00:00+00:00,2023-11-14 00:00:00+00:00,36502.35546875,35537.640625,LONG,0.7,0.7,-0.018500186685298403,0.00056,0.00028,-0.019332240206890616,-1.882452289079867,2,24,signal_flat,-0.026428838121854925,0.0
14_funding_sentiment_filter,117,2023-11-15 00:00:00+00:00,2023-12-08 12:00:00+00:00,37880.58203125,44166.6015625,LONG,0.7,0.7,0.11378817802509156,0.0006528560757742222,0.0003264280378871111,0.1126989612729421,7.544042930580406,48,576,signal_flat,-0.054560131350278485,0.1659430556284558
14_funding_sentiment_filter,118,2023-12-09 00:00:00+00:00,2023-12-09 12:00:00+00:00,43725.984375,43725.984375,LONG,0.7,0.7,0.0,0.00056,0.00028,-0.0008398235999999004,-0.04865601967300311,2,24,signal_flat,0.0,0.0
14_funding_sentiment_filter,119,2023-12-11 00:00:00+00:00,2023-12-21 00:00:00+00:00,41243.83203125,43869.15234375,LONG,0.692896992900427,0.692896992900427,0.04472143897070313,0.0006219418157124856,0.0003109709078562428,0.04374996449570534,2.138683285895842,21,252,signal_flat,0.0,0.06365364669584594
14_funding_sentiment_filter,120,2023-12-23 00:00:00+00:00,2023-12-26 00:00:00+00:00,43739.54296875,42520.40234375,LONG,0.7,0.7,-0.019478758571388033,0.00056,0.00028,-0.020309572060733916,-1.1810120861330167,7,84,signal_flat,-0.027872733509607617,0.0
14_funding_sentiment_filter,121,2023-12-28 00:00:00+00:00,2023-12-28 12:00:00+00:00,42627.85546875,42627.85546875,LONG,0.7,0.7,0.0,0.00056,0.00028,-0.0008398235999999004,-0.05010290125239272,2,24,signal_flat,0.0,0.0
14_funding_sentiment_filter,122,2023-12-31 00:00:00+00:00,2023-12-31 12:00:00+00:00,42265.1875,42265.1875,LONG,0.7,0.7,0.0,0.00056,0.00028,-0.0008398235999999004,-0.05955025491734407,2,24,signal_flat,0.0,0.0
14_funding_sentiment_filter,123,2024-01-01 12:00:00+00:00,2024-01-02 00:00:00+00:00,44167.33203125,44957.96875,LONG,0.7,0.7,0.012530657335910966,0.00056,0.00028,0.011685570859829797,0.7716515074812561,2,24,signal_flat,0.0,0.017900939051301412
14_funding_sentiment_filter,124,2024-01-03 00:00:00+00:00,2024-01-14 00:00:00+00:00,42848.17578125,41796.26953125,LONG,0.7,0.7,-0.013198151299071759,0.000587154243063893,0.0002935771215319465,-0.014074794943542912,-0.8354071867298841,23,276,signal_flat,-0.024549615726238372,0.09620778597542756
14_funding_sentiment_filter,125,2024-02-07 00:00:00+00:00,2024-02-18 00:00:00+00:00,44318.22265625,52122.546875,LONG,0.7,0.7,0.12087185580094761,0.00056,0.00028,0.11993343308074356,9.61342155843935,23,276,signal_flat,0.0,0.176947088550359
14_funding_sentiment_filter,126,2024-02-20 00:00:00+00:00,2024-02-25 12:00:00+00:00,52284.875,51733.23828125,LONG,0.7,0.7,-0.007336129381234513,0.00056,0.00028,-0.008169791926647352,-0.481327693443083,12,144,signal_flat,-0.02970124306981703,0.0
14_funding_sentiment_filter,127,2024-02-28 12:00:00+00:00,2024-02-29 00:00:00+00:00,62504.7890625,61198.3828125,LONG,0.6920310122526758,0.6920310122526758,-0.014464069924253642,0.0005536248098021407,0.00027681240490107033,-0.015288328981494348,-0.7464241298422698,2,24,signal_flat,-0.020900898468654838,0.0
14_funding_sentiment_filter,128,2024-03-02 00:00:00+00:00,2024-03-02 12:00:00+00:00,62029.84765625,62029.84765625,LONG,0.6229075601175265,0.6229075601175265,0.0,0.0004983260480940212,0.0002491630240470106,-0.0007473493871628101,-0.03284334470972629,2,24,signal_flat,0.0,0.0
14_funding_sentiment_filter,129,2024-03-06 00:00:00+00:00,2024-03-10 12:00:00+00:00,66106.8046875,69019.7890625,LONG,0.4072304282450802,0.4072304282450802,0.017743659000214684,0.0003347279388551199,0.00016736396942755995,0.01723278456753974,0.49510324606068284,10,120,signal_flat,0.0,0.04406481887560987
14_funding_sentiment_filter,130,2024-03-11 00:00:00+00:00,2024-03-11 12:00:00+00:00,72123.90625,72123.90625,LONG,0.41287353565319806,0.41287353565319806,0.0,0.0003302988285225585,0.00016514941426127924,-0.0004953868755436241,-0.014429844026223257,2,24,signal_flat,0.0,0.0
14_funding_sentiment_filter,131,2024-03-12 00:00:00+00:00,2024-03-13 12:00:00+00:00,71481.2890625,73083.5,LONG,0.4484179262714112,0.4484179262714112,0.01005102335822361,0.0004290449891986557,0.00021452249459932786,0.009401635981328482,0.29743117838417493,4,48,signal_flat,0.0,0.022414410239567806
14_funding_sentiment_filter,132,2024-03-14 00:00:00+00:00,2024-04-01 00:00:00+00:00,71396.59375,69702.1484375,LONG,0.5331635439347905,0.5331635439347905,-0.01878931323234989,0.0005767497381805402,0.0002883748690902701,-0.019640818238750635,-0.7387884829331859,37,444,signal_flat,-0.13283295202721068,0.0
14_funding_sentiment_filter,133,2024-04-01 12:00:00+00:00,2024-04-13 00:00:00+00:00,69702.1484375,63821.47265625,LONG,0.4658755722597576,0.4658755722597576,-0.04303221437880955,0.0006021351059517838,0.0003010675529758919,-0.04390827334473679,-1.4431663445459617,24,288,signal_flat,-0.08436864448336256,0.02767792644483369
14_funding_sentiment_filter,134,2024-05-15 00:00:00+00:00,2024-05-22 12:00:00+00:00,66267.4921875,69122.3359375,LONG,0.5827729657603293,0.5827729657603293,0.028143840168948886,0.0007506894859257041,0.00037534474296285205,0.02698865531293637,1.1096365099847034,16,192,signal_flat,-0.01563225228621834,0.07817865070767271
14_funding_sentiment_filter,135,2024-05-23 00:00:00+00:00,2024-05-31 00:00:00+00:00,67929.5625,67491.4140625,LONG,0.5646565037114377,0.5646565037114377,-0.0044941915866218984,0.0005757785624668148,0.0002878892812334074,-0.00535758850502166,-0.21342917357957653,17,204,signal_flat,-0.006450040621121311,0.021566342157731455
14_funding_sentiment_filter,136,2024-06-01 00:00:00+00:00,2024-06-03 12:00:00+00:00,67706.9375,68804.78125,LONG,0.7,0.7,0.01134809596174402,0.00056,0.00028,0.010498741962940095,0.6251990993289744,6,72,signal_flat,0.0,0.016214641963388177
14_funding_sentiment_filter,137,2024-06-04 00:00:00+00:00,2024-06-05 12:00:00+00:00,70567.765625,71082.8203125,LONG,0.7,0.7,0.005109107225612419,0.00056,0.00028,0.004264992876789497,0.3498590576633276,4,48,signal_flat,0.0,0.007298724608017615
14_funding_sentiment_filter,138,2024-06-06 00:00:00+00:00,2024-06-11 00:00:00+00:00,70757.1640625,67332.03125,LONG,0.7,0.7,-0.03398837565668178,0.00056,0.00028,-0.034808759040122816,-3.230891387174916,11,132,signal_flat,-0.04840686957824614,0.0
14_funding_sentiment_filter,139,2024-07-15 00:00:00+00:00,2024-08-03 00:00:00+00:00,64870.15234375,60680.09375,LONG,0.5691978096661361,0.5691978096661361,-0.0438640496476318,0.0012593402620614687,0.0006296701310307344,-0.04567041088307899,-1.8339953616344655,39,468,signal_flat,-0.06459147146050592,0.05219218271307491
14_funding_sentiment_filter,140,2024-08-23 00:00:00+00:00,2024-09-01 00:00:00+00:00,64094.35546875,57325.48828125,LONG,0.9240978253150695,0.9240978253150695,-0.08135194369536625,0.0017924811657183022,0.0008962405828591511,-0.08383303362629635,-3.8258792959746395,19,228,signal_flat,-0.10560785170544773,0.0037318028748509757
14_funding_sentiment_filter,141,2024-09-18 00:00:00+00:00,2024-09-20 00:00:00+00:00,61649.6796875,63192.9765625,LONG,0.6675183557536789,0.6675183557536789,0.01678905886089299,0.000553186932978585,0.0002765934664892925,0.015946896079201967,0.7509991935438971,5,60,signal_flat,0.0,0.025033331605661457
14_funding_sentiment_filter,142,2024-09-20 12:00:00+00:00,2024-09-21 12:00:00+00:00,63192.9765625,63394.83984375,LONG,1.0,1.0,0.003194394254405042,0.0008,0.0004,0.0019915723318928436,0.11081619589405685,3,36,signal_flat,0.0,0.003194394254405042
14_funding_sentiment_filter,143,2024-09-22 00:00:00+00:00,2024-09-22 12:00:00+00:00,63648.7109375,63648.7109375,LONG,0.7,0.7,0.0,0.00056,0.00028,-0.0008398235999999004,-0.04852437256138422,2,24,signal_flat,0.0,0.0
14_funding_sentiment_filter,144,2024-09-23 00:00:00+00:00,2024-09-27 00:00:00+00:00,63329.80078125,65790.6640625,LONG,0.7,0.7,0.027223021511789458,0.00056,0.00028,0.026363140493206094,1.777876652723075,9,108,signal_flat,-0.002947368343139689,0.03885790340238349
14_funding_sentiment_filter,145,2024-09-27 12:00:00+00:00,2024-09-28 12:00:00+00:00,65790.6640625,65887.6484375,LONG,0.7,0.7,0.0010318950791483594,0.00056,0.00028,0.00019120486930823688,0.012714107995533257,3,36,signal_flat,0.0,0.0014741358273548943
14_funding_sentiment_filter,146,2024-09-29 00:00:00+00:00,2024-09-30 12:00:00+00:00,65635.3046875,63329.5,LONG,0.7,0.7,-0.024591388566485795,0.00056,0.00028,-0.025410559738010874,-1.8452007968258242,4,48,signal_flat,-0.035130555094979754,0.0
14_funding_sentiment_filter,147,2024-10-02 00:00:00+00:00,2024-10-02 12:00:00+00:00,60632.78515625,60632.78515625,LONG,0.7,0.7,0.0,0.00056,0.00028,-0.0008398235999999004,-0.06020016781184691,2,24,signal_flat,0.0,0.0
14_funding_sentiment_filter,148,2024-10-03 00:00:00+00:00,2024-10-09 00:00:00+00:00,60759.40234375,60582.1015625,LONG,0.7,0.7,-0.0024096577907019023,0.0010400000000000001,0.0005200000000000001,-0.003972317974543671,-0.31515927817285533,13,156,signal_flat,-0.0029180797442165396,0.033896824224800115
14_funding_sentiment_filter,149,2024-10-14 00:00:00+00:00,2024-10-14 12:00:00+00:00,66046.125,66046.125,LONG,0.7,0.7,0.0,0.00056,0.00028,-0.0008398235999999004,-0.05257483761244537,2,24,signal_flat,0.0,0.0
14_funding_sentiment_filter,150,2024-10-16 00:00:00+00:00,2024-10-17 00:00:00+00:00,67612.71875,67399.8359375,LONG,0.7,0.7,-0.002203993146629668,0.00056,0.00028,-0.003042891069508169,-0.20830406159572748,3,36,signal_flat,-0.0031485616380424464,0.0
14_funding_sentiment_filter,151,2024-10-17 12:00:00+00:00,2024-11-10 12:00:00+00:00,67399.8359375,80474.1875,LONG,0.7,0.7,0.13346230660310798,0.0006231540436411837,0.00031157702182059183,0.13240807926081244,9.01737250551612,49,588,signal_flat,-0.014356720777440657,0.19398194937186308
14_funding_sentiment_filter,152,2024-11-11 12:00:00+00:00,2024-11-12 12:00:00+00:00,88701.484375,87955.8125,LONG,0.5111494566510225,0.5111494566510225,-0.00429699431110786,0.0004454389135915114,0.0002227194567957557,-0.004962279735440722,-0.17894898533480844,3,36,signal_flat,-0.008406532091926988,0.0
14_funding_sentiment_filter,153,2024-11-13 00:00:00+00:00,2024-11-14 00:00:00+00:00,90584.1640625,87250.4296875,LONG,0.5207870476522832,0.5207870476522832,-0.01916632670601548,0.0004166296381218266,0.0002083148190609133,-0.01978518457948475,-0.7269430262752279,3,36,signal_flat,-0.03680261786927608,0.0
14_funding_sentiment_filter,154,2024-11-14 12:00:00+00:00,2024-11-18 12:00:00+00:00,87250.4296875,90542.640625,LONG,0.5108180656872885,0.5108180656872885,0.01959053760808871,0.0004138422636281597,0.00020692113181407985,0.01895826802238143,0.6832269690185964,9,108,signal_flat,0.0,0.04373133907381366
14_funding_sentiment_filter,155,2024-11-20 00:00:00+00:00,2024-11-25 00:00:00+00:00,94339.4921875,93102.296875,LONG,0.5720484777677128,0.5720484777677128,-0.006664111376425974,0.000514363000732479,0.0002571815003662395,-0.007439460358133254,-0.3002440171386459,11,132,signal_flat,-0.01311428844710194,0.04937669015370427
14_funding_sentiment_filter,156,2024-11-25 12:00:00+00:00,2024-11-26 00:00:00+00:00,93102.296875,91985.3203125,LONG,0.6714508489699271,0.6714508489699271,-0.008055599983500805,0.0005371606791759417,0.00026858033958797084,-0.008857933333948576,-0.41961086859283825,2,24,signal_flat,-0.011997304040733403,0.0
14_funding_sentiment_filter,157,2024-11-26 12:00:00+00:00,2024-11-27 00:00:00+00:00,91985.3203125,95962.53125,LONG,0.6633906923062963,0.6633906923062963,0.028683323690266604,0.000530712553845037,0.0002653562769225185,0.02787599634091853,1.3046675679444655,2,24,signal_flat,0.0,0.04323745271515378
14_funding_sentiment_filter,158,2024-11-27 12:00:00+00:00,2024-12-02 12:00:00+00:00,95962.53125,95865.3046875,LONG,0.635038952350624,0.635038952350624,-0.00041952573898829115,0.00056,0.00028,-0.0012590622141108732,-0.05640890241545769,11,132,signal_flat,-0.0032310787967048116,0.015620598664648044
14_funding_sentiment_filter,159,2024-12-03 00:00:00+00:00,2024-12-03 12:00:00+00:00,96002.1640625,96002.1640625,LONG,0.7,0.7,0.0,0.00056,0.00028,-0.0008398235999999004,-0.04741461853160073,2,24,signal_flat,0.0,0.0
14_funding_sentiment_filter,160,2024-12-05 00:00:00+00:00,2024-12-05 12:00:00+00:00,96593.5703125,96593.5703125,LONG,0.7,0.7,0.0,0.00056,0.00028,-0.0008398235999999004,-0.05045155641277768,2,24,signal_flat,0.0,0.0
14_funding_sentiment_filter,161,2024-12-06 00:00:00+00:00,2024-12-07 00:00:00+00:00,99920.7109375,99923.3359375,LONG,0.7,0.7,1.838958092648113e-05,0.00056,0.00028,-0.000821441742697604,-0.043812482678177195,3,36,signal_flat,0.0,2.627082989481444e-05
14_funding_sentiment_filter,162,2024-12-07 12:00:00+00:00,2024-12-09 00:00:00+00:00,99923.3359375,97432.71875,LONG,0.7,0.7,-0.017344054298299993,0.00056,0.00028,-0.018180454012585057,-1.0173511127875288,4,48,signal_flat,-0.02492528060770338,0.013136868131795154
14_funding_sentiment_filter,163,2024-12-09 12:00:00+00:00,2024-12-22 00:00:00+00:00,97432.71875,95104.9375,LONG,0.7,0.7,-0.015507131913463201,0.00058205767124836,0.00029102883562418,-0.0163734211911013,-0.9229619212163864,26,312,signal_flat,-0.023891165923151436,0.08937329189020504
14_funding_sentiment_filter,164,2025-01-17 00:00:00+00:00,2025-02-05 00:00:00+00:00,104462.0390625,96615.4453125,LONG,0.7,0.7,-0.052835389683755785,0.0006095494162560375,0.00030477470812801874,-0.05370537856196711,-2.6774580320762484,39,468,signal_flat,-0.07511430774681083,0.01612285742854702
14_funding_sentiment_filter,165,2025-04-21 00:00:00+00:00,2025-05-09 12:00:00+00:00,87518.90625,102970.8515625,LONG,0.6180901609053773,0.6180901609053773,0.13416080845011025,0.0032426126166323816,0.0016213063083161908,0.12867161255848303,5.610927639828422,38,456,signal_flat,0.0,0.17964752258886918
14_funding_sentiment_filter,166,2025-05-10 00:00:00+00:00,2025-05-10 12:00:00+00:00,104696.328125,104696.328125,LONG,0.7,0.7,0.0,0.00056,0.00028,-0.0008398235999999004,-0.059339456052315324,2,24,signal_flat,0.0,0.0
14_funding_sentiment_filter,167,2025-05-11 12:00:00+00:00,2025-05-12 00:00:00+00:00,104106.359375,102812.953125,LONG,0.7,0.7,-0.00869672496892071,0.00056,0.00028,-0.00953289594443385,-0.6867026943392343,2,24,signal_flat,-0.01242389281274392,0.0
14_funding_sentiment_filter,168,2025-05-13 00:00:00+00:00,2025-05-13 12:00:00+00:00,104169.8125,104169.8125,LONG,0.7,0.7,0.0,0.00056,0.00028,-0.0008398235999999004,-0.05890243618735322,2,24,signal_flat,0.0,0.0
14_funding_sentiment_filter,169,2025-05-14 00:00:00+00:00,2025-05-22 12:00:00+00:00,103539.4140625,111673.28125,LONG,0.7,0.7,0.05460732405886981,0.00056,0.00028,0.053721639939392274,3.671657568481939,18,216,signal_flat,-0.0033642079989919527,0.07855817285763389
14_funding_sentiment_filter,170,2025-05-23 00:00:00+00:00,2025-06-05 00:00:00+00:00,107287.796875,101575.953125,LONG,0.7,0.7,-0.03735942149063476,0.0007999999999999999,0.00039999999999999996,-0.03852361246063629,-2.74414881165366,27,324,signal_flat,-0.05323852214669689,0.020063514912212588
14_funding_sentiment_filter,171,2025-07-02 00:00:00+00:00,2025-07-10 12:00:00+00:00,108859.3203125,115987.203125,LONG,0.7,0.7,0.045682839172259904,0.00056,0.00028,0.04480465004580769,3.650805645056669,18,216,signal_flat,-0.007578445030078651,0.06547792868849589
14_funding_sentiment_filter,172,2025-07-11 00:00:00+00:00,2025-07-11 12:00:00+00:00,117516.9921875,117516.9921875,LONG,0.7,0.7,0.0,0.00056,0.00028,-0.0008398235999999004,-0.061435113041818645,2,24,signal_flat,0.0,0.0
14_funding_sentiment_filter,173,2025-07-14 00:00:00+00:00,2025-07-14 12:00:00+00:00,119849.703125,119849.703125,LONG,0.7,0.7,0.0,0.00056,0.00028,-0.0008398235999999004,-0.062234465581400875,2,24,signal_flat,0.0,0.0
14_funding_sentiment_filter,174,2025-07-19 12:00:00+00:00,2025-07-31 00:00:00+00:00,117939.9765625,115758.203125,LONG,0.7,0.7,-0.012850935111867523,0.00056,0.00028,-0.013685133508258618,-1.1736832805834008,24,288,signal_flat,-0.018499015355864623,0.017427826932886914
14_funding_sentiment_filter,175,2025-08-12 00:00:00+00:00,2025-08-21 00:00:00+00:00,120172.90625,112419.03125,LONG,0.7,0.7,-0.053832786876703786,0.0008,0.0004,-0.05497742822603846,-4.940504520992935,19,228,signal_flat,-0.06452265524700995,0.026388279596092357
14_funding_sentiment_filter,176,2025-09-12 00:00:00+00:00,2025-09-25 00:00:00+00:00,116101.578125,109049.2890625,LONG,0.7,0.7,-0.043695876836073455,0.0010400000000000001,0.0005200000000000001,-0.04519917166778464,-5.4408727145842715,27,324,signal_flat,-0.06074240485264726,0.008919990724717053
14_funding_sentiment_filter,177,2025-10-01 00:00:00+00:00,2025-10-02 12:00:00+00:00,118648.9296875,120681.2578125,LONG,0.7,0.7,0.011990244591729038,0.00056,0.00028,0.01114035130135127,0.8107113235708195,4,48,signal_flat,0.0,0.017128920845327356
14_funding_sentiment_filter,178,2025-10-03 00:00:00+00:00,2025-10-16 00:00:00+00:00,122266.53125,108186.0390625,LONG,0.7,0.7,-0.080577913851966,0.0013004740926863918,0.0006502370463431959,-0.08238012649281423,-5.638629927731025,27,324,signal_flat,-0.11516227739142637,0.020332628844412337
14_funding_sentiment_filter,179,2026-01-03 00:00:00+00:00,2026-01-04 00:00:00+00:00,90603.1875,91413.4921875,LONG,0.7,0.7,0.00626041198881655,0.00056,0.00028,0.0054179590157814594,0.7708610378052585,3,36,signal_flat,0.0,0.008943445698309516
14_funding_sentiment_filter,180,2026-01-04 12:00:00+00:00,2026-01-07 12:00:00+00:00,91413.4921875,91308.0546875,LONG,0.7,0.7,-0.0006608842652451319,0.00056,0.00028,-0.001500152839042368,-0.20156030033021077,7,84,signal_flat,-0.0011534128877139782,0.027009825802690735
14_funding_sentiment_filter,181,2026-01-08 00:00:00+00:00,2026-01-08 12:00:00+00:00,91027.125,91027.125,LONG,0.7,0.7,0.0,0.00056,0.00028,-0.0008398235999999004,-0.08307287262064239,2,24,signal_flat,0.0,0.0
14_funding_sentiment_filter,182,2026-01-09 00:00:00+00:00,2026-01-13 12:00:00+00:00,90513.1015625,95321.78125,LONG,0.7,0.7,0.03711585775892057,0.00056,0.00028,0.03624486338564026,3.4656791411728047,10,120,signal_flat,-0.001397069847536736,0.05312689107421176
14_funding_sentiment_filter,183,2026-01-14 00:00:00+00:00,2026-01-18 12:00:00+00:00,96929.328125,93634.4296875,LONG,0.7,0.7,-0.023870229799668463,0.0010400000000000001,0.0005200000000000001,-0.02539435249088362,-1.9801145088365946,10,120,signal_flat,-0.033992791461949445,0.0
14_funding_sentiment_filter,184,2026-01-19 00:00:00+00:00,2026-01-25 00:00:00+00:00,92553.59375,86572.21875,LONG,0.7,0.7,-0.04536700684144035,0.00056,0.00028,-0.04617688468860881,-4.183722956576713,13,156,signal_flat,-0.06462606969272866,0.0
14_funding_sentiment_filter,185,2026-03-04 00:00:00+00:00,2026-03-16 12:00:00+00:00,72710.578125,74861.0859375,LONG,0.6070103331959352,0.6070103331959352,0.04390162124653196,0.0013853128694932743,0.0006926564347466372,0.04173745947162577,1.787401789640236,26,312,signal_flat,-0.09270723805017189,0.02957627167814514
14_funding_sentiment_filter,186,2026-03-17 00:00:00+00:00,2026-03-29 00:00:00+00:00,73922.4765625,65954.921875,LONG,0.6588786456209602,0.6588786456209602,-0.08153716301494862,0.001480076660744384,0.000740038330372192,-0.08358620843494069,-3.885439506644587,25,300,signal_flat,-0.10778257247325296,0.0
14_funding_sentiment_filter,187,2026-04-07 00:00:00+00:00,2026-04-08 00:00:00+00:00,71940.703125,71123.359375,LONG,1.0,1.0,-0.007952947360076235,0.0008,0.0004,-0.009146309365413718,-0.5828964400616111,3,36,signal_flat,-0.011361353371537541,0.0
14_funding_sentiment_filter,188,2026-04-08 12:00:00+00:00,2026-04-09 12:00:00+00:00,71123.359375,71767.828125,LONG,0.7,0.7,0.006342896749595539,0.0007999999999999999,0.00039999999999999996,0.0051368641479607735,0.3271802001969375,3,36,signal_flat,0.0,0.009061281070850802
14_funding_sentiment_filter,189,2026-04-10 00:00:00+00:00,2026-04-15 12:00:00+00:00,72979.046875,74143.4296875,LONG,0.7,0.7,0.01579807901360364,0.0006399999999999999,0.00031999999999999997,0.0148233078168849,1.1874413552720575,12,144,end_of_data,-0.030496981261102563,0.02063049346997925
15_volume_confirmed_breakout,1,2015-03-02 00:00:00+00:00,2015-03-24 00:00:00+00:00,275.6700134277344,245.59500122070312,LONG,0.8807207789313755,0.8807207789313755,-0.11084553770018013,0.0011397522930455821,0.0005698761465227911,-0.11241356295686789,-4.88939461388816,45,540,signal_flat,-0.1090978733343998,0.07512236865192734
15_volume_confirmed_breakout,2,2015-05-08 00:00:00+00:00,2015-05-31 00:00:00+00:00,243.86300659179688,230.19000244140625,LONG,0.899303057838348,0.899303057838348,-0.05489119087099137,0.0008,0.0004,-0.05603309221210995,-2.488563883456972,47,564,signal_flat,-0.05606838175860729,0.0
15_volume_confirmed_breakout,3,2015-06-16 00:00:00+00:00,2015-08-08 00:00:00+00:00,250.89500427246097,260.99700927734375,LONG,1.0,1.0,0.057915569234420206,0.0010373360668967852,0.0005186680334483926,0.0562296800811084,5.326251899503097,107,1284,signal_flat,-0.04137190739573393,0.23903226090920215
15_volume_confirmed_breakout,4,2015-10-05 00:00:00+00:00,2016-01-15 00:00:00+00:00,240.38299560546875,364.33099365234375,LONG,1.0,1.0,0.5981294395115846,0.0020785084397603737,0.0010392542198801868,0.5930243605666736,73.52346219076166,205,2460,signal_flat,0.0,0.9357484635394515
15_volume_confirmed_breakout,5,2016-02-14 00:00:00+00:00,2016-05-19 00:00:00+00:00,407.2300109863281,438.7149963378906,LONG,1.0,1.0,0.077314992761228,0.0008,0.0004,0.07599918421732488,4.811376769760715,191,2292,signal_flat,-0.017299838513058163,0.1445349720884408
15_volume_confirmed_breakout,6,2016-05-27 00:00:00+00:00,2016-07-31 00:00:00+00:00,473.4639892578125,624.6810302734375,LONG,1.0,1.0,0.3567219912719155,0.0015784408259392497,0.0007892204129696248,0.35349104139509846,34.34211483618244,131,1572,signal_flat,0.0,0.61851376405559
15_volume_confirmed_breakout,7,2016-09-03 00:00:00+00:00,2017-01-11 00:00:00+00:00,598.2119750976562,777.7570190429688,LONG,1.0,1.0,0.493415666820753,0.0009012750672555271,0.00045063753362776355,0.4913579261671053,61.01901265292897,261,3132,signal_flat,-0.003199537195040736,0.9303023485617183
15_volume_confirmed_breakout,8,2017-01-31 00:00:00+00:00,2017-03-17 00:00:00+00:00,970.4030151367188,1100.22998046875,LONG,1.0,1.0,0.14584122751227602,0.0008724746234019806,0.0004362373117009903,0.14430801707982632,10.13026098324123,91,1092,signal_flat,0.0,0.31387678144708087
15_volume_confirmed_breakout,9,2017-04-06 00:00:00+00:00,2017-07-01 00:00:00+00:00,1182.6800537109375,2434.550048828125,LONG,0.6710562706332464,0.6710562706332464,0.746805199309331,0.0013952519505011233,0.0006976259752505616,0.7431505073887519,24.628266903659977,173,2076,signal_flat,-0.012801445835610492,1.5011921847672216
15_volume_confirmed_breakout,10,2017-07-20 00:00:00+00:00,2017-09-13 00:00:00+00:00,2817.60009765625,3882.590087890625,LONG,0.3381446388742862,0.3381446388742862,0.18238236268164543,0.001316310174230551,0.0006581550871152755,0.18002259535534026,3.006267755695552,111,1332,signal_flat,-0.10226793600840145,0.7362328208656352
15_volume_confirmed_breakout,11,2017-10-09 00:00:00+00:00,2017-12-30 00:00:00+00:00,4772.02001953125,12952.2001953125,LONG,0.8886453308987954,0.8886453308987954,1.0505647665598827,0.001750286995605008,0.000875143497802504,1.0452612043709135,45.87239643394361,165,1980,signal_flat,0.0,3.0857750618867286
15_volume_confirmed_breakout,12,2018-04-20 00:00:00+00:00,2018-05-11 00:00:00+00:00,8845.830078125,8441.490234375,LONG,0.5936403460842495,0.5936403460842495,-0.04971884892948586,0.001016319990994811,0.0005081599954974055,-0.051199138079574213,-1.5010121005431931,43,516,signal_flat,-0.04570965530413007,0.11444039774213888
15_volume_confirmed_breakout,13,2018-07-17 00:00:00+00:00,2018-08-06 00:00:00+00:00,7321.0400390625,6951.7998046875,LONG,0.8580363998683714,0.8580363998683714,-0.0374970430932402,0.0009459388012856668,0.0004729694006428334,-0.038868397440170344,-1.6470260977908002,41,492,signal_flat,-0.05043548900222694,0.15069300076233083
15_volume_confirmed_breakout,14,2018-11-07 00:00:00+00:00,2018-11-14 00:00:00+00:00,6530.14013671875,5738.35009765625,LONG,1.0,1.0,-0.1212516152004598,0.0008,0.0004,-0.1223628340458155,-23.340818373289963,15,180,signal_flat,-0.1212516152004598,0.0
15_volume_confirmed_breakout,15,2019-02-18 00:00:00+00:00,2019-07-14 00:00:00+00:00,3915.71435546875,10256.05859375,LONG,1.0,1.0,1.4525424037141428,0.002000244796748379,0.0010001223983741895,1.4452495433268946,96.0029172972027,293,3516,signal_flat,-0.03936886416324048,2.3241013678982534
15_volume_confirmed_breakout,16,2019-08-05 00:00:00+00:00,2019-08-28 00:00:00+00:00,11805.6533203125,9754.4228515625,LONG,0.8395292062530226,0.8395292062530226,-0.13479020303286815,0.0009006022475951149,0.00045030112379755745,-0.13597497985259588,-5.637582967802283,47,564,signal_flat,-0.173749847898778,0.013616688707384972
15_volume_confirmed_breakout,17,2019-10-25 00:00:00+00:00,2019-11-15 00:00:00+00:00,8660.7001953125,8491.9921875,LONG,0.7987896265602864,0.7987896265602864,-0.017666820411471162,0.0010012003568997117,0.0005006001784498558,-0.01915814245520364,-0.755760080245716,43,516,signal_flat,-0.01947971919219782,0.10288020926064978
15_volume_confirmed_breakout,18,2020-01-07 00:00:00+00:00,2020-02-25 00:00:00+00:00,8163.6923828125,9341.705078125,LONG,1.0,1.0,0.1443858724384297,0.0011258134798992846,0.0005629067399496423,0.14244636582618608,7.728849058847571,99,1188,signal_flat,-0.034864259994562,0.26487552485932087
15_volume_confirmed_breakout,19,2020-04-29 00:00:00+00:00,2020-06-19 00:00:00+00:00,8801.0380859375,9288.0185546875,LONG,0.6998299893989698,0.6998299893989698,0.06466988654722305,0.0015216339104680192,0.0007608169552340096,0.06223640140144915,2.1509739769494876,103,1236,signal_flat,-0.02263848713691552,0.15523515015041167
15_volume_confirmed_breakout,20,2020-07-26 00:00:00+00:00,2020-08-25 00:00:00+00:00,9905.1669921875,11366.134765625,LONG,1.0,1.0,0.13217230203904928,0.0011238800113343942,0.0005619400056671971,0.13023665564623443,16.33704659591045,61,732,signal_flat,0.0,0.23717271535304874
15_volume_confirmed_breakout,21,2020-10-21 00:00:00+00:00,2021-01-27 00:00:00+00:00,12823.689453125,30432.546875,LONG,1.0,1.0,1.0873362254740244,0.002026822125874958,0.001013411062937479,1.0810299409574182,62.904501465396415,197,2364,signal_flat,0.0,2.181425246153169
15_volume_confirmed_breakout,22,2021-02-08 00:00:00+00:00,2021-04-19 00:00:00+00:00,46196.46484375,55724.265625,LONG,0.4481360089854547,0.4481360089854547,0.10124487802644455,0.0013846900696325602,0.0006923450348162801,0.09895149979343021,2.1899306257386413,141,1692,signal_flat,-0.027670542634020245,0.3746388873269271
15_volume_confirmed_breakout,23,2021-07-26 00:00:00+00:00,2021-09-08 00:00:00+00:00,37337.53515625,46091.390625,LONG,0.7725210970626728,0.7725210970626728,0.15394608392944842,0.0013612509863091169,0.0006806254931545584,0.15158274925895188,5.783067509057929,89,1068,signal_flat,0.0,0.40966817804092703
15_volume_confirmed_breakout,24,2021-10-06 00:00:00+00:00,2021-11-18 00:00:00+00:00,55361.44921875,56942.13671875,LONG,0.605887908832981,0.605887908832981,-0.015164033742920746,0.0011762755842781695,0.0005881377921390848,-0.016930420792944822,-0.5065918189304838,87,1044,signal_flat,-0.02809653406297008,0.2204671134605385
15_volume_confirmed_breakout,25,2022-02-08 00:00:00+00:00,2022-04-11 00:00:00+00:00,44118.4453125,39521.90234375,LONG,0.950426927148526,0.950426927148526,-0.10861122882983776,0.0016973180251327513,0.0008486590125663757,-0.11090828505458783,-5.205720610909992,125,1500,signal_flat,-0.15964216355793648,0.07587042409451406
15_volume_confirmed_breakout,26,2022-07-08 00:00:00+00:00,2022-08-19 00:00:00+00:00,21731.1171875,20877.552734375,LONG,1.0,1.0,-0.06302684960899751,0.0012445230982609991,0.0006222615491304996,-0.06483028348233033,-3.615040337734532,85,1020,signal_flat,-0.11077217541234619,0.123921432508036
15_volume_confirmed_breakout,27,2022-09-12 00:00:00+00:00,2022-09-21 00:00:00+00:00,22370.44921875,18547.400390625,LONG,0.9459959114625445,0.9459959114625445,-0.1454367673399869,0.0008056752891674438,0.0004028376445837219,-0.1464839162081586,-6.843485249849238,19,228,signal_flat,-0.17089727572035862,0.0
15_volume_confirmed_breakout,28,2022-10-26 00:00:00+00:00,2022-11-08 00:00:00+00:00,20770.44140625,18541.271484375,LONG,1.0,1.0,-0.10732414772871524,0.0008,0.0004,-0.10845455392766146,-8.018788437776198,27,324,signal_flat,-0.10732414772871535,0.024662451316314282
15_volume_confirmed_breakout,29,2022-12-13 00:00:00+00:00,2022-12-19 00:00:00+00:00,17781.318359375,16439.6796875,LONG,1.0,1.0,-0.0754521484155104,0.0008,0.0004,-0.07657200693645838,-5.753055326499222,13,156,signal_flat,-0.07545214841551029,0.0019307922256450727
15_volume_confirmed_breakout,30,2023-01-09 00:00:00+00:00,2023-02-09 00:00:00+00:00,17196.5546875,21819.0390625,LONG,1.0,1.0,0.2644410210020818,0.0009719171934567073,0.00048595859672835367,0.2625698389633755,48.52389129622298,63,756,signal_flat,0.0,0.38251916376781514
15_volume_confirmed_breakout,31,2023-02-15 00:00:00+00:00,2023-03-07 00:00:00+00:00,24307.841796875,22219.76953125,LONG,1.0,1.0,-0.08323372720667621,0.0009912706387195977,0.0004956353193597988,-0.08459953410621357,-4.528056185735325,41,492,signal_flat,-0.085901178848936,0.021446027375907173
15_volume_confirmed_breakout,32,2023-03-14 00:00:00+00:00,2023-04-21 00:00:00+00:00,24746.07421875,27276.91015625,LONG,0.7191007890843587,0.7191007890843587,0.06179158238195548,0.0010140644903105097,0.0005070322451552549,0.060159905109660405,2.136461356207942,77,924,signal_flat,-0.014956444322371198,0.231940830261113
15_volume_confirmed_breakout,33,2023-06-20 00:00:00+00:00,2023-07-18 00:00:00+00:00,28327.48828125,29856.5625,LONG,1.0,1.0,0.05403011413174763,0.0008059365744690452,0.0004029682872345226,0.052750240161763884,3.1383376409731056,57,684,signal_flat,0.0,0.11114859586612336
15_volume_confirmed_breakout,34,2023-10-16 00:00:00+00:00,2024-01-14 00:00:00+00:00,28519.466796875,41796.26953125,LONG,1.0,1.0,0.4685968736112234,0.001101348998353009,0.0005506744991765045,0.4661546545295041,40.734167609292626,181,2172,signal_flat,-0.006701562878480671,0.6469629057509854
15_volume_confirmed_breakout,35,2024-02-08 00:00:00+00:00,2024-04-13 00:00:00+00:00,45301.56640625,63821.47265625,LONG,1.0,1.0,0.3786164814283952,0.001511360710132803,0.0007556803550664015,0.3754667851097757,27.197569550013263,131,1572,signal_flat,0.0,0.6132665114625504
15_volume_confirmed_breakout,36,2024-05-15 00:00:00+00:00,2024-06-11 00:00:00+00:00,66267.4921875,67332.03125,LONG,0.832532808229042,0.832532808229042,0.022161871522424548,0.0009875115647762249,0.0004937557823881124,0.020636440584557825,0.848465684682681,55,660,signal_flat,-0.01563225228621834,0.07817865070767271
15_volume_confirmed_breakout,37,2024-07-15 00:00:00+00:00,2024-08-03 00:00:00+00:00,64870.15234375,60680.09375,LONG,0.8131397280944802,0.8131397280944802,-0.0633797969804516,0.0008696820661599862,0.0004348410330799931,-0.06460592286045141,-2.594392311545454,39,468,signal_flat,-0.06459147146050592,0.05219218271307491
15_volume_confirmed_breakout,38,2024-08-23 00:00:00+00:00,2024-09-01 00:00:00+00:00,64094.35546875,57325.48828125,LONG,0.9240978253150695,0.9240978253150695,-0.10508548717737065,0.0008856366684792743,0.00044281833423963715,-0.10629245369050422,-4.850857475892217,19,228,signal_flat,-0.10560785170544773,0.0037318028748509757
15_volume_confirmed_breakout,39,2024-09-18 00:00:00+00:00,2024-10-09 00:00:00+00:00,61649.6796875,60582.1015625,LONG,0.9535976510766843,0.9535976510766843,-0.018299713018097075,0.0008,0.0004,-0.019492021463657028,-0.9179524546371357,43,516,signal_flat,-0.01731684788001353,0.06874275375771788
15_volume_confirmed_breakout,40,2024-10-14 00:00:00+00:00,2024-12-22 00:00:00+00:00,66046.125,95104.9375,LONG,1.0,1.0,0.4055692066352694,0.001363829790068263,0.0006819148950341315,0.40270200167956816,25.21004690093552,139,1668,signal_flat,0.0,0.6070678115105164
15_volume_confirmed_breakout,41,2025-01-17 00:00:00+00:00,2025-02-05 00:00:00+00:00,104462.0390625,96615.4453125,LONG,1.0,1.0,-0.07585796499055963,0.000870784880365768,0.000435392440182884,-0.07707301302264236,-3.8424411725482224,39,468,signal_flat,-0.07511430774681083,0.01612285742854702
15_volume_confirmed_breakout,42,2025-04-22 00:00:00+00:00,2025-06-05 00:00:00+00:00,93441.890625,101575.953125,LONG,0.8068919858784289,0.8068919858784289,0.08647316354855694,0.0008,0.0004,0.0851498841627838,3.393107330670703,89,1068,signal_flat,0.0,0.19510939368902558
15_volume_confirmed_breakout,43,2025-07-09 00:00:00+00:00,2025-07-31 00:00:00+00:00,111326.5546875,115758.203125,LONG,1.0,1.0,0.039807649216665464,0.0008,0.0004,0.038549088619503236,3.820375246850322,45,540,signal_flat,0.0,0.07786874748198214
15_volume_confirmed_breakout,44,2025-08-13 00:00:00+00:00,2025-08-21 00:00:00+00:00,123344.0625,112419.03125,LONG,1.0,1.0,-0.0885736291521938,0.0008,0.0004,-0.08967603426517068,-6.920687457553361,17,204,signal_flat,-0.08857362915219369,0.0
15_volume_confirmed_breakout,45,2025-10-01 00:00:00+00:00,2025-10-16 00:00:00+00:00,118648.9296875,108186.0390625,LONG,1.0,1.0,-0.08740264353939864,0.0008783006274425164,0.0004391503137212582,-0.08861737588317775,-6.4489088494821205,31,372,signal_flat,-0.08818360732420749,0.05144253368804752
15_volume_confirmed_breakout,46,2026-01-05 00:00:00+00:00,2026-01-25 00:00:00+00:00,93882.5546875,86572.21875,LONG,1.0,1.0,-0.0778668194728338,0.0008,0.0004,-0.07898926114862093,-8.524821809380217,41,492,signal_flat,-0.07786681947283369,0.03245303078555506
15_volume_confirmed_breakout,47,2026-03-04 00:00:00+00:00,2026-03-29 00:00:00+00:00,72710.578125,65954.921875,LONG,0.867157618851336,0.867157618851336,-0.09499332058052967,0.0009687284212704975,0.00048436421063524876,-0.09631297798150162,-4.124591946636062,51,612,signal_flat,-0.09291160136818122,0.02957627167814514
15_volume_confirmed_breakout,48,2026-04-07 00:00:00+00:00,2026-04-15 12:00:00+00:00,71940.703125,74143.4296875,LONG,1.0,1.0,0.03061864100316991,0.0004,0.0002,0.03000026981856796,1.911924228613719,18,216,end_of_data,-0.01650382639348158,0.03536158793972022
16_time_of_day_session_effect,1,2015-07-20 12:00:00+00:00,2015-07-21 00:00:00+00:00,278.9809875488281,275.8330078125,LONG,0.844521038645269,0.844521038645269,-0.009529449085102226,0.0006756168309162152,0.0003378084154581076,-0.010537788881650578,-0.4394992118278499,2,24,signal_flat,-0.011283850430048203,0.0
16_time_of_day_session_effect,2,2015-07-21 12:00:00+00:00,2015-07-22 00:00:00+00:00,275.8330078125,277.22198486328125,LONG,0.842536642237402,0.842536642237402,0.004242654168878701,0.0006740293137899216,0.0003370146568949608,0.003229720995712837,0.13438535357023776,2,24,signal_flat,0.0,0.005035572289903145
16_time_of_day_session_effect,3,2015-07-22 12:00:00+00:00,2015-07-23 00:00:00+00:00,277.22198486328125,276.04901123046875,LONG,0.874132205203691,0.874132205203691,-0.003698602868029588,0.0006993057641629528,0.0003496528820814764,-0.004745346594984823,-0.20485340793903276,2,24,signal_flat,-0.004231171035699033,0.0
16_time_of_day_session_effect,4,2015-07-23 12:00:00+00:00,2015-07-24 00:00:00+00:00,276.04901123046875,288.27801513671875,LONG,0.8782452608147674,0.8782452608147674,0.03890636911639822,0.0007025962086518139,0.00035129810432590696,0.03783225087615105,1.6408773861633048,2,24,signal_flat,0.0,0.044300118488887597
16_time_of_day_session_effect,5,2015-07-24 12:00:00+00:00,2015-07-25 00:00:00+00:00,288.27801513671875,288.6969909667969,LONG,0.9177326719031436,0.9177326719031436,0.0013338089892775962,0.0007341861375225148,0.0003670930687612574,0.0002320985389139274,0.010519297400579126,2,24,signal_flat,0.0,0.0014533742015652162
16_time_of_day_session_effect,6,2015-07-25 12:00:00+00:00,2015-07-26 00:00:00+00:00,288.6969909667969,292.6860046386719,LONG,1.0,1.0,0.013817302558355227,0.0008,0.0004,0.012609372176820344,0.6271221957317977,2,24,signal_flat,0.0,0.013817302558355227
16_time_of_day_session_effect,7,2015-07-26 12:00:00+00:00,2015-07-27 00:00:00+00:00,292.6860046386719,293.6239929199219,LONG,1.0,1.0,0.0032047595935034145,0.0008,0.0004,0.0020031967377474036,0.11946743301915422,2,24,signal_flat,0.0,0.0032047595935034145
16_time_of_day_session_effect,8,2015-07-27 12:00:00+00:00,2015-07-28 00:00:00+00:00,293.6239929199219,294.427001953125,LONG,1.0,1.0,0.002734820902126067,0.0008,0.0004,0.0015335400095848328,0.12099959866862883,2,24,signal_flat,0.0,0.002734820902126067
16_time_of_day_session_effect,9,2015-07-28 12:00:00+00:00,2015-07-29 00:00:00+00:00,294.427001953125,289.5899963378906,LONG,1.0,1.0,-0.01642853944491296,0.0008,0.0004,-0.01761832232124605,-1.4998553773105625,2,24,signal_flat,-0.01642853944491296,0.0
16_time_of_day_session_effect,10,2015-07-29 12:00:00+00:00,2015-07-30 00:00:00+00:00,289.5899963378906,287.72198486328125,LONG,1.0,1.0,-0.006450538686529117,0.0008,0.0004,-0.007646308363317256,-0.6110256501861966,2,24,signal_flat,-0.006450538686529117,0.0
16_time_of_day_session_effect,11,2015-07-30 12:00:00+00:00,2015-07-31 00:00:00+00:00,287.72198486328125,284.6499938964844,LONG,1.0,1.0,-0.010676942077459284,0.0008,0.0004,-0.011870175912212844,-1.075156658163931,2,24,signal_flat,-0.010676942077459284,0.0
16_time_of_day_session_effect,12,2015-07-31 12:00:00+00:00,2015-08-01 00:00:00+00:00,284.6499938964844,281.60101318359375,LONG,1.0,1.0,-0.010711332437264742,0.0008,0.0004,-0.011904545637802522,-1.0398958924017818,2,24,signal_flat,-0.010711332437264742,0.0
16_time_of_day_session_effect,13,2015-08-01 12:00:00+00:00,2015-08-02 00:00:00+00:00,281.60101318359375,282.614013671875,LONG,1.0,1.0,0.0035972899274365755,0.0008,0.0004,0.002395491553480067,0.21689159183351026,2,24,signal_flat,0.0,0.0035972899274365755
16_time_of_day_session_effect,14,2015-08-02 12:00:00+00:00,2015-08-03 00:00:00+00:00,282.614013671875,281.22698974609375,LONG,1.0,1.0,-0.004907838460521785,0.0008,0.0004,-0.006104533757445574,-0.5566175635969107,2,24,signal_flat,-0.004907838460521785,0.0
16_time_of_day_session_effect,15,2015-08-03 12:00:00+00:00,2015-08-04 00:00:00+00:00,281.22698974609375,285.2179870605469,LONG,1.0,1.0,0.014191373730012113,0.0008,0.0004,0.012983218905774141,1.3092310533335485,2,24,signal_flat,0.0,0.014191373730012113
16_time_of_day_session_effect,16,2015-08-04 12:00:00+00:00,2015-08-05 00:00:00+00:00,285.2179870605469,281.8819885253906,LONG,1.0,1.0,-0.011696311896514655,0.0008,0.0004,-0.01288893410937686,-1.2730622109481198,2,24,signal_flat,-0.011696311896514655,0.0
16_time_of_day_session_effect,17,2015-08-05 12:00:00+00:00,2015-08-06 00:00:00+00:00,281.8819885253906,278.5769958496094,LONG,1.0,1.0,-0.011724738757061592,0.0008,0.0004,-0.0129173439138075,-1.2186032802475775,2,24,signal_flat,-0.011724738757061592,0.0
16_time_of_day_session_effect,18,2015-08-06 12:00:00+00:00,2015-08-07 00:00:00+00:00,278.5769958496094,279.5849914550781,LONG,1.0,1.0,0.0036183734496617603,0.0008,0.0004,0.0024165624255920726,0.21701666468723763,2,24,signal_flat,0.0,0.0036183734496617603
16_time_of_day_session_effect,19,2015-08-07 12:00:00+00:00,2015-08-08 00:00:00+00:00,279.5849914550781,260.99700927734375,LONG,1.0,1.0,-0.06648419173359299,0.0008,0.0004,-0.06764394121855288,-8.219652038536026,2,24,signal_flat,-0.06648419173359299,0.0
16_time_of_day_session_effect,20,2015-08-08 12:00:00+00:00,2015-08-09 00:00:00+00:00,260.99700927734375,265.0830078125,LONG,1.0,1.0,0.015655346191397745,0.0008,0.0004,0.01444631298368293,1.1220788760946807,2,24,signal_flat,0.0,0.015655346191397745
16_time_of_day_session_effect,21,2015-08-09 12:00:00+00:00,2015-08-10 00:00:00+00:00,265.0830078125,264.4700012207031,LONG,1.0,1.0,-0.00231250805872274,0.0008,0.0004,-0.0035107605538875486,-0.26993629525145935,2,24,signal_flat,-0.00231250805872274,0.0
16_time_of_day_session_effect,22,2015-08-10 12:00:00+00:00,2015-08-11 00:00:00+00:00,264.4700012207031,270.385986328125,LONG,1.0,1.0,0.02236921042127915,0.0008,0.0004,0.021156148895026483,1.6346699391355655,2,24,signal_flat,0.0,0.02236921042127915
16_time_of_day_session_effect,23,2015-08-11 12:00:00+00:00,2015-08-12 00:00:00+00:00,270.385986328125,266.3760070800781,LONG,1.0,1.0,-0.014830573516412149,0.0008,0.0004,-0.01602131517230243,-1.1168874963810098,2,24,signal_flat,-0.014830573516412149,0.0
16_time_of_day_session_effect,24,2015-08-12 12:00:00+00:00,2015-08-13 00:00:00+00:00,266.3760070800781,264.0799865722656,LONG,1.0,1.0,-0.008619471899818154,0.0008,0.0004,-0.009813940216678363,-0.6896427694659144,2,24,signal_flat,-0.008619471899818154,0.0
16_time_of_day_session_effect,25,2015-08-13 12:00:00+00:00,2015-08-14 00:00:00+00:00,264.0799865722656,265.67999267578125,LONG,1.0,1.0,0.006058793490122394,0.0008,0.0004,0.004855518214028409,0.33753114708758697,2,24,signal_flat,0.0,0.006058793490122394
16_time_of_day_session_effect,26,2015-08-14 12:00:00+00:00,2015-08-15 00:00:00+00:00,265.67999267578125,261.5509948730469,LONG,1.0,1.0,-0.01554124479284047,0.0008,0.0004,-0.016731560045964877,-1.1903902350442013,2,24,signal_flat,-0.01554124479284047,0.0
16_time_of_day_session_effect,27,2015-08-15 12:00:00+00:00,2015-08-16 00:00:00+00:00,261.5509948730469,258.5069885253906,LONG,1.0,1.0,-0.011638290074689861,0.0008,0.0004,-0.01283094710064514,-0.8910058783253564,2,24,signal_flat,-0.011638290074689861,0.0
16_time_of_day_session_effect,28,2015-10-28 12:00:00+00:00,2015-10-29 00:00:00+00:00,304.6180114746094,313.8550109863281,LONG,0.9997632325488351,0.9997632325488351,0.03031604220047135,0.0007998105860390682,0.0003999052930195341,0.029098500832351437,1.4366993969638362,2,24,signal_flat,0.0,0.030323221752396767
16_time_of_day_session_effect,29,2015-10-29 12:00:00+00:00,2015-10-30 00:00:00+00:00,313.8550109863281,328.0150146484375,LONG,0.9306034227281543,0.9306034227281543,0.04198546275361603,0.0007444827381825234,0.0003722413690912617,0.040845607325319166,1.8771895907526772,2,24,signal_flat,0.0,0.0451163854851635
16_time_of_day_session_effect,30,2015-10-30 12:00:00+00:00,2015-10-31 00:00:00+00:00,328.0150146484375,314.1659851074219,LONG,0.8967461182078869,0.8967461182078869,-0.03786126526909972,0.0007173968945663095,0.00035869844728315476,-0.038916699950056644,-1.7234696710809914,2,24,signal_flat,-0.042220718328576656,0.0
16_time_of_day_session_effect,31,2015-10-31 12:00:00+00:00,2015-11-01 00:00:00+00:00,314.1659851074219,325.4309997558594,LONG,0.8622209581495454,0.8622209581495454,0.03091656062136483,0.0006897767665196363,0.00034488838325981815,0.029866168960665407,1.2717338370562907,2,24,signal_flat,0.0,0.0358568883406829
16_time_of_day_session_effect,32,2015-11-01 12:00:00+00:00,2015-11-02 00:00:00+00:00,325.4309997558594,361.1889953613281,LONG,0.8554214087002572,0.8554214087002572,0.09399275113948935,0.0006843371269602057,0.00034216856348010286,0.09291826683057969,3.9253587070030105,2,24,signal_flat,0.0,0.10987888563872117
16_time_of_day_session_effect,33,2015-11-02 12:00:00+00:00,2015-11-03 00:00:00+00:00,361.1889953613281,403.4169921875,LONG,0.6525592854975925,0.6525592854975925,0.07629321986766069,0.0005220474283980739,0.00026102371419903697,0.07548043051574016,2.4324979127220843,2,24,signal_flat,0.0,0.11691385221725148
16_time_of_day_session_effect,34,2015-11-03 12:00:00+00:00,2015-11-04 00:00:00+00:00,403.4169921875,411.56298828125,LONG,0.536436415928846,0.536436415928846,0.010831990306126249,0.0004291491327430768,0.0002145745663715384,0.010184883797627498,0.269818960321094,2,24,signal_flat,0.0,0.020192496229717305
16_time_of_day_session_effect,35,2015-11-04 12:00:00+00:00,2015-11-05 00:00:00+00:00,411.56298828125,386.35400390625,LONG,0.5280918340360639,0.5280918340360639,-0.03234658891066933,0.0004224734672288511,0.00021123673361442554,-0.0329699495326804,-0.8598562815279825,2,24,signal_flat,-0.06125182558391995,0.0
16_time_of_day_session_effect,36,2015-11-05 12:00:00+00:00,2015-11-06 00:00:00+00:00,386.35400390625,374.4700012207031,LONG,0.4982577423578536,0.4982577423578536,-0.01532609029130727,0.00039860619388628287,0.00019930309694314143,-0.015919328402367983,-0.39172106966669024,2,24,signal_flat,-0.03075936204981211,0.0
16_time_of_day_session_effect,37,2015-11-06 12:00:00+00:00,2015-11-07 00:00:00+00:00,374.4700012207031,386.48199462890625,LONG,0.47992411431377846,0.47992411431377846,0.015394678555778807,0.0003839392914510228,0.0001919696457255114,0.014814419569895598,0.3511198210272906,2,24,signal_flat,0.0,0.03207731826059823
16_time_of_day_session_effect,38,2015-11-07 12:00:00+00:00,2015-11-08 00:00:00+00:00,386.48199462890625,373.3680114746094,LONG,0.4692608636320528,0.4692608636320528,-0.015922809202406407,0.00037540869090564225,0.00018770434545282112,-0.01648135979397325,-0.38194911648708424,2,24,signal_flat,-0.03393167944832387,0.0
16_time_of_day_session_effect,39,2015-11-08 12:00:00+00:00,2015-11-09 00:00:00+00:00,373.3680114746094,380.2569885253906,LONG,0.4493712655513807,0.4493712655513807,0.008291305737300858,0.00035949701244110453,0.00017974850622055227,0.007749897390340266,0.17198849054976365,2,24,signal_flat,0.0,0.01845090323505061
16_time_of_day_session_effect,40,2015-11-09 12:00:00+00:00,2015-11-10 00:00:00+00:00,380.2569885253906,336.8190002441406,LONG,0.44047565800503385,0.44047565800503385,-0.05031696207555947,0.0003523805264040271,0.00017619026320201355,-0.05083216498020826,-1.1057543434171457,2,24,signal_flat,-0.11423324118170564,0.0
16_time_of_day_session_effect,41,2015-11-10 12:00:00+00:00,2015-11-11 00:00:00+00:00,336.8190002441406,311.0840148925781,LONG,0.3893647882783961,0.3893647882783961,-0.029749797711814407,0.0003114918306227169,0.00015574591531135844,-0.030210030765758233,-0.5809061516382683,2,24,signal_flat,-0.0764059786796728,0.0
16_time_of_day_session_effect,42,2015-11-11 12:00:00+00:00,2015-11-12 00:00:00+00:00,311.0840148925781,338.1520080566406,LONG,0.3693071520919438,0.3693071520919438,0.03213409558095104,0.00029544572167355504,0.00014772286083677752,0.0316838556872443,0.5778616573328794,2,24,signal_flat,0.0,0.08701184203697987
16_time_of_day_session_effect,43,2015-11-12 12:00:00+00:00,2015-11-13 00:00:00+00:00,338.1520080566406,336.75299072265625,LONG,0.3439092654637264,0.3439092654637264,-0.0014228365120960706,0.0002751274123709811,0.00013756370618549056,-0.0018351914561668403,-0.03116903733521518,2,24,signal_flat,-0.00413724390407888,0.0
16_time_of_day_session_effect,44,2015-11-13 12:00:00+00:00,2015-11-14 00:00:00+00:00,336.75299072265625,332.906005859375,LONG,0.3619007201274056,0.3619007201274056,-0.004134266452550439,0.0002895205761019245,0.00014476028805096225,-0.004567602450332275,-0.08163490251700015,2,24,signal_flat,-0.011423758568634534,0.0
16_time_of_day_session_effect,45,2015-11-14 12:00:00+00:00,2015-11-15 00:00:00+00:00,332.906005859375,320.1659851074219,LONG,0.37671144114843913,0.37671144114843913,-0.014416416325503612,0.0003013691529187513,0.00015068457645937565,-0.014865160469356153,-0.27655183603931166,2,24,signal_flat,-0.03826912259833104,0.0
16_time_of_day_session_effect,46,2015-11-15 12:00:00+00:00,2015-11-16 00:00:00+00:00,320.1659851074219,330.7510070800781,LONG,0.37550774384635616,0.37550774384635616,0.012414678336871487,0.00030040619507708493,0.00015020309753854247,0.011961322721727896,0.22181772129145175,2,24,signal_flat,0.0,0.033061044786206084
16_time_of_day_session_effect,47,2015-11-16 12:00:00+00:00,2015-11-17 00:00:00+00:00,330.7510070800781,335.093994140625,LONG,0.4180455073616962,0.4180455073616962,0.005489223586103931,0.000334436405889357,0.0001672182029446785,0.004986255044451049,0.10294284893384067,2,24,signal_flat,0.0,0.013130684314123231
16_time_of_day_session_effect,48,2015-11-17 12:00:00+00:00,2015-11-18 00:00:00+00:00,335.093994140625,334.5899963378906,LONG,0.49358673974968836,0.49358673974968836,-0.0007423786658147247,0.0003948693917997507,0.00019743469589987534,-0.0013343751905221524,-0.03252666797039581,2,24,signal_flat,-0.0015040490475721757,0.0
16_time_of_day_session_effect,49,2015-11-18 12:00:00+00:00,2015-11-19 00:00:00+00:00,334.5899963378906,326.14898681640625,LONG,0.5101878412100067,0.5101878412100067,-0.012870977831178854,0.0004081502729680054,0.0002040751364840027,-0.013479169565806526,-0.33961852771083756,2,24,signal_flat,-0.025227919584780656,0.0
16_time_of_day_session_effect,50,2015-11-19 12:00:00+00:00,2015-11-20 00:00:00+00:00,326.14898681640625,322.0220031738281,LONG,0.5455575577929437,0.5455575577929437,-0.006903308635337724,0.00043644604623435494,0.00021822302311717747,-0.007555610865471851,-0.20356742962322247,2,24,signal_flat,-0.012653676109382728,0.0
16_time_of_day_session_effect,51,2015-11-20 12:00:00+00:00,2015-11-21 00:00:00+00:00,322.0220031738281,326.927001953125,LONG,0.565253131449898,0.565253131449898,0.008609864830444014,0.00045220250515991836,0.00022610125257995918,0.00792875604486687,0.22133299787130326,2,24,signal_flat,0.0,0.015231874626433939
16_time_of_day_session_effect,52,2015-11-21 12:00:00+00:00,2015-11-22 00:00:00+00:00,326.927001953125,324.5360107421875,LONG,0.5848992421448646,0.5848992421448646,-0.004277679539767321,0.00046791939371589167,0.00023395969685794583,-0.004977934264864148,-0.14378988947690874,2,24,signal_flat,-0.0073135323685509235,0.0
16_time_of_day_session_effect,53,2015-11-22 12:00:00+00:00,2015-11-23 00:00:00+00:00,324.5360107421875,323.0459899902344,LONG,0.6188884758339633,0.6188884758339633,-0.0028414617842511536,0.0004951107806671707,0.00024755539033358533,-0.0035829349382198172,-0.10950890888033472,2,24,signal_flat,-0.004591233954424845,0.0
16_time_of_day_session_effect,54,2015-11-23 12:00:00+00:00,2015-11-24 00:00:00+00:00,323.0459899902344,320.0459899902344,LONG,0.6381988816254849,0.6381988816254849,-0.005926699925711265,0.0005105591053003879,0.00025527955265019397,-0.00669012250849077,-0.21085710684756898,2,24,signal_flat,-0.009286603434051854,0.0
16_time_of_day_session_effect,55,2015-11-24 12:00:00+00:00,2015-11-25 00:00:00+00:00,320.0459899902344,328.20599365234375,LONG,0.8356258833748478,0.8356258833748478,0.021305407603139148,0.0006685007066998782,0.0003342503533499391,0.020292225910481854,0.8374130147701152,2,24,signal_flat,0.0,0.025496347141729103
16_time_of_day_session_effect,56,2015-11-25 12:00:00+00:00,2015-11-26 00:00:00+00:00,328.20599365234375,352.6839904785156,LONG,0.9831654662573273,0.9831654662573273,0.07332566018931619,0.0007865323730058618,0.0003932661865029309,0.07210295485683438,3.500884737728658,2,24,signal_flat,0.0,0.07458119991586898
16_time_of_day_session_effect,57,2015-11-26 12:00:00+00:00,2015-11-27 00:00:00+00:00,352.6839904785156,358.0419921875,LONG,1.0,1.0,0.015192075210770817,0.0008,0.0004,0.01398331996564428,0.7095346039356947,2,24,signal_flat,0.0,0.015192075210770817
16_time_of_day_session_effect,58,2015-11-27 12:00:00+00:00,2015-11-28 00:00:00+00:00,358.0419921875,357.3810119628906,LONG,0.9878791370349914,0.9878791370349914,-0.0018237206476673373,0.0007903033096279932,0.0003951516548139966,-0.003007743316893352,-0.14673804143471625,2,24,signal_flat,-0.0018460969356444146,0.0
16_time_of_day_session_effect,59,2015-11-28 12:00:00+00:00,2015-11-29 00:00:00+00:00,357.3810119628906,371.29400634765625,LONG,1.0,1.0,0.038930424166492505,0.0008,0.0004,0.03770742591199272,1.9031421571803222,2,24,signal_flat,0.0,0.038930424166492505
16_time_of_day_session_effect,60,2015-11-29 12:00:00+00:00,2015-11-30 00:00:00+00:00,371.29400634765625,377.3210144042969,LONG,1.0,1.0,0.016232441013328103,0.0008,0.0004,0.015023061548720129,0.7564298194835841,2,24,signal_flat,0.0,0.016232441013328103
16_time_of_day_session_effect,61,2015-11-30 12:00:00+00:00,2015-12-01 00:00:00+00:00,377.3210144042969,362.4880065917969,LONG,1.0,1.0,-0.03931137478764046,0.0008,0.0004,-0.04048742796276794,-2.169925690473988,2,24,signal_flat,-0.03931137478764046,0.0
16_time_of_day_session_effect,62,2015-12-01 12:00:00+00:00,2015-12-02 00:00:00+00:00,362.4880065917969,359.18701171875,LONG,0.9863814092065091,0.9863814092065091,-0.00898247642804395,0.0007891051273652073,0.00039455256368260363,-0.010160467769054993,-0.49494474181028697,2,24,signal_flat,-0.009106494043992441,0.0
16_time_of_day_session_effect,63,2015-12-02 12:00:00+00:00,2015-12-03 00:00:00+00:00,359.18701171875,361.0459899902344,LONG,0.9609614853638917,0.9609614853638917,0.004973471931728923,0.0007687691882911134,0.0003843845941455567,0.003817783001218711,0.18118212778124657,2,24,signal_flat,0.0,0.0051755164046409785
16_time_of_day_session_effect,64,2015-12-03 12:00:00+00:00,2015-12-04 00:00:00+00:00,361.0459899902344,363.1830139160156,LONG,1.0,1.0,0.005918979811516678,0.0008,0.0004,0.004715788423629741,0.24012112907127645,2,24,signal_flat,0.0,0.005918979811516678
16_time_of_day_session_effect,65,2015-12-04 12:00:00+00:00,2015-12-05 00:00:00+00:00,363.1830139160156,388.9490051269531,LONG,1.0,1.0,0.0709449236987052,0.0008,0.0004,0.06970271674448592,3.638278871608008,2,24,signal_flat,0.0,0.0709449236987052
16_time_of_day_session_effect,66,2015-12-05 12:00:00+00:00,2015-12-06 00:00:00+00:00,388.9490051269531,388.7829895019531,LONG,0.8751498591483946,0.8751498591483946,-0.00037354138696854555,0.0007001198873187157,0.00035005994365935785,-0.0014232493557120307,-0.061512242077451124,2,24,signal_flat,-0.0004268313398714252,0.0
16_time_of_day_session_effect,67,2015-12-06 12:00:00+00:00,2015-12-07 00:00:00+00:00,388.7829895019531,395.5360107421875,LONG,0.8941597163733184,0.8941597163733184,0.015531233927096988,0.0007153277730986547,0.00035766388654932737,0.014450197652990493,0.6380974684053001,2,24,signal_flat,0.0,0.017369641734802377
16_time_of_day_session_effect,68,2015-12-07 12:00:00+00:00,2015-12-08 00:00:00+00:00,395.5360107421875,415.56298828125,LONG,0.8595166569338617,0.8595166569338617,0.043519478164743886,0.0006876133255470894,0.0003438066627735447,0.04246588070339108,1.8025717761156652,2,24,signal_flat,0.0,0.05063250120130314
16_time_of_day_session_effect,69,2015-12-08 12:00:00+00:00,2015-12-09 00:00:00+00:00,415.56298828125,417.56298828125,LONG,0.7637708230404519,0.7637708230404519,0.0036758366099896023,0.0006110166584323615,0.00030550832921618075,0.0027578371288023984,0.10402310475530648,2,24,signal_flat,0.0,0.0048127481426387675
16_time_of_day_session_effect,70,2015-12-09 12:00:00+00:00,2015-12-10 00:00:00+00:00,417.56298828125,415.47900390625,LONG,0.8088446451144338,0.8088446451144338,-0.004036803187847604,0.0006470757160915471,0.00032353785804577353,-0.005005222151322264,-0.1999339777433551,2,24,signal_flat,-0.0049908263746698545,0.0
16_time_of_day_session_effect,71,2015-12-10 12:00:00+00:00,2015-12-11 00:00:00+00:00,415.47900390625,451.93798828125,LONG,1.0,1.0,0.08775168909191544,0.0008,0.0004,0.0864993980784603,4.311252808323083,2,24,signal_flat,0.0,0.08775168909191544
16_time_of_day_session_effect,72,2015-12-11 12:00:00+00:00,2015-12-12 00:00:00+00:00,451.93798828125,434.99700927734375,LONG,0.802049763722317,0.802049763722317,-0.030064983603130924,0.0006416398109778536,0.0003208199054889268,-0.031012743569624135,-1.228399517889263,2,24,signal_flat,-0.03748518478903251,0.0
16_time_of_day_session_effect,73,2015-12-12 12:00:00+00:00,2015-12-13 00:00:00+00:00,434.99700927734375,433.7550048828125,LONG,0.7285851331818944,0.7285851331818944,-0.0020802578360373802,0.0005828681065455155,0.00029143405327275776,-0.002953459507829548,-0.10626970136510008,2,24,signal_flat,-0.002855202146319513,0.0
16_time_of_day_session_effect,74,2015-12-13 12:00:00+00:00,2015-12-14 00:00:00+00:00,433.7550048828125,444.1820068359375,LONG,0.803040661970171,0.803040661970171,0.019304230398595745,0.0006424325295761368,0.0003212162647880684,0.018331512509806247,0.7269992616655863,2,24,signal_flat,0.0,0.024038920210135872
16_time_of_day_session_effect,75,2015-12-14 12:00:00+00:00,2015-12-15 00:00:00+00:00,444.1820068359375,465.3210144042969,LONG,0.7856666091577659,0.7856666091577659,0.037390556442165046,0.0006285332873262126,0.0003142666436631063,0.03643035282208662,1.4135130008157042,2,24,signal_flat,0.0,0.047590868704790346
16_time_of_day_session_effect,76,2015-12-15 12:00:00+00:00,2015-12-16 00:00:00+00:00,465.3210144042969,454.9339904785156,LONG,0.7680428862202549,0.7680428862202549,-0.017144464978459895,0.0006144343089762039,0.0003072171544881019,-0.018058003470950212,-0.6849412737521758,2,24,signal_flat,-0.022322275599520713,0.0
16_time_of_day_session_effect,77,2015-12-16 12:00:00+00:00,2015-12-17 00:00:00+00:00,454.9339904785156,456.0780029296875,LONG,0.7414934242332094,0.7414934242332094,0.0018646171258660527,0.0005931947393865675,0.00029659736969328375,0.0009741933884832576,0.035673902063729224,2,24,signal_flat,0.0,0.0025146778985860596
16_time_of_day_session_effect,78,2015-12-17 12:00:00+00:00,2015-12-18 00:00:00+00:00,456.0780029296875,463.6159973144531,LONG,0.7466902288273372,0.7466902288273372,0.012341193207968892,0.0005973521830618697,0.00029867609153093485,0.011439836621014887,0.421850360144962,2,24,signal_flat,0.0,0.01652786219976443
16_time_of_day_session_effect,79,2015-12-18 12:00:00+00:00,2015-12-19 00:00:00+00:00,463.6159973144531,462.3219909667969,LONG,0.7263923132885698,0.7263923132885698,-0.002027445708795539,0.0005811138506308559,0.00029055692531542793,-0.0028980428996692176,-0.10396189419334215,2,24,signal_flat,-0.0027911166895705497,0.0
16_time_of_day_session_effect,80,2015-12-19 12:00:00+00:00,2015-12-20 00:00:00+00:00,462.3219909667969,442.68499755859375,LONG,0.8800862325577629,0.8800862325577629,-0.0373814092452035,0.0007040689860462103,0.00035203449302310513,-0.03841749456745491,-1.6697536431789155,2,24,signal_flat,-0.042474711979715085,0.0
16_time_of_day_session_effect,81,2015-12-20 12:00:00+00:00,2015-12-21 00:00:00+00:00,442.68499755859375,438.6390075683594,LONG,0.7784662274618287,0.7784662274618287,-0.007114915981830228,0.0006227729819694629,0.00031138649098473147,-0.008045534058222281,-0.3093091643608288,2,24,signal_flat,-0.009139659153908575,0.0
16_time_of_day_session_effect,82,2015-12-21 12:00:00+00:00,2015-12-22 00:00:00+00:00,438.6390075683594,436.5719909667969,LONG,0.7964663822586233,0.7964663822586233,-0.0037532212281836674,0.0006371731058068986,0.0003185865529034493,-0.004706958929042715,-0.1851424439722912,2,24,signal_flat,-0.004712341050152391,0.0
16_time_of_day_session_effect,83,2015-12-22 12:00:00+00:00,2015-12-23 00:00:00+00:00,436.5719909667969,442.4010009765625,LONG,0.9144435116056739,0.9144435116056739,0.012209441954145195,0.0007315548092845392,0.0003657774046422696,0.011105711867730017,0.5015351991040757,2,24,signal_flat,0.0,0.013351772743957158
16_time_of_day_session_effect,84,2015-12-23 12:00:00+00:00,2015-12-24 00:00:00+00:00,442.4010009765625,454.9849853515625,LONG,0.8899307929825186,0.8899307929825186,0.025313855911272443,0.0007119446343860149,0.00035597231719300745,0.024232707523428543,1.0650164328437985,2,24,signal_flat,0.0,0.028444746614998406
16_time_of_day_session_effect,85,2015-12-24 12:00:00+00:00,2015-12-25 00:00:00+00:00,454.9849853515625,455.6530151367187,LONG,0.8289006671175646,0.8289006671175646,0.0012170299073552826,0.0006631205336940516,0.0003315602668470258,0.0002219911761467408,0.009087330749563955,2,24,signal_flat,0.0,0.0014682457809900296
16_time_of_day_session_effect,86,2015-12-25 12:00:00+00:00,2015-12-26 00:00:00+00:00,455.6530151367187,417.27398681640625,LONG,1.0,1.0,-0.08422862802476316,0.0008,0.0004,-0.08537773084794842,-4.6742512027358565,2,24,signal_flat,-0.08422862802476316,0.0
16_time_of_day_session_effect,87,2015-12-26 12:00:00+00:00,2015-12-27 00:00:00+00:00,417.27398681640625,422.822998046875,LONG,0.9372608501484038,0.9372608501484038,0.012463923339751437,0.000749808680118723,0.0003749043400593615,0.011332517395986397,0.5245477216511167,2,24,signal_flat,0.0,0.01329824385364864
16_time_of_day_session_effect,88,2015-12-27 12:00:00+00:00,2015-12-28 00:00:00+00:00,422.822998046875,422.2789916992187,LONG,0.9059801636013564,0.9059801636013564,-0.0011656389603367234,0.0007247841308810851,0.00036239206544054253,-0.002251886041172324,-0.10075421686135912,2,24,signal_flat,-0.0012866053884703632,0.0
16_time_of_day_session_effect,89,2015-12-28 12:00:00+00:00,2015-12-29 00:00:00+00:00,422.2789916992187,432.9830017089844,LONG,0.9770228007755883,0.9770228007755883,0.024765763973217725,0.0007816182406204707,0.00039080912031023534,0.02357916222911771,1.1377090255090114,2,24,signal_flat,0.0,0.02534819448794634
16_time_of_day_session_effect,90,2015-12-29 12:00:00+00:00,2015-12-30 00:00:00+00:00,432.9830017089844,426.6199951171875,LONG,1.0,1.0,-0.014695742250116273,0.0008,0.0004,-0.015886564804766246,-0.8301768124085043,2,24,signal_flat,-0.014695742250116273,0.0
16_time_of_day_session_effect,91,2015-12-30 12:00:00+00:00,2015-12-31 00:00:00+00:00,426.6199951171875,430.5669860839844,LONG,1.0,1.0,0.009251772096881439,0.0008,0.0004,0.008046581033623434,0.43280709861603245,2,24,signal_flat,0.0,0.009251772096881439
16_time_of_day_session_effect,92,2015-12-31 12:00:00+00:00,2016-01-01 00:00:00+00:00,430.5669860839844,434.3340148925781,LONG,1.0,1.0,0.008748995929425352,0.0008,0.0004,0.007544106531867767,0.3955420302810508,2,24,signal_flat,0.0,0.008748995929425352
16_time_of_day_session_effect,93,2016-01-01 12:00:00+00:00,2016-01-02 00:00:00+00:00,434.3340148925781,433.43798828125,LONG,1.0,1.0,-0.0020629897281927434,0.0008,0.0004,-0.0032613919343559283,-0.17612772102309093,2,24,signal_flat,-0.0020629897281927434,0.0
16_time_of_day_session_effect,94,2016-01-02 12:00:00+00:00,2016-01-03 00:00:00+00:00,433.43798828125,430.010986328125,LONG,1.0,1.0,-0.00790655652199379,0.0008,0.0004,-0.009101452588080705,-0.49289787824710096,2,24,signal_flat,-0.00790655652199379,0.0
16_time_of_day_session_effect,95,2016-01-03 12:00:00+00:00,2016-01-04 00:00:00+00:00,430.010986328125,433.0910034179687,LONG,1.0,1.0,0.007162647438717862,0.0008,0.0004,0.0059587098502547065,0.3725116726606912,2,24,signal_flat,0.0,0.007162647438717862
16_time_of_day_session_effect,96,2016-01-04 12:00:00+00:00,2016-01-05 00:00:00+00:00,433.0910034179687,431.9599914550781,LONG,1.0,1.0,-0.0026114880105210236,0.0008,0.0004,-0.003809561117714799,-0.24027778839051375,2,24,signal_flat,-0.0026114880105210236,0.0
16_time_of_day_session_effect,97,2016-01-05 12:00:00+00:00,2016-01-06 00:00:00+00:00,431.9599914550781,429.1050109863281,LONG,1.0,1.0,-0.006609363193875617,0.0008,0.0004,-0.007805037575959406,-0.496985498093621,2,24,signal_flat,-0.006609363193875617,0.0
16_time_of_day_session_effect,98,2016-01-06 12:00:00+00:00,2016-01-07 00:00:00+00:00,429.1050109863281,458.0480041503906,LONG,1.0,1.0,0.06744967414278147,0.0008,0.0004,0.06620956433829583,4.349265905542268,2,24,signal_flat,0.0,0.06744967414278147
16_time_of_day_session_effect,99,2016-01-07 12:00:00+00:00,2016-01-08 00:00:00+00:00,458.0480041503906,453.2300109863281,LONG,1.0,1.0,-0.010518533255044149,0.0008,0.0004,-0.011711862135091233,-0.6503257237050661,2,24,signal_flat,-0.010518533255044149,0.0
16_time_of_day_session_effect,100,2016-01-08 12:00:00+00:00,2016-01-09 00:00:00+00:00,453.2300109863281,447.6109924316406,LONG,1.0,1.0,-0.012397719520954253,0.0008,0.0004,-0.013589920889241824,-0.7284604660508827,2,24,signal_flat,-0.012397719520954253,0.0
16_time_of_day_session_effect,101,2016-01-09 12:00:00+00:00,2016-01-10 00:00:00+00:00,447.6109924316406,447.9909973144531,LONG,1.0,1.0,0.0008489623562373261,0.0008,0.0004,-0.00035118702117642453,-0.02596597082134649,2,24,signal_flat,0.0,0.0008489623562373261
16_time_of_day_session_effect,102,2016-01-10 12:00:00+00:00,2016-01-11 00:00:00+00:00,447.9909973144531,448.4280090332031,LONG,1.0,1.0,0.0009754921892843882,0.0008,0.0004,-0.0002247331060291069,-0.017785624220618496,2,24,signal_flat,0.0,0.0009754921892843882
16_time_of_day_session_effect,103,2016-01-11 12:00:00+00:00,2016-01-12 00:00:00+00:00,448.4280090332031,435.69000244140625,LONG,1.0,1.0,-0.028405912064368155,0.0008,0.0004,-0.029588508517129575,-2.3457925320795936,2,24,signal_flat,-0.028405912064368155,0.0
16_time_of_day_session_effect,104,2016-01-12 12:00:00+00:00,2016-01-13 00:00:00+00:00,435.69000244140625,432.3710021972656,LONG,1.0,1.0,-0.007617802165628018,0.0008,0.0004,-0.008812871484328744,-0.6867968376366135,2,24,signal_flat,-0.007617802165628018,0.0
16_time_of_day_session_effect,105,2016-01-13 12:00:00+00:00,2016-01-14 00:00:00+00:00,432.3710021972656,430.3059997558594,LONG,1.0,1.0,-0.004775996611502853,0.0008,0.0004,-0.0059727710135359935,-0.48455587635698955,2,24,signal_flat,-0.004775996611502853,0.0
16_time_of_day_session_effect,106,2016-01-14 12:00:00+00:00,2016-01-15 00:00:00+00:00,430.3059997558594,364.33099365234375,LONG,1.0,1.0,-0.1533211392380016,0.0008,0.0004,-0.1544287865544588,-12.862011871247462,2,24,signal_flat,-0.1533211392380016,0.0
16_time_of_day_session_effect,107,2016-01-15 12:00:00+00:00,2016-01-16 00:00:00+00:00,364.33099365234375,387.5360107421875,LONG,0.9066749940785942,0.9066749940785942,0.05774806178747505,0.0007253399952628753,0.00036266999763143767,0.0566289325018694,2.535643227491182,2,24,signal_flat,0.0,0.06369213021713627
16_time_of_day_session_effect,108,2016-01-16 12:00:00+00:00,2016-01-17 00:00:00+00:00,387.5360107421875,382.2990112304687,LONG,0.7573867670860205,0.7573867670860205,-0.010235007894661141,0.0006059094136688164,0.0003029547068344082,-0.01113901439094278,-0.41664158230175585,2,24,signal_flat,-0.013513581619651771,0.0
16_time_of_day_session_effect,109,2016-01-17 12:00:00+00:00,2016-01-18 00:00:00+00:00,382.2990112304687,387.1679992675781,LONG,0.7462083473161893,0.7462083473161893,0.009503763832868994,0.0005969666778529515,0.00029848333892647575,0.008604259201030917,0.31708209701666124,2,24,signal_flat,0.0,0.012736072796626141
16_time_of_day_session_effect,110,2016-01-18 12:00:00+00:00,2016-01-19 00:00:00+00:00,387.1679992675781,380.14898681640625,LONG,0.7354191943355605,0.7354191943355605,-0.013332497757141848,0.0005883353554684483,0.0002941676777342242,-0.014208923102588256,-0.5160529422849385,2,24,signal_flat,-0.018129113109683792,0.0
16_time_of_day_session_effect,111,2016-02-24 12:00:00+00:00,2016-02-25 00:00:00+00:00,424.9549865722656,424.54400634765625,LONG,1.0,1.0,-0.0009671147241367972,0.0008,0.0004,-0.0021661744553024276,-0.12336412173390958,2,24,signal_flat,-0.0009671147241367972,0.0
16_time_of_day_session_effect,112,2016-02-25 12:00:00+00:00,2016-02-26 00:00:00+00:00,424.54400634765625,432.1520080566406,LONG,1.0,1.0,0.017920407767467728,0.0008,0.0004,0.016710015522807264,0.9684217976417688,2,24,signal_flat,0.0,0.017920407767467728
16_time_of_day_session_effect,113,2016-02-26 12:00:00+00:00,2016-02-27 00:00:00+00:00,432.1520080566406,432.5190124511719,LONG,1.0,1.0,0.0008492483841082699,0.0008,0.0004,-0.0003509011649222016,-0.019861080071570107,2,24,signal_flat,0.0,0.0008492483841082699
16_time_of_day_session_effect,114,2016-02-27 12:00:00+00:00,2016-02-28 00:00:00+00:00,432.5190124511719,433.5039978027344,LONG,1.0,1.0,0.0022773226683849845,0.0008,0.0004,0.001076316274783995,0.06596580165983341,2,24,signal_flat,0.0,0.0022773226683849845
16_time_of_day_session_effect,115,2016-02-28 12:00:00+00:00,2016-02-29 00:00:00+00:00,433.5039978027344,437.6969909667969,LONG,1.0,1.0,0.009672328710496725,0.0008,0.0004,0.008466885313270556,0.6190473919888112,2,24,signal_flat,0.0,0.009672328710496725
16_time_of_day_session_effect,116,2016-02-29 12:00:00+00:00,2016-03-01 00:00:00+00:00,437.6969909667969,435.12298583984375,LONG,1.0,1.0,-0.005880792374806099,0.0008,0.0004,-0.007076903899381315,-0.5388864196297717,2,24,signal_flat,-0.005880792374806099,0.0
16_time_of_day_session_effect,117,2016-03-01 12:00:00+00:00,2016-03-02 00:00:00+00:00,435.12298583984375,423.989013671875,LONG,1.0,1.0,-0.02558810389315269,0.0008,0.0004,-0.026772391030816856,-2.185677970480936,2,24,signal_flat,-0.02558810389315269,0.0
16_time_of_day_session_effect,118,2016-03-02 12:00:00+00:00,2016-03-03 00:00:00+00:00,423.989013671875,421.6510009765625,LONG,1.0,1.0,-0.005514323767648155,0.0008,0.0004,-0.006710655173387647,-0.5356430398057325,2,24,signal_flat,-0.005514323767648155,0.0
16_time_of_day_session_effect,119,2016-03-03 12:00:00+00:00,2016-03-04 00:00:00+00:00,421.6510009765625,410.9389953613281,LONG,1.0,1.0,-0.02540490972492626,0.0008,0.0004,-0.026589306779091437,-2.2374168780013486,2,24,signal_flat,-0.02540490972492626,0.0
16_time_of_day_session_effect,120,2016-03-04 12:00:00+00:00,2016-03-05 00:00:00+00:00,410.9389953613281,400.5700073242187,LONG,1.0,1.0,-0.025232426598970625,0.0008,0.0004,-0.02641692714301136,-1.9670059040100238,2,24,signal_flat,-0.025232426598970625,0.0
16_time_of_day_session_effect,121,2016-03-05 12:00:00+00:00,2016-03-06 00:00:00+00:00,400.5700073242187,407.7070007324219,LONG,1.0,1.0,0.017817093835551523,0.0008,0.0004,0.016606763579250172,1.3336636124411867,2,24,signal_flat,0.0,0.017817093835551523
16_time_of_day_session_effect,122,2016-03-06 12:00:00+00:00,2016-03-07 00:00:00+00:00,407.7070007324219,414.3210144042969,LONG,1.0,1.0,0.016222467752560865,0.0008,0.0004,0.015013094271909333,1.1155801129351814,2,24,signal_flat,0.0,0.016222467752560865
16_time_of_day_session_effect,123,2016-03-07 12:00:00+00:00,2016-03-08 00:00:00+00:00,414.3210144042969,413.9719848632813,LONG,1.0,1.0,-0.0008424133193374317,0.0008,0.0004,-0.0020415478713459168,-0.14132779717422406,2,24,signal_flat,-0.0008424133193374317,0.0
16_time_of_day_session_effect,124,2016-03-08 12:00:00+00:00,2016-03-09 00:00:00+00:00,413.9719848632813,414.8599853515625,LONG,1.0,1.0,0.0021450738715433904,0.0008,0.0004,0.0009441468272204379,0.08049158935170321,2,24,signal_flat,0.0,0.0021450738715433904
16_time_of_day_session_effect,125,2016-03-09 12:00:00+00:00,2016-03-10 00:00:00+00:00,414.8599853515625,417.1310119628906,LONG,1.0,1.0,0.005474200191670997,0.0008,0.0004,0.004271275671555941,0.3825006007900342,2,24,signal_flat,0.0,0.005474200191670997
16_time_of_day_session_effect,126,2016-03-10 12:00:00+00:00,2016-03-11 00:00:00+00:00,417.1310119628906,421.69000244140625,LONG,1.0,1.0,0.010929397114499917,0.0008,0.0004,0.009723199476231237,0.8463308307571462,2,24,signal_flat,0.0,0.010929397114499917
16_time_of_day_session_effect,127,2016-03-11 12:00:00+00:00,2016-03-12 00:00:00+00:00,421.69000244140625,411.6239929199219,LONG,1.0,1.0,-0.02387063829639413,0.0008,0.0004,-0.02505595591341636,-2.280033472544347,2,24,signal_flat,-0.02387063829639413,0.0
16_time_of_day_session_effect,128,2016-03-12 12:00:00+00:00,2016-03-13 00:00:00+00:00,411.6239929199219,414.06500244140625,LONG,1.0,1.0,0.00593019251421345,0.0008,0.0004,0.004726994398704942,0.37415821390250514,2,24,signal_flat,0.0,0.00593019251421345
16_time_of_day_session_effect,129,2016-03-13 12:00:00+00:00,2016-03-14 00:00:00+00:00,414.06500244140625,416.43798828125,LONG,1.0,1.0,0.00573095003405788,0.0008,0.0004,0.004527871464037547,0.3511448527293206,2,24,signal_flat,0.0,0.00573095003405788
16_time_of_day_session_effect,130,2016-03-14 12:00:00+00:00,2016-03-15 00:00:00+00:00,416.43798828125,416.8299865722656,LONG,1.0,1.0,0.0009413125172212933,0.0008,0.0004,-0.00025889227028896844,-0.02052571384019933,2,24,signal_flat,0.0,0.0009413125172212933
16_time_of_day_session_effect,131,2016-03-15 12:00:00+00:00,2016-03-16 00:00:00+00:00,416.8299865722656,417.010986328125,LONG,1.0,1.0,0.0004342292102057499,0.0008,0.0004,-0.0007656713273204163,-0.062451525214574935,2,24,signal_flat,0.0,0.0004342292102057499
16_time_of_day_session_effect,132,2016-03-16 12:00:00+00:00,2016-03-17 00:00:00+00:00,417.010986328125,420.6210021972656,LONG,1.0,1.0,0.008656884320788816,0.0008,0.0004,0.0074520501901964575,0.7121917336663592,2,24,signal_flat,0.0,0.008656884320788816
16_time_of_day_session_effect,133,2016-03-17 12:00:00+00:00,2016-03-18 00:00:00+00:00,420.6210021972656,409.5480041503906,LONG,1.0,1.0,-0.026325357005549388,0.0008,0.0004,-0.027509201791346194,-2.573836731758943,2,24,signal_flat,-0.026325357005549388,0.0
16_time_of_day_session_effect,134,2016-03-18 12:00:00+00:00,2016-03-19 00:00:00+00:00,409.5480041503906,410.4440002441406,LONG,1.0,1.0,0.0021877681850965836,0.0008,0.0004,0.000986815524185447,0.09176469872727645,2,24,signal_flat,0.0,0.0021877681850965836
16_time_of_day_session_effect,135,2016-03-19 12:00:00+00:00,2016-03-20 00:00:00+00:00,410.4440002441406,413.7550048828125,LONG,1.0,1.0,0.008066885218695807,0.0008,0.0004,0.006862405087564527,0.7534718423563986,2,24,signal_flat,0.0,0.008066885218695807
16_time_of_day_session_effect,136,2016-03-20 12:00:00+00:00,2016-03-21 00:00:00+00:00,413.7550048828125,413.3070068359375,LONG,1.0,1.0,-0.0010827616381386962,0.0008,0.0004,-0.0022817519811558773,-0.2712732064963293,2,24,signal_flat,-0.0010827616381386962,0.0
16_time_of_day_session_effect,137,2016-03-21 12:00:00+00:00,2016-03-22 00:00:00+00:00,413.3070068359375,418.0889892578125,LONG,1.0,1.0,0.011570049243740943,0.0008,0.0004,0.010363467214194788,1.4138694118625237,2,24,signal_flat,0.0,0.011570049243740943
16_time_of_day_session_effect,138,2016-03-22 12:00:00+00:00,2016-03-23 00:00:00+00:00,418.0889892578125,418.0409851074219,LONG,1.0,1.0,-0.0001148180211008043,0.0008,0.0004,-0.0013143891302882516,-0.1623480019766365,2,24,signal_flat,-0.0001148180211008043,0.0
16_time_of_day_session_effect,139,2016-03-23 12:00:00+00:00,2016-03-24 00:00:00+00:00,418.0409851074219,416.3940124511719,LONG,1.0,1.0,-0.0039397396784595085,0.0008,0.0004,-0.005137015834652536,-0.6460758670721799,2,24,signal_flat,-0.0039397396784595085,0.0
16_time_of_day_session_effect,140,2016-03-24 12:00:00+00:00,2016-03-25 00:00:00+00:00,416.3940124511719,417.177001953125,LONG,1.0,1.0,0.001880405285714648,0.0008,0.0004,0.0006796370425432574,0.086671829088694,2,24,signal_flat,0.0,0.001880405285714648
16_time_of_day_session_effect,141,2016-03-25 12:00:00+00:00,2016-03-26 00:00:00+00:00,417.177001953125,417.9450073242187,LONG,1.0,1.0,0.0018409580765432754,0.0008,0.0004,0.0006402135016974064,0.08897857492653653,2,24,signal_flat,0.0,0.0018409580765432754
16_time_of_day_session_effect,142,2016-03-26 12:00:00+00:00,2016-03-27 00:00:00+00:00,417.9450073242187,426.7650146484375,LONG,1.0,1.0,0.0211032723675455,0.0008,0.0004,0.01989097040412502,3.538315232399468,2,24,signal_flat,0.0,0.0211032723675455
16_time_of_day_session_effect,143,2016-03-27 12:00:00+00:00,2016-03-28 00:00:00+00:00,426.7650146484375,424.2309875488281,LONG,1.0,1.0,-0.005937757343340011,0.0008,0.0004,-0.0071338346889341375,-1.0638963501607746,2,24,signal_flat,-0.005937757343340011,0.0
16_time_of_day_session_effect,144,2016-03-28 12:00:00+00:00,2016-03-29 00:00:00+00:00,424.2309875488281,416.5159912109375,LONG,1.0,1.0,-0.01818583876313995,0.0008,0.0004,-0.01937456725988218,-2.883052767485747,2,24,signal_flat,-0.01818583876313995,0.0
16_time_of_day_session_effect,145,2016-03-29 12:00:00+00:00,2016-03-30 00:00:00+00:00,416.5159912109375,414.8160095214844,LONG,1.0,1.0,-0.004081431986586503,0.0008,0.0004,-0.005278623127394688,-0.6638183617604615,2,24,signal_flat,-0.004081431986586503,0.0
16_time_of_day_session_effect,146,2016-03-30 12:00:00+00:00,2016-03-31 00:00:00+00:00,414.8160095214844,416.72900390625,LONG,1.0,1.0,0.004611669609792424,0.0008,0.0004,0.003409262608026653,0.4151347849200823,2,24,signal_flat,0.0,0.004611669609792424
16_time_of_day_session_effect,147,2016-04-11 12:00:00+00:00,2016-04-12 00:00:00+00:00,422.4830017089844,425.19000244140625,LONG,1.0,1.0,0.00640736011028098,0.0008,0.0004,0.005203875694214766,1.1649158051369521,2,24,signal_flat,0.0,0.00640736011028098
16_time_of_day_session_effect,148,2016-04-12 12:00:00+00:00,2016-04-13 00:00:00+00:00,425.19000244140625,423.7340087890625,LONG,1.0,1.0,-0.0034243365177533125,0.0008,0.0004,-0.004621921915842764,-1.2747143851409213,2,24,signal_flat,-0.0034243365177533125,0.0
16_time_of_day_session_effect,149,2016-04-13 12:00:00+00:00,2016-04-14 00:00:00+00:00,423.7340087890625,424.2820129394531,LONG,1.0,1.0,0.0012932739384234893,0.0008,0.0004,9.285797406044516e-05,0.02594585492656269,2,24,signal_flat,0.0,0.0012932739384234893
16_time_of_day_session_effect,150,2016-04-14 12:00:00+00:00,2016-04-15 00:00:00+00:00,424.2820129394531,429.7130126953125,LONG,1.0,1.0,0.012800447792337577,0.0008,0.0004,0.011593127523662261,3.4690380483589633,2,24,signal_flat,0.0,0.012800447792337577
16_time_of_day_session_effect,151,2016-04-15 12:00:00+00:00,2016-04-16 00:00:00+00:00,429.7130126953125,430.5719909667969,LONG,1.0,1.0,0.0019989580164132548,0.0008,0.0004,0.0007981186416035069,0.1972997682772166,2,24,signal_flat,0.0,0.0019989580164132548
16_time_of_day_session_effect,152,2016-04-16 12:00:00+00:00,2016-04-17 00:00:00+00:00,430.5719909667969,427.39898681640625,LONG,1.0,1.0,-0.007369276722496543,0.0008,0.0004,-0.008564495156463181,-2.3208971806909564,2,24,signal_flat,-0.007369276722496543,0.0
16_time_of_day_session_effect,153,2016-04-17 12:00:00+00:00,2016-04-18 00:00:00+00:00,427.39898681640625,428.5910034179687,LONG,1.0,1.0,0.0027890019357357243,0.0008,0.0004,0.0015876885345742497,0.3770085034494158,2,24,signal_flat,0.0,0.0027890019357357243
16_time_of_day_session_effect,154,2016-04-18 12:00:00+00:00,2016-04-19 00:00:00+00:00,428.5910034179687,435.5090026855469,LONG,1.0,1.0,0.016141261044697375,0.0008,0.0004,0.014931936288070657,3.457383967770254,2,24,signal_flat,0.0,0.016141261044697375
16_time_of_day_session_effect,155,2016-04-19 12:00:00+00:00,2016-04-20 00:00:00+00:00,435.5090026855469,441.3890075683594,LONG,1.0,1.0,0.013501454267428992,0.0008,0.0004,0.012293713394868622,2.442372752282355,2,24,signal_flat,0.0,0.013501454267428992
16_time_of_day_session_effect,156,2016-04-20 12:00:00+00:00,2016-04-21 00:00:00+00:00,441.3890075683594,449.4249877929687,LONG,1.0,1.0,0.018206117703021274,0.0008,0.0004,0.016995554032399385,2.8835511768167397,2,24,signal_flat,0.0,0.018206117703021274
16_time_of_day_session_effect,157,2016-04-21 12:00:00+00:00,2016-04-22 00:00:00+00:00,449.4249877929687,445.7369995117187,LONG,1.0,1.0,-0.008206015200358463,0.0008,0.0004,-0.009400731591238332,-1.3274656009275048,2,24,signal_flat,-0.008206015200358463,0.0
16_time_of_day_session_effect,158,2016-04-22 12:00:00+00:00,2016-04-23 00:00:00+00:00,445.7369995117187,450.2820129394531,LONG,1.0,1.0,0.010196625886370825,0.0008,0.0004,0.008990867910839029,1.237896381706853,2,24,signal_flat,0.0,0.010196625886370825
16_time_of_day_session_effect,159,2016-04-23 12:00:00+00:00,2016-04-24 00:00:00+00:00,450.2820129394531,458.5549926757813,LONG,1.0,1.0,0.018372885211030088,0.0008,0.0004,0.017162221479903428,2.191305384002375,2,24,signal_flat,0.0,0.018372885211030088
16_time_of_day_session_effect,160,2016-04-24 12:00:00+00:00,2016-04-25 00:00:00+00:00,458.5549926757813,461.4259948730469,LONG,1.0,1.0,0.006260976858004641,0.0008,0.0004,0.005057580271889961,0.5761888553089873,2,24,signal_flat,0.0,0.006260976858004641
16_time_of_day_session_effect,161,2016-04-25 12:00:00+00:00,2016-04-26 00:00:00+00:00,461.4259948730469,466.0889892578125,LONG,1.0,1.0,0.010105617014595225,0.0008,0.0004,0.008899913644386581,0.981340177469397,2,24,signal_flat,0.0,0.010105617014595225
16_time_of_day_session_effect,162,2016-04-26 12:00:00+00:00,2016-04-27 00:00:00+00:00,466.0889892578125,444.68701171875,LONG,1.0,1.0,-0.04591822169655291,0.0008,0.0004,-0.04709031076353509,-5.045406600648877,2,24,signal_flat,-0.04591822169655291,0.0
16_time_of_day_session_effect,163,2016-04-27 12:00:00+00:00,2016-04-28 00:00:00+00:00,444.68701171875,449.010986328125,LONG,1.0,1.0,0.00972363594039427,0.0008,0.0004,0.008518161758830134,0.6886935367833521,2,24,signal_flat,0.0,0.00972363594039427
16_time_of_day_session_effect,164,2016-04-28 12:00:00+00:00,2016-04-29 00:00:00+00:00,449.010986328125,455.0969848632813,LONG,1.0,1.0,0.013554230788261457,0.0008,0.0004,0.012346458249788528,0.9518692882109995,2,24,signal_flat,0.0,0.013554230788261457
16_time_of_day_session_effect,165,2016-04-29 12:00:00+00:00,2016-04-30 00:00:00+00:00,455.0969848632813,448.3179931640625,LONG,1.0,1.0,-0.014895707782496825,0.0008,0.0004,-0.01608641035782743,-1.235079856232946,2,24,signal_flat,-0.014895707782496825,0.0
16_time_of_day_session_effect,166,2016-04-30 12:00:00+00:00,2016-05-01 00:00:00+00:00,448.3179931640625,451.875,LONG,1.0,1.0,0.007934115717358248,0.0008,0.0004,0.006729715247927759,0.48256257617207066,2,24,signal_flat,0.0,0.007934115717358248
16_time_of_day_session_effect,167,2016-05-01 12:00:00+00:00,2016-05-02 00:00:00+00:00,451.875,444.66900634765625,LONG,1.0,1.0,-0.015946873919432947,0.0008,0.0004,-0.017136945795081404,-1.2252811662400362,2,24,signal_flat,-0.015946873919432947,0.0
16_time_of_day_session_effect,168,2016-05-02 12:00:00+00:00,2016-05-03 00:00:00+00:00,444.66900634765625,450.3039855957031,LONG,1.0,1.0,0.01267230044731571,0.0008,0.0004,0.011465057067047368,0.7681275214721183,2,24,signal_flat,0.0,0.01267230044731571
16_time_of_day_session_effect,169,2016-05-03 12:00:00+00:00,2016-05-04 00:00:00+00:00,450.3039855957031,446.7219848632813,LONG,1.0,1.0,-0.007954628089030136,0.0008,0.0004,-0.009149495312176792,-0.6233391200860829,2,24,signal_flat,-0.007954628089030136,0.0
16_time_of_day_session_effect,170,2016-05-04 12:00:00+00:00,2016-05-05 00:00:00+00:00,446.7219848632813,447.97601318359375,LONG,1.0,1.0,0.002807178430441981,0.0008,0.0004,0.0016058541233836543,0.11243904963220912,2,24,signal_flat,0.0,0.002807178430441981
16_time_of_day_session_effect,171,2016-05-05 12:00:00+00:00,2016-05-06 00:00:00+00:00,447.97601318359375,459.6029968261719,LONG,1.0,1.0,0.025954478142589776,0.0008,0.0004,0.02473926545570415,1.8767356746270325,2,24,signal_flat,0.0,0.025954478142589776
16_time_of_day_session_effect,172,2016-05-06 12:00:00+00:00,2016-05-07 00:00:00+00:00,459.6029968261719,458.5360107421875,LONG,1.0,1.0,-0.0023215385699234536,0.0008,0.0004,-0.0035197856467815702,-0.24358682099170145,2,24,signal_flat,-0.0023215385699234536,0.0
16_time_of_day_session_effect,173,2016-05-07 12:00:00+00:00,2016-05-08 00:00:00+00:00,458.5360107421875,458.5480041503906,LONG,1.0,1.0,2.615586981646878e-05,0.0008,0.0004,-0.001173499823705515,-0.08450157232174628,2,24,signal_flat,0.0,2.615586981646878e-05
16_time_of_day_session_effect,174,2016-05-08 12:00:00+00:00,2016-05-09 00:00:00+00:00,458.5480041503906,460.4830017089844,LONG,1.0,1.0,0.004219836398980714,0.0008,0.0004,0.003017664497141359,0.23993834886685883,2,24,signal_flat,0.0,0.004219836398980714
16_time_of_day_session_effect,175,2016-05-09 12:00:00+00:00,2016-05-10 00:00:00+00:00,460.4830017089844,450.8949890136719,LONG,1.0,1.0,-0.020821643056809114,0.0008,0.0004,-0.022008790070975115,-1.7704709565980752,2,24,signal_flat,-0.020821643056809114,0.0
16_time_of_day_session_effect,176,2016-05-10 12:00:00+00:00,2016-05-11 00:00:00+00:00,450.8949890136719,452.7279968261719,LONG,1.0,1.0,0.00406526543244512,0.0008,0.0004,0.002863186273185603,0.21696611426652443,2,24,signal_flat,0.0,0.00406526543244512
16_time_of_day_session_effect,177,2016-05-11 12:00:00+00:00,2016-05-12 00:00:00+00:00,452.7279968261719,454.7659912109375,LONG,1.0,1.0,0.004501586822668102,0.0008,0.0004,0.0032992458705745076,0.3232345811103203,2,24,signal_flat,0.0,0.004501586822668102
16_time_of_day_session_effect,178,2016-05-12 12:00:00+00:00,2016-05-13 00:00:00+00:00,454.7659912109375,455.6700134277344,LONG,1.0,1.0,0.001987884393882755,0.0008,0.0004,0.0007870516632464408,0.08003399389653867,2,24,signal_flat,0.0,0.001987884393882755
16_time_of_day_session_effect,179,2016-05-13 12:00:00+00:00,2016-05-14 00:00:00+00:00,455.6700134277344,455.6709899902344,LONG,1.0,1.0,2.1431353198764214e-06,0.0008,0.0004,-0.0011974981505613602,-0.13294014258047765,2,24,signal_flat,0.0,2.1431353198764214e-06
16_time_of_day_session_effect,180,2016-05-14 12:00:00+00:00,2016-05-15 00:00:00+00:00,455.6709899902344,457.5679931640625,LONG,1.0,1.0,0.004163098409817101,0.0008,0.0004,0.002960960550771219,0.3727304183545908,2,24,signal_flat,0.0,0.004163098409817101
16_time_of_day_session_effect,181,2016-05-15 12:00:00+00:00,2016-05-16 00:00:00+00:00,457.5679931640625,454.1629943847656,LONG,1.0,1.0,-0.007441514332660049,0.0008,0.0004,-0.008636689424060595,-1.12535799309212,2,24,signal_flat,-0.007441514332660049,0.0
16_time_of_day_session_effect,182,2016-05-16 12:00:00+00:00,2016-05-17 00:00:00+00:00,454.1629943847656,453.7829895019531,LONG,1.0,1.0,-0.0008367147643265627,0.0008,0.0004,-0.0020358527354680245,-0.28807513555345887,2,24,signal_flat,-0.0008367147643265627,0.0
16_time_of_day_session_effect,183,2016-05-17 12:00:00+00:00,2016-05-18 00:00:00+00:00,453.7829895019531,454.6189880371094,LONG,1.0,1.0,0.0018422870722276663,0.0008,0.0004,0.000641541699984316,0.10311372905223501,2,24,signal_flat,0.0,0.0018422870722276663
16_time_of_day_session_effect,184,2016-05-18 12:00:00+00:00,2016-05-19 00:00:00+00:00,454.6189880371094,438.7149963378906,LONG,1.0,1.0,-0.034983122389776966,0.0008,0.0004,-0.03616177251634323,-6.250852375603422,2,24,signal_flat,-0.034983122389776966,0.0
16_time_of_day_session_effect,185,2016-05-19 12:00:00+00:00,2016-05-20 00:00:00+00:00,438.7149963378906,442.6759948730469,LONG,1.0,1.0,0.009028637197771028,0.0008,0.0004,0.00782358001545247,0.9678604192381943,2,24,signal_flat,0.0,0.009028637197771028
16_time_of_day_session_effect,186,2016-05-20 12:00:00+00:00,2016-05-21 00:00:00+00:00,442.6759948730469,443.18798828125,LONG,1.0,1.0,0.001156587242436613,0.0008,0.0004,-4.374670990880958e-05,-0.006363724566728616,2,24,signal_flat,0.0,0.001156587242436613
16_time_of_day_session_effect,187,2016-05-21 12:00:00+00:00,2016-05-22 00:00:00+00:00,443.18798828125,439.322998046875,LONG,1.0,1.0,-0.008720882191243562,0.0008,0.0004,-0.009915289661928894,-1.4600252380971896,2,24,signal_flat,-0.008720882191243562,0.0
16_time_of_day_session_effect,188,2016-05-22 12:00:00+00:00,2016-05-23 00:00:00+00:00,439.322998046875,444.1549987792969,LONG,1.0,1.0,0.010998742961110253,0.0008,0.0004,0.009792503715333689,1.3211280997250232,2,24,signal_flat,0.0,0.010998742961110253
16_time_of_day_session_effect,189,2016-05-23 12:00:00+00:00,2016-05-24 00:00:00+00:00,444.1549987792969,445.9809875488281,LONG,1.0,1.0,0.004111152130561901,0.0008,0.0004,0.0029090454392834975,0.3683997815116581,2,24,signal_flat,0.0,0.004111152130561901
16_time_of_day_session_effect,190,2016-05-24 12:00:00+00:00,2016-05-25 00:00:00+00:00,445.9809875488281,449.5989990234375,LONG,1.0,1.0,0.008112479176510368,0.0008,0.0004,0.006907971689004588,1.0306052519868634,2,24,signal_flat,0.0,0.008112479176510368
16_time_of_day_session_effect,191,2016-05-25 12:00:00+00:00,2016-05-26 00:00:00+00:00,449.5989990234375,453.3840026855469,LONG,1.0,1.0,0.008418621194288045,0.0008,0.0004,0.007213930021571446,1.031752872283086,2,24,signal_flat,0.0,0.008418621194288045
16_time_of_day_session_effect,192,2016-05-26 12:00:00+00:00,2016-05-27 00:00:00+00:00,453.3840026855469,473.4639892578125,LONG,1.0,1.0,0.04428913780222743,0.0008,0.0004,0.04306292431954617,5.921984701133351,2,24,signal_flat,0.0,0.04428913780222743
16_time_of_day_session_effect,193,2016-05-27 12:00:00+00:00,2016-05-28 00:00:00+00:00,473.4639892578125,530.0399780273438,LONG,1.0,1.0,0.11949375254117633,0.0008,0.0004,0.11822241628965169,11.48546164114042,2,24,signal_flat,0.0,0.11949375254117633
16_time_of_day_session_effect,194,2016-05-28 12:00:00+00:00,2016-05-29 00:00:00+00:00,530.0399780273438,526.2329711914062,LONG,1.0,1.0,-0.0071824899889741944,0.0008,0.0004,-0.008377820494980925,-0.4449580508604127,2,24,signal_flat,-0.0071824899889741944,0.0
16_time_of_day_session_effect,195,2016-05-29 12:00:00+00:00,2016-05-30 00:00:00+00:00,526.2329711914062,533.864013671875,LONG,1.0,1.0,0.014501262555236538,0.0008,0.0004,0.013292921797703361,0.6980106997285214,2,24,signal_flat,0.0,0.014501262555236538
16_time_of_day_session_effect,196,2016-05-30 12:00:00+00:00,2016-05-31 00:00:00+00:00,533.864013671875,531.385986328125,LONG,1.0,1.0,-0.004641682676279957,0.0008,0.0004,-0.005838537666674304,-0.29867276048132657,2,24,signal_flat,-0.004641682676279957,0.0
16_time_of_day_session_effect,197,2016-05-31 12:00:00+00:00,2016-06-01 00:00:00+00:00,531.385986328125,536.9199829101562,LONG,1.0,1.0,0.01041426895780817,0.0008,0.0004,0.009208380396433569,0.46459902200165737,2,24,signal_flat,0.0,0.01041426895780817
16_time_of_day_session_effect,198,2016-06-01 12:00:00+00:00,2016-06-02 00:00:00+00:00,536.9199829101562,537.9719848632812,LONG,0.991022853656428,0.991022853656428,0.0019417380816919572,0.0007928182829251423,0.00039640914146257117,0.0007517096386822075,0.03679018084192412,2,24,signal_flat,0.0,0.001959327249142495
16_time_of_day_session_effect,199,2016-06-02 12:00:00+00:00,2016-06-03 00:00:00+00:00,537.9719848632812,569.1939697265625,LONG,1.0,1.0,0.058036451231221475,0.0008,0.0004,0.05680198936048275,3.1428325450592323,2,24,signal_flat,0.0,0.058036451231221475
16_time_of_day_session_effect,200,2016-06-03 12:00:00+00:00,2016-06-04 00:00:00+00:00,569.1939697265625,572.7269897460938,LONG,0.9385771714466479,0.9385771714466479,0.005825803000318208,0.0007508617371573183,0.00037543086857865914,0.004696546748919728,0.21769415592621744,2,24,signal_flat,0.0,0.006207058063578019
16_time_of_day_session_effect,201,2016-06-04 12:00:00+00:00,2016-06-05 00:00:00+00:00,572.7269897460938,574.9769897460938,LONG,0.9231409860909296,0.9231409860909296,0.0036266270943952073,0.0007385127888727437,0.00036925639443637185,0.0025171559663597076,0.11475623553443963,2,24,signal_flat,0.0,0.003928573369656352
16_time_of_day_session_effect,202,2016-06-05 12:00:00+00:00,2016-06-06 00:00:00+00:00,574.9769897460938,585.5369873046875,LONG,0.9377756201163298,0.9377756201163298,0.017223138378651193,0.0007502204960930638,0.0003751102480465319,0.016088433363268484,0.7450935912334923,2,24,signal_flat,0.0,0.018365948110822705
16_time_of_day_session_effect,203,2016-06-06 12:00:00+00:00,2016-06-07 00:00:00+00:00,585.5369873046875,576.5969848632812,LONG,0.9154649045521348,0.9154649045521348,-0.013977355246832746,0.0007323719236417078,0.0003661859618208539,-0.015067933958026192,-0.6812296495144416,2,24,signal_flat,-0.015268040508522596,0.0
16_time_of_day_session_effect,204,2016-06-07 12:00:00+00:00,2016-06-08 00:00:00+00:00,576.5969848632812,581.64501953125,LONG,0.883628458519654,0.883628458519654,0.007736056915505163,0.0007069027668157231,0.00035345138340786157,0.006671882372984106,0.29114960778817933,2,24,signal_flat,0.0,0.008754875243001337
16_time_of_day_session_effect,205,2016-06-08 12:00:00+00:00,2016-06-09 00:00:00+00:00,581.64501953125,574.6300048828125,LONG,0.88186264997167,0.88186264997167,-0.01063583319676098,0.0007054901199773359,0.00035274505998866796,-0.011688160804874337,-0.5090322063985389,2,24,signal_flat,-0.012060645948779758,0.0
16_time_of_day_session_effect,206,2016-06-09 12:00:00+00:00,2016-06-10 00:00:00+00:00,574.6300048828125,577.469970703125,LONG,0.8719834408566804,0.8719834408566804,0.0043095611904506725,0.0006975867526853443,0.00034879337634267216,0.0032612000696690124,0.14043773436653312,2,24,signal_flat,0.0,0.00494225118107372
16_time_of_day_session_effect,207,2016-06-10 12:00:00+00:00,2016-06-11 00:00:00+00:00,577.469970703125,606.7269897460938,LONG,0.9920500649207894,0.9920500649207894,0.050261362691510714,0.0007936400519366315,0.00039682002596831575,0.049041339839532405,2.4026695844612127,2,24,signal_flat,0.0,0.05066413930986835
16_time_of_day_session_effect,208,2016-06-11 12:00:00+00:00,2016-06-12 00:00:00+00:00,606.7269897460938,672.7839965820312,LONG,1.0,1.0,0.10887435032943138,0.0008,0.0004,0.10760938571923373,6.944876848455717,2,24,signal_flat,0.0,0.10887435032943138
16_time_of_day_session_effect,209,2016-06-12 12:00:00+00:00,2016-06-13 00:00:00+00:00,672.7839965820312,704.3759765625,LONG,0.8897303438896725,0.8897303438896725,0.041779149556139705,0.000711784275111738,0.000355892137555869,0.040689454820441506,1.7878801686215269,2,24,signal_flat,0.0,0.04695709193584663
16_time_of_day_session_effect,210,2016-06-13 12:00:00+00:00,2016-06-14 00:00:00+00:00,704.3759765625,685.5590209960938,LONG,0.8074773763657778,0.8074773763657778,-0.02157124379241937,0.0006459819010926222,0.0003229909505463111,-0.02252953094215593,-0.8984225564905263,2,24,signal_flat,-0.026714363056839163,0.0
16_time_of_day_session_effect,211,2016-06-14 12:00:00+00:00,2016-06-15 00:00:00+00:00,685.5590209960938,694.468994140625,LONG,0.7597128983508854,0.7597128983508854,0.009873725404452083,0.0006077703186807083,0.00030388515934035417,0.008957776987431831,0.3360840328375049,2,24,signal_flat,0.0,0.012996653638348121
16_time_of_day_session_effect,212,2016-06-15 12:00:00+00:00,2016-06-16 00:00:00+00:00,694.468994140625,766.3079833984375,LONG,0.7544914037788376,0.7544914037788376,0.07804797666777374,0.0006035931230230701,0.00030179656151153503,0.07710745999937241,2.873087331776394,2,24,signal_flat,0.0,0.1034444876069811
16_time_of_day_session_effect,213,2016-06-16 12:00:00+00:00,2016-06-17 00:00:00+00:00,766.3079833984375,748.9089965820312,LONG,0.5940402603582388,0.5940402603582388,-0.013487656245665836,0.000475232208286591,0.0002376161041432955,-0.014195570193419882,-0.4164538249085334,2,24,signal_flat,-0.02270495309111209,0.0
16_time_of_day_session_effect,214,2016-06-17 12:00:00+00:00,2016-06-18 00:00:00+00:00,748.9089965820312,756.2269897460938,LONG,0.6415377016806988,0.6415377016806988,0.006268810411965031,0.0005132301613445591,0.00025661508067227953,0.0054967003284380755,0.174149558754427,2,24,signal_flat,0.0,0.009771538594757656
16_time_of_day_session_effect,215,2016-06-18 12:00:00+00:00,2016-06-19 00:00:00+00:00,756.2269897460938,763.781005859375,LONG,0.6364041078609944,0.6364041078609944,0.006357095092512255,0.0005091232862887955,0.00025456164314439776,0.005591128557888458,0.1757238000559098,2,24,signal_flat,0.0,0.009989085573125944
16_time_of_day_session_effect,216,2016-06-19 12:00:00+00:00,2016-06-20 00:00:00+00:00,763.781005859375,737.2260131835938,LONG,0.6278617758558402,0.6278617758558402,-0.02182937875038571,0.0005022894206846722,0.0002511447103423361,-0.02257444746616033,-0.6999698070667472,2,24,signal_flat,-0.034767809715171794,0.0
16_time_of_day_session_effect,217,2016-06-20 12:00:00+00:00,2016-06-21 00:00:00+00:00,737.2260131835938,666.6519775390625,LONG,0.6058530654935129,0.6058530654935129,-0.05799781217003752,0.0004846824523948103,0.00024234122619740516,-0.05870362081639535,-1.7564279232338733,2,24,signal_flat,-0.09572917176344398,0.0
16_time_of_day_session_effect,218,2016-06-21 12:00:00+00:00,2016-06-22 00:00:00+00:00,666.6519775390625,596.1160278320312,LONG,0.5169577994133768,0.5169577994133768,-0.05469736919507284,0.00041356623953070146,0.00020678311976535073,-0.05530065660706929,-1.4118336013057025,2,24,signal_flat,-0.10580625586293746,0.0
16_time_of_day_session_effect,219,2016-06-22 12:00:00+00:00,2016-06-23 00:00:00+00:00,596.1160278320312,623.9769897460938,LONG,0.43922353229223615,0.43922353229223615,0.020528201782224365,0.0003513788258337889,0.00017568941291689445,0.019995793112126847,0.43373290284661103,2,24,signal_flat,0.0,0.046737481653341684
16_time_of_day_session_effect,220,2016-06-23 12:00:00+00:00,2016-06-24 00:00:00+00:00,623.9769897460938,665.2990112304688,LONG,0.41682845733432666,0.41682845733432666,0.02760389365684257,0.00033346276586746133,0.00016673138293373066,0.027096858403542257,0.5577947686900221,2,24,signal_flat,0.0,0.0662236302995558
16_time_of_day_session_effect,221,2016-06-24 12:00:00+00:00,2016-06-25 00:00:00+00:00,665.2990112304688,665.1229858398438,LONG,0.3823740778816799,0.3823740778816799,-0.00010116886586009066,0.0003058992623053439,0.00015294963115267194,-0.0005599419131302463,-0.010573762549058488,2,24,signal_flat,-0.00026458086913350165,0.0
16_time_of_day_session_effect,222,2016-06-25 12:00:00+00:00,2016-06-26 00:00:00+00:00,665.1229858398438,629.3670043945312,LONG,0.4102640951507946,0.4102640951507946,-0.022055162257498595,0.00032821127612063565,0.00016410563806031783,-0.022541989512981475,-0.45672405729473586,2,24,signal_flat,-0.0537584510031085,0.0
16_time_of_day_session_effect,223,2016-06-26 12:00:00+00:00,2016-06-27 00:00:00+00:00,629.3670043945312,655.2750244140625,LONG,0.4458251888437769,0.4458251888437769,0.018352484062757135,0.00035666015107502154,0.00017833007553751077,0.017812656189976517,0.3921853996188893,2,24,signal_flat,0.0,0.04116520224071096
16_time_of_day_session_effect,224,2016-06-27 12:00:00+00:00,2016-06-28 00:00:00+00:00,655.2750244140625,647.0009765625,LONG,0.44992339268987,0.44992339268987,-0.005681107232771598,0.000359938714151896,0.000179969357075948,-0.006219408790993808,-0.13819292554983553,2,24,signal_flat,-0.012626832312067848,0.0
16_time_of_day_session_effect,225,2016-06-28 12:00:00+00:00,2016-06-29 00:00:00+00:00,647.0009765625,639.8900146484375,LONG,0.46021308798519883,0.46021308798519883,-0.005058041424300219,0.00036817047038815905,0.00018408523519407953,-0.005608824217173569,-0.12747614707168273,2,24,signal_flat,-0.010990650975278071,0.0
16_time_of_day_session_effect,226,2016-06-29 12:00:00+00:00,2016-06-30 00:00:00+00:00,639.8900146484375,673.3369750976562,LONG,0.46171670126618775,0.46171670126618775,0.024133866590305475,0.0003693733610129502,0.0001846866805064751,0.02357319748885578,0.537517010534305,2,24,signal_flat,0.0,0.05226985838745257
16_time_of_day_session_effect,227,2016-06-30 12:00:00+00:00,2016-07-01 00:00:00+00:00,673.3369750976562,676.2960205078125,LONG,0.5036995548336649,0.5036995548336649,0.0022135571206558513,0.00040295964386693193,0.00020147982193346596,0.0016085400109806525,0.04001304191243811,2,24,signal_flat,0.0,0.004394598127820171
16_time_of_day_session_effect,228,2016-07-01 12:00:00+00:00,2016-07-02 00:00:00+00:00,676.2960205078125,703.7020263671875,LONG,0.5206380302053387,0.5206380302053387,0.021098170732554378,0.00041651042416427096,0.00020825521208213548,0.020466911973302526,0.5262430142969943,2,24,signal_flat,0.0,0.04052368345860824
16_time_of_day_session_effect,229,2016-07-02 12:00:00+00:00,2016-07-03 00:00:00+00:00,703.7020263671875,658.6640014648438,LONG,0.49280524186815233,0.49280524186815233,-0.03154030246273898,0.00039424419349452187,0.00019712209674726093,-0.03212225538862812,-0.7817708688175717,2,24,signal_flat,-0.06400155636164562,0.0
16_time_of_day_session_effect,230,2016-07-03 12:00:00+00:00,2016-07-04 00:00:00+00:00,658.6640014648438,683.6619873046875,LONG,0.45050533601901216,0.45050533601901216,0.01709783134577214,0.0003604042688152097,0.00018020213440760486,0.01655267640781677,0.3682699630967584,2,24,signal_flat,0.0,0.037952561221273884
16_time_of_day_session_effect,231,2016-07-04 12:00:00+00:00,2016-07-05 00:00:00+00:00,683.6619873046875,670.6270141601562,LONG,0.44823676144145363,0.44823676144145363,-0.008546261539003841,0.00035858940915316293,0.00017929470457658147,-0.00908177487374684,-0.20103715869155883,2,24,signal_flat,-0.01906640033610929,0.0
16_time_of_day_session_effect,232,2016-07-05 12:00:00+00:00,2016-07-06 00:00:00+00:00,670.6270141601562,677.3309936523438,LONG,0.5100651190904254,0.5100651190904254,0.005098908970055049,0.0004080520952723403,0.00020402604763617016,0.0044853640216933055,0.11298517283498814,2,24,signal_flat,0.0,0.009996584316817492
16_time_of_day_session_effect,233,2016-07-06 12:00:00+00:00,2016-07-07 00:00:00+00:00,677.3309936523438,640.56201171875,LONG,0.6163088989815291,0.6163088989815291,-0.033456391313160916,0.0004930471191852233,0.0002465235595926116,-0.03418345356772501,-1.040429146756756,2,24,signal_flat,-0.054285101786537004,0.0
16_time_of_day_session_effect,234,2016-07-07 12:00:00+00:00,2016-07-08 00:00:00+00:00,640.56201171875,666.5230102539062,LONG,0.6063592315411168,0.6063592315411168,0.02457481217092372,0.0004850873852328935,0.00024254369261644674,0.023838372756286974,0.7138463352789469,2,24,signal_flat,0.0,0.04052847040600782
16_time_of_day_session_effect,235,2016-07-08 12:00:00+00:00,2016-07-09 00:00:00+00:00,666.5230102539062,650.9600219726562,LONG,0.6416232250179208,0.6416232250179208,-0.014981590400199085,0.0005132985800143366,0.0002566492900071683,-0.015745622543480997,-0.49892819375461217,2,24,signal_flat,-0.023349513882981232,0.0
16_time_of_day_session_effect,236,2016-07-09 12:00:00+00:00,2016-07-10 00:00:00+00:00,650.9600219726562,649.3599853515625,LONG,0.6097636259118531,0.6097636259118531,-0.00149877734229098,0.00048781090072948246,0.00024390545036474123,-0.0022298115012365782,-0.06714718322553201,2,24,signal_flat,-0.0024579644941098433,0.0
16_time_of_day_session_effect,237,2016-07-10 12:00:00+00:00,2016-07-11 00:00:00+00:00,649.3599853515625,647.6589965820312,LONG,0.6853934412818642,0.6853934412818642,-0.0017953778684094424,0.0005483147530254914,0.0002741573765127457,-0.002616942558717361,-0.08857930495602541,2,24,signal_flat,-0.0026194850435854455,0.0
16_time_of_day_session_effect,238,2016-07-11 12:00:00+00:00,2016-07-12 00:00:00+00:00,647.6589965820312,664.551025390625,LONG,0.7558321765453705,0.7558321765453705,0.01971336608932517,0.0006046657412362964,0.0003023328706181482,0.018797633141252046,0.7016599365090557,2,24,signal_flat,0.0,0.026081670906665577
16_time_of_day_session_effect,239,2016-07-12 12:00:00+00:00,2016-07-13 00:00:00+00:00,664.551025390625,654.468017578125,LONG,0.7296568195986903,0.7296568195986903,-0.011070835995073525,0.0005837254556789523,0.0002918627278394761,-0.0119413857683357,-0.430300160748456,2,24,signal_flat,-0.015172661582416813,0.0
16_time_of_day_session_effect,240,2016-07-13 12:00:00+00:00,2016-07-14 00:00:00+00:00,654.468017578125,658.0780029296875,LONG,0.7218864307472376,0.7218864307472376,0.003981859113807884,0.00057750914459779,0.000288754572298895,0.0031140583300801605,0.1110180910987806,2,24,signal_flat,0.0,0.0055159079658642085
16_time_of_day_session_effect,241,2016-07-14 12:00:00+00:00,2016-07-15 00:00:00+00:00,658.0780029296875,663.2550048828125,LONG,0.8194479773296951,0.8194479773296951,0.0064464755853166356,0.0006555583818637561,0.00032777919093187805,0.00546021021988885,0.22096774568231237,2,24,signal_flat,0.0,0.007866851543552045
16_time_of_day_session_effect,242,2016-07-15 12:00:00+00:00,2016-07-16 00:00:00+00:00,663.2550048828125,660.7670288085938,LONG,0.8113049289672025,0.8113049289672025,-0.00304333512345345,0.000649043943173762,0.000324521971586881,-0.004015182636894932,-0.16087462702566085,2,24,signal_flat,-0.0037511606484723625,0.0
16_time_of_day_session_effect,243,2016-07-16 12:00:00+00:00,2016-07-17 00:00:00+00:00,660.7670288085938,679.458984375,LONG,0.9067283134201004,0.9067283134201004,0.025649774589707297,0.0007253826507360804,0.0003626913253680402,0.02454804216373563,1.0992391096106644,2,24,signal_flat,0.0,0.02828826916516869
16_time_of_day_session_effect,244,2016-07-17 12:00:00+00:00,2016-07-18 00:00:00+00:00,679.458984375,673.1060180664062,LONG,1.0,1.0,-0.00935003650652666,0.0008,0.0004,-0.010544066484622805,-0.5330428018438842,2,24,signal_flat,-0.00935003650652666,0.0
16_time_of_day_session_effect,245,2016-07-18 12:00:00+00:00,2016-07-19 00:00:00+00:00,673.1060180664062,672.864013671875,LONG,1.0,1.0,-0.0003595338446481522,0.0008,0.0004,-0.0015589581243414807,-0.08788872401265115,2,24,signal_flat,-0.0003595338446481522,0.0
16_time_of_day_session_effect,246,2016-07-19 12:00:00+00:00,2016-07-20 00:00:00+00:00,672.864013671875,665.6849975585938,LONG,1.0,1.0,-0.010669341750207062,0.0008,0.0004,-0.011862580145157064,-0.723254938027261,2,24,signal_flat,-0.010669341750207062,0.0
16_time_of_day_session_effect,247,2016-07-20 12:00:00+00:00,2016-07-21 00:00:00+00:00,665.6849975585938,665.0120239257812,LONG,1.0,1.0,-0.0010109490754345307,0.0008,0.0004,-0.0022099825059893607,-0.13434779231018282,2,24,signal_flat,-0.0010109490754345307,0.0
16_time_of_day_session_effect,248,2016-07-21 12:00:00+00:00,2016-07-22 00:00:00+00:00,665.0120239257812,650.6190185546875,LONG,1.0,1.0,-0.021643225766245777,0.0008,0.0004,-0.022829879830786104,-1.8055306593303824,2,24,signal_flat,-0.021643225766245777,0.0
16_time_of_day_session_effect,249,2016-07-22 12:00:00+00:00,2016-07-23 00:00:00+00:00,650.6190185546875,655.5560302734375,LONG,1.0,1.0,0.007588176149103898,0.0008,0.0004,0.006383983243414493,0.5651808697889302,2,24,signal_flat,0.0,0.007588176149103898
16_time_of_day_session_effect,250,2016-07-23 12:00:00+00:00,2016-07-24 00:00:00+00:00,655.5560302734375,661.2849731445312,LONG,1.0,1.0,0.008739059068229693,0.0008,0.0004,0.007534175632788687,0.7408483594245461,2,24,signal_flat,0.0,0.008739059068229693
16_time_of_day_session_effect,251,2016-07-24 12:00:00+00:00,2016-07-25 00:00:00+00:00,661.2849731445312,654.0969848632812,LONG,1.0,1.0,-0.010869728745036777,0.0008,0.0004,-0.012062846907789804,-1.1360421572817343,2,24,signal_flat,-0.010869728745036777,0.0
16_time_of_day_session_effect,252,2016-09-13 12:00:00+00:00,2016-09-14 00:00:00+00:00,609.2410278320312,610.6840209960938,LONG,1.0,1.0,0.0023685095030407943,0.0008,0.0004,0.0011674483973389549,0.11294055512508791,2,24,signal_flat,0.0,0.0023685095030407943
16_time_of_day_session_effect,253,2016-09-14 12:00:00+00:00,2016-09-15 00:00:00+00:00,610.6840209960938,607.155029296875,LONG,1.0,1.0,-0.005778752313614799,0.0008,0.0004,-0.0069749250622267445,-0.6801610874180735,2,24,signal_flat,-0.005778752313614799,0.0
16_time_of_day_session_effect,254,2016-09-15 12:00:00+00:00,2016-09-16 00:00:00+00:00,607.155029296875,606.9730224609375,LONG,1.0,1.0,-0.00029976995520941685,0.0008,0.0004,-0.0014992300932363811,-0.14592127944143324,2,24,signal_flat,-0.00029976995520941685,0.0
16_time_of_day_session_effect,255,2016-09-16 12:00:00+00:00,2016-09-17 00:00:00+00:00,606.9730224609375,605.9840087890625,LONG,1.0,1.0,-0.0016294194886373736,0.0008,0.0004,-0.002828081836944274,-0.28589534919072546,2,24,signal_flat,-0.0016294194886373736,0.0
16_time_of_day_session_effect,256,2016-09-17 12:00:00+00:00,2016-09-18 00:00:00+00:00,605.9840087890625,609.8740234375,LONG,1.0,1.0,0.006419335480833732,0.0008,0.0004,0.005215843879545323,0.7250003269906392,2,24,signal_flat,0.0,0.006419335480833732
16_time_of_day_session_effect,257,2016-09-18 12:00:00+00:00,2016-09-19 00:00:00+00:00,609.8740234375,609.2269897460938,LONG,1.0,1.0,-0.0010609300716880599,0.0008,0.0004,-0.0022599335136451737,-0.35265363969767016,2,24,signal_flat,-0.0010609300716880599,0.0
16_time_of_day_session_effect,258,2016-09-19 12:00:00+00:00,2016-09-20 00:00:00+00:00,609.2269897460938,608.31201171875,LONG,1.0,1.0,-0.0015018671902981007,0.0008,0.0004,-0.002700606069984013,-0.43249338023334283,2,24,signal_flat,-0.0015018671902981007,0.0
16_time_of_day_session_effect,259,2016-09-20 12:00:00+00:00,2016-09-21 00:00:00+00:00,608.31201171875,597.1489868164062,LONG,1.0,1.0,-0.018350821103800485,0.0008,0.0004,-0.019539450611138265,-3.3125174836994966,2,24,signal_flat,-0.018350821103800485,0.0
16_time_of_day_session_effect,260,2016-09-21 12:00:00+00:00,2016-09-22 00:00:00+00:00,597.1489868164062,596.2979736328125,LONG,1.0,1.0,-0.0014251270660791127,0.0008,0.0004,-0.002623911989839578,-0.3899551533370577,2,24,signal_flat,-0.0014251270660791127,0.0
16_time_of_day_session_effect,261,2016-09-22 12:00:00+00:00,2016-09-23 00:00:00+00:00,596.2979736328125,602.8419799804688,LONG,1.0,1.0,0.010974389712895327,0.0008,0.0004,0.009768165079067526,1.7882914214998353,2,24,signal_flat,0.0,0.010974389712895327
16_time_of_day_session_effect,262,2016-09-23 12:00:00+00:00,2016-09-24 00:00:00+00:00,602.8419799804688,602.625,LONG,1.0,1.0,-0.0003599284516910828,0.0008,0.0004,-0.0015593524946201365,-0.26645797148130623,2,24,signal_flat,-0.0003599284516910828,0.0
16_time_of_day_session_effect,263,2016-09-24 12:00:00+00:00,2016-09-25 00:00:00+00:00,602.625,600.8259887695312,LONG,1.0,1.0,-0.0029852914009023124,0.0008,0.0004,-0.00418314022606181,-0.7207892390504774,2,24,signal_flat,-0.0029852914009023124,0.0
16_time_of_day_session_effect,264,2016-09-25 12:00:00+00:00,2016-09-26 00:00:00+00:00,600.8259887695312,608.0430297851562,LONG,1.0,1.0,0.012011865582587822,0.0008,0.0004,0.010805018463238225,2.6396535870349775,2,24,signal_flat,0.0,0.012011865582587822
16_time_of_day_session_effect,265,2016-09-26 12:00:00+00:00,2016-09-27 00:00:00+00:00,608.0430297851562,606.166015625,LONG,1.0,1.0,-0.0030869758688286675,0.0008,0.0004,-0.004284763683307435,-0.8979119385705233,2,24,signal_flat,-0.0030869758688286675,0.0
16_time_of_day_session_effect,266,2016-09-27 12:00:00+00:00,2016-09-28 00:00:00+00:00,606.166015625,604.72802734375,LONG,1.0,1.0,-0.0023722680654858497,0.0008,0.0004,-0.0035704847046466037,-0.732375106972581,2,24,signal_flat,-0.0023722680654858497,0.0
16_time_of_day_session_effect,267,2016-09-28 12:00:00+00:00,2016-09-29 00:00:00+00:00,604.72802734375,605.6929931640625,LONG,1.0,1.0,0.0015957021614345646,0.0008,0.0004,0.0003951047401378194,0.0810391211168917,2,24,signal_flat,0.0,0.0015957021614345646
16_time_of_day_session_effect,268,2016-09-29 12:00:00+00:00,2016-09-30 00:00:00+00:00,605.6929931640625,609.7349853515625,LONG,1.0,1.0,0.006673334895926697,0.0008,0.0004,0.005469690894989165,1.195118786154095,2,24,signal_flat,0.0,0.006673334895926697
16_time_of_day_session_effect,269,2016-09-30 12:00:00+00:00,2016-10-01 00:00:00+00:00,609.7349853515625,613.9829711914062,LONG,1.0,1.0,0.006966938000768419,0.0008,0.0004,0.005763117837968013,1.1453057747464233,2,24,signal_flat,0.0,0.006966938000768419
16_time_of_day_session_effect,270,2016-10-01 12:00:00+00:00,2016-10-02 00:00:00+00:00,613.9829711914062,610.8920288085938,LONG,1.0,1.0,-0.005034247736243724,0.0008,0.0004,-0.006230867187602018,-1.1510509936219915,2,24,signal_flat,-0.005034247736243724,0.0
16_time_of_day_session_effect,271,2016-10-02 12:00:00+00:00,2016-10-03 00:00:00+00:00,610.8920288085938,612.1329956054688,LONG,1.0,1.0,0.002031401194242388,0.0008,0.0004,0.0008305423535257539,0.15628550831304064,2,24,signal_flat,0.0,0.002031401194242388
16_time_of_day_session_effect,272,2016-10-03 12:00:00+00:00,2016-10-04 00:00:00+00:00,612.1329956054688,610.2039794921875,LONG,1.0,1.0,-0.003151302293994518,0.0008,0.0004,-0.004349051512618218,-0.8078359186712689,2,24,signal_flat,-0.003151302293994518,0.0
16_time_of_day_session_effect,273,2016-10-04 12:00:00+00:00,2016-10-05 00:00:00+00:00,610.2039794921875,612.510986328125,LONG,1.0,1.0,0.003780714176687905,0.0008,0.0004,0.0025788057481819227,0.4687544924292064,2,24,signal_flat,0.0,0.003780714176687905
16_time_of_day_session_effect,274,2016-10-05 12:00:00+00:00,2016-10-06 00:00:00+00:00,612.510986328125,613.02099609375,LONG,1.0,1.0,0.0008326540699006291,0.0008,0.0004,-0.00036748552254128874,-0.08238334044107348,2,24,signal_flat,0.0,0.0008326540699006291
16_time_of_day_session_effect,275,2016-10-06 12:00:00+00:00,2016-10-07 00:00:00+00:00,613.02099609375,617.1209716796875,LONG,1.0,1.0,0.0066881487127896655,0.0008,0.0004,0.00548449582356203,1.2412972603559689,2,24,signal_flat,0.0,0.0066881487127896655
16_time_of_day_session_effect,276,2016-10-07 12:00:00+00:00,2016-10-08 00:00:00+00:00,617.1209716796875,619.1079711914062,LONG,1.0,1.0,0.003219789316688537,0.0008,0.0004,0.002018217443098491,0.49078799748021,2,24,signal_flat,0.0,0.003219789316688537
16_time_of_day_session_effect,277,2016-10-08 12:00:00+00:00,2016-10-09 00:00:00+00:00,619.1079711914062,616.7520141601562,LONG,1.0,1.0,-0.003805405746458379,0.0008,0.0004,-0.005002762503010572,-1.1589928983518853,2,24,signal_flat,-0.003805405746458379,0.0
16_time_of_day_session_effect,278,2016-10-09 12:00:00+00:00,2016-10-10 00:00:00+00:00,616.7520141601562,618.9940185546875,LONG,1.0,1.0,0.003635179688199708,0.0008,0.0004,0.0024333585803868463,0.5561894562397273,2,24,signal_flat,0.0,0.003635179688199708
16_time_of_day_session_effect,279,2016-10-10 12:00:00+00:00,2016-10-11 00:00:00+00:00,618.9940185546875,641.072021484375,LONG,1.0,1.0,0.03566755456092818,0.0008,0.0004,0.034446514028191544,9.120751816922468,2,24,signal_flat,0.0,0.03566755456092818
16_time_of_day_session_effect,280,2016-10-11 12:00:00+00:00,2016-10-12 00:00:00+00:00,641.072021484375,636.1920166015625,LONG,1.0,1.0,-0.007612256843642973,0.0008,0.0004,-0.008807329489536886,-1.4429013095050136,2,24,signal_flat,-0.007612256843642973,0.0
16_time_of_day_session_effect,281,2016-10-12 12:00:00+00:00,2016-10-13 00:00:00+00:00,636.1920166015625,636.7860107421875,LONG,1.0,1.0,0.0009336711639325035,0.0008,0.0004,-0.0002665290387657837,-0.04114253035149524,2,24,signal_flat,0.0,0.0009336711639325035
16_time_of_day_session_effect,282,2016-10-13 12:00:00+00:00,2016-10-14 00:00:00+00:00,636.7860107421875,640.3779907226562,LONG,1.0,1.0,0.005640795997202019,0.0008,0.0004,0.004437771519603784,0.6900700677119859,2,24,signal_flat,0.0,0.005640795997202019
16_time_of_day_session_effect,283,2016-10-14 12:00:00+00:00,2016-10-15 00:00:00+00:00,640.3779907226562,638.64599609375,LONG,1.0,1.0,-0.002704644216381835,0.0008,0.0004,-0.0039026614298520723,-0.6139013875254536,2,24,signal_flat,-0.002704644216381835,0.0
16_time_of_day_session_effect,284,2016-10-15 12:00:00+00:00,2016-10-16 00:00:00+00:00,638.64599609375,641.6309814453125,LONG,1.0,1.0,0.004673927919097709,0.0008,0.0004,0.003471483562346167,0.5735432066381244,2,24,signal_flat,0.0,0.004673927919097709
16_time_of_day_session_effect,285,2016-10-16 12:00:00+00:00,2016-10-17 00:00:00+00:00,641.6309814453125,639.1929931640625,LONG,1.0,1.0,-0.0037996735690011274,0.0008,0.0004,-0.004997033764859826,-0.8291134196077358,2,24,signal_flat,-0.0037996735690011274,0.0
16_time_of_day_session_effect,286,2016-10-17 12:00:00+00:00,2016-10-18 00:00:00+00:00,639.1929931640625,637.9600219726562,LONG,1.0,1.0,-0.0019289497923044019,0.0008,0.0004,-0.0031274324224290773,-0.5082557182271635,2,24,signal_flat,-0.0019289497923044019,0.0
16_time_of_day_session_effect,287,2016-10-18 12:00:00+00:00,2016-10-19 00:00:00+00:00,637.9600219726562,630.52001953125,LONG,1.0,1.0,-0.011662176602227792,0.0008,0.0004,-0.012854819296266529,-2.1191749586130073,2,24,signal_flat,-0.011662176602227792,0.0
16_time_of_day_session_effect,288,2016-10-19 12:00:00+00:00,2016-10-20 00:00:00+00:00,630.52001953125,630.8569946289062,LONG,1.0,1.0,0.0005344399657709609,0.0008,0.0004,-0.0006655206982085771,-0.10039660603611814,2,24,signal_flat,0.0,0.0005344399657709609
16_time_of_day_session_effect,289,2016-10-20 12:00:00+00:00,2016-10-21 00:00:00+00:00,630.8569946289062,632.8280029296875,LONG,1.0,1.0,0.0031243345442188986,0.0008,0.0004,0.0019228199434924154,0.2910005892266001,2,24,signal_flat,0.0,0.0031243345442188986
16_time_of_day_session_effect,290,2016-10-21 12:00:00+00:00,2016-10-22 00:00:00+00:00,632.8280029296875,657.2940063476562,LONG,1.0,1.0,0.0386613792447601,0.0008,0.0004,0.03743854241721323,5.892996333337186,2,24,signal_flat,0.0,0.0386613792447601
16_time_of_day_session_effect,291,2016-10-22 12:00:00+00:00,2016-10-23 00:00:00+00:00,657.2940063476562,657.0709838867188,LONG,1.0,1.0,-0.0003393039625855243,0.0008,0.0004,-0.0015387403802080701,-0.17319187197185332,2,24,signal_flat,-0.0003393039625855243,0.0
16_time_of_day_session_effect,292,2016-10-23 12:00:00+00:00,2016-10-24 00:00:00+00:00,657.0709838867188,653.760986328125,LONG,1.0,1.0,-0.005037503770162544,0.0008,0.0004,-0.006234121267900572,-0.7217907162223428,2,24,signal_flat,-0.005037503770162544,0.0
16_time_of_day_session_effect,293,2016-10-24 12:00:00+00:00,2016-10-25 00:00:00+00:00,653.760986328125,657.5880126953125,LONG,1.0,1.0,0.005853861651613945,0.0008,0.0004,0.004650709334623082,0.5322891174195558,2,24,signal_flat,0.0,0.005853861651613945
16_time_of_day_session_effect,294,2016-10-25 12:00:00+00:00,2016-10-26 00:00:00+00:00,657.5880126953125,678.3040161132812,LONG,1.0,1.0,0.031503012551975074,0.0008,0.0004,0.030284470744443848,4.58325273279214,2,24,signal_flat,0.0,0.031503012551975074
16_time_of_day_session_effect,295,2016-10-26 12:00:00+00:00,2016-10-27 00:00:00+00:00,678.3040161132812,688.31298828125,LONG,1.0,1.0,0.01475587926682298,0.0008,0.0004,0.013547385739262952,1.6294432034758604,2,24,signal_flat,0.0,0.01475587926682298
16_time_of_day_session_effect,296,2016-10-27 12:00:00+00:00,2016-10-28 00:00:00+00:00,688.31298828125,689.6510009765625,LONG,1.0,1.0,0.0019439015652655822,0.0008,0.0004,0.0007430952243263622,0.07989051208289755,2,24,signal_flat,0.0,0.0019439015652655822
16_time_of_day_session_effect,297,2016-10-28 12:00:00+00:00,2016-10-29 00:00:00+00:00,689.6510009765625,714.47900390625,LONG,1.0,1.0,0.03600082200204224,0.0008,0.0004,0.03477958150884097,3.848424277881648,2,24,signal_flat,0.0,0.03600082200204224
16_time_of_day_session_effect,298,2016-10-29 12:00:00+00:00,2016-10-30 00:00:00+00:00,714.47900390625,701.864013671875,LONG,1.0,1.0,-0.01765620846155791,0.0008,0.0004,-0.01884525473648102,-1.6508255689273645,2,24,signal_flat,-0.01765620846155791,0.0
16_time_of_day_session_effect,299,2016-10-30 12:00:00+00:00,2016-10-31 00:00:00+00:00,701.864013671875,700.9719848632812,LONG,1.0,1.0,-0.0012709425062655821,0.0008,0.0004,-0.002469819940761897,-0.20009947706404152,2,24,signal_flat,-0.0012709425062655821,0.0
16_time_of_day_session_effect,300,2016-10-31 12:00:00+00:00,2016-11-01 00:00:00+00:00,700.9719848632812,729.7930297851562,LONG,1.0,1.0,0.04111582993933238,0.0008,0.0004,0.03989152044136879,3.279922348498353,2,24,signal_flat,0.0,0.04111582993933238
16_time_of_day_session_effect,301,2016-11-01 12:00:00+00:00,2016-11-02 00:00:00+00:00,729.7930297851562,740.8289794921875,LONG,1.0,1.0,0.015122026734456728,0.0008,0.0004,0.013913313518416182,0.9299473165490539,2,24,signal_flat,0.0,0.015122026734456728
16_time_of_day_session_effect,302,2016-11-02 12:00:00+00:00,2016-11-03 00:00:00+00:00,740.8289794921875,688.7000122070312,LONG,1.0,1.0,-0.07036572370709482,0.0008,0.0004,-0.07152314427287065,-4.70283028557013,2,24,signal_flat,-0.07036572370709482,0.0
16_time_of_day_session_effect,303,2016-11-03 12:00:00+00:00,2016-11-04 00:00:00+00:00,688.7000122070312,703.2349853515625,LONG,1.0,1.0,0.021104941029334467,0.0008,0.0004,0.01989263806471686,0.9849556639393998,2,24,signal_flat,0.0,0.021104941029334467
16_time_of_day_session_effect,304,2016-11-04 12:00:00+00:00,2016-11-05 00:00:00+00:00,703.2349853515625,703.4180297851562,LONG,0.9426516185080295,0.9426516185080295,0.000245361984514858,0.0007541212948064236,0.0003770606474032118,-0.0008856388390713343,-0.04122930418792286,2,24,signal_flat,0.0,0.0002602891457430534
16_time_of_day_session_effect,305,2016-11-05 12:00:00+00:00,2016-11-06 00:00:00+00:00,703.4180297851562,711.52197265625,LONG,1.0,1.0,0.011520806302859343,0.0008,0.0004,0.01031425381907769,0.5504495021329577,2,24,signal_flat,0.0,0.011520806302859343
16_time_of_day_session_effect,306,2016-11-06 12:00:00+00:00,2016-11-07 00:00:00+00:00,711.52197265625,703.1309814453125,LONG,1.0,1.0,-0.011793017690813201,0.0008,0.0004,-0.012985581880198827,-0.6646813061244651,2,24,signal_flat,-0.011793017690813201,0.0
16_time_of_day_session_effect,307,2016-11-07 12:00:00+00:00,2016-11-08 00:00:00+00:00,703.1309814453125,709.8480224609375,LONG,1.0,1.0,0.009553043732787758,0.0008,0.0004,0.00834767190654806,0.41698557878719317,2,24,signal_flat,0.0,0.009553043732787758
16_time_of_day_session_effect,308,2016-11-08 12:00:00+00:00,2016-11-09 00:00:00+00:00,709.8480224609375,723.2730102539062,LONG,0.9983041529791687,0.9983041529791687,0.018880409106377227,0.000798643322383335,0.0003993216611916675,0.01767149386833511,0.8712329179368864,2,24,signal_flat,0.0,0.018912481782264123
16_time_of_day_session_effect,309,2016-11-09 12:00:00+00:00,2016-11-10 00:00:00+00:00,723.2730102539062,715.5339965820312,LONG,1.0,1.0,-0.010699989578151436,0.0008,0.0004,-0.011893209584404651,-0.6135582624458306,2,24,signal_flat,-0.010699989578151436,0.0
16_time_of_day_session_effect,310,2016-11-10 12:00:00+00:00,2016-11-11 00:00:00+00:00,715.5339965820312,716.4110107421875,LONG,1.0,1.0,0.0012256778354984288,0.0008,0.0004,2.530242879705824e-05,0.0013251308211875055,2,24,signal_flat,0.0,0.0012256778354984288
16_time_of_day_session_effect,311,2016-11-11 12:00:00+00:00,2016-11-12 00:00:00+00:00,716.4110107421875,705.0540161132812,LONG,1.0,1.0,-0.01585262434358825,0.0008,0.0004,-0.01704275276898215,-0.8949622184269824,2,24,signal_flat,-0.01585262434358825,0.0
16_time_of_day_session_effect,312,2016-11-12 12:00:00+00:00,2016-11-13 00:00:00+00:00,705.0540161132812,702.031005859375,LONG,1.0,1.0,-0.004287629294803641,0.0008,0.0004,-0.005484696717226845,-0.3115627167628897,2,24,signal_flat,-0.004287629294803641,0.0
16_time_of_day_session_effect,313,2016-11-13 12:00:00+00:00,2016-11-14 00:00:00+00:00,702.031005859375,705.02099609375,LONG,1.0,1.0,0.004259057234537567,0.0008,0.0004,0.0030568618001969305,0.18360709983657358,2,24,signal_flat,0.0,0.004259057234537567
16_time_of_day_session_effect,314,2016-11-14 12:00:00+00:00,2016-11-15 00:00:00+00:00,705.02099609375,711.6190185546875,LONG,1.0,1.0,0.009358618392210527,0.0008,0.0004,0.008153363221175214,0.48352424123157867,2,24,signal_flat,0.0,0.009358618392210527
16_time_of_day_session_effect,315,2016-11-15 12:00:00+00:00,2016-11-16 00:00:00+00:00,711.6190185546875,744.197998046875,LONG,1.0,1.0,0.045781490717260676,0.0008,0.0004,0.04455438182283045,3.05292570812437,2,24,signal_flat,0.0,0.045781490717260676
16_time_of_day_session_effect,316,2016-11-16 12:00:00+00:00,2016-11-17 00:00:00+00:00,744.197998046875,740.9769897460938,LONG,1.0,1.0,-0.004328160394457825,0.0008,0.0004,-0.005525203498221276,-0.3291955328429855,2,24,signal_flat,-0.004328160394457825,0.0
16_time_of_day_session_effect,317,2016-11-17 12:00:00+00:00,2016-11-18 00:00:00+00:00,740.9769897460938,751.5850219726562,LONG,1.0,1.0,0.014316277527319121,0.0008,0.0004,0.013108047760802766,1.086273402439396,2,24,signal_flat,0.0,0.014316277527319121
16_time_of_day_session_effect,318,2016-11-18 12:00:00+00:00,2016-11-19 00:00:00+00:00,751.5850219726562,751.6160278320312,LONG,1.0,1.0,4.125396125331804e-05,0.0008,0.0004,-0.0011584107911235542,-0.1000174819186903,2,24,signal_flat,0.0,4.125396125331804e-05
16_time_of_day_session_effect,319,2016-11-19 12:00:00+00:00,2016-11-20 00:00:00+00:00,751.6160278320312,731.0260009765625,LONG,1.0,1.0,-0.027394342447511155,0.0008,0.0004,-0.02857754584204275,-2.470730090710139,2,24,signal_flat,-0.027394342447511155,0.0
16_time_of_day_session_effect,320,2016-11-20 12:00:00+00:00,2016-11-21 00:00:00+00:00,731.0260009765625,739.2479858398438,LONG,1.0,1.0,0.011247185260575776,0.0008,0.0004,0.010040796949419395,0.7905976366981572,2,24,signal_flat,0.0,0.011247185260575776
16_time_of_day_session_effect,321,2016-11-21 12:00:00+00:00,2016-11-22 00:00:00+00:00,739.2479858398438,751.3469848632812,LONG,1.0,1.0,0.01636663102935887,0.0008,0.0004,0.015157171050741214,1.1971284524632775,2,24,signal_flat,0.0,0.01636663102935887
16_time_of_day_session_effect,322,2016-11-22 12:00:00+00:00,2016-11-23 00:00:00+00:00,751.3469848632812,744.593994140625,LONG,1.0,1.0,-0.00898784564083277,0.0008,0.0004,-0.010182092933448406,-0.7744238688662202,2,24,signal_flat,-0.00898784564083277,0.0
16_time_of_day_session_effect,323,2016-11-23 12:00:00+00:00,2016-11-24 00:00:00+00:00,744.593994140625,740.2890014648438,LONG,1.0,1.0,-0.0057816645173855985,0.0008,0.0004,-0.006977835518675257,-0.5609618231805069,2,24,signal_flat,-0.0057816645173855985,0.0
16_time_of_day_session_effect,324,2016-11-24 12:00:00+00:00,2016-11-25 00:00:00+00:00,740.2890014648438,741.6489868164062,LONG,1.0,1.0,0.0018371005767632287,0.0008,0.0004,0.0006363583164172848,0.052644906794780205,2,24,signal_flat,0.0,0.0018371005767632287
16_time_of_day_session_effect,325,2016-11-25 12:00:00+00:00,2016-11-26 00:00:00+00:00,741.6489868164062,735.3820190429688,LONG,1.0,1.0,-0.00845004562109497,0.0008,0.0004,-0.009644615593722428,-0.7950112614805283,2,24,signal_flat,-0.00845004562109497,0.0
16_time_of_day_session_effect,326,2016-11-26 12:00:00+00:00,2016-11-27 00:00:00+00:00,735.3820190429688,732.0349731445312,LONG,1.0,1.0,-0.004551438316092282,0.0008,0.0004,-0.005748347453102709,-0.4954333952097132,2,24,signal_flat,-0.004551438316092282,0.0
16_time_of_day_session_effect,327,2016-11-27 12:00:00+00:00,2016-11-28 00:00:00+00:00,732.0349731445312,735.81298828125,LONG,1.0,1.0,0.005160976285722985,0.0008,0.0004,0.003958239699951571,0.3405960490489845,2,24,signal_flat,0.0,0.005160976285722985
16_time_of_day_session_effect,328,2016-11-28 12:00:00+00:00,2016-11-29 00:00:00+00:00,735.81298828125,735.60400390625,LONG,1.0,1.0,-0.00028401832847246844,0.0008,0.0004,-0.0014834879174754345,-0.12694649211165174,2,24,signal_flat,-0.00028401832847246844,0.0
16_time_of_day_session_effect,329,2016-11-29 12:00:00+00:00,2016-11-30 00:00:00+00:00,735.60400390625,745.6909790039062,LONG,1.0,1.0,0.013712507060988921,0.0008,0.0004,0.012504639556752295,1.1328980245737907,2,24,signal_flat,0.0,0.013712507060988921
16_time_of_day_session_effect,330,2016-11-30 12:00:00+00:00,2016-12-01 00:00:00+00:00,745.6909790039062,756.7739868164062,LONG,1.0,1.0,0.0148627355359785,0.0008,0.0004,0.013654177894656838,1.5609942332616775,2,24,signal_flat,0.0,0.0148627355359785
16_time_of_day_session_effect,331,2016-12-01 12:00:00+00:00,2016-12-02 00:00:00+00:00,756.7739868164062,777.9439697265625,LONG,1.0,1.0,0.027973983354282694,0.0008,0.0004,0.026757558964270123,2.8167117555988677,2,24,signal_flat,0.0,0.027973983354282694
16_time_of_day_session_effect,332,2016-12-02 12:00:00+00:00,2016-12-03 00:00:00+00:00,777.9439697265625,771.155029296875,LONG,1.0,1.0,-0.008726772998926546,0.0008,0.0004,-0.009921176935127285,-0.9471179033915004,2,24,signal_flat,-0.008726772998926546,0.0
16_time_of_day_session_effect,333,2016-12-03 12:00:00+00:00,2016-12-04 00:00:00+00:00,771.155029296875,773.8720092773438,LONG,1.0,1.0,0.0035232604045207783,0.0008,0.0004,0.002321506448277999,0.2092292152012628,2,24,signal_flat,0.0,0.0035232604045207783
16_time_of_day_session_effect,334,2016-12-04 12:00:00+00:00,2016-12-05 00:00:00+00:00,773.8720092773438,758.7000122070312,LONG,1.0,1.0,-0.019605305384388316,0.0008,0.0004,-0.02079318220115778,-2.2142925593745213,2,24,signal_flat,-0.019605305384388316,0.0
16_time_of_day_session_effect,335,2016-12-05 12:00:00+00:00,2016-12-06 00:00:00+00:00,758.7000122070312,764.2239990234375,LONG,1.0,1.0,0.007280857687529396,0.0008,0.0004,0.006076849172916843,0.6084485852188508,2,24,signal_flat,0.0,0.007280857687529396
16_time_of_day_session_effect,336,2016-12-06 12:00:00+00:00,2016-12-07 00:00:00+00:00,764.2239990234375,768.1320190429688,LONG,1.0,1.0,0.005113710148497264,0.0008,0.0004,0.00391100192240823,0.41880564644885243,2,24,signal_flat,0.0,0.005113710148497264
16_time_of_day_session_effect,337,2016-12-07 12:00:00+00:00,2016-12-08 00:00:00+00:00,768.1320190429688,770.8099975585938,LONG,1.0,1.0,0.0034863518890431155,0.0008,0.0004,0.002284620077909638,0.25211711942765413,2,24,signal_flat,0.0,0.0034863518890431155
16_time_of_day_session_effect,338,2016-12-08 12:00:00+00:00,2016-12-09 00:00:00+00:00,770.8099975585938,772.7940063476562,LONG,1.0,1.0,0.0025739271614879655,0.0008,0.0004,0.0013727428051910628,0.15427906992681772,2,24,signal_flat,0.0,0.0025739271614879655
16_time_of_day_session_effect,339,2016-12-09 12:00:00+00:00,2016-12-10 00:00:00+00:00,772.7940063476562,774.6500244140625,LONG,1.0,1.0,0.0024016983195536135,0.0008,0.0004,0.001200617300561868,0.1341408786460054,2,24,signal_flat,0.0,0.0024016983195536135
16_time_of_day_session_effect,340,2016-12-10 12:00:00+00:00,2016-12-11 00:00:00+00:00,774.6500244140625,769.7310180664062,LONG,1.0,1.0,-0.006349972494194334,0.0008,0.0004,-0.007545802510697919,-0.885824347899482,2,24,signal_flat,-0.006349972494194334,0.0
16_time_of_day_session_effect,341,2016-12-11 12:00:00+00:00,2016-12-12 00:00:00+00:00,769.7310180664062,780.0869750976562,LONG,1.0,1.0,0.013453994691891902,0.0008,0.0004,0.012246282295076849,1.4162688590609327,2,24,signal_flat,0.0,0.013453994691891902
16_time_of_day_session_effect,342,2016-12-12 12:00:00+00:00,2016-12-13 00:00:00+00:00,780.0869750976562,780.5560302734375,LONG,1.0,1.0,0.0006012857421731077,0.0008,0.0004,-0.0005987150292722232,-0.06480146134782216,2,24,signal_flat,0.0,0.0006012857421731077
16_time_of_day_session_effect,343,2016-12-13 12:00:00+00:00,2016-12-14 00:00:00+00:00,780.5560302734375,781.4810180664062,LONG,1.0,1.0,0.0011850370211665684,0.0008,0.0004,-1.531400104615166e-05,-0.0016534435754580073,2,24,signal_flat,0.0,0.0011850370211665684
16_time_of_day_session_effect,344,2016-12-14 12:00:00+00:00,2016-12-15 00:00:00+00:00,781.4810180664062,778.0880126953125,LONG,1.0,1.0,-0.004341763002112309,0.0008,0.0004,-0.0055387979443111135,-0.6619763030412612,2,24,signal_flat,-0.004341763002112309,0.0
16_time_of_day_session_effect,345,2016-12-15 12:00:00+00:00,2016-12-16 00:00:00+00:00,778.0880126953125,784.906982421875,LONG,1.0,1.0,0.008763751163498146,0.0008,0.0004,0.007558852912800118,0.9925530387543304,2,24,signal_flat,0.0,0.008763751163498146
16_time_of_day_session_effect,346,2016-12-16 12:00:00+00:00,2016-12-17 00:00:00+00:00,784.906982421875,790.8289794921875,LONG,1.0,1.0,0.0075448393286550175,0.0008,0.0004,0.006340672425057869,1.0155790168037502,2,24,signal_flat,0.0,0.0075448393286550175
16_time_of_day_session_effect,347,2016-12-17 12:00:00+00:00,2016-12-18 00:00:00+00:00,790.8289794921875,790.530029296875,LONG,1.0,1.0,-0.00037802129545694285,0.0008,0.0004,-0.0015774344826797737,-0.2561193335016154,2,24,signal_flat,-0.00037802129545694285,0.0
16_time_of_day_session_effect,348,2016-12-18 12:00:00+00:00,2016-12-19 00:00:00+00:00,790.530029296875,792.7139892578125,LONG,1.0,1.0,0.002762652751951755,0.0008,0.0004,0.0015613551603006481,0.2631058817759705,2,24,signal_flat,0.0,0.002762652751951755
16_time_of_day_session_effect,349,2016-12-19 12:00:00+00:00,2016-12-20 00:00:00+00:00,792.7139892578125,800.8759765625,LONG,1.0,1.0,0.010296257433692224,0.0008,0.0004,0.009090439679231954,1.9213505739309606,2,24,signal_flat,0.0,0.010296257433692224
16_time_of_day_session_effect,350,2016-12-20 12:00:00+00:00,2016-12-21 00:00:00+00:00,800.8759765625,834.281005859375,LONG,1.0,1.0,0.041710614719965955,0.0008,0.0004,0.04048594835113395,8.184499284482499,2,24,signal_flat,0.0,0.041710614719965955
16_time_of_day_session_effect,351,2016-12-21 12:00:00+00:00,2016-12-22 00:00:00+00:00,834.281005859375,864.5399780273438,LONG,1.0,1.0,0.03626952064766198,0.0008,0.0004,0.035048118935273376,4.635549276223834,2,24,signal_flat,0.0,0.03626952064766198
16_time_of_day_session_effect,352,2016-12-22 12:00:00+00:00,2016-12-23 00:00:00+00:00,864.5399780273438,921.9840087890624,LONG,1.0,1.0,0.06644462051690314,0.0008,0.0004,0.06520511374459304,6.584791365880492,2,24,signal_flat,0.0,0.06644462051690314
16_time_of_day_session_effect,353,2016-12-23 12:00:00+00:00,2016-12-24 00:00:00+00:00,921.9840087890624,898.822021484375,LONG,1.0,1.0,-0.025121897000261906,0.0008,0.0004,-0.026306463862061813,-1.8186823030295316,2,24,signal_flat,-0.025121897000261906,0.0
16_time_of_day_session_effect,354,2016-12-24 12:00:00+00:00,2016-12-25 00:00:00+00:00,898.822021484375,896.1829833984375,LONG,1.0,1.0,-0.002936107508335395,0.0008,0.0004,-0.004133985843830512,-0.2569696980493501,2,24,signal_flat,-0.002936107508335395,0.0
16_time_of_day_session_effect,355,2016-12-25 12:00:00+00:00,2016-12-26 00:00:00+00:00,896.1829833984375,907.6099853515624,LONG,1.0,1.0,0.012750746404257995,0.0008,0.0004,0.011543455956415372,0.7285880665469453,2,24,signal_flat,0.0,0.012750746404257995
16_time_of_day_session_effect,356,2016-12-26 12:00:00+00:00,2016-12-27 00:00:00+00:00,907.6099853515624,933.197998046875,LONG,1.0,1.0,0.02819274039322206,0.0008,0.0004,0.02697618474898622,1.7080707116919056,2,24,signal_flat,0.0,0.02819274039322206
16_time_of_day_session_effect,357,2016-12-27 12:00:00+00:00,2016-12-28 00:00:00+00:00,933.197998046875,975.9210205078124,LONG,1.0,1.0,0.045781305307506015,0.0008,0.0004,0.044554196524321465,2.5080914352632755,2,24,signal_flat,0.0,0.045781305307506015
16_time_of_day_session_effect,358,2016-12-28 12:00:00+00:00,2016-12-29 00:00:00+00:00,975.9210205078124,973.4970092773438,LONG,0.9665525770218533,0.9665525770218533,-0.002400741711988341,0.0007732420616174826,0.0003866210308087413,-0.003558876217963247,-0.16987774991433482,2,24,signal_flat,-0.0024838190586440323,0.0
16_time_of_day_session_effect,359,2016-12-29 12:00:00+00:00,2016-12-30 00:00:00+00:00,973.4970092773438,961.2379760742188,LONG,0.9727144616232497,0.9727144616232497,-0.012249178753051537,0.0007781715692985997,0.00038908578464929986,-0.01340894651257718,-0.64413687952225,2,24,signal_flat,-0.012592779521968134,0.0
16_time_of_day_session_effect,360,2016-12-30 12:00:00+00:00,2016-12-31 00:00:00+00:00,961.2379760742188,963.7429809570312,LONG,0.960100234981626,0.960100234981626,0.0025020399073711896,0.0007680801879853008,0.0003840400939926504,0.0013488101452174828,0.06395367915223453,2,24,signal_flat,0.0,0.0026060194719346175
16_time_of_day_session_effect,361,2016-12-31 12:00:00+00:00,2017-01-01 00:00:00+00:00,963.7429809570312,998.3250122070312,LONG,0.976432716764365,0.976432716764365,0.03503737759120762,0.000781146173411492,0.000390573086705746,0.03384547457752274,1.6320785788489012,2,24,signal_flat,0.0,0.03588304343929827
16_time_of_day_session_effect,362,2017-01-01 12:00:00+00:00,2017-01-02 00:00:00+00:00,998.3250122070312,1021.75,LONG,0.8700335539488354,0.8700335539488354,0.020414719787165136,0.0006960268431590684,0.0003480134215795342,0.01936029513271964,0.8318520850080419,2,24,signal_flat,0.0,0.02346429019261209
16_time_of_day_session_effect,363,2017-01-02 12:00:00+00:00,2017-01-03 00:00:00+00:00,1021.75,1043.8399658203125,LONG,0.8180584762217691,0.8180584762217691,0.017686208738689313,0.0006544467809774153,0.00032722339048870763,0.016696098474521914,0.6745241143405418,2,24,signal_flat,0.0,0.02161973655034255
16_time_of_day_session_effect,364,2017-01-03 12:00:00+00:00,2017-01-04 00:00:00+00:00,1043.8399658203125,1154.72998046875,LONG,0.7921731034604852,0.7921731034604852,0.08415474586451399,0.0006337384827683882,0.0003168692413841941,0.08316436497840107,3.2535351452245402,2,24,signal_flat,0.0,0.10623277348965399
16_time_of_day_session_effect,365,2017-01-04 12:00:00+00:00,2017-01-05 00:00:00+00:00,1154.72998046875,1013.3800048828124,LONG,0.6711617122450406,0.6711617122450406,-0.08215660218810772,0.0005369293697960325,0.00026846468489801623,-0.08292874985842791,-2.748719514695077,2,24,signal_flat,-0.1224095485323401,0.0
16_time_of_day_session_effect,366,2017-01-05 12:00:00+00:00,2017-01-06 00:00:00+00:00,1013.3800048828124,902.2009887695312,LONG,0.5574710929800937,0.5574710929800937,-0.06116075640972363,0.00044597687438407497,0.00022298843719203748,-0.06180915263041875,-1.7016619036008676,2,24,signal_flat,-0.10971108130965923,0.0
16_time_of_day_session_effect,367,2017-01-06 12:00:00+00:00,2017-01-07 00:00:00+00:00,902.2009887695312,908.5850219726562,LONG,0.5137588457041207,0.5137588457041207,0.0036353911935382843,0.0004110070765632965,0.00020550353828164826,0.0030178549713979486,0.07656950006265108,2,24,signal_flat,0.0,0.00707606540293404
16_time_of_day_session_effect,368,2017-01-07 12:00:00+00:00,2017-01-08 00:00:00+00:00,908.5850219726562,911.198974609375,LONG,0.531129109556104,0.531129109556104,0.0015280312824748066,0.00042490328764488325,0.00021245164382244162,0.0008902909571981699,0.023352328998082126,2,24,signal_flat,0.0,0.002876948852891692
16_time_of_day_session_effect,369,2017-01-08 12:00:00+00:00,2017-01-09 00:00:00+00:00,911.198974609375,902.8280029296876,LONG,0.5311879853451952,0.5311879853451952,-0.004879899677039279,0.00042495038827615613,0.00021247519413807806,-0.005515668395163376,-0.14469200196633505,2,24,signal_flat,-0.009186765912764572,0.0
16_time_of_day_session_effect,370,2017-01-09 12:00:00+00:00,2017-01-10 00:00:00+00:00,902.8280029296876,907.6790161132812,LONG,0.5347591666352459,0.5347591666352459,0.0028733310874022866,0.00042780733330819674,0.00021390366665409837,0.0022308011116092263,0.058913825488908535,2,24,signal_flat,0.0,0.005373131059129843
16_time_of_day_session_effect,371,2017-01-10 12:00:00+00:00,2017-01-11 00:00:00+00:00,907.6790161132812,777.7570190429688,LONG,0.5588140848765922,0.5588140848765922,-0.07998669200161934,0.00044705126790127377,0.00022352563395063688,-0.0806303378710701,-2.2251739013145473,2,24,signal_flat,-0.14313649953773722,0.0
16_time_of_day_session_effect,372,2017-01-11 12:00:00+00:00,2017-01-12 00:00:00+00:00,777.7570190429688,804.833984375,LONG,0.46883934142984146,0.46883934142984146,0.016322252687361205,0.0003750714731438732,0.0001875357365719366,0.0157551331008432,0.36479111979383955,2,24,signal_flat,0.0,0.03481417032449219
16_time_of_day_session_effect,373,2017-01-12 12:00:00+00:00,2017-01-13 00:00:00+00:00,804.833984375,823.9840087890625,LONG,0.44504318975941126,0.44504318975941126,0.010589249602603878,0.000356034551807529,0.0001780172759037645,0.010052441473678897,0.220938726743774,2,24,signal_flat,0.0,0.023793757204392474
16_time_of_day_session_effect,374,2017-01-13 12:00:00+00:00,2017-01-14 00:00:00+00:00,823.9840087890625,818.4119873046875,LONG,0.43735259552418526,0.43735259552418526,-0.0029575064958957675,0.0003498820764193482,0.0001749410382096741,-0.003481484666814083,-0.0751959289683802,2,24,signal_flat,-0.00676229323013644,0.0
16_time_of_day_session_effect,375,2017-01-14 12:00:00+00:00,2017-01-15 00:00:00+00:00,818.4119873046875,821.7979736328125,LONG,0.4345660780284509,0.4345660780284509,0.0017979145243427475,0.0003476528624227607,0.00017382643121138035,0.0012760344282738423,0.027385227211781833,2,24,signal_flat,0.0,0.004137263848341455
16_time_of_day_session_effect,376,2017-01-15 12:00:00+00:00,2017-01-16 00:00:00+00:00,821.7979736328125,831.5339965820312,LONG,0.45679579938604076,0.45679579938604076,0.005411761197547493,0.0003654366395088326,0.0001827183197544163,0.004862198114879757,0.1096864260871864,2,24,signal_flat,0.0,0.011847221898321436
16_time_of_day_session_effect,377,2017-01-16 12:00:00+00:00,2017-01-17 00:00:00+00:00,831.5339965820312,907.93798828125,LONG,0.46550979968027223,0.46550979968027223,0.04277252285158717,0.0003724078397442178,0.0001862039198721089,0.04220204248661852,0.9701981278819511,2,24,signal_flat,0.0,0.09188318458808964
16_time_of_day_session_effect,378,2017-01-17 12:00:00+00:00,2017-01-18 00:00:00+00:00,907.93798828125,886.6179809570312,LONG,0.4173555542545583,0.4173555542545583,-0.009800254630114913,0.00033388444340364665,0.00016694222170182332,-0.01029856447396138,-0.2122662872434022,2,24,signal_flat,-0.02348178796282996,0.0
16_time_of_day_session_effect,379,2017-01-18 12:00:00+00:00,2017-01-19 00:00:00+00:00,886.6179809570312,899.072998046875,LONG,0.4752552670092213,0.4752552670092213,0.006676282908506526,0.00038020421360737705,0.00019010210680368852,0.006104154137250628,0.1432684505772176,2,24,signal_flat,0.0,0.0140477831009016
16_time_of_day_session_effect,380,2017-01-19 12:00:00+00:00,2017-01-20 00:00:00+00:00,899.072998046875,895.0260009765625,LONG,0.5807593655087029,0.5807593655087029,-0.002614171992570191,0.0004646074924069623,0.00023230374620348114,-0.0033100508869413625,-0.09493558403150784,2,24,signal_flat,-0.004501299759979593,0.0
16_time_of_day_session_effect,381,2017-01-20 12:00:00+00:00,2017-01-21 00:00:00+00:00,895.0260009765625,921.7890014648438,LONG,0.7403275718176092,0.7403275718176092,0.022137219638786343,0.0005922620574540874,0.0002961310287270437,0.021239190586736845,0.7765331849646159,2,24,signal_flat,0.0,0.029901925149750097
16_time_of_day_session_effect,382,2017-01-21 12:00:00+00:00,2017-01-22 00:00:00+00:00,921.7890014648438,924.6729736328124,LONG,0.6986791137495658,0.6986791137495658,0.002185935301020736,0.0005589432909996527,0.00027947164549982633,0.0013467797390194214,0.04646997821104377,2,24,signal_flat,0.0,0.0031286684516582675
16_time_of_day_session_effect,383,2017-01-22 12:00:00+00:00,2017-01-23 00:00:00+00:00,924.6729736328124,921.0120239257812,LONG,0.6982459288571109,0.6982459288571109,-0.0027644835542691704,0.0005585967430856888,0.0002792983715428444,-0.0036010449782096776,-0.12417526400964268,2,24,signal_flat,-0.0039591832046828035,0.0
16_time_of_day_session_effect,384,2017-01-23 12:00:00+00:00,2017-01-24 00:00:00+00:00,921.0120239257812,892.68701171875,LONG,0.7073537837794996,0.7073537837794996,-0.0217541183391311,0.0005658830270235997,0.00028294151351179986,-0.02259353003913933,-0.7892578422190972,2,24,signal_flat,-0.030754226298042142,0.0
16_time_of_day_session_effect,385,2017-01-24 12:00:00+00:00,2017-01-25 00:00:00+00:00,892.68701171875,901.5419921875,LONG,0.6652243816033008,0.6652243816033008,0.006598672131559402,0.0005321795052826406,0.0002660897526413203,0.0057979284235345485,0.19047550865402926,2,24,signal_flat,0.0,0.00991946824867651
16_time_of_day_session_effect,386,2017-01-25 12:00:00+00:00,2017-01-26 00:00:00+00:00,901.5419921875,917.5859985351562,LONG,0.9677490176563164,0.9677490176563164,0.017222238694109437,0.0007741992141250531,0.00038709960706252656,0.016051276943913173,0.7671326391979287,2,24,signal_flat,0.0,0.01779618308042097
16_time_of_day_session_effect,387,2017-02-01 12:00:00+00:00,2017-02-02 00:00:00+00:00,989.0230102539062,1011.7999877929688,LONG,1.0,1.0,0.02302977514468041,0.0008,0.0004,0.021816317279593544,1.5651800273783567,2,24,signal_flat,0.0,0.02302977514468041
16_time_of_day_session_effect,388,2017-02-02 12:00:00+00:00,2017-02-03 00:00:00+00:00,1011.7999877929688,1029.9100341796875,LONG,1.0,1.0,0.01789884028979083,0.0008,0.0004,0.01668846098561705,1.1446048913079996,2,24,signal_flat,0.0,0.01789884028979083
16_time_of_day_session_effect,389,2017-02-03 12:00:00+00:00,2017-02-04 00:00:00+00:00,1029.9100341796875,1042.9000244140625,LONG,1.0,1.0,0.012612742670015331,0.0008,0.0004,0.011405535024413327,0.7340851569840608,2,24,signal_flat,0.0,0.012612742670015331
16_time_of_day_session_effect,390,2017-02-04 12:00:00+00:00,2017-02-05 00:00:00+00:00,1042.9000244140625,1027.3399658203125,LONG,1.0,1.0,-0.014919990631405144,0.0008,0.0004,-0.01611067863702642,-1.1264529497393903,2,24,signal_flat,-0.014919990631405144,0.0
16_time_of_day_session_effect,391,2017-02-05 12:00:00+00:00,2017-02-06 00:00:00+00:00,1027.3399658203125,1038.1500244140625,LONG,1.0,1.0,0.010522377161797936,0.0008,0.0004,0.00931642373550079,0.6151741039426519,2,24,signal_flat,0.0,0.010522377161797936
16_time_of_day_session_effect,392,2017-02-06 12:00:00+00:00,2017-02-07 00:00:00+00:00,1038.1500244140625,1061.3499755859375,LONG,1.0,1.0,0.022347397414905545,0.0008,0.0004,0.021134348976456607,1.3536232988420374,2,24,signal_flat,0.0,0.022347397414905545
16_time_of_day_session_effect,393,2017-02-07 12:00:00+00:00,2017-02-08 00:00:00+00:00,1061.3499755859375,1063.0699462890625,LONG,1.0,1.0,0.0016205500001782447,0.0008,0.0004,0.00041993767017811656,0.027972197051127492,2,24,signal_flat,0.0,0.0016205500001782447
16_time_of_day_session_effect,394,2017-02-08 12:00:00+00:00,2017-02-09 00:00:00+00:00,1063.0699462890625,994.3829956054688,LONG,1.0,1.0,-0.06461188271135343,0.0008,0.0004,-0.06577275558172668,-4.561248733770171,2,24,signal_flat,-0.06461188271135343,0.0
16_time_of_day_session_effect,395,2017-02-09 12:00:00+00:00,2017-02-10 00:00:00+00:00,994.3829956054688,988.6740112304688,LONG,1.0,1.0,-0.005741232905460025,0.0008,0.0004,-0.006937428165716852,-0.39053564360719273,2,24,signal_flat,-0.005741232905460025,0.0
16_time_of_day_session_effect,396,2017-02-10 12:00:00+00:00,2017-02-11 00:00:00+00:00,988.6740112304688,1004.4500122070312,LONG,1.0,1.0,0.015956726683781453,0.0008,0.0004,0.014747512647771188,0.8190553928293222,2,24,signal_flat,0.0,0.015956726683781453
16_time_of_day_session_effect,397,2017-02-11 12:00:00+00:00,2017-02-12 00:00:00+00:00,1004.4500122070312,999.1810302734376,LONG,1.0,1.0,-0.005245638777002348,0.0008,0.0004,-0.006442131393736283,-0.33901705776764246,2,24,signal_flat,-0.005245638777002348,0.0
16_time_of_day_session_effect,398,2017-02-12 12:00:00+00:00,2017-02-13 00:00:00+00:00,999.1810302734376,990.6420288085938,LONG,1.0,1.0,-0.008546000380438623,0.0008,0.0004,-0.009740512780210486,-0.5069284522824288,2,24,signal_flat,-0.008546000380438623,0.0
16_time_of_day_session_effect,399,2017-02-13 12:00:00+00:00,2017-02-14 00:00:00+00:00,990.6420288085938,1004.5499877929688,LONG,1.0,1.0,0.01403933871158447,0.0008,0.0004,0.012831275108357465,0.649475446383031,2,24,signal_flat,0.0,0.01403933871158447
16_time_of_day_session_effect,400,2017-02-14 12:00:00+00:00,2017-02-15 00:00:00+00:00,1004.5499877929688,1007.47998046875,LONG,1.0,1.0,0.0029167216279784025,0.0008,0.0004,0.0017153315950015902,0.10163620463817775,2,24,signal_flat,0.0,0.0029167216279784025
16_time_of_day_session_effect,401,2017-02-15 12:00:00+00:00,2017-02-16 00:00:00+00:00,1007.47998046875,1027.43994140625,LONG,1.0,1.0,0.019811769290158265,0.0008,0.0004,0.01860024222858425,1.1836022007966474,2,24,signal_flat,0.0,0.019811769290158265
16_time_of_day_session_effect,402,2017-02-16 12:00:00+00:00,2017-02-17 00:00:00+00:00,1027.43994140625,1046.2099609375,LONG,1.0,1.0,0.01826872673993929,0.0008,0.0004,0.017058125503895294,1.1015841365260053,2,24,signal_flat,0.0,0.01826872673993929
16_time_of_day_session_effect,403,2017-02-17 12:00:00+00:00,2017-02-18 00:00:00+00:00,1046.2099609375,1054.4200439453125,LONG,1.0,1.0,0.007847452532812271,0.0008,0.0004,0.006643104061292648,0.42826942162793713,2,24,signal_flat,0.0,0.007847452532812271
16_time_of_day_session_effect,404,2017-02-18 12:00:00+00:00,2017-02-19 00:00:00+00:00,1054.4200439453125,1047.8699951171875,LONG,1.0,1.0,-0.0062119919530519985,0.0008,0.0004,-0.007407904757880224,-0.4882896172670935,2,24,signal_flat,-0.0062119919530519985,0.0
16_time_of_day_session_effect,405,2017-02-19 12:00:00+00:00,2017-02-20 00:00:00+00:00,1047.8699951171875,1079.97998046875,LONG,1.0,1.0,0.030643100290290715,0.0008,0.0004,0.02942507443011655,2.0224629461654917,2,24,signal_flat,0.0,0.030643100290290715
16_time_of_day_session_effect,406,2017-02-20 12:00:00+00:00,2017-02-21 00:00:00+00:00,1079.97998046875,1115.300048828125,LONG,1.0,1.0,0.03270437322740438,0.0008,0.0004,0.031485110603467925,1.969502897906788,2,24,signal_flat,0.0,0.03270437322740438
16_time_of_day_session_effect,407,2017-02-21 12:00:00+00:00,2017-02-22 00:00:00+00:00,1115.300048828125,1117.43994140625,LONG,1.0,1.0,0.0019186698506590272,0.0008,0.0004,0.0007178786487487265,0.04291964799340245,2,24,signal_flat,0.0,0.0019186698506590272
16_time_of_day_session_effect,408,2017-02-22 12:00:00+00:00,2017-02-23 00:00:00+00:00,1117.43994140625,1166.719970703125,LONG,1.0,1.0,0.04410083036306922,0.0008,0.0004,0.0428747298648513,2.560082470626991,2,24,signal_flat,0.0,0.04410083036306922
16_time_of_day_session_effect,409,2017-02-23 12:00:00+00:00,2017-02-24 00:00:00+00:00,1166.719970703125,1173.6800537109375,LONG,1.0,1.0,0.005965512875911516,0.0008,0.0004,0.004762293568185916,0.31162097709680997,2,24,signal_flat,0.0,0.005965512875911516
16_time_of_day_session_effect,410,2017-02-24 12:00:00+00:00,2017-02-25 00:00:00+00:00,1173.6800537109375,1143.8399658203125,LONG,1.0,1.0,-0.025424380176076733,0.0008,0.0004,-0.026608765547971203,-1.7393229563546724,2,24,signal_flat,-0.025424380176076733,0.0
16_time_of_day_session_effect,411,2017-02-25 12:00:00+00:00,2017-02-26 00:00:00+00:00,1143.8399658203125,1165.199951171875,LONG,1.0,1.0,0.01867392816288249,0.0008,0.0004,0.017463083805984825,1.0931776361776835,2,24,signal_flat,0.0,0.01867392816288249
16_time_of_day_session_effect,412,2017-02-26 12:00:00+00:00,2017-02-27 00:00:00+00:00,1165.199951171875,1179.969970703125,LONG,1.0,1.0,0.012675952755057507,0.0008,0.0004,0.011468707183404536,0.6772683460662705,2,24,signal_flat,0.0,0.012675952755057507
16_time_of_day_session_effect,413,2017-02-27 12:00:00+00:00,2017-02-28 00:00:00+00:00,1179.969970703125,1179.969970703125,LONG,1.0,1.0,0.0,0.0008,0.0004,-0.0011996400000000573,-0.06963005231277662,2,24,signal_flat,0.0,0.0
16_time_of_day_session_effect,414,2017-02-28 12:00:00+00:00,2017-03-01 00:00:00+00:00,1179.969970703125,1222.5,LONG,1.0,1.0,0.03604331495955959,0.0008,0.0004,0.03482204897058394,2.146070469360316,2,24,signal_flat,0.0,0.03604331495955959
16_time_of_day_session_effect,415,2017-03-01 12:00:00+00:00,2017-03-02 00:00:00+00:00,1222.5,1251.010009765625,LONG,1.0,1.0,0.023321071382924385,0.0008,0.0004,0.022107438740094576,1.189074257880772,2,24,signal_flat,0.0,0.023321071382924385
16_time_of_day_session_effect,416,2017-03-02 12:00:00+00:00,2017-03-03 00:00:00+00:00,1251.010009765625,1274.989990234375,LONG,1.0,1.0,0.019168496080413044,0.0008,0.0004,0.01795735498276474,0.953008460358673,2,24,signal_flat,0.0,0.019168496080413044
16_time_of_day_session_effect,417,2017-03-03 12:00:00+00:00,2017-03-04 00:00:00+00:00,1274.989990234375,1255.1500244140625,LONG,1.0,1.0,-0.015560879671428163,0.0008,0.0004,-0.016751183143625448,-0.8859742496500458,2,24,signal_flat,-0.015560879671428163,0.0
16_time_of_day_session_effect,418,2017-03-04 12:00:00+00:00,2017-03-05 00:00:00+00:00,1255.1500244140625,1267.1199951171875,LONG,1.0,1.0,0.00953668523307627,0.0008,0.0004,0.008331323221936415,0.42816876743306115,2,24,signal_flat,0.0,0.00953668523307627
16_time_of_day_session_effect,419,2017-03-05 12:00:00+00:00,2017-03-06 00:00:00+00:00,1267.1199951171875,1272.8299560546875,LONG,1.0,1.0,0.004506251151827012,0.0008,0.0004,0.0033039074011358416,0.16774923532198288,2,24,signal_flat,0.0,0.004506251151827012
16_time_of_day_session_effect,420,2017-03-06 12:00:00+00:00,2017-03-07 00:00:00+00:00,1272.8299560546875,1223.5400390625,LONG,1.0,1.0,-0.03872466762564919,0.0008,0.0004,-0.039901072825073935,-2.2380378422895766,2,24,signal_flat,-0.03872466762564919,0.0
16_time_of_day_session_effect,421,2017-03-07 12:00:00+00:00,2017-03-08 00:00:00+00:00,1223.5400390625,1150.0,LONG,1.0,1.0,-0.06010431756597667,0.0008,0.0004,-0.061267894975437165,-3.3555605239386246,2,24,signal_flat,-0.06010431756597667,0.0
16_time_of_day_session_effect,422,2017-03-08 12:00:00+00:00,2017-03-09 00:00:00+00:00,1150.0,1188.489990234375,LONG,0.9033754001249297,0.9033754001249297,0.03023557419894174,0.0007227003200999438,0.0003613501600499719,0.02913542906578881,1.2998337589590832,2,24,signal_flat,0.0,0.033469556725543415
16_time_of_day_session_effect,423,2017-03-09 12:00:00+00:00,2017-03-10 00:00:00+00:00,1188.489990234375,1116.719970703125,LONG,0.9350535748459275,0.9350535748459275,-0.05646561088513935,0.000748042859876742,0.000374021429938371,-0.05755568139509837,-2.6578032533965836,2,24,signal_flat,-0.06038756751926588,0.0
16_time_of_day_session_effect,424,2017-03-10 12:00:00+00:00,2017-03-11 00:00:00+00:00,1116.719970703125,1175.8299560546875,LONG,0.7927494533785578,0.7927494533785578,0.041961646434209854,0.0006341995627028462,0.0003170997813514231,0.04099061428940187,1.6047911176701821,2,24,signal_flat,0.0,0.052931788543501
16_time_of_day_session_effect,425,2017-03-11 12:00:00+00:00,2017-03-12 00:00:00+00:00,1175.8299560546875,1221.3800048828125,LONG,0.7361246042060492,0.7361246042060492,0.02851646319479384,0.0005888996833648394,0.0002944498416824197,0.027620713744232805,1.0041171036310805,2,24,signal_flat,0.0,0.03873863613830775
16_time_of_day_session_effect,426,2017-03-12 12:00:00+00:00,2017-03-13 00:00:00+00:00,1221.3800048828125,1231.9200439453125,LONG,0.6996703876691507,0.6996703876691507,0.006037885987510538,0.0005597363101353206,0.0002798681550676603,0.005195923038204153,0.17953715426696612,2,24,signal_flat,0.0,0.008629614878549852
16_time_of_day_session_effect,427,2017-03-13 12:00:00+00:00,2017-03-14 00:00:00+00:00,1231.9200439453125,1240.0,LONG,0.7067283321580039,0.7067283321580039,0.004635312084176668,0.0005653826657264032,0.0002826913328632016,0.003785452349136964,0.13211995582247515,2,24,signal_flat,0.0,0.006558831552744948
16_time_of_day_session_effect,428,2017-03-14 12:00:00+00:00,2017-03-15 00:00:00+00:00,1240.0,1249.6099853515625,LONG,0.6953584023264265,0.6953584023264265,0.005389019403583051,0.0005562867218611412,0.0002781433609305706,0.004552515009228486,0.15633572320698147,2,24,signal_flat,0.0,0.007749988186743995
16_time_of_day_session_effect,429,2017-03-15 12:00:00+00:00,2017-03-16 00:00:00+00:00,1249.6099853515625,1187.81005859375,LONG,0.7472155623690512,0.7472155623690512,-0.036953823647394635,0.000597772449895241,0.0002988862249476205,-0.03783371383977174,-1.396120862981753,2,24,signal_flat,-0.049455372061888436,0.0
16_time_of_day_session_effect,430,2017-03-16 12:00:00+00:00,2017-03-17 00:00:00+00:00,1187.81005859375,1100.22998046875,LONG,0.6990605307385787,0.6990605307385787,-0.051543405827587985,0.0005592484245908629,0.00027962421229543147,-0.05236048336126864,-1.8076592312474622,2,24,signal_flat,-0.07373239306348878,0.0
16_time_of_day_session_effect,431,2017-03-17 12:00:00+00:00,2017-03-18 00:00:00+00:00,1100.22998046875,973.8179931640624,LONG,0.6161555495106923,0.6161555495106923,-0.0707937875581921,0.0004929244396085538,0.0002464622198042769,-0.07150686555340191,-2.175886510757744,2,24,signal_flat,-0.11489596679671477,0.0
16_time_of_day_session_effect,432,2017-03-18 12:00:00+00:00,2017-03-19 00:00:00+00:00,973.8179931640624,1036.739990234375,LONG,0.5067463648447827,0.5067463648447827,0.032742764569952953,0.0004053970918758262,0.0002026985459379131,0.03212480601106282,0.8039504630745739,2,24,signal_flat,0.0,0.0646137137658247
16_time_of_day_session_effect,433,2017-03-19 12:00:00+00:00,2017-03-20 00:00:00+00:00,1036.739990234375,1054.22998046875,LONG,0.4613270896552102,0.4613270896552102,0.007782671035095445,0.00036906167172416816,0.00018453083586208408,0.007227000929488359,0.1646513144467019,2,24,signal_flat,0.0,0.016870179986421707
16_time_of_day_session_effect,434,2017-03-20 12:00:00+00:00,2017-03-21 00:00:00+00:00,1054.22998046875,1120.5400390625,LONG,0.45222810152475634,0.45222810152475634,0.02844471554158745,0.00036178248121980505,0.00018089124060990253,0.0278943973436252,0.6229779321542113,2,24,signal_flat,0.0,0.06289904463186113
16_time_of_day_session_effect,435,2017-03-21 12:00:00+00:00,2017-03-22 00:00:00+00:00,1120.5400390625,1049.1400146484375,LONG,0.435435917518261,0.435435917518261,-0.02774567088881097,0.0003483487340146088,0.0001741743670073044,-0.028260876855238815,-0.6077262787584808,2,24,signal_flat,-0.06371929777163454,0.0
16_time_of_day_session_effect,436,2017-03-22 12:00:00+00:00,2017-03-23 00:00:00+00:00,1049.1400146484375,1038.5899658203125,LONG,0.43303144561718476,0.43303144561718476,-0.00435452163828276,0.0003464251564937478,0.0001732125782468739,-0.004872960480299504,-0.10421025486155332,2,24,signal_flat,-0.01005590167262882,0.0
16_time_of_day_session_effect,437,2017-03-23 12:00:00+00:00,2017-03-24 00:00:00+00:00,1038.5899658203125,937.52001953125,LONG,0.4490932862086771,0.4490932862086771,-0.04370332451656145,0.0003592746289669417,0.00017963731448347086,-0.04423038773171595,-0.9809693607139551,2,24,signal_flat,-0.09731457997404602,0.0
16_time_of_day_session_effect,438,2017-03-24 12:00:00+00:00,2017-03-25 00:00:00+00:00,937.52001953125,972.7789916992188,LONG,0.42427356996599885,0.42427356996599885,0.015956405925620087,0.00033941885597279907,0.00016970942798639953,0.015443280515779811,0.323581491437527,2,24,signal_flat,0.0,0.037608767208616944
16_time_of_day_session_effect,439,2017-03-25 12:00:00+00:00,2017-03-26 00:00:00+00:00,972.7789916992188,966.7249755859376,LONG,0.4342317989088959,0.4342317989088959,-0.002702408594270178,0.00034738543912711674,0.00017369271956355837,-0.003222714789301917,-0.0691101172534452,2,24,signal_flat,-0.006223423989354604,0.0
16_time_of_day_session_effect,440,2017-03-26 12:00:00+00:00,2017-03-27 00:00:00+00:00,966.7249755859376,1045.77001953125,LONG,0.45699259659137925,0.45699259659137925,0.03736636664254345,0.0003655940772731034,0.0001827970386365517,0.03680780501808756,0.8307057527743947,2,24,signal_flat,0.0,0.0817658030376247
16_time_of_day_session_effect,441,2017-04-17 12:00:00+00:00,2017-04-18 00:00:00+00:00,1193.9100341796875,1211.6700439453125,LONG,1.0,1.0,0.014875500881293524,0.0008,0.0004,0.013666935580764816,1.247605964409176,2,24,signal_flat,0.0,0.014875500881293524
16_time_of_day_session_effect,442,2017-04-18 12:00:00+00:00,2017-04-19 00:00:00+00:00,1211.6700439453125,1210.2900390625,LONG,1.0,1.0,-0.0011389279529591123,0.0008,0.0004,-0.002337884596187445,-0.20584299156339686,2,24,signal_flat,-0.0011389279529591123,0.0
16_time_of_day_session_effect,443,2017-04-19 12:00:00+00:00,2017-04-20 00:00:00+00:00,1210.2900390625,1229.0799560546875,LONG,1.0,1.0,0.015525135616866192,0.0008,0.0004,0.014316180535496104,1.3127965830273907,2,24,signal_flat,0.0,0.015525135616866192
16_time_of_day_session_effect,444,2017-04-20 12:00:00+00:00,2017-04-21 00:00:00+00:00,1229.0799560546875,1222.050048828125,LONG,1.0,1.0,-0.005719650045492797,0.0008,0.0004,-0.00691585825546559,-0.8295251380970368,2,24,signal_flat,-0.005719650045492797,0.0
16_time_of_day_session_effect,445,2017-04-21 12:00:00+00:00,2017-04-22 00:00:00+00:00,1222.050048828125,1231.7099609375,LONG,1.0,1.0,0.00790467797831873,0.0008,0.0004,0.0067002951715318115,0.7979783383628732,2,24,signal_flat,0.0,0.00790467797831873
16_time_of_day_session_effect,446,2017-04-22 12:00:00+00:00,2017-04-23 00:00:00+00:00,1231.7099609375,1207.2099609375,LONG,1.0,1.0,-0.019891046412705893,0.0008,0.0004,-0.021078751784858407,-2.3674559054425957,2,24,signal_flat,-0.019891046412705893,0.0
16_time_of_day_session_effect,447,2017-04-23 12:00:00+00:00,2017-04-24 00:00:00+00:00,1207.2099609375,1250.1500244140625,LONG,1.0,1.0,0.03556967293677382,0.0008,0.0004,0.034348691133011755,3.577877845027108,2,24,signal_flat,0.0,0.03556967293677382
16_time_of_day_session_effect,448,2017-04-24 12:00:00+00:00,2017-04-25 00:00:00+00:00,1250.1500244140625,1265.489990234375,LONG,1.0,1.0,0.012270499956597014,0.0008,0.0004,0.011063497656623067,0.9146038519037767,2,24,signal_flat,0.0,0.012270499956597014
16_time_of_day_session_effect,449,2017-04-25 12:00:00+00:00,2017-04-26 00:00:00+00:00,1265.489990234375,1281.0799560546875,LONG,1.0,1.0,0.01231931184017121,0.0008,0.0004,0.011112280253067208,0.9340302118464601,2,24,signal_flat,0.0,0.01231931184017121
16_time_of_day_session_effect,450,2017-04-26 12:00:00+00:00,2017-04-27 00:00:00+00:00,1281.0799560546875,1317.72998046875,LONG,1.0,1.0,0.028608693970150645,0.0008,0.0004,0.027391888753768523,2.190993652458107,2,24,signal_flat,0.0,0.028608693970150645
16_time_of_day_session_effect,451,2017-04-27 12:00:00+00:00,2017-04-28 00:00:00+00:00,1317.72998046875,1316.47998046875,LONG,1.0,1.0,-0.0009486010173004322,0.0008,0.0004,-0.002147671856690181,-0.16916803283202944,2,24,signal_flat,-0.0009486010173004322,0.0
16_time_of_day_session_effect,452,2017-04-28 12:00:00+00:00,2017-04-29 00:00:00+00:00,1316.47998046875,1321.7900390625,LONG,1.0,1.0,0.004033527795735514,0.0008,0.0004,0.002831467679058175,0.22370835410185955,2,24,signal_flat,0.0,0.004033527795735514
16_time_of_day_session_effect,453,2017-04-29 12:00:00+00:00,2017-04-30 00:00:00+00:00,1321.7900390625,1347.8900146484375,LONG,1.0,1.0,0.019745931513033055,0.0008,0.0004,0.01853444395412529,1.4662861440807584,2,24,signal_flat,0.0,0.019745931513033055
16_time_of_day_session_effect,454,2017-04-30 12:00:00+00:00,2017-05-01 00:00:00+00:00,1347.8900146484375,1421.5999755859375,LONG,1.0,1.0,0.0546854417915732,0.0008,0.0004,0.05345299052649821,3.9842556444826824,2,24,signal_flat,0.0,0.0546854417915732
16_time_of_day_session_effect,455,2017-05-01 12:00:00+00:00,2017-05-02 00:00:00+00:00,1421.5999755859375,1452.8199462890625,LONG,1.0,1.0,0.021961150280870756,0.0008,0.0004,0.02074833359070216,1.245416224228778,2,24,signal_flat,0.0,0.021961150280870756
16_time_of_day_session_effect,456,2017-05-02 12:00:00+00:00,2017-05-03 00:00:00+00:00,1452.8199462890625,1490.0899658203125,LONG,1.0,1.0,0.025653570923533042,0.0008,0.0004,0.024438538780978902,1.4236697423124265,2,24,signal_flat,0.0,0.025653570923533042
16_time_of_day_session_effect,457,2017-05-03 12:00:00+00:00,2017-05-04 00:00:00+00:00,1490.0899658203125,1537.6700439453125,LONG,1.0,1.0,0.031931010352657774,0.0008,0.0004,0.030712211746446227,1.6235311047645415,2,24,signal_flat,0.0,0.031931010352657774
16_time_of_day_session_effect,458,2017-05-04 12:00:00+00:00,2017-05-05 00:00:00+00:00,1537.6700439453125,1555.449951171875,LONG,1.0,1.0,0.011562888473097388,0.0008,0.0004,0.01035631074001353,0.515527356282408,2,24,signal_flat,0.0,0.011562888473097388
16_time_of_day_session_effect,459,2017-05-05 12:00:00+00:00,2017-05-06 00:00:00+00:00,1555.449951171875,1578.800048828125,LONG,0.9874562189076329,0.9874562189076329,0.014823491508288766,0.0007899649751261064,0.0003949824875630532,0.013630112541396455,0.6646843064490936,2,24,signal_flat,0.0,0.01501179619354387
16_time_of_day_session_effect,460,2017-05-06 12:00:00+00:00,2017-05-07 00:00:00+00:00,1578.800048828125,1596.7099609375,LONG,0.9636012507134343,0.9636012507134343,0.010931095246400124,0.0007708810005707474,0.0003854405002853737,0.00976878808516668,0.46487498513702596,2,24,signal_flat,0.0,0.011344002758720828
16_time_of_day_session_effect,461,2017-05-07 12:00:00+00:00,2017-05-08 00:00:00+00:00,1596.7099609375,1723.3499755859375,LONG,0.9924339284938783,0.9924339284938783,0.07871301007496534,0.0007939471427951027,0.00039697357139755135,0.07747557345672207,3.79720930598835,2,24,signal_flat,0.0,0.07931309865072889
16_time_of_day_session_effect,462,2017-05-08 12:00:00+00:00,2017-05-09 00:00:00+00:00,1723.3499755859375,1755.3599853515625,LONG,0.8606372061820574,0.8606372061820574,0.01598572882166982,0.0006885097649456459,0.00034425488247282295,0.014944976077160499,0.635204367082994,2,24,signal_flat,0.0,0.018574294379609002
16_time_of_day_session_effect,463,2017-05-09 12:00:00+00:00,2017-05-10 00:00:00+00:00,1755.3599853515625,1787.1300048828125,LONG,0.8444757883095628,0.8444757883095628,0.01528405142657352,0.0006755806306476503,0.00033779031532382513,0.014263193003944297,0.5948426441445993,2,24,signal_flat,0.0,0.018098862795306925
16_time_of_day_session_effect,464,2017-05-10 12:00:00+00:00,2017-05-11 00:00:00+00:00,1787.1300048828125,1848.5699462890625,LONG,0.8301827323601724,0.8301827323601724,0.028540944583398842,0.0006641461858881379,0.00033207309294406895,0.02753075689816442,1.1287297745297205,2,24,signal_flat,0.0,0.034379111334029044
16_time_of_day_session_effect,465,2017-05-11 12:00:00+00:00,2017-05-12 00:00:00+00:00,1848.5699462890625,1724.239990234375,LONG,0.8163869268947552,0.8163869268947552,-0.054908039021302146,0.0006531095415158042,0.0003265547707579021,-0.05586056767489156,-2.252161449592961,2,24,signal_flat,-0.06725737173444557,0.0
16_time_of_day_session_effect,466,2017-05-12 12:00:00+00:00,2017-05-13 00:00:00+00:00,1724.239990234375,1804.9100341796875,LONG,0.6854877755621178,0.6854877755621178,0.03207113237818704,0.0005483902204496943,0.0002741951102248471,0.031235525587652857,1.0574179205128378,2,24,signal_flat,0.0,0.04678585603060226
16_time_of_day_session_effect,467,2017-05-13 12:00:00+00:00,2017-05-14 00:00:00+00:00,1804.9100341796875,1808.9100341796875,LONG,0.6212626679296975,0.6212626679296975,0.0013768279995451937,0.000497010134343758,0.000248505067171879,0.0006309385231568765,0.019357997800922268,2,24,signal_flat,0.0,0.002216176941925996
16_time_of_day_session_effect,468,2017-05-14 12:00:00+00:00,2017-05-15 00:00:00+00:00,1808.9100341796875,1738.4300537109375,LONG,0.6460831139692892,0.6460831139692892,-0.0251731287865814,0.0005168664911754313,0.00025843324558771566,-0.025938519890863265,-0.8276214062026143,2,24,signal_flat,-0.03896267870541803,0.0
16_time_of_day_session_effect,469,2017-05-15 12:00:00+00:00,2017-05-16 00:00:00+00:00,1738.4300537109375,1734.449951171875,LONG,0.6700948545286726,0.6700948545286726,-0.0015341694227093416,0.0005360758836229381,0.00026803794181146903,-0.0023375047749610856,-0.07735473875559883,2,24,signal_flat,-0.0022894809777168623,0.0
16_time_of_day_session_effect,470,2017-05-16 12:00:00+00:00,2017-05-17 00:00:00+00:00,1734.449951171875,1839.0899658203125,LONG,0.702773415280588,0.702773415280588,0.04239858314724354,0.0005622187322244704,0.0002811093661122352,0.041537554891228456,1.441631909833118,2,24,signal_flat,0.0,0.06033037423636123
16_time_of_day_session_effect,471,2017-05-17 12:00:00+00:00,2017-05-18 00:00:00+00:00,1839.0899658203125,1888.6500244140625,LONG,0.6471415333636494,0.6471415333636494,0.017439262302562764,0.0005177132266909196,0.0002588566133454598,0.016656071825137175,0.5323165790174728,2,24,signal_flat,0.0,0.02694814256769873
16_time_of_day_session_effect,472,2017-05-18 12:00:00+00:00,2017-05-19 00:00:00+00:00,1888.6500244140625,1987.7099609375,LONG,0.654587419489139,0.654587419489139,0.03433319428450066,0.0005236699355913112,0.0002618349677956556,0.0335343591893722,1.08406619066849,2,24,signal_flat,0.0,0.05245012852721076
16_time_of_day_session_effect,473,2017-05-19 12:00:00+00:00,2017-05-20 00:00:00+00:00,1987.7099609375,2084.72998046875,LONG,0.5981181071744,0.5981181071744,0.029194113618409956,0.00047849448573951994,0.00023924724286975997,0.02846602376131102,0.8408371504063376,2,24,signal_flat,0.0,0.048809947848473145
16_time_of_day_session_effect,474,2017-05-20 12:00:00+00:00,2017-05-21 00:00:00+00:00,2084.72998046875,2041.199951171875,LONG,0.5583053899343329,0.5583053899343329,-0.011657648812140264,0.0004466443119474663,0.00022332215597373314,-0.012323597949395082,-0.33978756074749294,2,24,signal_flat,-0.020880416027349136,0.0
16_time_of_day_session_effect,475,2017-05-21 12:00:00+00:00,2017-05-22 00:00:00+00:00,2041.199951171875,2173.39990234375,LONG,0.5480129625073433,0.5480129625073433,0.0354924988330676,0.00043841037000587465,0.00021920518500293733,0.03482332118295384,0.9424518117192935,2,24,signal_flat,0.0,0.06476580165308032
16_time_of_day_session_effect,476,2017-05-22 12:00:00+00:00,2017-05-23 00:00:00+00:00,2173.39990234375,2320.419921875,LONG,0.5638700064260406,0.5638700064260406,0.03814308598635918,0.0004510960051408325,0.00022554800257041624,0.03745365179514226,1.0429687511660606,2,24,signal_flat,0.0,0.06764517628472633
16_time_of_day_session_effect,477,2017-05-23 12:00:00+00:00,2017-05-24 00:00:00+00:00,2320.419921875,2443.639892578125,LONG,0.5137275282999574,0.5137275282999574,0.027280187689200375,0.0004109820226399659,0.00020549101131998296,0.026655400914954885,0.6762638787746706,2,24,signal_flat,0.0,0.05310244475213688
16_time_of_day_session_effect,478,2017-05-24 12:00:00+00:00,2017-05-25 00:00:00+00:00,2443.639892578125,2304.97998046875,LONG,0.48308404578062936,0.48308404578062936,-0.027411727698843702,0.0003864672366245035,0.00019323361831225175,-0.02798339923951909,-0.6676076389380601,2,24,signal_flat,-0.05674318565944014,0.0
16_time_of_day_session_effect,479,2017-05-25 12:00:00+00:00,2017-05-26 00:00:00+00:00,2304.97998046875,2202.419921875,LONG,0.46534938585108804,0.46534938585108804,-0.020705715747582065,0.0003722795086808704,0.0001861397543404352,-0.021258275817320982,-0.48854583658752887,2,24,signal_flat,-0.04449498887747083,0.0
16_time_of_day_session_effect,480,2017-05-26 12:00:00+00:00,2017-05-27 00:00:00+00:00,2202.419921875,2038.8699951171875,LONG,0.4834121637203812,0.4834121637203812,-0.035897797320592506,0.000386729730976305,0.0001933648654881525,-0.0364673957304964,-0.8706035983122437,2,24,signal_flat,-0.07425919332339515,0.0
16_time_of_day_session_effect,481,2017-05-27 12:00:00+00:00,2017-05-28 00:00:00+00:00,2038.8699951171875,2155.800048828125,LONG,0.4617783703624291,0.4617783703624291,0.026483184204162402,0.00036942269628994324,0.00018471134814497162,0.02592178930887612,0.591148643100308,2,24,signal_flat,0.0,0.0573504215526095
16_time_of_day_session_effect,482,2017-05-28 12:00:00+00:00,2017-05-29 00:00:00+00:00,2155.800048828125,2255.610107421875,LONG,0.42372370761248357,0.42372370761248357,0.019617722945758587,0.00033897896608998685,0.00016948948304499343,0.019104331635083627,0.39977234359592884,2,24,signal_flat,0.0,0.046298384049117125
16_time_of_day_session_effect,483,2017-05-29 12:00:00+00:00,2017-05-30 00:00:00+00:00,2255.610107421875,2175.469970703125,LONG,0.41912811487389134,0.41912811487389134,-0.01489130781873349,0.00033530249189911307,0.00016765124594955654,-0.015390453496502143,-0.3185637425887391,2,24,signal_flat,-0.03552925058061074,0.0
16_time_of_day_session_effect,484,2017-05-30 12:00:00+00:00,2017-05-31 00:00:00+00:00,2175.469970703125,2286.409912109375,LONG,0.3994951276459601,0.3994951276459601,0.020372593807305384,0.0003195961021167681,0.00015979805105838406,0.01988837385764053,0.3923818369206948,2,24,signal_flat,0.0,0.050995850505991314
16_time_of_day_session_effect,485,2017-05-31 12:00:00+00:00,2017-06-01 00:00:00+00:00,2286.409912109375,2407.8798828125,LONG,0.4048203293602869,0.4048203293602869,0.021506866851385142,0.0003238562634882295,0.00016192813174411476,0.021015917602619005,0.42015429247950214,2,24,signal_flat,0.0,0.05312694371196991
16_time_of_day_session_effect,486,2017-06-01 12:00:00+00:00,2017-06-02 00:00:00+00:00,2407.8798828125,2488.550048828125,LONG,0.39023201663476953,0.39023201663476953,0.01307377572745394,0.00031218561330781565,0.00015609280665390782,0.012602491045141662,0.24287198912541189,2,24,signal_flat,0.0,0.033502570701906764
16_time_of_day_session_effect,487,2017-06-02 12:00:00+00:00,2017-06-03 00:00:00+00:00,2488.550048828125,2515.35009765625,LONG,0.4006827528649224,0.4006827528649224,0.004315089964304297,0.0003205462022919379,0.00016027310114596896,0.0038332910683918087,0.07585261892817316,2,24,signal_flat,0.0,0.010769342911445712
16_time_of_day_session_effect,488,2017-06-03 12:00:00+00:00,2017-06-04 00:00:00+00:00,2515.35009765625,2511.81005859375,LONG,0.4234505416876034,0.4234505416876034,-0.0005959534062505156,0.0003387604333500827,0.00016938021667504136,-0.0011038780904699674,-0.02308457802879338,2,24,signal_flat,-0.0014073742918723209,0.0
16_time_of_day_session_effect,489,2017-06-04 12:00:00+00:00,2017-06-05 00:00:00+00:00,2511.81005859375,2686.81005859375,LONG,0.43613667268593714,0.43613667268593714,0.03038602280411662,0.0003489093381487497,0.00017445466907437486,0.029854775799035282,0.6430349142291444,2,24,signal_flat,0.0,0.06967087316227039
16_time_of_day_session_effect,490,2017-06-05 12:00:00+00:00,2017-06-06 00:00:00+00:00,2686.81005859375,2863.199951171875,LONG,0.43287007529320215,0.43287007529320215,0.028418051301034586,0.0003462960602345617,0.00017314803011728085,0.027891293871819656,0.5962444632244935,2,24,signal_flat,0.0,0.06565030230326219
16_time_of_day_session_effect,491,2017-06-06 12:00:00+00:00,2017-06-07 00:00:00+00:00,2863.199951171875,2732.159912109375,LONG,0.4341926664416353,0.4341926664416353,-0.0198716907451314,0.0003473541331533082,0.0001736770665766541,-0.02038747719104883,-0.43716371306584606,2,24,signal_flat,-0.045766988438535994,0.0
16_time_of_day_session_effect,492,2017-06-07 12:00:00+00:00,2017-06-08 00:00:00+00:00,2732.159912109375,2805.6201171875,LONG,0.43912632615130304,0.43912632615130304,0.011806889425214129,0.00035130106092104245,0.00017565053046052123,0.011276896423741523,0.24455536787649718,2,24,signal_flat,0.0,0.026887227483478382
16_time_of_day_session_effect,493,2017-06-08 12:00:00+00:00,2017-06-09 00:00:00+00:00,2805.6201171875,2823.81005859375,LONG,0.46041970024346857,0.46041970024346857,0.0029850824487627214,0.0003683357601947749,0.00018416788009738744,0.00243183048907869,0.055294932318635324,2,24,signal_flat,0.0,0.006483394275232257
16_time_of_day_session_effect,494,2017-06-09 12:00:00+00:00,2017-06-10 00:00:00+00:00,2823.81005859375,2947.7099609375,LONG,0.49071456614087977,0.49071456614087977,0.02153101149224912,0.0003925716529127038,0.0001962858264563519,0.02093590135258494,0.5073629464300167,2,24,signal_flat,0.0,0.043876854240490815
16_time_of_day_session_effect,495,2017-06-10 12:00:00+00:00,2017-06-11 00:00:00+00:00,2947.7099609375,2958.110107421875,LONG,0.5179548850481942,0.5179548850481942,0.0018274547863201818,0.0004143639080385554,0.0002071819540192777,0.0012054375805967688,0.030834349748851485,2,24,signal_flat,0.0,0.003528212280786036
16_time_of_day_session_effect,496,2017-06-11 12:00:00+00:00,2017-06-12 00:00:00+00:00,2958.110107421875,2659.6298828125,LONG,0.574444934708776,0.574444934708776,-0.057962836713684296,0.0004595559477670208,0.0002297779738835104,-0.05863207396524994,-1.663342923154364,2,24,signal_flat,-0.10090233756359857,0.0
16_time_of_day_session_effect,497,2017-06-12 12:00:00+00:00,2017-06-13 00:00:00+00:00,2659.6298828125,2717.02001953125,LONG,0.5172161328503518,0.5172161328503518,0.011160614779239797,0.0004137729062802815,0.00020688645314014074,0.010536588254319579,0.26913501615680124,2,24,signal_flat,0.0,0.021578241803352327
16_time_of_day_session_effect,498,2017-06-13 12:00:00+00:00,2017-06-14 00:00:00+00:00,2717.02001953125,2506.3701171875,LONG,0.5307249485486906,0.5307249485486906,-0.04114697638571729,0.0004245799588389525,0.00021228997941947624,-0.04177064228699101,-1.0948100887064312,2,24,signal_flat,-0.07752975717127475,0.0
16_time_of_day_session_effect,499,2017-06-14 12:00:00+00:00,2017-06-15 00:00:00+00:00,2506.3701171875,2464.580078125,LONG,0.5056086688662257,0.5056086688662257,-0.008430281656074179,0.00040448693509298055,0.00020224346754649027,-0.009034362574176447,-0.22558497042199097,2,24,signal_flat,-0.016673530687237204,0.0
16_time_of_day_session_effect,500,2017-06-15 12:00:00+00:00,2017-06-16 00:00:00+00:00,2464.580078125,2518.56005859375,LONG,0.5407674099800727,0.5407674099800727,0.011844051848000303,0.0004326139279840581,0.00021630696399202906,0.011191393304260222,0.29887721172971426,2,24,signal_flat,0.0,0.021902303336727824
16_time_of_day_session_effect,501,2017-06-16 12:00:00+00:00,2017-06-17 00:00:00+00:00,2518.56005859375,2655.8798828125,LONG,0.5530044745911801,0.5530044745911801,0.03015154511957263,0.00044240357967294404,0.00022120178983647202,0.029478045479464532,0.8050548372742058,2,24,signal_flat,0.0,0.05452314855474327
16_time_of_day_session_effect,502,2017-06-17 12:00:00+00:00,2017-06-18 00:00:00+00:00,2655.8798828125,2548.2900390625,LONG,0.5095161634113673,0.5095161634113673,-0.0206405284984037,0.00040761293072909385,0.00020380646536454693,-0.021245544426342966,-0.5345938572526129,2,24,signal_flat,-0.04051005636447136,0.0
16_time_of_day_session_effect,503,2017-06-18 12:00:00+00:00,2017-06-19 00:00:00+00:00,2548.2900390625,2589.60009765625,LONG,0.47605854844741075,0.47605854844741075,0.007717334459170555,0.0003808468387579286,0.0001904234193789643,0.007143941446636548,0.1679563346309723,2,24,signal_flat,0.0,0.01621089356412031
16_time_of_day_session_effect,504,2017-06-19 12:00:00+00:00,2017-06-20 00:00:00+00:00,2589.60009765625,2721.7900390625,LONG,0.5230124021396106,0.5230124021396106,0.026697936432791503,0.00041840992171168854,0.00020920496085584427,0.02606204201421458,0.6731604031746123,2,24,signal_flat,0.0,0.05104646911540134
16_time_of_day_session_effect,505,2017-06-20 12:00:00+00:00,2017-06-21 00:00:00+00:00,2721.7900390625,2689.10009765625,LONG,0.5374942085740116,0.5374942085740116,-0.006455550917709774,0.0004299953668592093,0.00021499768342960466,-0.007098358071250921,-0.18842122643556267,2,24,signal_flat,-0.012010456698382854,0.0
16_time_of_day_session_effect,506,2017-06-21 12:00:00+00:00,2017-06-22 00:00:00+00:00,2689.10009765625,2705.409912109375,LONG,0.5742479142536778,0.5742479142536778,0.0034829037936277008,0.0004593983314029423,0.00022969916570147114,0.002792724980219985,0.07920010002463043,2,24,signal_flat,0.0,0.006065157064008231
16_time_of_day_session_effect,507,2017-06-22 12:00:00+00:00,2017-06-23 00:00:00+00:00,2705.409912109375,2744.909912109375,LONG,0.5995355590321518,0.5995355590321518,0.008753444154902867,0.00047962844722572147,0.00023981422361286074,0.008030982082882554,0.2377835122007039,2,24,signal_flat,0.0,0.014600375278880584
16_time_of_day_session_effect,508,2017-06-23 12:00:00+00:00,2017-06-24 00:00:00+00:00,2744.909912109375,2608.719970703125,LONG,0.5894173765072345,0.5894173765072345,-0.029244208568090624,0.00047153390120578757,0.00023576695060289378,-0.02994104212446025,-0.8715413186202489,2,24,signal_flat,-0.04961545033060577,0.0
16_time_of_day_session_effect,509,2017-06-24 12:00:00+00:00,2017-06-25 00:00:00+00:00,2608.719970703125,2589.409912109375,LONG,0.5824676059252794,0.5824676059252794,-0.004311495187560133,0.0004659740847402235,0.00023298704237011174,-0.005008827394238247,-0.14408075545042257,2,24,signal_flat,-0.007402120124278988,0.0
16_time_of_day_session_effect,510,2017-06-25 12:00:00+00:00,2017-06-26 00:00:00+00:00,2589.409912109375,2478.449951171875,LONG,0.5778680086036498,0.5778680086036498,-0.024762480193589176,0.00046229440688291986,0.00023114720344145993,-0.025447215921526323,-0.7262180865878691,2,24,signal_flat,-0.042851446740276966,0.0
16_time_of_day_session_effect,511,2017-06-26 12:00:00+00:00,2017-06-27 00:00:00+00:00,2478.449951171875,2552.449951171875,LONG,0.6554269623701661,0.6554269623701661,0.01956932605899886,0.0005243415698961329,0.00026217078494806644,0.018775272596215142,0.607727219158144,2,24,signal_flat,0.0,0.029857371122225418
16_time_of_day_session_effect,512,2017-06-27 12:00:00+00:00,2017-06-28 00:00:00+00:00,2552.449951171875,2574.7900390625,LONG,0.6431166570141161,0.6431166570141161,0.00562882051223923,0.0005144933256112929,0.00025724666280564645,0.004855057426536247,0.15419925067076737,2,24,signal_flat,0.0,0.008752409770216296
16_time_of_day_session_effect,513,2017-06-28 12:00:00+00:00,2017-06-29 00:00:00+00:00,2574.7900390625,2539.320068359375,LONG,0.7620127281957063,0.7620127281957063,-0.010497387644994638,0.000609610182556565,0.0003048050912782825,-0.011406794394207331,-0.429263510647889,2,24,signal_flat,-0.013775869164089127,0.0
16_time_of_day_session_effect,514,2017-06-29 12:00:00+00:00,2017-06-30 00:00:00+00:00,2539.320068359375,2480.840087890625,LONG,0.7679946144743215,0.7679946144743215,-0.017686746390966346,0.0006143956915794572,0.0003071978457897286,-0.018599977599088047,-0.7054540477071432,2,24,signal_flat,-0.02302977919066862,0.0
16_time_of_day_session_effect,515,2017-06-30 12:00:00+00:00,2017-07-01 00:00:00+00:00,2480.840087890625,2434.550048828125,LONG,0.7656559432038381,0.7656559432038381,-0.014286387781437537,0.0006125247545630705,0.00030626237728153524,-0.015198400796206601,-0.5746847662140058,2,24,signal_flat,-0.01865901768052247,0.0
16_time_of_day_session_effect,516,2017-07-01 12:00:00+00:00,2017-07-02 00:00:00+00:00,2434.550048828125,2506.469970703125,LONG,0.8477751507264183,0.8477751507264183,0.02504443177792104,0.0006782201205811346,0.0003391100602905673,0.02401462110906838,1.005436287934406,2,24,signal_flat,0.0,0.029541361004107758
16_time_of_day_session_effect,517,2017-07-02 12:00:00+00:00,2017-07-03 00:00:00+00:00,2506.469970703125,2564.06005859375,LONG,0.8765273608001921,0.8765273608001921,0.020139594065377908,0.0007012218886401537,0.00035061094432007684,0.01907744607735462,0.825817051119754,2,24,signal_flat,0.0,0.022976572057023192
16_time_of_day_session_effect,518,2017-07-03 12:00:00+00:00,2017-07-04 00:00:00+00:00,2564.06005859375,2601.639892578125,LONG,0.8585667542548241,0.8585667542548241,0.01258347907306634,0.0006868534034038593,0.00034342670170192966,0.011546982083163293,0.48959919314493955,2,24,signal_flat,0.0,0.01465637821486343
16_time_of_day_session_effect,519,2017-07-04 12:00:00+00:00,2017-07-05 00:00:00+00:00,2601.639892578125,2601.989990234375,LONG,0.9649111563936843,0.9649111563936843,0.00012984623095091408,0.0007719289251149474,0.0003859644625574737,-0.001027787151493209,-0.04897660148888623,2,24,signal_flat,0.0,0.00013456806887401918
16_time_of_day_session_effect,520,2017-07-05 12:00:00+00:00,2017-07-06 00:00:00+00:00,2601.989990234375,2608.56005859375,LONG,1.0,1.0,0.0025250167694854664,0.0008,0.0004,0.0013238617594237834,0.06574277909351858,2,24,signal_flat,0.0,0.0025250167694854664
16_time_of_day_session_effect,521,2017-07-06 12:00:00+00:00,2017-07-07 00:00:00+00:00,2608.56005859375,2518.659912109375,LONG,1.0,1.0,-0.03446351414766324,0.0008,0.0004,-0.0356424760391747,-1.7925092451208402,2,24,signal_flat,-0.03446351414766324,0.0
16_time_of_day_session_effect,522,2017-07-07 12:00:00+00:00,2017-07-08 00:00:00+00:00,2518.659912109375,2571.340087890625,LONG,0.9505232358638456,0.9505232358638456,0.019881100623677872,0.0007604185886910765,0.00038020929434553824,0.018729459529774672,0.8791968369782939,2,24,signal_flat,0.0,0.020915954364450373
16_time_of_day_session_effect,523,2017-07-08 12:00:00+00:00,2017-07-09 00:00:00+00:00,2571.340087890625,2518.43994140625,LONG,1.0,1.0,-0.02057298711030131,0.0008,0.0004,-0.021760283318035256,-1.1302307951368218,2,24,signal_flat,-0.02057298711030131,0.0
16_time_of_day_session_effect,524,2017-07-09 12:00:00+00:00,2017-07-10 00:00:00+00:00,2518.43994140625,2372.56005859375,LONG,1.0,1.0,-0.05792470188153198,0.0008,0.0004,-0.059089587060403126,-2.926135080074932,2,24,signal_flat,-0.05792470188153198,0.0
16_time_of_day_session_effect,525,2017-07-10 12:00:00+00:00,2017-07-11 00:00:00+00:00,2372.56005859375,2337.7900390625,LONG,0.9519767767987278,0.9519767767987278,-0.013951280602020777,0.0007615814214389822,0.0003807907107194911,-0.015085357703573221,-0.7092185733112446,2,24,signal_flat,-0.014655064012102925,0.0
16_time_of_day_session_effect,526,2017-07-11 12:00:00+00:00,2017-07-12 00:00:00+00:00,2337.7900390625,2398.840087890625,LONG,1.0,1.0,0.026114427646636518,0.0008,0.0004,0.024899118990048486,1.2335753645580863,2,24,signal_flat,0.0,0.026114427646636518
16_time_of_day_session_effect,527,2017-08-02 12:00:00+00:00,2017-08-03 00:00:00+00:00,2710.669921875,2804.72998046875,LONG,0.3965887841464421,0.3965887841464421,0.01376160334882659,0.0003172710273171537,0.00015863551365857684,0.013282478811085685,0.26014632404075605,2,24,signal_flat,0.0,0.03469993075685429
16_time_of_day_session_effect,528,2017-08-03 12:00:00+00:00,2017-08-04 00:00:00+00:00,2804.72998046875,2895.889892578125,LONG,0.5556923466767285,0.5556923466767285,0.018061227225316223,0.0004445538773413828,0.0002222769386706914,0.01738848568369411,0.4771932715956103,2,24,signal_flat,0.0,0.03250220618176569
16_time_of_day_session_effect,529,2017-08-04 12:00:00+00:00,2017-08-05 00:00:00+00:00,2895.889892578125,3252.909912109375,LONG,0.579167799447328,0.579167799447328,0.0714027489789919,0.0004633342395578624,0.0002316671197789312,0.07068305587257728,2.0217053445504365,2,24,signal_flat,0.0,0.12328508084725742
16_time_of_day_session_effect,530,2017-08-05 12:00:00+00:00,2017-08-06 00:00:00+00:00,3252.909912109375,3213.93994140625,LONG,0.5067738826927561,0.5067738826927561,-0.0060711682448160165,0.0004054191061542049,0.00020270955307710245,-0.006677358423228363,-0.16711562110406858,2,24,signal_flat,-0.011980033802367007,0.0
16_time_of_day_session_effect,531,2017-08-06 12:00:00+00:00,2017-08-07 00:00:00+00:00,3213.93994140625,3378.93994140625,LONG,0.5220693699240778,0.5220693699240778,0.026802444229801603,0.00041765549593926227,0.00020882774796963114,0.026167663465103574,0.6746698357264557,2,24,signal_flat,0.0,0.05133885604838184
16_time_of_day_session_effect,532,2017-08-07 12:00:00+00:00,2017-08-08 00:00:00+00:00,3378.93994140625,3419.93994140625,LONG,0.48427272651647213,0.48427272651647213,0.0058761570585690315,0.0003874181812131777,0.00019370909060658885,0.005293406816415658,0.1265970008582979,2,24,signal_flat,0.0,0.012133983057105446
16_time_of_day_session_effect,533,2017-08-08 12:00:00+00:00,2017-08-09 00:00:00+00:00,3419.93994140625,3342.469970703125,LONG,0.5321005453599658,0.5321005453599658,-0.012053373558134295,0.0004256804362879726,0.0002128402181439863,-0.012687944121423489,-0.3334134345434638,2,24,signal_flat,-0.022652436016542987,0.0
16_time_of_day_session_effect,534,2017-08-09 12:00:00+00:00,2017-08-10 00:00:00+00:00,3342.469970703125,3381.280029296875,LONG,0.5277431755704729,0.5277431755704729,0.006127727023986784,0.0004221945404563783,0.00021109727022818915,0.005492595158260283,0.1431523064365417,2,24,signal_flat,0.0,0.011611191404536703
16_time_of_day_session_effect,535,2017-08-10 12:00:00+00:00,2017-08-11 00:00:00+00:00,3381.280029296875,3650.6201171875,LONG,0.575596250825184,0.575596250825184,0.045849838949602484,0.00046047700066014716,0.00023023850033007358,0.04514340812334794,1.2832475201039402,2,24,signal_flat,0.0,0.07965625016471445
16_time_of_day_session_effect,536,2017-08-11 12:00:00+00:00,2017-08-12 00:00:00+00:00,3650.6201171875,3884.7099609375,LONG,0.5443258376634669,0.5443258376634669,0.03490397417354285,0.0004354606701307735,0.00021773033506538675,0.03423949035198137,0.9204164568831346,2,24,signal_flat,0.0,0.06412330952976464
16_time_of_day_session_effect,537,2017-08-12 12:00:00+00:00,2017-08-13 00:00:00+00:00,3884.7099609375,4073.260009765625,LONG,0.5102943093495623,0.5102943093495623,0.02476787660136015,0.00040823544747964986,0.00020411772373982493,0.024148033830351467,0.6085561206571626,2,24,signal_flat,0.0,0.04853645464502643
16_time_of_day_session_effect,538,2017-08-13 12:00:00+00:00,2017-08-14 00:00:00+00:00,4073.260009765625,4325.1298828125,LONG,0.47821536443096907,0.47821536443096907,0.029570428315285335,0.00038257229154477527,0.00019128614577238763,0.02898816758645295,0.6846087138606395,2,24,signal_flat,0.0,0.06183496080363593
16_time_of_day_session_effect,539,2017-08-14 12:00:00+00:00,2017-08-15 00:00:00+00:00,4325.1298828125,4181.93017578125,LONG,0.46337940562615404,0.46337940562615404,-0.015341919648163449,0.0003707035245009232,0.0001853517622504616,-0.015893632157779725,-0.36371232623101973,2,24,signal_flat,-0.033108764571511906,0.0
16_time_of_day_session_effect,540,2017-08-15 12:00:00+00:00,2017-08-16 00:00:00+00:00,4181.93017578125,4376.6298828125,LONG,0.48027468869213,0.48027468869213,0.022360330577593457,0.000384219750953704,0.000192109875476852,0.021777640529638376,0.5165336960883955,2,24,signal_flat,0.0,0.04655737873358379
16_time_of_day_session_effect,541,2017-08-16 12:00:00+00:00,2017-08-17 00:00:00+00:00,4376.6298828125,4331.68994140625,LONG,0.44712234147372243,0.44712234147372243,-0.004591124304608063,0.00035769787317897794,0.00017884893658948897,-0.005126367467207293,-0.11319682319898837,2,24,signal_flat,-0.010268161258673913,0.0
16_time_of_day_session_effect,542,2017-08-17 12:00:00+00:00,2017-08-18 00:00:00+00:00,4331.68994140625,4160.6201171875,LONG,0.46504259394309655,0.46504259394309655,-0.018365754676857193,0.00037203407515447724,0.00018601703757723862,-0.018918603419410984,-0.4344901544035881,2,24,signal_flat,-0.03949262909690476,0.0
16_time_of_day_session_effect,543,2017-08-18 12:00:00+00:00,2017-08-19 00:00:00+00:00,4160.6201171875,4193.7001953125,LONG,0.4597702090226689,0.4597702090226689,0.0036555210535054172,0.00036781616721813515,0.00018390808360906757,0.0031028644827830743,0.07045336970318555,2,24,signal_flat,0.0,0.007950756664456327
16_time_of_day_session_effect,544,2017-08-19 12:00:00+00:00,2017-08-20 00:00:00+00:00,4193.7001953125,4087.659912109375,LONG,0.565561326733854,0.565561326733854,-0.014300565243702157,0.00045244906138708314,0.00022622453069354157,-0.014974270978330262,-0.418238035998216,2,24,signal_flat,-0.025285613721660716,0.0
16_time_of_day_session_effect,545,2017-08-20 12:00:00+00:00,2017-08-21 00:00:00+00:00,4087.659912109375,4001.739990234375,LONG,0.5509366828192086,0.5509366828192086,-0.011580326583840228,0.00044074934625536687,0.00022037467312768344,-0.012237513315952575,-0.3329607193256901,2,24,signal_flat,-0.02101934204958411,0.0
16_time_of_day_session_effect,546,2017-08-21 12:00:00+00:00,2017-08-22 00:00:00+00:00,4001.739990234375,4100.52001953125,LONG,0.5854328726001403,0.5854328726001403,0.014450982934403278,0.00046834629808011226,0.00023417314904005613,0.013743510822405769,0.3973497348181204,2,24,signal_flat,0.0,0.024684269727151875
16_time_of_day_session_effect,547,2017-08-22 12:00:00+00:00,2017-08-23 00:00:00+00:00,4100.52001953125,4151.52001953125,LONG,0.5706429697852257,0.5706429697852257,0.007097341634823451,0.0004565143758281805,0.00022825718791409026,0.006410257270240027,0.18065004123867906,2,24,signal_flat,0.0,0.01243744689870585
16_time_of_day_session_effect,548,2017-08-23 12:00:00+00:00,2017-08-24 00:00:00+00:00,4151.52001953125,4334.68017578125,LONG,0.5826230616655137,0.5826230616655137,0.025704640832144632,0.000466098449332411,0.0002330492246662055,0.02499662969008898,0.7192291179303819,2,24,signal_flat,0.0,0.044118818020461026
16_time_of_day_session_effect,549,2017-08-24 12:00:00+00:00,2017-08-25 00:00:00+00:00,4334.68017578125,4371.60009765625,LONG,0.5461356104378037,0.5461356104378037,0.004651619785740024,0.00043690848835024296,0.00021845424417512148,0.003994840179165626,0.10774522652331668,2,24,signal_flat,0.0,0.008517334700095969
16_time_of_day_session_effect,550,2017-08-25 12:00:00+00:00,2017-08-26 00:00:00+00:00,4371.60009765625,4352.39990234375,LONG,0.6328702352612906,0.6328702352612906,-0.0027795845578371114,0.0005062961882090325,0.00025314809410451625,-0.003537829181446406,-0.11057314555933212,2,24,signal_flat,-0.0043920292075192435,0.0
16_time_of_day_session_effect,551,2017-08-26 12:00:00+00:00,2017-08-27 00:00:00+00:00,4352.39990234375,4382.8798828125,LONG,0.7302472672224276,0.7302472672224276,0.005113942409177952,0.0005841978137779421,0.00029209890688897106,0.004235596997015589,0.15275052305777675,2,24,signal_flat,0.0,0.007003028479147133
16_time_of_day_session_effect,552,2017-08-27 12:00:00+00:00,2017-08-28 00:00:00+00:00,4382.8798828125,4382.66015625,LONG,0.8177357266883004,0.8177357266883004,-4.099547901437184e-05,0.0006541885813506404,0.0003270942906753202,-0.0010220175079408422,-0.04127332354682698,2,24,signal_flat,-5.0132919079404203e-05,0.0
16_time_of_day_session_effect,553,2017-08-28 12:00:00+00:00,2017-08-29 00:00:00+00:00,4382.66015625,4579.02001953125,LONG,0.9950828524155619,0.9950828524155619,0.04458350086195706,0.0007960662819324495,0.00039803314096622475,0.04336313934109115,2.130973712917162,2,24,signal_flat,0.0,0.0448038077972408
16_time_of_day_session_effect,554,2017-08-29 12:00:00+00:00,2017-08-30 00:00:00+00:00,4579.02001953125,4565.2998046875,LONG,0.9558438357205853,0.9558438357205853,-0.0028640151663943403,0.0007646750685764682,0.0003823375342882341,-0.0040090563290360315,-0.18924622971601182,2,24,signal_flat,-0.002996321218345477,0.0
16_time_of_day_session_effect,555,2017-08-30 12:00:00+00:00,2017-08-31 00:00:00+00:00,4565.2998046875,4703.39013671875,LONG,1.0,1.0,0.030247812397657503,0.0008,0.0004,0.02903002371021901,1.606279452470983,2,24,signal_flat,0.0,0.030247812397657503
16_time_of_day_session_effect,556,2017-08-31 12:00:00+00:00,2017-09-01 00:00:00+00:00,4703.39013671875,4892.009765625,LONG,1.0,1.0,0.040102909480912885,0.0008,0.0004,0.038879207735224464,1.9938103239189509,2,24,signal_flat,0.0,0.040102909480912885
16_time_of_day_session_effect,557,2017-09-01 12:00:00+00:00,2017-09-02 00:00:00+00:00,4892.009765625,4578.77001953125,LONG,1.0,1.0,-0.06403089141293461,0.0008,0.0004,-0.0651921128780869,-3.3357364019045406,2,24,signal_flat,-0.06403089141293461,0.0
16_time_of_day_session_effect,558,2017-09-02 12:00:00+00:00,2017-09-03 00:00:00+00:00,4578.77001953125,4582.9599609375,LONG,0.8598534655146185,0.8598534655146185,0.0007868348100252831,0.0006878827724116948,0.0003439413862058474,-0.0002451291209015771,-0.0104092032252474,2,24,signal_flat,0.0,0.0009150801172317369
16_time_of_day_session_effect,559,2017-09-03 12:00:00+00:00,2017-09-04 00:00:00+00:00,4582.9599609375,4236.31005859375,LONG,0.9284868370803941,0.9284868370803941,-0.07022969306839322,0.0007427894696643154,0.0003713947348321577,-0.07130444251392765,-3.2695687507771525,2,24,signal_flat,-0.07563886774014905,0.0
16_time_of_day_session_effect,560,2017-09-04 12:00:00+00:00,2017-09-05 00:00:00+00:00,4236.31005859375,4376.52978515625,LONG,0.7875920025152604,0.7875920025152604,0.026068898099531612,0.0006300736020122083,0.00031503680100610415,0.025111692011537068,0.9767319802260807,2,24,signal_flat,0.0,0.03309949569863302
16_time_of_day_session_effect,561,2017-09-05 12:00:00+00:00,2017-09-06 00:00:00+00:00,4376.52978515625,4597.1201171875,LONG,0.7695990796618585,0.7695990796618585,0.038790120220213,0.0006156792637294868,0.0003078396318647434,0.037848902841913556,1.4385202120365777,2,24,signal_flat,0.0,0.050403023139341974
16_time_of_day_session_effect,562,2017-09-06 12:00:00+00:00,2017-09-07 00:00:00+00:00,4597.1201171875,4599.8798828125,LONG,0.6976894893746911,0.6976894893746911,0.00041884036540640324,0.0005581515914997529,0.00027907579574987647,-0.0004183871167311448,-0.014415795648191789,2,24,signal_flat,0.0,0.0006003248892021418
16_time_of_day_session_effect,563,2017-09-07 12:00:00+00:00,2017-09-08 00:00:00+00:00,4599.8798828125,4228.75,LONG,0.7813783168501814,0.7813783168501814,-0.06304356864804173,0.0006251026534801452,0.0003125513267400726,-0.06395144630298033,-2.4677994331718764,2,24,signal_flat,-0.0806825161237863,0.0
16_time_of_day_session_effect,564,2017-09-08 12:00:00+00:00,2017-09-09 00:00:00+00:00,4228.75,4226.06005859375,LONG,0.6517399616631163,0.6517399616631163,-0.0004145769574899205,0.0005213919693304931,0.00026069598466524655,-0.001196349878271441,-0.03850620285353834,2,24,signal_flat,-0.0006361079293526473,0.0
16_time_of_day_session_effect,565,2017-09-09 12:00:00+00:00,2017-09-10 00:00:00+00:00,4226.06005859375,4122.93994140625,LONG,0.6574167367309569,0.6574167367309569,-0.016041629790580547,0.0005259333893847656,0.0002629666946923828,-0.01682404666227677,-0.5462222092243404,2,24,signal_flat,-0.024401006080782994,0.0
16_time_of_day_session_effect,566,2017-09-10 12:00:00+00:00,2017-09-11 00:00:00+00:00,4122.93994140625,4161.27001953125,LONG,0.631920726651596,0.631920726651596,0.00587482989458743,0.0005055365813212768,0.0002527682906606384,0.005114441323109675,0.1596095725629652,2,24,signal_flat,0.0,0.009296783040678047
16_time_of_day_session_effect,567,2017-09-11 12:00:00+00:00,2017-09-12 00:00:00+00:00,4161.27001953125,4130.81005859375,LONG,0.6191587156667323,0.6191587156667323,-0.004532162105511661,0.0004953269725333859,0.00024766348626669294,-0.005273330879005278,-0.16124458800571084,2,24,signal_flat,-0.007319871287980284,0.0
16_time_of_day_session_effect,568,2017-09-12 12:00:00+00:00,2017-09-13 00:00:00+00:00,4130.81005859375,3882.590087890625,LONG,0.6743682934072525,0.6743682934072525,-0.040522724516084296,0.0005394946347258019,0.00026974731736290096,-0.04131540640569298,-1.3759647434139308,2,24,signal_flat,-0.06008990178251539,0.0
16_time_of_day_session_effect,569,2017-09-13 12:00:00+00:00,2017-09-14 00:00:00+00:00,3882.590087890625,3154.949951171875,LONG,0.5937296424883224,0.5937296424883224,-0.11127147302559837,0.0004749837139906579,0.00023749185699532894,-0.11194418258808547,-3.282376505770055,2,24,signal_flat,-0.1874110117851947,0.0
16_time_of_day_session_effect,570,2017-09-14 12:00:00+00:00,2017-09-15 00:00:00+00:00,3154.949951171875,3637.52001953125,LONG,0.4466947165360767,0.4466947165360767,0.06832485561760437,0.0003573557732288613,0.00017867788661443066,0.06777058157957483,1.4950308768444125,2,24,signal_flat,0.0,0.15295648927176453
16_time_of_day_session_effect,571,2017-09-15 12:00:00+00:00,2017-09-16 00:00:00+00:00,3637.52001953125,3625.0400390625,LONG,0.3792534399534187,0.3792534399534187,-0.0013011819860540008,0.00030340275196273495,0.00015170137598136748,-0.0017559382474098273,-0.0328879574000434,2,24,signal_flat,-0.0034309035831391332,0.0
16_time_of_day_session_effect,572,2017-09-16 12:00:00+00:00,2017-09-17 00:00:00+00:00,3625.0400390625,3582.8798828125,LONG,0.41271300725592497,0.41271300725592497,-0.004799959361777795,0.00033017040580474,0.00016508520290237,-0.005293965047557525,-0.10790146968216766,2,24,signal_flat,-0.011630259471810844,0.0
16_time_of_day_session_effect,573,2017-09-17 12:00:00+00:00,2017-09-18 00:00:00+00:00,3582.8798828125,4065.199951171875,LONG,0.4063736785712338,0.4063736785712338,0.05470520554377889,0.00032509894285698705,0.00016254947142849352,0.05420427812636919,1.0878205761000652,2,24,signal_flat,0.0,0.13461798445242934
16_time_of_day_session_effect,574,2017-09-18 12:00:00+00:00,2017-09-19 00:00:00+00:00,4065.199951171875,3924.969970703125,LONG,0.3746946789718677,0.3746946789718677,-0.01292517665676518,0.0002997557431774942,0.0001498778715887471,-0.01337185393198359,-0.24743850530573355,2,24,signal_flat,-0.03449522339690225,0.0
16_time_of_day_session_effect,575,2017-09-19 12:00:00+00:00,2017-09-20 00:00:00+00:00,3924.969970703125,3905.949951171875,LONG,0.37400471660978735,0.37400471660978735,-0.001812390175668921,0.0002992037732878299,0.00014960188664391494,-0.002260738773486093,-0.04175664486609601,2,24,signal_flat,-0.004845901923637541,0.0
16_time_of_day_session_effect,576,2017-09-20 12:00:00+00:00,2017-09-21 00:00:00+00:00,3905.949951171875,3631.0400390625,LONG,0.39792138780536657,0.39792138780536657,-0.028006639899518793,0.00031833711024429327,0.00015916855512214663,-0.028477401897360255,-0.5596232907546375,2,24,signal_flat,-0.07038234374377883,0.0
16_time_of_day_session_effect,577,2017-09-21 12:00:00+00:00,2017-09-22 00:00:00+00:00,3631.0400390625,3630.699951171875,LONG,0.36242165755995853,0.36242165755995853,-3.394487962415926e-05,0.0002899373260479668,0.0001449686630239834,-0.000468796201475552,-0.008390664578897098,2,24,signal_flat,-9.366128904286786e-05,0.0
16_time_of_day_session_effect,578,2017-10-11 12:00:00+00:00,2017-10-12 00:00:00+00:00,4826.47998046875,5446.91015625,LONG,1.0,1.0,0.12854713544693785,0.0008,0.0004,0.12727036716566964,7.344528685782254,2,24,signal_flat,0.0,0.12854713544693785
16_time_of_day_session_effect,579,2017-10-12 12:00:00+00:00,2017-10-13 00:00:00+00:00,5446.91015625,5647.2099609375,LONG,0.7767298920662122,0.7767298920662122,0.028562770674175342,0.0006213839136529698,0.0003106919568264849,0.027617600660383212,1.0593856810815336,2,24,signal_flat,0.0,0.03677310602556361
16_time_of_day_session_effect,580,2017-10-13 12:00:00+00:00,2017-10-14 00:00:00+00:00,5647.2099609375,5831.7900390625,LONG,0.710573273262294,0.710573273262294,0.0232252158498667,0.0005684586186098352,0.0002842293093049176,0.02236280776053845,0.7847536290530546,2,24,signal_flat,0.0,0.0326851807178703
16_time_of_day_session_effect,581,2017-10-14 12:00:00+00:00,2017-10-15 00:00:00+00:00,5831.7900390625,5678.18994140625,LONG,0.727915555694285,0.727915555694285,-0.019172140919209046,0.000582332444555428,0.000291166222277714,-0.02003707541629518,-0.7203000868860874,2,24,signal_flat,-0.02633841352782007,0.0
16_time_of_day_session_effect,582,2017-10-15 12:00:00+00:00,2017-10-16 00:00:00+00:00,5678.18994140625,5725.58984375,LONG,0.7073020061371922,0.7073020061371922,0.005904354444708604,0.0005658416049097538,0.0002829208024548769,0.00505326643970383,0.17651240055774026,2,24,signal_flat,0.0,0.008347713414463831
16_time_of_day_session_effect,583,2017-10-16 12:00:00+00:00,2017-10-17 00:00:00+00:00,5725.58984375,5605.509765625,LONG,0.6950233540680569,0.6950233540680569,-0.014576394910001178,0.0005560186832544456,0.0002780093416272228,-0.01540417047326792,-0.5287323072876811,2,24,signal_flat,-0.02097252534707461,0.0
16_time_of_day_session_effect,584,2017-10-17 12:00:00+00:00,2017-10-18 00:00:00+00:00,5605.509765625,5590.68994140625,LONG,0.6947781477133963,0.6947781477133963,-0.0018368516781975819,0.000555822518170717,0.0002779112590853585,-0.0026696459548068985,-0.09160052314257562,2,24,signal_flat,-0.002643795986161823,0.0
16_time_of_day_session_effect,585,2017-10-18 12:00:00+00:00,2017-10-19 00:00:00+00:00,5590.68994140625,5708.52001953125,LONG,0.7264077208858761,0.7264077208858761,0.01530985967736509,0.0005811261767087009,0.00029056308835435045,0.014431687652680436,0.5177209105381309,2,24,signal_flat,0.0,0.021076124657229967
16_time_of_day_session_effect,586,2017-10-19 12:00:00+00:00,2017-10-20 00:00:00+00:00,5708.52001953125,6011.4501953125,LONG,0.7307962985017973,0.7307962985017973,0.0387806735209828,0.0005846370388014378,0.0002923185194007189,0.03788690576194598,1.3673623282672902,2,24,signal_flat,0.0,0.05306632450176196
16_time_of_day_session_effect,587,2017-10-20 12:00:00+00:00,2017-10-21 00:00:00+00:00,6011.4501953125,6031.60009765625,LONG,0.6574585219031882,0.6574585219031882,0.002203748609902023,0.0005259668175225505,0.00026298340876127526,0.001414084670251059,0.045913659292034066,2,24,signal_flat,0.0,0.003351920366813088
16_time_of_day_session_effect,588,2017-10-21 12:00:00+00:00,2017-10-22 00:00:00+00:00,6031.60009765625,6008.419921875,LONG,0.6722362557897555,0.6722362557897555,-0.002583486027495585,0.0005377890046318045,0.00026889450231590224,-0.0033889648220888358,-0.11250896418528576,2,24,signal_flat,-0.0038431221244686897,0.0
16_time_of_day_session_effect,589,2017-10-22 12:00:00+00:00,2017-10-23 00:00:00+00:00,6008.419921875,5930.31982421875,LONG,0.7380960865341057,0.7380960865341057,-0.009594099145457391,0.0005904768692272846,0.0002952384346136423,-0.010475369506178556,-0.3818390912001247,2,24,signal_flat,-0.012998441965067942,0.0
16_time_of_day_session_effect,590,2017-10-23 12:00:00+00:00,2017-10-24 00:00:00+00:00,5930.31982421875,5526.64013671875,LONG,0.7830279878997105,0.7830279878997105,-0.0533010870962175,0.0006264223903197684,0.0003132111951598842,-0.05421545820808937,-2.0965177898824643,2,24,signal_flat,-0.06807047502757235,0.0
16_time_of_day_session_effect,591,2017-10-24 12:00:00+00:00,2017-10-25 00:00:00+00:00,5526.64013671875,5750.7998046875,LONG,0.662320178225081,0.662320178225081,0.026863603847397277,0.0005298561425800648,0.0002649280712900324,0.02605830216988103,0.8523387557112504,2,24,signal_flat,0.0,0.040559845118093296
16_time_of_day_session_effect,592,2017-10-25 12:00:00+00:00,2017-10-26 00:00:00+00:00,5750.7998046875,5904.830078125,LONG,0.6172454881153852,0.6172454881153852,0.016532394543621542,0.0004937963904923081,0.00024689819524615405,0.0157857143874367,0.4811941055815528,2,24,signal_flat,0.0,0.026784148060926993
16_time_of_day_session_effect,593,2017-10-26 12:00:00+00:00,2017-10-27 00:00:00+00:00,5904.830078125,5780.89990234375,LONG,0.7929400003932308,0.7929400003932308,-0.016642171295794816,0.0006343520003145846,0.0003171760001572923,-0.017585555198894376,-0.6886436460693877,2,24,signal_flat,-0.02098793261475229,0.0
16_time_of_day_session_effect,594,2017-10-27 12:00:00+00:00,2017-10-28 00:00:00+00:00,5780.89990234375,5753.08984375,LONG,0.8295678740406982,0.8295678740406982,-0.003990785444185074,0.0006636542992325586,0.0003318271496162793,-0.004984032770767199,-0.20418834463252078,2,24,signal_flat,-0.004810679835932641,0.0
16_time_of_day_session_effect,595,2017-10-28 12:00:00+00:00,2017-10-29 00:00:00+00:00,5753.08984375,6153.85009765625,LONG,0.9032453718252681,0.9032453718252681,0.06292007501770369,0.0007225962974602145,0.00036129814873010725,0.06180237491837315,2.756824014240532,2,24,signal_flat,0.0,0.06966000267519279
16_time_of_day_session_effect,596,2017-10-29 12:00:00+00:00,2017-10-30 00:00:00+00:00,6153.85009765625,6130.52978515625,LONG,0.793690564395848,0.793690564395848,-0.0030077287708165645,0.0006349524515166784,0.0003174762257583392,-0.003958498344427852,-0.15516001713711103,2,24,signal_flat,-0.0037895483526454443,0.0
16_time_of_day_session_effect,597,2017-10-30 12:00:00+00:00,2017-10-31 00:00:00+00:00,6130.52978515625,6468.39990234375,LONG,0.8039504051957128,0.8039504051957128,0.04430788645283279,0.0006431603241565702,0.0003215801620782851,0.043322005841689215,1.7200297116602068,2,24,signal_flat,0.0,0.0551127111404921
16_time_of_day_session_effect,598,2017-10-31 12:00:00+00:00,2017-11-01 00:00:00+00:00,6468.39990234375,6767.31005859375,LONG,0.7329829682857609,0.7329829682857609,0.0338717545121936,0.0005863863746286088,0.0002931931873143044,0.03297747191380407,1.1937389829069842,2,24,signal_flat,0.0,0.04621083432731066
16_time_of_day_session_effect,599,2017-11-01 12:00:00+00:00,2017-11-02 00:00:00+00:00,6767.31005859375,7078.5,LONG,0.6587736811410618,0.6587736811410618,0.03029323933132555,0.0005270189449128494,0.0002635094724564247,0.029490893314478184,0.9594499006002443,2,24,signal_flat,0.0,0.04598428898807039
16_time_of_day_session_effect,600,2017-11-02 12:00:00+00:00,2017-11-03 00:00:00+00:00,7078.5,7207.759765625,LONG,0.62272853211594,0.62272853211594,0.011371582130296876,0.000498182825692752,0.000249091412846376,0.010620198651265955,0.3266100460593402,2,24,signal_flat,0.0,0.01826089787737506
16_time_of_day_session_effect,601,2017-11-03 12:00:00+00:00,2017-11-04 00:00:00+00:00,7207.759765625,7379.9501953125,LONG,0.6742819365117726,0.6742819365117726,0.0161083193882523,0.000539425549209418,0.000269712774604709,0.015292827811370202,0.5092458025160227,2,24,signal_flat,0.0,0.023889590564422525
16_time_of_day_session_effect,602,2017-11-04 12:00:00+00:00,2017-11-05 00:00:00+00:00,7379.9501953125,7407.41015625,LONG,0.6428774986153746,0.6428774986153746,0.002392074544187217,0.0005143019988922997,0.00025715099944614985,0.001619847644241057,0.05142810569854032,2,24,signal_flat,0.0,0.0037208870264384686
16_time_of_day_session_effect,603,2017-11-05 12:00:00+00:00,2017-11-06 00:00:00+00:00,7407.41015625,7022.759765625,LONG,0.6430557540901863,0.6430557540901863,-0.03339245995386686,0.0005144446032721491,0.00025722230163607455,-0.03415109406321204,-1.0845545080600463,2,24,signal_flat,-0.05192778346429916,0.0
16_time_of_day_session_effect,604,2017-11-06 12:00:00+00:00,2017-11-07 00:00:00+00:00,7022.759765625,7144.3798828125,LONG,0.5908770921955612,0.5908770921955612,0.010232806417213025,0.0004727016737564489,0.00023635083687822446,0.009520251796903745,0.2778073437563432,2,24,signal_flat,0.0,0.01731799481206897
16_time_of_day_session_effect,605,2017-11-07 12:00:00+00:00,2017-11-08 00:00:00+00:00,7144.3798828125,7459.68994140625,LONG,0.6607775106074496,0.6607775106074496,0.029162754361411025,0.0005286220084859597,0.00026431100424297987,0.028358416479035142,0.9254125049894716,2,24,signal_flat,0.0,0.04413399955849262
16_time_of_day_session_effect,606,2017-11-08 12:00:00+00:00,2017-11-09 00:00:00+00:00,7459.68994140625,7143.580078125,LONG,0.6553180367865847,0.6553180367865847,-0.0277695851491776,0.0005242544294292678,0.0002621272147146339,-0.02854489344828548,-0.9238015395226795,2,24,signal_flat,-0.0423757375660655,0.0
16_time_of_day_session_effect,607,2017-11-09 12:00:00+00:00,2017-11-10 00:00:00+00:00,7143.580078125,6618.14013671875,LONG,0.6325205358552894,0.6325205358552894,-0.04652450867258795,0.0005060164286842315,0.00025300821434211577,-0.04726573266171852,-1.4764514081082987,2,24,signal_flat,-0.07355414731266852,0.0
16_time_of_day_session_effect,608,2017-11-10 12:00:00+00:00,2017-11-11 00:00:00+00:00,6618.14013671875,6357.60009765625,LONG,0.5661215946367912,0.5661215946367912,-0.02228682671169957,0.000452897275709433,0.0002264486378547165,-0.02295848701521963,-0.6418759733478547,2,24,signal_flat,-0.03936756153242693,0.0
16_time_of_day_session_effect,609,2017-11-11 12:00:00+00:00,2017-11-12 00:00:00+00:00,6357.60009765625,5950.06982421875,LONG,0.5295753995396837,0.5295753995396837,-0.03394645842221855,0.0004236603196317469,0.00021183015981587346,-0.03457106161405965,-0.9041461817727333,2,24,signal_flat,-0.06410127519466624,0.0
16_time_of_day_session_effect,610,2017-11-12 12:00:00+00:00,2017-11-13 00:00:00+00:00,5950.06982421875,6559.490234375,LONG,0.5351323236833142,0.5351323236833142,0.054809534983864205,0.00042810585894665135,0.00021405292947332567,0.05414988107513219,1.4310566482558489,2,24,signal_flat,0.0,0.1024223964020905
16_time_of_day_session_effect,611,2017-11-13 12:00:00+00:00,2017-11-14 00:00:00+00:00,6559.490234375,6635.75,LONG,0.4511359898022677,0.4511359898022677,0.00524484733082331,0.0003609087918418142,0.0001804543959209071,0.004702137727950806,0.10476131816899442,2,24,signal_flat,0.0,0.011625867697059977
16_time_of_day_session_effect,612,2017-11-14 12:00:00+00:00,2017-11-15 00:00:00+00:00,6635.75,7315.5400390625,LONG,0.4846779733127217,0.4846779733127217,0.04965215061010264,0.0003877423786501774,0.0001938711893250887,0.04905618242847587,1.1742083525982865,2,24,signal_flat,0.0,0.10244358799871911
16_time_of_day_session_effect,613,2017-11-15 12:00:00+00:00,2017-11-16 00:00:00+00:00,7315.5400390625,7871.68994140625,LONG,0.4421671776137525,0.4421671776137525,0.03361491172714759,0.000353733742091002,0.000176866871045501,0.033075463451877285,0.7222550275201928,2,24,signal_flat,0.0,0.07602308228430132
16_time_of_day_session_effect,614,2017-11-16 12:00:00+00:00,2017-11-17 00:00:00+00:00,7871.68994140625,7708.990234375,LONG,0.42237745046052705,0.42237745046052705,-0.008730105982078018,0.00033790196036842166,0.00016895098018421083,-0.009234682257710514,-0.1926286208964123,2,24,signal_flat,-0.020668967939835303,0.0
16_time_of_day_session_effect,615,2017-11-17 12:00:00+00:00,2017-11-18 00:00:00+00:00,7708.990234375,7790.14990234375,LONG,0.4208674215910625,0.4208674215910625,0.0044308604832425935,0.00033669393727285,0.000168346968636425,0.003924764461016306,0.08157499231109486,2,24,signal_flat,0.0,0.01052792460507379
16_time_of_day_session_effect,616,2017-11-18 12:00:00+00:00,2017-11-19 00:00:00+00:00,7790.14990234375,8036.490234375,LONG,0.42938513499305286,0.42938513499305286,0.013578028414016563,0.0003435081079944423,0.00017175405399722115,0.013059334503660702,0.27692756400076957,2,24,signal_flat,0.0,0.03162202719066243
16_time_of_day_session_effect,617,2017-11-19 12:00:00+00:00,2017-11-20 00:00:00+00:00,8036.490234375,8200.6396484375,LONG,0.4119747008191544,0.4119747008191544,0.008414793495147732,0.0003295797606553235,0.00016478988032766174,0.007918404945280733,0.16110402416211947,2,24,signal_flat,0.0,0.020425510300550398
16_time_of_day_session_effect,618,2017-11-20 12:00:00+00:00,2017-11-21 00:00:00+00:00,8200.6396484375,8071.259765625,LONG,0.43174006834741047,0.43174006834741047,-0.006811478353263789,0.0003453920546779284,0.0001726960273389642,-0.007327734858587509,-0.15623928276970764,2,24,signal_flat,-0.015776803805438666,0.0
16_time_of_day_session_effect,619,2017-11-21 12:00:00+00:00,2017-11-22 00:00:00+00:00,8071.259765625,8253.5498046875,LONG,0.43275583008074603,0.43275583008074603,0.009773824590049607,0.00034620466406459684,0.00017310233203229842,0.009252047206147695,0.19773288425751698,2,24,signal_flat,0.0,0.02258507895370454
16_time_of_day_session_effect,620,2017-11-22 12:00:00+00:00,2017-11-23 00:00:00+00:00,8253.5498046875,8038.77001953125,LONG,0.44747584126141887,0.44747584126141887,-0.011644536874807043,0.0003579806730091351,0.00017899033650456756,-0.012178309410493915,-0.2691254264239999,2,24,signal_flat,-0.026022716314653915,0.0
16_time_of_day_session_effect,621,2017-11-23 12:00:00+00:00,2017-11-24 00:00:00+00:00,8038.77001953125,8253.6904296875,LONG,0.45933257139077116,0.45933257139077116,0.012280478779910009,0.00036746605711261693,0.00018373302855630847,0.011725971155011505,0.2659954439016498,2,24,signal_flat,0.0,0.026735484363164197
16_time_of_day_session_effect,622,2017-11-24 12:00:00+00:00,2017-11-25 00:00:00+00:00,8253.6904296875,8790.919921875,LONG,0.4970381934168311,0.4970381934168311,0.03235202222834355,0.0003976305547334649,0.00019881527736673245,0.03174601721874204,0.7792505966557691,2,24,signal_flat,0.0,0.06508961012823455
16_time_of_day_session_effect,623,2017-11-25 12:00:00+00:00,2017-11-26 00:00:00+00:00,8790.919921875,9330.5498046875,LONG,0.47558964975777424,0.47558964975777424,0.02919403080069083,0.0003804717198062194,0.0001902358599031097,0.028615074020436948,0.6720868561770573,2,24,signal_flat,0.0,0.06138491620992981
16_time_of_day_session_effect,624,2017-11-26 12:00:00+00:00,2017-11-27 00:00:00+00:00,9330.5498046875,9818.349609375,LONG,0.47776688674337514,0.47776688674337514,0.024977584270810205,0.0003822135093947001,0.00019110675469735005,0.02439718610314401,0.5756439162783393,2,24,signal_flat,0.0,0.052279856482030373
16_time_of_day_session_effect,625,2017-11-27 12:00:00+00:00,2017-11-28 00:00:00+00:00,9818.349609375,10058.7998046875,LONG,0.5218683980141358,0.5218683980141358,0.01278049399566128,0.0004174947184113086,0.0002087473592056543,0.012150348121272803,0.3131467104063534,2,24,signal_flat,0.0,0.024489879142509663
16_time_of_day_session_effect,626,2017-11-28 12:00:00+00:00,2017-11-29 00:00:00+00:00,10058.7998046875,9888.6103515625,LONG,0.5097957177748664,0.5097957177748664,-0.008625467858813463,0.00040783657421989317,0.00020391828710994658,-0.00923449082319372,-0.23249160256949528,2,24,signal_flat,-0.016919459222728528,0.0
16_time_of_day_session_effect,627,2017-11-29 12:00:00+00:00,2017-11-30 00:00:00+00:00,9888.6103515625,10233.599609375,LONG,0.6024526354086228,0.6024526354086228,0.021018088504616284,0.00048196210832689824,0.00024098105416344912,0.02028767856214353,0.6036057910013778,2,24,signal_flat,0.0,0.034887536827456156
16_time_of_day_session_effect,628,2017-11-30 12:00:00+00:00,2017-12-01 00:00:00+00:00,10233.599609375,10975.599609375,LONG,0.6601641108946998,0.6601641108946998,0.04786602847302368,0.0005281312887157599,0.00026406564435787995,0.04705502877346768,1.534108541353534,2,24,signal_flat,0.0,0.07250625667631683
16_time_of_day_session_effect,629,2017-12-01 12:00:00+00:00,2017-12-02 00:00:00+00:00,10975.599609375,11074.599609375,LONG,0.589055747211583,0.589055747211583,0.005313287751872453,0.00047124459776926644,0.00023562229888463322,0.004604667876808799,0.13395312280305252,2,24,signal_flat,0.0,0.009020008338809893
16_time_of_day_session_effect,630,2017-12-02 12:00:00+00:00,2017-12-03 00:00:00+00:00,11074.599609375,11323.2001953125,LONG,0.5909072443119637,0.5909072443119637,0.01326457771406142,0.00047272579544957097,0.00023636289772478548,0.012550911841542112,0.3662627292745157,2,24,signal_flat,0.0,0.022447817050383678
16_time_of_day_session_effect,631,2017-12-03 12:00:00+00:00,2017-12-04 00:00:00+00:00,11323.2001953125,11657.2001953125,LONG,0.6024275207318663,0.6024275207318663,0.017769781373974114,0.0004819420165854931,0.00024097100829274654,0.017040575996703833,0.506975775191381,2,24,signal_flat,0.0,0.02949696148075409
16_time_of_day_session_effect,632,2017-12-04 12:00:00+00:00,2017-12-05 00:00:00+00:00,11657.2001953125,11916.7001953125,LONG,0.5910338407426082,0.5910338407426082,0.013156956996790647,0.0004728270725940866,0.0002364135362970433,0.012443176419363988,0.36319657169686304,2,24,signal_flat,0.0,0.02226091991663215
16_time_of_day_session_effect,633,2017-12-05 12:00:00+00:00,2017-12-06 00:00:00+00:00,11916.7001953125,14291.5,LONG,0.5831504358258008,0.5831504358258008,0.11621216598595696,0.00046652034866064067,0.00023326017433032033,0.11547184638101538,3.325483892879485,2,24,signal_flat,0.0,0.19928333899191664
16_time_of_day_session_effect,634,2017-12-06 12:00:00+00:00,2017-12-07 00:00:00+00:00,14291.5,17899.69921875,LONG,0.4276920501540536,0.4276920501540536,0.10798013653090588,0.00034215364012324287,0.00017107682006162143,0.10743926257451597,2.269302180931943,2,24,signal_flat,0.0,0.2524716942763181
16_time_of_day_session_effect,635,2017-12-07 12:00:00+00:00,2017-12-08 00:00:00+00:00,17899.69921875,16569.400390625,LONG,0.318782472168595,0.318782472168595,-0.023691791910584237,0.000255025977734876,0.000127512988867438,-0.02406976277637407,-0.3789347014874809,2,24,signal_flat,-0.07431961911021989,0.0
16_time_of_day_session_effect,636,2017-12-08 12:00:00+00:00,2017-12-09 00:00:00+00:00,16569.400390625,15178.2001953125,LONG,0.30259112817287814,0.30259112817287814,-0.025406159950852603,0.00024207290253830253,0.00012103645126915126,-0.025764623735398118,-0.385015424817461,2,24,signal_flat,-0.08396201205323306,0.0
16_time_of_day_session_effect,637,2017-12-09 12:00:00+00:00,2017-12-10 00:00:00+00:00,15178.2001953125,15455.400390625,LONG,0.29661598902060926,0.29661598902060926,0.005417111978448963,0.0002372927912164874,0.0001186463956082437,0.005060240383584214,0.07412485213196582,2,24,signal_flat,0.0,0.01826304777546084
16_time_of_day_session_effect,638,2017-12-10 12:00:00+00:00,2017-12-11 00:00:00+00:00,15455.400390625,16936.80078125,LONG,0.3106314589101765,0.3106314589101765,0.02977403062615447,0.00024850516712814123,0.00012425258356407062,0.02939575836220487,0.45094984196808335,2,24,signal_flat,0.0,0.09585001702858453
16_time_of_day_session_effect,639,2017-12-11 12:00:00+00:00,2017-12-12 00:00:00+00:00,16936.80078125,17415.400390625,LONG,0.2964769244016547,0.2964769244016547,0.008377836052982257,0.00023718153952132374,0.00011859076976066187,0.008020605086144439,0.1174346246367493,2,24,signal_flat,0.0,0.028257970059188287
16_time_of_day_session_effect,640,2017-12-12 12:00:00+00:00,2017-12-13 00:00:00+00:00,17415.400390625,16408.19921875,LONG,0.2953131597324491,0.2953131597324491,-0.01707912272362966,0.00023625052778595927,0.00011812526389297964,-0.017430440905939926,-0.25420805462896684,2,24,signal_flat,-0.05783393716386753,0.0
16_time_of_day_session_effect,641,2017-12-13 12:00:00+00:00,2017-12-14 00:00:00+00:00,16408.19921875,16564.0,LONG,0.28324097177753826,0.28324097177753826,0.002689458123748434,0.0002265927774220306,0.0001132963887110153,0.0023491407799371977,0.032859674246062655,2,24,signal_flat,0.0,0.009495300439305021
16_time_of_day_session_effect,642,2017-12-14 12:00:00+00:00,2017-12-15 00:00:00+00:00,16564.0,17706.900390625,LONG,0.2906139610215043,0.2906139610215043,0.02005208944533665,0.00023249116881720341,0.00011624558440860171,0.019699886646157294,0.28273419372379555,2,24,signal_flat,0.0,0.06899905763251635
16_time_of_day_session_effect,643,2017-12-15 12:00:00+00:00,2017-12-16 00:00:00+00:00,17706.900390625,19497.400390625,LONG,0.29166260419831713,0.29166260419831713,0.0294925639889847,0.0002333300833586537,0.00011666504167932686,0.02913743836128302,0.41969157478648456,2,24,signal_flat,0.0,0.10111877067699493
16_time_of_day_session_effect,644,2017-12-16 12:00:00+00:00,2017-12-17 00:00:00+00:00,19497.400390625,19140.80078125,LONG,0.2664180191540439,0.2664180191540439,-0.0048726783908317195,0.0002131344153232351,0.00010656720766161755,-0.005191575559939765,-0.06830632311012805,2,24,signal_flat,-0.01828959770177696,0.0
16_time_of_day_session_effect,645,2017-12-17 12:00:00+00:00,2017-12-18 00:00:00+00:00,19140.80078125,19114.19921875,LONG,0.2674632330575095,0.2674632330575095,-0.00037171589589923837,0.00021397058644600763,0.00010698529322300381,-0.0006925863701979784,-0.009148210823077867,2,24,signal_flat,-0.0013897831550526707,0.0
16_time_of_day_session_effect,646,2017-12-18 12:00:00+00:00,2017-12-19 00:00:00+00:00,19114.19921875,17776.69921875,LONG,0.2747492116737844,0.2747492116737844,-0.0192253448029992,0.00021979936933902753,0.00010989968466951376,-0.019551847392643817,-0.265290921154721,2,24,signal_flat,-0.0699741582000456,0.0
16_time_of_day_session_effect,647,2017-12-19 12:00:00+00:00,2017-12-20 00:00:00+00:00,17776.69921875,16624.599609375,LONG,0.26260555835218896,0.26260555835218896,-0.0170193441130031,0.00021008444668175116,0.00010504222334087558,-0.01733176433220307,-0.22477335254606326,2,24,signal_flat,-0.06480953495347552,0.0
16_time_of_day_session_effect,648,2017-12-20 12:00:00+00:00,2017-12-21 00:00:00+00:00,16624.599609375,15802.900390625,LONG,0.29997304957585447,0.29997304957585447,-0.014826680117067892,0.00023997843966068358,0.00011998921983034179,-0.015183946819710026,-0.22493914817405636,2,24,signal_flat,-0.04942670729264509,0.0
16_time_of_day_session_effect,649,2017-12-21 12:00:00+00:00,2017-12-22 00:00:00+00:00,15802.900390625,13831.7998046875,LONG,0.38206049536794456,0.38206049536794456,-0.04765452212367849,0.0003056483962943557,0.00015282419814717784,-0.04810201802264258,-0.9075980728814221,2,24,signal_flat,-0.12473030502089644,0.0
16_time_of_day_session_effect,650,2017-12-22 12:00:00+00:00,2017-12-23 00:00:00+00:00,13831.7998046875,14699.2001953125,LONG,0.35775468164975405,0.35775468164975405,0.02243500881973115,0.00028620374531980323,0.00014310187265990161,0.022000933539916945,0.3887089754495987,2,24,signal_flat,0.0,0.06271059463505568
16_time_of_day_session_effect,651,2017-12-23 12:00:00+00:00,2017-12-24 00:00:00+00:00,14699.2001953125,13925.7998046875,LONG,0.36761373123022795,0.36761373123022795,-0.019342045795337715,0.0002940909849841824,0.0001470454924920912,-0.019778867381491483,-0.3590800503087422,2,24,signal_flat,-0.05261513418067698,0.0
16_time_of_day_session_effect,652,2017-12-24 12:00:00+00:00,2017-12-25 00:00:00+00:00,13925.7998046875,14026.599609375,LONG,0.3519361582337845,0.3519361582337845,0.0025474368804652148,0.0002815489265870276,0.0001407744632935138,0.002124620158756585,0.03692693999358845,2,24,signal_flat,0.0,0.007238349401918809
16_time_of_day_session_effect,653,2017-12-25 12:00:00+00:00,2017-12-26 00:00:00+00:00,14026.599609375,16099.7998046875,LONG,0.3954375108233945,0.3954375108233945,0.05844760294754581,0.00031635000865871564,0.00015817500432935782,0.057959266803280673,1.1318760760586242,2,24,signal_flat,0.0,0.14780490304484273
16_time_of_day_session_effect,654,2017-12-26 12:00:00+00:00,2017-12-27 00:00:00+00:00,16099.7998046875,15838.5,LONG,0.33891993618364363,0.33891993618364363,-0.005500671698023374,0.0002711359489469149,0.00013556797447345745,-0.00590621569704286,-0.09885634592649022,2,24,signal_flat,-0.016230003345223065,0.0
16_time_of_day_session_effect,655,2017-12-27 12:00:00+00:00,2017-12-28 00:00:00+00:00,15838.5,14606.5,LONG,0.35666003604430957,0.35666003604430957,-0.027742852189701628,0.00028532802883544765,0.00014266401441772383,-0.028164861578660494,-0.49608969322051166,2,24,signal_flat,-0.07778514379518264,0.0
16_time_of_day_session_effect,656,2017-12-28 12:00:00+00:00,2017-12-29 00:00:00+00:00,14606.5,14656.2001953125,LONG,0.3284412479954182,0.3284412479954182,0.0011175568530485958,0.00026275299839633457,0.00013137649919816728,0.0007232459589086027,0.011731183911258948,2,24,signal_flat,0.0,0.0034026081068359026
16_time_of_day_session_effect,657,2017-12-29 12:00:00+00:00,2017-12-30 00:00:00+00:00,14656.2001953125,12952.2001953125,LONG,0.35545552806566144,0.35545552806566144,-0.041326961405563134,0.0002843644224525292,0.0001421822112262646,-0.041744648615600455,-0.7327979006238899,2,24,signal_flat,-0.11626478741365665,0.0
16_time_of_day_session_effect,658,2017-12-30 12:00:00+00:00,2017-12-31 00:00:00+00:00,12952.2001953125,14156.400390625,LONG,0.3488307914446993,0.3488307914446993,0.03243171822967539,0.00027906463315575947,0.00013953231657787973,0.032006377176630574,0.5513780410472081,2,24,signal_flat,0.0,0.09297263608914186
16_time_of_day_session_effect,659,2017-12-31 12:00:00+00:00,2018-01-01 00:00:00+00:00,14156.400390625,13657.2001953125,LONG,0.31947190610134246,0.31947190610134246,-0.011265606617644197,0.000255577524881074,0.000127788762440537,-0.011646776735646514,-0.1837538965394948,2,24,signal_flat,-0.03526321533283927,0.0
16_time_of_day_session_effect,660,2018-01-01 12:00:00+00:00,2018-01-02 00:00:00+00:00,13657.2001953125,14982.099609375,LONG,0.30772496723850584,0.30772496723850584,0.02985272405442463,0.0002461799737908047,0.00012308998689540234,0.029477976326695243,0.4479799054863572,2,24,signal_flat,0.0,0.0970110560814097
16_time_of_day_session_effect,661,2018-01-02 12:00:00+00:00,2018-01-03 00:00:00+00:00,14982.099609375,15201.0,LONG,0.2989511237435853,0.2989511237435853,0.004367913675083601,0.00023916089899486822,0.00011958044949743411,0.00400842102480925,0.059179549607146525,2,24,signal_flat,0.0,0.014610795304552893
16_time_of_day_session_effect,662,2018-01-03 12:00:00+00:00,2018-01-04 00:00:00+00:00,15201.0,15599.2001953125,LONG,0.3156614386135858,0.3156614386135858,0.008268959049309466,0.00025252915089086863,0.00012626457544543431,0.007888635079239537,0.1229763310408049,2,24,signal_flat,0.0,0.026195657872015055
16_time_of_day_session_effect,663,2018-01-04 12:00:00+00:00,2018-01-05 00:00:00+00:00,15599.2001953125,17429.5,LONG,0.32404375629763904,0.32404375629763904,0.03802100213060888,0.0002592350050381112,0.0001296175025190556,0.03762479514361061,0.6021101325802782,2,24,signal_flat,0.0,0.11733292616101543
16_time_of_day_session_effect,664,2018-01-05 12:00:00+00:00,2018-01-06 00:00:00+00:00,17429.5,17527.0,LONG,0.3268071525927583,0.3268071525927583,0.0018281475302099892,0.0002614457220742066,0.0001307228610371033,0.001435658925134753,0.023170796456492435,2,24,signal_flat,0.0,0.005593964256002781
16_time_of_day_session_effect,665,2018-01-06 12:00:00+00:00,2018-01-07 00:00:00+00:00,17527.0,16477.599609375,LONG,0.3498426153101408,0.3498426153101408,-0.02094625304751141,0.0002798740922481127,0.00013993704612405634,-0.0213616233903674,-0.36906690174744916,2,24,signal_flat,-0.05987336056512804,0.0
16_time_of_day_session_effect,666,2018-01-07 12:00:00+00:00,2018-01-08 00:00:00+00:00,16477.599609375,15170.099609375,LONG,0.346736816803202,0.346736816803202,-0.027513618410308194,0.0002773894534425616,0.0001386947267212808,-0.027923935318280968,-0.47816162102285337,2,24,signal_flat,-0.07935014996092593,0.0
16_time_of_day_session_effect,667,2018-01-08 12:00:00+00:00,2018-01-09 00:00:00+00:00,15170.099609375,14595.400390625,LONG,0.31863289043660403,0.31863289043660403,-0.012070986870040379,0.0002549063123492832,0.0001274531561746416,-0.0124510020608114,-0.19592643763977818,2,24,signal_flat,-0.03788368129071751,0.0
16_time_of_day_session_effect,668,2018-01-09 12:00:00+00:00,2018-01-10 00:00:00+00:00,14595.400390625,14973.2998046875,LONG,0.3635493622882729,0.3635493622882729,0.009412903196528877,0.0002908394898306183,0.00014541974491530916,0.00897463830934031,0.16113076760472012,2,24,signal_flat,0.0,0.025891678470515656
16_time_of_day_session_effect,669,2018-01-10 12:00:00+00:00,2018-01-11 00:00:00+00:00,14973.2998046875,13405.7998046875,LONG,0.3590999640625641,0.3590999640625641,-0.03759286202843892,0.0002872799712500513,0.00014363998562502564,-0.038015635805069614,-0.6741798280538807,2,24,signal_flat,-0.10468634305373903,0.0
16_time_of_day_session_effect,670,2018-01-11 12:00:00+00:00,2018-01-12 00:00:00+00:00,13405.7998046875,13980.599609375,LONG,0.3472662866978203,0.3472662866978203,0.014889719127288759,0.00027781302935825624,0.00013890651467912812,0.014469940578563323,0.248157556845361,2,24,signal_flat,0.0,0.042876949757709726
16_time_of_day_session_effect,671,2018-01-12 12:00:00+00:00,2018-01-13 00:00:00+00:00,13980.599609375,14360.2001953125,LONG,0.3312485340788173,0.3312485340788173,0.00899404468624776,0.00026499882726305386,0.00013249941363152693,0.008594798388095404,0.14060080028195254,2,24,signal_flat,0.0,0.02715195317395036
16_time_of_day_session_effect,672,2018-01-13 12:00:00+00:00,2018-01-14 00:00:00+00:00,14360.2001953125,13772.0,LONG,0.36974952869389704,0.36974952869389704,-0.015145105363186251,0.00029579962295511763,0.00014789981147755882,-0.015585395642979893,-0.2845925942436396,2,24,signal_flat,-0.04096044534981502,0.0
16_time_of_day_session_effect,673,2018-01-14 12:00:00+00:00,2018-01-15 00:00:00+00:00,13772.0,13819.7998046875,LONG,0.3966586690657445,0.3966586690657445,0.0013767213846169746,0.0003173269352525956,0.0001586634676262978,0.0009004599703708038,0.017639224815469035,2,24,signal_flat,0.0,0.0034707961579654167
16_time_of_day_session_effect,674,2018-01-15 12:00:00+00:00,2018-01-16 00:00:00+00:00,13819.7998046875,11490.5,LONG,0.41512539599876364,0.41512539599876364,-0.06996856086820902,0.0003321003167990109,0.00016605015839950545,-0.07044922186901081,-1.4442874496188007,2,24,signal_flat,-0.16854801354629112,0.0
16_time_of_day_session_effect,675,2018-03-04 12:00:00+00:00,2018-03-05 00:00:00+00:00,11512.599609375,11573.2998046875,LONG,0.5247714708046128,0.5247714708046128,0.0027668582121389562,0.00041981717664369024,0.00020990858832184512,0.002136360404856097,0.05536596460062988,2,24,signal_flat,0.0,0.005272501204946822
16_time_of_day_session_effect,676,2018-03-05 12:00:00+00:00,2018-03-06 00:00:00+00:00,11573.2998046875,10779.900390625,LONG,0.588569218960193,0.588569218960193,-0.040348948125331074,0.0004708553751681544,0.0002354276875840772,-0.041040857589811686,-1.1929221614275745,2,24,signal_flat,-0.06855429544313296,0.0
16_time_of_day_session_effect,677,2018-03-06 12:00:00+00:00,2018-03-07 00:00:00+00:00,10779.900390625,9965.5703125,LONG,0.5305601092825296,0.5305601092825296,-0.040079317951564164,0.0004244480874260237,0.00021222404371301184,-0.040703130052465175,-1.06649920359079,2,24,signal_flat,-0.0755415215926486,0.0
16_time_of_day_session_effect,678,2018-03-07 12:00:00+00:00,2018-03-08 00:00:00+00:00,9965.5703125,9395.009765625,LONG,0.5179659059472306,0.5179659059472306,-0.029655192958617405,0.0004143727247577845,0.00020718636237889224,-0.03026743923449715,-0.7742388991217432,2,24,signal_flat,-0.0572531755818666,0.0
16_time_of_day_session_effect,679,2018-03-08 12:00:00+00:00,2018-03-09 00:00:00+00:00,9395.009765625,9337.5498046875,LONG,0.5245410263286995,0.5245410263286995,-0.003208097451185332,0.00041963282106295956,0.00020981641053147978,-0.0038364379639582724,-0.09938155220393234,2,24,signal_flat,-0.006116008644050375,0.0
16_time_of_day_session_effect,680,2018-03-09 12:00:00+00:00,2018-03-10 00:00:00+00:00,9337.5498046875,8866.0,LONG,0.5483642857202795,0.5483642857202795,-0.02769260429531406,0.0004386914285762236,0.0002193457142881118,-0.028341421803853573,-0.7675186365320409,2,24,signal_flat,-0.050500379066334866,0.0
16_time_of_day_session_effect,681,2018-03-10 12:00:00+00:00,2018-03-11 00:00:00+00:00,8866.0,9578.6298828125,LONG,0.5450704931097383,0.5450704931097383,0.043811586017295845,0.0004360563944877907,0.00021802819724389534,0.04314328014055069,1.1613522547715998,2,24,signal_flat,0.0,0.08037783474086391
16_time_of_day_session_effect,682,2018-03-11 12:00:00+00:00,2018-03-12 00:00:00+00:00,9578.6298828125,9205.1201171875,LONG,0.4842999941281211,0.4842999941281211,-0.018884827946381577,0.0003874399953024969,0.00019371999765124844,-0.019460415949362764,-0.4654410851140201,2,24,signal_flat,-0.03899407015352063,0.0
16_time_of_day_session_effect,683,2018-03-12 12:00:00+00:00,2018-03-13 00:00:00+00:00,9205.1201171875,9194.849609375,LONG,0.5138279161300918,0.5138279161300918,-0.0005732976386740862,0.00041106233290407346,0.00020553116645203673,-0.0011896193453456716,-0.030187270584227693,2,24,signal_flat,-0.001115738597840088,0.0
16_time_of_day_session_effect,684,2018-03-13 12:00:00+00:00,2018-03-14 00:00:00+00:00,9194.849609375,8269.8095703125,LONG,0.5470494553683861,0.5470494553683861,-0.05503544604439581,0.0004376395642947089,0.00021881978214735446,-0.05567373338964865,-1.5040943133298985,2,24,signal_flat,-0.10060415105858134,0.0
16_time_of_day_session_effect,685,2018-03-14 12:00:00+00:00,2018-03-15 00:00:00+00:00,8269.8095703125,8300.8603515625,LONG,0.4819055346313018,0.4819055346313018,0.0018094181264727283,0.00038552442770504146,0.00019276221385252073,0.0012306919076092715,0.029289327017813775,2,24,signal_flat,0.0,0.0037547153880626016
16_time_of_day_session_effect,686,2018-03-15 12:00:00+00:00,2018-03-16 00:00:00+00:00,8300.8603515625,8338.349609375,LONG,0.5261221449874423,0.5261221449874423,0.00237613065380482,0.0004208977159899538,0.0002104488579949769,0.0017441336484702585,0.04531734695393287,2,24,signal_flat,0.0,0.0045163099033997955
16_time_of_day_session_effect,687,2018-03-16 12:00:00+00:00,2018-03-17 00:00:00+00:00,8338.349609375,7916.8798828125,LONG,0.5338983618773109,0.5338983618773109,-0.026986395046281086,0.0004271186895018487,0.00021355934475092436,-0.027618325668183008,-0.7282056910041705,2,24,signal_flat,-0.05054594090041897,0.0
16_time_of_day_session_effect,688,2018-03-17 12:00:00+00:00,2018-03-18 00:00:00+00:00,7916.8798828125,8223.6796875,LONG,0.5200224658369145,0.5200224658369145,0.020152230842638508,0.0004160179726695316,0.0002080089863347658,0.01952201346838045,0.5013544202148095,2,24,signal_flat,0.0,0.038752615832098325
16_time_of_day_session_effect,689,2018-03-18 12:00:00+00:00,2018-03-19 00:00:00+00:00,8223.6796875,8630.650390625,LONG,0.4871717518751296,0.4871717518751296,0.02410899231698216,0.0003897374015001037,0.00019486870075005185,0.023517424523791908,0.5658091821662227,2,24,signal_flat,0.0,0.04948766471821564
16_time_of_day_session_effect,690,2018-03-19 12:00:00+00:00,2018-03-20 00:00:00+00:00,8630.650390625,8913.4697265625,LONG,0.4527684895889239,0.4527684895889239,0.014836852121603794,0.00036221479167113915,0.00018110739583556958,0.014289573138371647,0.31951671616069055,2,24,signal_flat,0.0,0.03276917997335538
16_time_of_day_session_effect,691,2018-03-20 12:00:00+00:00,2018-03-21 00:00:00+00:00,8913.4697265625,8929.2802734375,LONG,0.4802148191412382,0.4802148191412382,0.0008517961176752742,0.00038417185531299056,0.00019208592765649528,0.0002753759258928845,0.006530698920633577,2,24,signal_flat,0.0,0.0017737814072429359
16_time_of_day_session_effect,692,2019-04-24 12:00:00+00:00,2019-04-25 00:00:00+00:00,5464.86669921875,5210.515625,LONG,1.0,1.0,-0.04654296037177108,0.0008,0.0004,-0.04771467459554812,-3.137137597076813,2,24,signal_flat,-0.04654296037177108,0.0
16_time_of_day_session_effect,693,2019-04-25 12:00:00+00:00,2019-04-26 00:00:00+00:00,5210.515625,5279.34814453125,LONG,1.0,1.0,0.013210308630683842,0.0008,0.0004,0.012002742445505366,0.7977696035486932,2,24,signal_flat,0.0,0.013210308630683842
16_time_of_day_session_effect,694,2019-04-26 12:00:00+00:00,2019-04-27 00:00:00+00:00,5279.34814453125,5268.291015625,LONG,1.0,1.0,-0.00209441177273062,0.0008,0.0004,-0.0032927951256670474,-0.21059535120095915,2,24,signal_flat,-0.00209441177273062,0.0
16_time_of_day_session_effect,695,2019-04-27 12:00:00+00:00,2019-04-28 00:00:00+00:00,5268.291015625,5285.13916015625,LONG,1.0,1.0,0.0031980284462800324,0.0008,0.0004,0.001996469629212294,0.1272743666357653,2,24,signal_flat,0.0,0.0031980284462800324
16_time_of_day_session_effect,696,2019-04-28 12:00:00+00:00,2019-04-29 00:00:00+00:00,5285.13916015625,5247.3525390625,LONG,1.0,1.0,-0.007149598137096702,0.0008,0.0004,-0.008344948378214534,-0.5593950249126176,2,24,signal_flat,-0.007149598137096702,0.0
16_time_of_day_session_effect,697,2019-04-29 12:00:00+00:00,2019-04-30 00:00:00+00:00,5247.3525390625,5350.7265625,LONG,1.0,1.0,0.019700224573813152,0.0008,0.0004,0.018488764439068994,1.3170694410756247,2,24,signal_flat,0.0,0.019700224573813152
16_time_of_day_session_effect,698,2019-04-30 12:00:00+00:00,2019-05-01 00:00:00+00:00,5350.7265625,5402.697265625,LONG,1.0,1.0,0.009712831055362026,0.0008,0.0004,0.008507363356728748,0.6508882708291677,2,24,signal_flat,0.0,0.009712831055362026
16_time_of_day_session_effect,699,2019-05-01 12:00:00+00:00,2019-05-02 00:00:00+00:00,5402.697265625,5505.28369140625,LONG,1.0,1.0,0.018988001869725712,0.0008,0.0004,0.01777696906860382,1.3128532378900444,2,24,signal_flat,0.0,0.018988001869725712
16_time_of_day_session_effect,700,2019-05-02 12:00:00+00:00,2019-05-03 00:00:00+00:00,5505.28369140625,5768.28955078125,LONG,1.0,1.0,0.047773352676729886,0.0008,0.0004,0.04654504866512377,3.2628182734641746,2,24,signal_flat,0.0,0.047773352676729886
16_time_of_day_session_effect,701,2019-05-03 12:00:00+00:00,2019-05-04 00:00:00+00:00,5768.28955078125,5831.16748046875,LONG,1.0,1.0,0.010900619522295596,0.0008,0.0004,0.009694439150582213,0.5506791982032101,2,24,signal_flat,0.0,0.010900619522295596
16_time_of_day_session_effect,702,2019-05-04 12:00:00+00:00,2019-05-05 00:00:00+00:00,5831.16748046875,5795.70849609375,LONG,1.0,1.0,-0.006080940822531411,0.0008,0.0004,-0.007276932258037938,-0.40598265633160885,2,24,signal_flat,-0.006080940822531411,0.0
16_time_of_day_session_effect,703,2019-05-05 12:00:00+00:00,2019-05-06 00:00:00+00:00,5795.70849609375,5746.80712890625,LONG,1.0,1.0,-0.008437513242851802,0.0008,0.0004,-0.009632090734906229,-0.5337499314257551,2,24,signal_flat,-0.008437513242851802,0.0
16_time_of_day_session_effect,704,2019-05-06 12:00:00+00:00,2019-05-07 00:00:00+00:00,5746.80712890625,5829.50146484375,LONG,1.0,1.0,0.014389613933892154,0.0008,0.0004,0.013181340165531852,0.7528509959811936,2,24,signal_flat,0.0,0.014389613933892154
16_time_of_day_session_effect,705,2019-05-07 12:00:00+00:00,2019-05-08 00:00:00+00:00,5829.50146484375,5982.45751953125,LONG,1.0,1.0,0.026238273651690402,0.0008,0.0004,0.02502289068749941,1.5400783262359645,2,24,signal_flat,0.0,0.026238273651690402
16_time_of_day_session_effect,706,2019-05-08 12:00:00+00:00,2019-05-09 00:00:00+00:00,5982.45751953125,6174.52880859375,LONG,1.0,1.0,0.03210575059420551,0.0008,0.0004,0.03088684714384904,1.8446463041715973,2,24,signal_flat,0.0,0.03210575059420551
16_time_of_day_session_effect,707,2019-05-09 12:00:00+00:00,2019-05-10 00:00:00+00:00,6174.52880859375,6378.84912109375,LONG,1.0,1.0,0.03309083475578345,0.0008,0.0004,0.03187134025492999,2.028365491286966,2,24,signal_flat,0.0,0.03309083475578345
16_time_of_day_session_effect,708,2019-05-10 12:00:00+00:00,2019-05-11 00:00:00+00:00,6378.84912109375,7204.771484375,LONG,1.0,1.0,0.12947827227172803,0.0008,0.0004,0.128200945308365,7.482753570080101,2,24,signal_flat,0.0,0.12947827227172803
16_time_of_day_session_effect,709,2019-05-11 12:00:00+00:00,2019-05-12 00:00:00+00:00,7204.771484375,6972.37158203125,LONG,0.7719254568863045,0.7719254568863045,-0.02489952681859331,0.0006175403655090437,0.00030877018275452184,-0.02581409050687955,-0.9840798195279467,2,24,signal_flat,-0.03225638770747363,0.0
16_time_of_day_session_effect,710,2019-05-12 12:00:00+00:00,2019-05-13 00:00:00+00:00,6972.37158203125,7814.9150390625,LONG,0.7153249979170702,0.7153249979170702,0.08644008563730887,0.0005722599983336562,0.0002861299991668281,0.0855447801957081,3.0220041119337218,2,24,signal_flat,0.0,0.1208402976115901
16_time_of_day_session_effect,711,2019-05-13 12:00:00+00:00,2019-05-14 00:00:00+00:00,7814.9150390625,7994.416015625,LONG,0.5558604306925349,0.5558604306925349,0.012767571962462698,0.0004446883445540279,0.00022234417227701394,0.012096392485896335,0.3320624464722645,2,24,signal_flat,0.0,0.02296902470023965
16_time_of_day_session_effect,712,2019-05-14 12:00:00+00:00,2019-05-15 00:00:00+00:00,7994.416015625,8205.16796875,LONG,0.552320332931317,0.552320332931317,0.014560486805842654,0.0004418562663450536,0.0002209281331725268,0.01389298699536301,0.37895251578690753,2,24,signal_flat,0.0,0.026362395040874453
16_time_of_day_session_effect,713,2019-05-15 12:00:00+00:00,2019-05-16 00:00:00+00:00,8205.16796875,7884.9091796875,LONG,0.5349666869561316,0.5349666869561316,-0.020880472405423345,0.0004279733495649053,0.00021398667478245265,-0.0215156271873157,-0.5684324770950254,2,24,signal_flat,-0.03903135076359554,0.0
16_time_of_day_session_effect,714,2019-05-16 12:00:00+00:00,2019-05-17 00:00:00+00:00,7884.9091796875,7343.8955078125,LONG,0.5154695804293811,0.5154695804293811,-0.03536833260760752,0.00041237566434350483,0.00020618783217175242,-0.0359758616691811,-0.9158247578448431,2,24,signal_flat,-0.06861381146516154,0.0
16_time_of_day_session_effect,715,2019-05-17 12:00:00+00:00,2019-05-18 00:00:00+00:00,7343.8955078125,7271.2080078125,LONG,0.4966491266281208,0.4966491266281208,-0.004915672255055625,0.0003973193013024966,0.0001986596506512483,-0.005510097590682217,-0.13514721508693997,2,24,signal_flat,-0.009897676229553398,0.0
16_time_of_day_session_effect,716,2019-05-18 12:00:00+00:00,2019-05-19 00:00:00+00:00,7271.2080078125,8197.689453125,LONG,0.49752332420472806,0.49752332420472806,0.06339333546648862,0.00039801865936378247,0.00019900932968189123,0.0627774727902517,1.5424653185953725,2,24,signal_flat,0.0,0.12741781617539316
16_time_of_day_session_effect,717,2019-05-19 12:00:00+00:00,2019-05-20 00:00:00+00:00,8197.689453125,7978.30908203125,LONG,0.41017649895307917,0.41017649895307917,-0.010976833541792574,0.0003281411991624633,0.00016407059958123166,-0.011466283308931513,-0.23226917422180468,2,24,signal_flat,-0.026761244415049346,0.0
16_time_of_day_session_effect,718,2019-05-20 12:00:00+00:00,2019-05-21 00:00:00+00:00,7978.30908203125,7963.32763671875,LONG,0.39958246868508285,0.39958246868508285,-0.0007503247669260471,0.0003196659749480663,0.00015983298747403315,-0.0012295863595608303,-0.02426406698746697,2,24,signal_flat,-0.0018777719888342093,0.0
16_time_of_day_session_effect,719,2019-05-21 12:00:00+00:00,2019-05-22 00:00:00+00:00,7963.32763671875,7680.06640625,LONG,0.40675597886266984,0.40675597886266984,-0.01446859960174085,0.00032540478309013587,0.00016270239154506794,-0.014953116100586361,-0.3003750005116548,2,24,signal_flat,-0.03557071156568237,0.0
16_time_of_day_session_effect,720,2019-05-22 12:00:00+00:00,2019-05-23 00:00:00+00:00,7680.06640625,7881.8466796875,LONG,0.401381253985649,0.401381253985649,0.010545588396996264,0.0003211050031885192,0.0001605525015942596,0.010061449209804563,0.1994416041290504,2,24,signal_flat,0.0,0.02627324592835456
16_time_of_day_session_effect,721,2019-05-23 12:00:00+00:00,2019-05-24 00:00:00+00:00,7881.8466796875,7987.37158203125,LONG,0.4047235177442649,0.4047235177442649,0.005418579099774723,0.0003237788141954119,0.00016188940709770596,0.0049316540310502255,0.0985710033322112,2,24,signal_flat,0.0,0.013388347506898546
16_time_of_day_session_effect,722,2019-05-24 12:00:00+00:00,2019-05-25 00:00:00+00:00,7987.37158203125,8052.5439453125,LONG,0.41643735744229216,0.41643735744229216,0.0033978895891320082,0.0003331498859538337,0.00016657494297691686,0.002897378186530686,0.05958720323395206,2,24,signal_flat,0.0,0.008159425489589589
16_time_of_day_session_effect,723,2019-05-25 12:00:00+00:00,2019-05-26 00:00:00+00:00,8052.5439453125,8673.2158203125,LONG,0.5067482947029801,0.5067482947029801,0.03905901245151733,0.0004053986357623841,0.00020269931788119205,0.038439131090882483,0.961975456584158,2,24,signal_flat,0.0,0.077077738316635
16_time_of_day_session_effect,724,2019-05-26 12:00:00+00:00,2019-05-27 00:00:00+00:00,8673.2158203125,8805.7783203125,LONG,0.4691587429258569,0.4691587429258569,0.0071706800738722265,0.0003753269943406855,0.00018766349717034276,0.006605750309585101,0.15305238504249474,2,24,signal_flat,0.0,0.015284123299404317
16_time_of_day_session_effect,725,2019-05-27 12:00:00+00:00,2019-05-28 00:00:00+00:00,8805.7783203125,8719.9619140625,LONG,0.5684651859508206,0.5684651859508206,-0.00553995769164517,0.0004547721487606565,0.00022738607438032825,-0.006220110015978109,-0.17462244823695278,2,24,signal_flat,-0.00974546520800379,0.0
16_time_of_day_session_effect,726,2019-05-28 12:00:00+00:00,2019-05-29 00:00:00+00:00,8719.9619140625,8659.4873046875,LONG,0.5839497074571899,0.5839497074571899,-0.004049803290558929,0.0004671597659657519,0.00023357988298287595,-0.004749001251625584,-0.13695436013097803,2,24,signal_flat,-0.006935191916087824,0.0
16_time_of_day_session_effect,727,2019-05-29 12:00:00+00:00,2019-05-30 00:00:00+00:00,8659.4873046875,8319.47265625,LONG,0.608292376709464,0.608292376709464,-0.02388459170118773,0.00048663390136757123,0.00024331695068378561,-0.0246056920571458,-0.7391729953943332,2,24,signal_flat,-0.039264986075266295,0.0
16_time_of_day_session_effect,728,2019-05-30 12:00:00+00:00,2019-05-31 00:00:00+00:00,8319.47265625,8574.501953125,LONG,0.6079875762203056,0.6079875762203056,0.01863755678741441,0.0004863900609762445,0.00024319503048812226,0.017901305927764843,0.5374988673123626,2,24,signal_flat,0.0,0.030654502684543283
16_time_of_day_session_effect,729,2019-05-31 12:00:00+00:00,2019-06-01 00:00:00+00:00,8574.501953125,8564.0166015625,LONG,0.6618711713016325,0.6618711713016325,-0.000809370848373514,0.000529496937041306,0.000264748468520653,-0.0016031371279556783,-0.05240132535177794,2,24,signal_flat,-0.001222852548150466,0.0
16_time_of_day_session_effect,730,2019-06-01 12:00:00+00:00,2019-06-02 00:00:00+00:00,8564.0166015625,8742.9580078125,LONG,0.6755536269749316,0.6755536269749316,0.014115399541160034,0.0005404429015799453,0.00027022145078997264,0.013299178057349259,0.44369319159446796,2,24,signal_flat,0.0,0.020894565549692157
16_time_of_day_session_effect,731,2019-06-02 12:00:00+00:00,2019-06-03 00:00:00+00:00,8742.9580078125,8208.9951171875,LONG,0.90538381021226,0.90538381021226,-0.055294942054396556,0.000724307048169808,0.000362153524084904,-0.05635106964031389,-2.5196082538138174,2,24,signal_flat,-0.061073482241120636,0.0
16_time_of_day_session_effect,732,2019-06-03 12:00:00+00:00,2019-06-04 00:00:00+00:00,8208.9951171875,7707.77099609375,LONG,0.815966018793971,0.815966018793971,-0.04982118332072982,0.0006527728150351769,0.00032638640751758843,-0.050775711419523306,-2.0460970241445544,2,24,signal_flat,-0.06105791439007158,0.0
16_time_of_day_session_effect,733,2019-06-04 12:00:00+00:00,2019-06-05 00:00:00+00:00,7707.77099609375,7824.2314453125,LONG,0.6972038888864625,0.6972038888864625,0.010534391607888605,0.00055776311110917,0.000278881555554585,0.009693515163521571,0.3337637980421697,2,24,signal_flat,0.0,0.015109484866347334
16_time_of_day_session_effect,734,2019-06-05 12:00:00+00:00,2019-06-06 00:00:00+00:00,7824.2314453125,7822.0234375,LONG,0.7341479968201958,0.7341479968201958,-0.00020717747472587256,0.0005873183974561566,0.0002936591987280783,-0.001087869781172035,-0.03944197605933825,2,24,signal_flat,-0.00028220123956368415,0.0
16_time_of_day_session_effect,735,2019-06-06 12:00:00+00:00,2019-06-07 00:00:00+00:00,7822.0234375,8043.951171875,LONG,0.7871294170290094,0.7871294170290094,0.022332565170246177,0.0006297035336232075,0.00031485176681160374,0.021377685744588426,0.8310075430674543,2,24,signal_flat,0.0,0.02837216433167966
16_time_of_day_session_effect,736,2019-06-07 12:00:00+00:00,2019-06-08 00:00:00+00:00,8043.951171875,7954.1279296875,LONG,0.7556894518002291,0.7556894518002291,-0.008438449612290344,0.0006045515614401832,0.0003022757807200916,-0.00934124526207658,-0.34861516005040394,2,24,signal_flat,-0.011166557363197271,0.0
16_time_of_day_session_effect,737,2019-06-08 12:00:00+00:00,2019-06-09 00:00:00+00:00,7954.1279296875,7688.0771484375,LONG,0.7496799038943349,0.7496799038943349,-0.02507539806772363,0.000599743923115468,0.000299871961557734,-0.025963532512003784,-0.9612531676047146,2,24,signal_flat,-0.033448139582594405,0.0
16_time_of_day_session_effect,738,2019-06-09 12:00:00+00:00,2019-06-10 00:00:00+00:00,7688.0771484375,8000.32958984375,LONG,0.8474589654450182,0.8474589654450182,0.03441967683760838,0.0006779671723560146,0.0003389835861780073,0.033385483068051336,1.3972511542940036,2,24,signal_flat,0.0,0.04061515452790565
16_time_of_day_session_effect,739,2019-06-10 12:00:00+00:00,2019-06-11 00:00:00+00:00,8000.32958984375,7927.71435546875,LONG,0.7878023105948834,0.7878023105948834,-0.007150511586127228,0.0006302418484759067,0.0003151209242379534,-0.008092271017418384,-0.3148370275195781,2,24,signal_flat,-0.009076530355347279,0.0
16_time_of_day_session_effect,740,2019-06-11 12:00:00+00:00,2019-06-12 00:00:00+00:00,7927.71435546875,8145.857421875,LONG,0.7892695348987783,0.7892695348987783,0.02171794654093273,0.0006314156279190226,0.0003157078139595113,0.02076076257161863,0.809220312094862,2,24,signal_flat,0.0,0.027516514423324256
16_time_of_day_session_effect,741,2019-06-12 12:00:00+00:00,2019-06-13 00:00:00+00:00,8145.857421875,8230.923828125,LONG,0.7464940383379298,0.7464940383379298,0.0077955655052259765,0.0005971952306703438,0.0002985976153351719,0.006896481664520948,0.2542447908403938,2,24,signal_flat,0.0,0.010442903901259237
16_time_of_day_session_effect,742,2019-06-13 12:00:00+00:00,2019-06-14 00:00:00+00:00,8230.923828125,8693.8330078125,LONG,0.8078035033269475,0.8078035033269475,0.04543106762767235,0.000646242802661558,0.000323121401330779,0.04443991871506636,1.7728709432692136,2,24,signal_flat,0.0,0.05624024585256682
16_time_of_day_session_effect,743,2019-06-14 12:00:00+00:00,2019-06-15 00:00:00+00:00,8693.8330078125,8838.375,LONG,0.7529104731718903,0.7529104731718903,0.012517744432553934,0.0006023283785375123,0.00030116418926875614,0.01160880109492246,0.431647114754722,2,24,signal_flat,0.0,0.01662580728863916
16_time_of_day_session_effect,744,2019-06-15 12:00:00+00:00,2019-06-16 00:00:00+00:00,8838.375,8994.48828125,LONG,0.7233202592323738,0.7233202592323738,0.012776092784405169,0.000578656207385899,0.0002893281036929495,0.011902752098470248,0.42518325438901095,2,24,signal_flat,0.0,0.017663120341691707
16_time_of_day_session_effect,745,2019-06-16 12:00:00+00:00,2019-06-17 00:00:00+00:00,8994.48828125,9320.3525390625,LONG,0.7293337107190223,0.7293337107190223,0.026423269552368733,0.0005834669685752179,0.00029173348428760895,0.025536697764725114,0.9197910049226735,2,24,signal_flat,0.0,0.03622932707487103
16_time_of_day_session_effect,746,2019-06-17 12:00:00+00:00,2019-06-18 00:00:00+00:00,9320.3525390625,9081.7626953125,LONG,0.7791341114743106,0.7791341114743106,-0.019944898558059143,0.0006233072891794484,0.0003116536445897242,-0.02087031710335152,-0.8030441088157243,2,24,signal_flat,-0.025598800340442818,0.0
16_time_of_day_session_effect,747,2019-06-18 12:00:00+00:00,2019-06-19 00:00:00+00:00,9081.7626953125,9273.521484375,LONG,0.863264754282793,0.863264754282793,0.018227585268997037,0.0006906118034262344,0.0003453059017131172,0.017182494706079687,0.7325349706925194,2,24,signal_flat,0.0,0.021114710381221036
16_time_of_day_session_effect,748,2019-06-19 12:00:00+00:00,2019-06-20 00:00:00+00:00,9273.521484375,9527.16015625,LONG,0.8477617016248253,0.8477617016248253,0.023187001014545183,0.0006782093612998603,0.00033910468064993015,0.02215815147369904,0.9276955083425703,2,24,signal_flat,0.0,0.027350847496536934
16_time_of_day_session_effect,749,2019-06-20 12:00:00+00:00,2019-06-21 00:00:00+00:00,9527.16015625,10144.556640625,LONG,0.7842755362239774,0.7842755362239774,0.05082405994071082,0.0006274204289791819,0.00031371021448959094,0.04985923468884601,1.9311340004869153,2,24,signal_flat,0.0,0.06480383180815696
16_time_of_day_session_effect,750,2019-06-21 12:00:00+00:00,2019-06-22 00:00:00+00:00,10144.556640625,10701.69140625,LONG,0.7124660243312797,0.7124660243312797,0.039128333109403,0.0005699728194650238,0.0002849864097325119,0.03825683005426894,1.346081248647562,2,24,signal_flat,0.0,0.0549195775982847
16_time_of_day_session_effect,751,2019-06-22 12:00:00+00:00,2019-06-23 00:00:00+00:00,10701.69140625,10855.37109375,LONG,0.6418833067333742,0.6418833067333742,0.009217648149772106,0.0005135066453866994,0.0002567533226933497,0.008443986514111712,0.26767126181620665,2,24,signal_flat,0.0,0.014360317604584338
16_time_of_day_session_effect,752,2019-06-23 12:00:00+00:00,2019-06-24 00:00:00+00:00,10855.37109375,11011.1025390625,LONG,0.6708785294181825,0.6708785294181825,0.009624441404455508,0.000536702823534546,0.000268351411767273,0.008815675098576614,0.2920771638865672,2,24,signal_flat,0.0,0.014346026862422256
16_time_of_day_session_effect,753,2019-06-24 12:00:00+00:00,2019-06-25 00:00:00+00:00,11011.1025390625,11790.9169921875,LONG,0.7153496432908625,0.7153496432908625,0.05066159259684122,0.00057227971463269,0.000286139857316345,0.0497816127946169,1.7586744789875977,2,24,signal_flat,0.0,0.07082074209722089
16_time_of_day_session_effect,754,2019-06-25 12:00:00+00:00,2019-06-26 00:00:00+00:00,11790.9169921875,13016.2314453125,LONG,0.6189183343505374,0.6189183343505374,0.0643181171478222,0.0004951346674804299,0.00024756733374021496,0.06355166845100713,1.942488421403312,2,24,signal_flat,0.0,0.10392020009443503
16_time_of_day_session_effect,755,2019-06-26 12:00:00+00:00,2019-06-27 00:00:00+00:00,13016.2314453125,11182.806640625,LONG,0.5304370170671209,0.5304370170671209,-0.0747156647068945,0.0004243496136536967,0.00021217480682684834,-0.07532830866395146,-1.9732866350043894,2,24,signal_flat,-0.14085680731712602,0.0
16_time_of_day_session_effect,756,2019-06-27 12:00:00+00:00,2019-06-28 00:00:00+00:00,11182.806640625,12407.33203125,LONG,0.42638899987504847,0.42638899987504847,0.04668990293844666,0.00034111119990003875,0.00017055559995001937,0.046166356752713966,0.9721420507915779,2,24,signal_flat,0.0,0.1095007210601795
16_time_of_day_session_effect,757,2019-06-28 12:00:00+00:00,2019-06-29 00:00:00+00:00,12407.33203125,11959.37109375,LONG,0.3947647998560822,0.3947647998560822,-0.014252799021589047,0.00031581183988486575,0.00015790591994243287,-0.014723084777275464,-0.28703533794025643,2,24,signal_flat,-0.03610453370408184,0.0
16_time_of_day_session_effect,758,2019-06-29 12:00:00+00:00,2019-06-30 00:00:00+00:00,11959.37109375,10817.1552734375,LONG,0.38433960417486446,0.38433960417486446,-0.036707513532262315,0.0003074716833398916,0.0001537358416699458,-0.037160202988444024,-0.7053283660511543,2,24,signal_flat,-0.09550801721584046,0.0
16_time_of_day_session_effect,759,2019-06-30 12:00:00+00:00,2019-07-01 00:00:00+00:00,10817.1552734375,10583.134765625,LONG,0.34764888493840224,0.34764888493840224,-0.007521105737800959,0.0002781191079507218,0.0001390595539753609,-0.007936672067804018,-0.13626283203673914,2,24,signal_flat,-0.021634200665230252,0.0
16_time_of_day_session_effect,760,2019-07-01 12:00:00+00:00,2019-07-02 00:00:00+00:00,10583.134765625,10801.677734375,LONG,0.3539847118700618,0.3539847118700618,0.007309825636490297,0.00028318776949604946,0.00014159388474802473,0.006883536552196645,0.12033563738663589,2,24,signal_flat,0.0,0.020650116774459715
16_time_of_day_session_effect,761,2019-07-02 12:00:00+00:00,2019-07-03 00:00:00+00:00,10801.677734375,11961.26953125,LONG,0.3561857156445683,0.3561857156445683,0.03823758162225821,0.00028494857251565466,0.00014247428625782733,0.03780203262783499,0.6649512170266976,2,24,signal_flat,0.0,0.1073529339969792
16_time_of_day_session_effect,762,2019-07-03 12:00:00+00:00,2019-07-04 00:00:00+00:00,11961.26953125,11215.4375,LONG,0.32136447320533246,0.32136447320533246,-0.020038334325308993,0.000257091578564266,0.000128545789282133,-0.020420070748857877,-0.3240807537473624,2,24,signal_flat,-0.06235391898004139,0.0
16_time_of_day_session_effect,763,2019-07-04 12:00:00+00:00,2019-07-05 00:00:00+00:00,11215.4375,10978.4599609375,LONG,0.3090993420214983,0.3090993420214983,-0.006531140795719481,0.0002472794736171986,0.0001236397368085993,-0.006900814348086537,-0.10534078691495863,2,24,signal_flat,-0.02112958491922401,0.0
16_time_of_day_session_effect,764,2019-07-05 12:00:00+00:00,2019-07-06 00:00:00+00:00,10978.4599609375,11208.55078125,LONG,0.3245547910876723,0.3245547910876723,0.006802145144530591,0.00025964383287013787,0.00012982191643506893,0.006411392714840147,0.10276341730322852,2,24,signal_flat,0.0,0.02095838770931313
16_time_of_day_session_effect,765,2019-07-06 12:00:00+00:00,2019-07-07 00:00:00+00:00,11208.55078125,11450.8466796875,LONG,0.33768440719842735,0.33768440719842735,0.007299743599979758,0.00027014752575874187,0.00013507376287937093,0.006893084356660584,0.1149536418061714,2,24,signal_flat,0.0,0.021617058544519452
16_time_of_day_session_effect,766,2019-07-07 12:00:00+00:00,2019-07-08 00:00:00+00:00,11450.8466796875,12285.9580078125,LONG,0.3347904256723274,0.3347904256723274,0.02441629731386663,0.0002678323405378619,0.00013391617026893096,0.0240096845479838,0.39696993627738114,2,24,signal_flat,0.0,0.07293009429655473
16_time_of_day_session_effect,767,2019-07-08 12:00:00+00:00,2019-07-09 00:00:00+00:00,12285.9580078125,12573.8125,LONG,0.3131262520019506,0.3131262520019506,0.007336407808270273,0.0002505010016015605,0.00012525050080078025,0.006959313270037848,0.10761777285730849,2,24,signal_flat,0.0,0.023429552014133215
16_time_of_day_session_effect,768,2019-07-09 12:00:00+00:00,2019-07-10 00:00:00+00:00,12573.8125,12156.5126953125,LONG,0.33042270600596363,0.33042270600596363,-0.010966071800466604,0.0002643381648047709,0.00013216908240238544,-0.011360365679703222,-0.18537891186458214,2,24,signal_flat,-0.03318800918078746,0.0
16_time_of_day_session_effect,769,2019-07-10 12:00:00+00:00,2019-07-11 00:00:00+00:00,12156.5126953125,11358.662109375,LONG,0.36011161373914874,0.36011161373914874,-0.02363467790688578,0.000288089290991319,0.0001440446454956595,-0.024061658485237225,-0.42791826113119874,2,24,signal_flat,-0.06563153479411477,0.0
16_time_of_day_session_effect,770,2019-07-11 12:00:00+00:00,2019-07-12 00:00:00+00:00,11358.662109375,11815.986328125,LONG,0.3981592620479542,0.3981592620479542,0.016030750074330413,0.00031852740963836336,0.00015926370481918168,0.015549186355988232,0.30574729631935293,2,24,signal_flat,0.0,0.04026215537942113
16_time_of_day_session_effect,771,2019-07-12 12:00:00+00:00,2019-07-13 00:00:00+00:00,11815.986328125,11392.37890625,LONG,0.4410499225005903,0.4410499225005903,-0.015811800674137233,0.00035283993800047224,0.00017641996900023612,-0.01633680627604861,-0.3558385887675357,2,24,signal_flat,-0.03585036493032401,0.0
16_time_of_day_session_effect,772,2019-07-13 12:00:00+00:00,2019-07-14 00:00:00+00:00,11392.37890625,10256.05859375,LONG,0.4412244000542029,0.4412244000542029,-0.04400944282823649,0.0003529795200433623,0.00017648976002168114,-0.0445271911998667,-0.9702484455883915,2,24,signal_flat,-0.09974390088768914,0.0
16_time_of_day_session_effect,773,2019-07-14 12:00:00+00:00,2019-07-15 00:00:00+00:00,10256.05859375,10895.08984375,LONG,0.43833452330153344,0.43833452330153344,0.027311608624606576,0.00035066761864122677,0.00017533380932061338,0.026778493393452285,0.5796821803570934,2,24,signal_flat,0.0,0.06230768322534974
16_time_of_day_session_effect,774,2019-07-15 12:00:00+00:00,2019-07-16 00:00:00+00:00,10895.08984375,9477.6416015625,LONG,0.41239845370435646,0.41239845370435646,-0.05365292729728288,0.00032991876296348515,0.00016495938148174258,-0.05413446838508107,-1.102526503950386,2,24,signal_flat,-0.13009972955850602,0.0
16_time_of_day_session_effect,775,2019-07-16 12:00:00+00:00,2019-07-17 00:00:00+00:00,9477.6416015625,9693.802734375,LONG,0.35575470263510506,0.35575470263510506,0.008113868698337301,0.000284603762108084,0.000142301881054042,0.007685276689114895,0.1350231673434201,2,24,signal_flat,0.0,0.022807481217359316
16_time_of_day_session_effect,776,2019-07-17 12:00:00+00:00,2019-07-18 00:00:00+00:00,9693.802734375,10666.482421875,LONG,0.3979799492252296,0.3979799492252296,0.03993345266568604,0.0003183839593801837,0.00015919197969009184,0.039446398118231585,0.7752944584473022,2,24,signal_flat,0.0,0.10034036323545137
16_time_of_day_session_effect,777,2019-07-18 12:00:00+00:00,2019-07-19 00:00:00+00:00,10666.482421875,10530.732421875,LONG,0.37783077453538244,0.37783077453538244,-0.004808570024733783,0.00030226461962830597,0.00015113230981415299,-0.005260825466540275,-0.0981633466770805,2,24,signal_flat,-0.012726782329064878,0.0
16_time_of_day_session_effect,778,2019-07-19 12:00:00+00:00,2019-07-20 00:00:00+00:00,10530.732421875,10767.1396484375,LONG,0.3821101476990511,0.3821101476990511,0.008578092827738582,0.0003056881181592409,0.00015284405907962044,0.008117646547648683,0.1531852123712771,2,24,signal_flat,0.0,0.02244926725812757
16_time_of_day_session_effect,779,2019-07-20 12:00:00+00:00,2019-07-21 00:00:00+00:00,10767.1396484375,10599.10546875,LONG,0.3813438139841224,0.3813438139841224,-0.005951329420253559,0.0003050750511872979,0.00015253752559364896,-0.006407527943121161,-0.12067167708354806,2,24,signal_flat,-0.015606204170657723,0.0
16_time_of_day_session_effect,780,2019-07-21 12:00:00+00:00,2019-07-22 00:00:00+00:00,10599.10546875,10343.1064453125,LONG,0.3844524194680461,0.3844524194680461,-0.00928563681455763,0.00030756193557443686,0.00015378096778721843,-0.0097447845772769,-0.18501757105478428,2,24,signal_flat,-0.024152889523769483,0.0
16_time_of_day_session_effect,781,2019-07-22 12:00:00+00:00,2019-07-23 00:00:00+00:00,10343.1064453125,9900.767578125,LONG,0.4116853929836195,0.4116853929836195,-0.017606359494883206,0.0003293483143868956,0.0001646741571934478,-0.018095971983296377,-0.3679133164346954,2,24,signal_flat,-0.04276653919461193,0.0
16_time_of_day_session_effect,782,2019-07-23 12:00:00+00:00,2019-07-24 00:00:00+00:00,9900.767578125,9811.92578125,LONG,0.40044032284832876,0.40044032284832876,-0.003593240376801976,0.000320352258278663,0.0001601761291393315,-0.004072847710335337,-0.08054416958332852,2,24,signal_flat,-0.00897322315406024,0.0
16_time_of_day_session_effect,783,2019-07-24 12:00:00+00:00,2019-07-25 00:00:00+00:00,9811.92578125,9911.841796875,LONG,0.4146224491761123,0.4146224491761123,0.004222150068595276,0.0003316979593408898,0.0001658489796704449,0.003723614658901475,0.07624575652851591,2,24,signal_flat,0.0,0.01018311979244002
16_time_of_day_session_effect,784,2019-07-25 12:00:00+00:00,2019-07-26 00:00:00+00:00,9911.841796875,9870.3037109375,LONG,0.4512152651113635,0.4512152651113635,-0.0018909319622532061,0.0003609722120890908,0.0001804861060445454,-0.0024318050556891846,-0.05418894237721619,2,24,signal_flat,-0.004190753523789725,0.0
16_time_of_day_session_effect,785,2019-07-26 12:00:00+00:00,2019-07-27 00:00:00+00:00,9870.3037109375,9477.677734375,LONG,0.47869924656863255,0.47869924656863255,-0.019041942848776916,0.00038295939725490604,0.00019147969862745302,-0.019610830231373666,-0.46361433714255135,2,24,signal_flat,-0.039778510171619375,0.0
16_time_of_day_session_effect,786,2019-07-27 12:00:00+00:00,2019-07-28 00:00:00+00:00,9477.677734375,9552.8603515625,LONG,0.4755448819600526,0.4755448819600526,0.0037723068686124073,0.0003804359055680421,0.00019021795278402104,0.0032006580809820218,0.07516729603429337,2,24,signal_flat,0.0,0.007932599028432463
16_time_of_day_session_effect,787,2019-07-28 12:00:00+00:00,2019-07-29 00:00:00+00:00,9552.8603515625,9519.1455078125,LONG,0.562118515738353,0.562118515738353,-0.001983880976968333,0.0004496948125906824,0.0002248474062953412,-0.0026576403383150593,-0.07377721069260465,2,24,signal_flat,-0.0035292930608459283,0.0
16_time_of_day_session_effect,788,2019-08-17 12:00:00+00:00,2019-08-18 00:00:00+00:00,10231.744140625,10345.810546875,LONG,0.7004726803931852,0.7004726803931852,0.007809069522322298,0.0005603781443145482,0.0002801890721572741,0.006965396920246114,0.24095459084911774,2,24,signal_flat,0.0,0.011148285637548438
16_time_of_day_session_effect,789,2019-08-18 12:00:00+00:00,2019-08-19 00:00:00+00:00,10345.810546875,10916.0537109375,LONG,0.704949722332414,0.704949722332414,0.0388556081078868,0.0005639597778659312,0.0002819798889329656,0.03799341259447986,1.3227098317179198,2,24,signal_flat,0.0,0.05511826854733437
16_time_of_day_session_effect,790,2019-08-19 12:00:00+00:00,2019-08-20 00:00:00+00:00,10916.0537109375,10763.232421875,LONG,0.7438692667255112,0.7438692667255112,-0.010413933757129401,0.000595095413380409,0.0002975477066902045,-0.011301729711104547,-0.41518309932840697,2,24,signal_flat,-0.013999682770833077,0.0
16_time_of_day_session_effect,791,2019-08-20 12:00:00+00:00,2019-08-21 00:00:00+00:00,10763.232421875,10138.0498046875,LONG,0.7716917189028359,0.7716917189028359,-0.04482373227443048,0.0006173533751222687,0.00030867668756113435,-0.04572879389239082,-1.742736473811193,2,24,signal_flat,-0.0580850243386819,0.0
16_time_of_day_session_effect,792,2019-08-21 12:00:00+00:00,2019-08-22 00:00:00+00:00,10138.0498046875,10131.0556640625,LONG,0.736261277696215,0.736261277696215,-0.0005079393978285607,0.0005890090221569719,0.00029450451107848597,-0.0013910333963571553,-0.05057869862459376,2,24,signal_flat,-0.0006898901425563819,0.0
16_time_of_day_session_effect,793,2019-08-22 12:00:00+00:00,2019-08-23 00:00:00+00:00,10131.0556640625,10407.96484375,LONG,0.7388644406310969,0.7388644406310969,0.020195165532569836,0.0005910915525048775,0.00029554577625243877,0.019299771841439828,0.7042308960811228,2,24,signal_flat,0.0,0.027332707357414776
16_time_of_day_session_effect,794,2019-08-23 12:00:00+00:00,2019-08-24 00:00:00+00:00,10407.96484375,10159.9609375,LONG,0.7045511466975142,0.7045511466975142,-0.016788242385237018,0.0005636409173580113,0.00028182045867900565,-0.017626428154785212,-0.6133028391335795,2,24,signal_flat,-0.0238282805498643,0.0
16_time_of_day_session_effect,795,2019-08-24 12:00:00+00:00,2019-08-25 00:00:00+00:00,10159.9609375,10138.517578125,LONG,0.7396068171002497,0.7396068171002497,-0.0015609956448496831,0.0005916854536801997,0.00029584272684009987,-0.002447634184989944,-0.08940165315888907,2,24,signal_flat,-0.0021105749822180053,0.0
16_time_of_day_session_effect,796,2019-08-25 12:00:00+00:00,2019-08-26 00:00:00+00:00,10138.517578125,10370.8203125,LONG,0.7652065166920777,0.7652065166920777,0.01753309246833834,0.0006121652133536622,0.0003060826066768311,0.016607005581104062,0.6275785992116786,2,24,signal_flat,0.0,0.022912889639430167
16_time_of_day_session_effect,797,2019-08-26 12:00:00+00:00,2019-08-27 00:00:00+00:00,10370.8203125,10185.5,LONG,0.7437643479698675,0.7437643479698675,-0.01329062091896449,0.000595011478375894,0.000297505739187947,-0.01417700793578136,-0.5207365640637006,2,24,signal_flat,-0.017869397686568034,0.0
16_time_of_day_session_effect,798,2019-08-27 12:00:00+00:00,2019-08-28 00:00:00+00:00,10185.5,9754.4228515625,LONG,0.7957415929131857,0.7957415929131857,-0.03367787705720193,0.0006365932743305486,0.0003182966371652743,-0.03461645968249072,-1.360356832504439,2,24,signal_flat,-0.0423226300562074,0.0
16_time_of_day_session_effect,799,2020-02-19 12:00:00+00:00,2020-02-20 00:00:00+00:00,9633.38671875,9608.4755859375,LONG,0.9095374051786524,0.9095374051786524,-0.002351987702750691,0.000727629924142922,0.000363814962071461,-0.003441851243504823,-0.15460046452486206,2,24,signal_flat,-0.0025859164113087862,0.0
16_time_of_day_session_effect,800,2020-02-20 12:00:00+00:00,2020-02-21 00:00:00+00:00,9608.4755859375,9686.44140625,LONG,0.9381932616054194,0.9381932616054194,0.007612758818868359,0.0007505546092843355,0.00037527730464216775,0.006482958435900743,0.3003749285714692,2,24,signal_flat,0.0,0.008114275736580634
16_time_of_day_session_effect,801,2020-02-21 12:00:00+00:00,2020-02-22 00:00:00+00:00,9686.44140625,9663.181640625,LONG,0.9341235135100509,0.9341235135100509,-0.002243083200299534,0.0007472988108080407,0.00037364940540402034,-0.003362460095229558,-0.15511706437949394,2,24,signal_flat,-0.002401270461409255,0.0
16_time_of_day_session_effect,802,2020-02-22 12:00:00+00:00,2020-02-23 00:00:00+00:00,9663.181640625,9924.515625,LONG,0.9486923047343906,0.9486923047343906,0.025656719408009065,0.0007589538437875124,0.0003794769218937562,0.024504008449119707,1.1480495833788953,2,24,signal_flat,0.0,0.02704430011708836
16_time_of_day_session_effect,803,2020-02-23 12:00:00+00:00,2020-02-24 00:00:00+00:00,9924.515625,9650.1748046875,LONG,0.9438127547317481,0.9438127547317481,-0.026089572039391995,0.0007550502037853984,0.0003775251018926992,-0.027207052460850645,-1.2681349445691492,2,24,signal_flat,-0.027642741538078885,0.0
16_time_of_day_session_effect,804,2020-02-24 12:00:00+00:00,2020-02-25 00:00:00+00:00,9650.1748046875,9341.705078125,LONG,0.9377670101887802,0.9377670101887802,-0.02997590603972833,0.0007502136081510241,0.00037510680407551206,-0.03108404361597661,-1.4395627295096447,2,24,signal_flat,-0.031965195740564556,0.0
16_time_of_day_session_effect,805,2020-02-25 12:00:00+00:00,2020-02-26 00:00:00+00:00,9341.705078125,8820.5224609375,LONG,0.9494151903171144,0.9494151903171144,-0.05296877706466396,0.0007595321522536916,0.0003797660761268458,-0.05407757717599648,-2.5355462438315315,2,24,signal_flat,-0.05579095174048332,0.0
16_time_of_day_session_effect,806,2020-02-26 12:00:00+00:00,2020-02-27 00:00:00+00:00,8820.5224609375,8784.494140625,LONG,0.8268761108558866,0.8268761108558866,-0.0033774595000014562,0.0006615008886847094,0.0003307504443423547,-0.004367789048006054,-0.17836113770399567,2,24,signal_flat,-0.0040846016176541156,0.0
16_time_of_day_session_effect,807,2020-02-27 12:00:00+00:00,2020-02-28 00:00:00+00:00,8784.494140625,8672.455078125,LONG,0.8434335418825949,0.8434335418825949,-0.010757307341872413,0.000674746833506076,0.000337373416753038,-0.01176372765098177,-0.48999761191500546,2,24,signal_flat,-0.012754184897438958,0.0
16_time_of_day_session_effect,808,2020-02-28 12:00:00+00:00,2020-02-29 00:00:00+00:00,8672.455078125,8599.5087890625,LONG,0.8355144155045222,0.8355144155045222,-0.007027730385483433,0.0006684115324036178,0.0003342057662018089,-0.008026573311699758,-0.3311938456804194,2,24,signal_flat,-0.008411261679117432,0.0
16_time_of_day_session_effect,809,2020-02-29 12:00:00+00:00,2020-03-01 00:00:00+00:00,8599.5087890625,8562.4541015625,LONG,0.9242606372020732,0.9242606372020732,-0.003982575042382974,0.0007394085097616585,0.0003697042548808293,-0.005089171711836538,-0.23229491117712542,2,24,signal_flat,-0.0043089307085921735,0.0
16_time_of_day_session_effect,810,2020-03-01 12:00:00+00:00,2020-03-02 00:00:00+00:00,8562.4541015625,8869.669921875,LONG,0.9249912842182383,0.9249912842182383,0.033188143585045626,0.0007399930273745906,0.0003699965136872953,0.032060042817045664,1.4645353961673147,2,24,signal_flat,0.0,0.03587941221856461
16_time_of_day_session_effect,811,2020-03-02 12:00:00+00:00,2020-03-03 00:00:00+00:00,8869.669921875,8787.7861328125,LONG,0.8921292754546538,0.8921292754546538,-0.008236036521229173,0.0007137034203637231,0.00035685171018186155,-0.009301896564126388,-0.40982404065055333,2,24,signal_flat,-0.009231886844013548,0.0
16_time_of_day_session_effect,812,2020-03-03 12:00:00+00:00,2020-03-04 00:00:00+00:00,8787.7861328125,8755.24609375,LONG,1.0,1.0,-0.0037028710724991143,0.0008,0.0004,-0.004900289349855758,-0.24469656014921187,2,24,signal_flat,-0.0037028710724991143,0.0
16_time_of_day_session_effect,813,2020-03-04 12:00:00+00:00,2020-03-05 00:00:00+00:00,8755.24609375,9078.7626953125,LONG,1.0,1.0,0.03695117168590434,0.0008,0.0004,0.03572936098289281,2.1384052521239774,2,24,signal_flat,0.0,0.03695117168590434
16_time_of_day_session_effect,814,2020-03-05 12:00:00+00:00,2020-03-06 00:00:00+00:00,9078.7626953125,9122.5458984375,LONG,1.0,1.0,0.004822595830994203,0.0008,0.0004,0.00362006227349565,0.18890820976030795,2,24,signal_flat,0.0,0.004822595830994203
16_time_of_day_session_effect,815,2020-05-21 12:00:00+00:00,2020-05-22 00:00:00+00:00,9081.76171875,9182.5771484375,LONG,0.6759593447021955,0.6759593447021955,0.00750373483668243,0.0005407674757617564,0.0002703837378808782,0.006689704782802952,0.22331899407412698,2,24,signal_flat,0.0,0.01110086707949609
16_time_of_day_session_effect,816,2020-05-22 12:00:00+00:00,2020-05-23 00:00:00+00:00,9182.5771484375,9209.287109375,LONG,0.6756973952518492,0.6756973952518492,0.0019654450750592467,0.0005405579162014794,0.0002702789581007397,0.001153975737195445,0.03850765359789357,2,24,signal_flat,0.0,0.0029087652089092586
16_time_of_day_session_effect,817,2020-05-23 12:00:00+00:00,2020-05-24 00:00:00+00:00,9209.287109375,8790.3681640625,LONG,0.7137471637068638,0.7137471637068638,-0.03246746523251354,0.000570997730965491,0.0002854988654827455,-0.033309874295623265,-1.174128211239937,2,24,signal_flat,-0.045488748514099786,0.0
16_time_of_day_session_effect,818,2020-05-24 12:00:00+00:00,2020-05-25 00:00:00+00:00,8790.3681640625,8906.9345703125,LONG,0.7977051427856734,0.7977051427856734,0.01057812596767227,0.0006381641142285387,0.00031908205711426936,0.009616045941096552,0.37882362485325544,2,24,signal_flat,0.0,0.013260696716498988
16_time_of_day_session_effect,819,2020-05-25 12:00:00+00:00,2020-05-26 00:00:00+00:00,8906.9345703125,8835.052734375,LONG,0.8077029607751188,0.8077029607751188,-0.0065184235108435296,0.0006461623686200951,0.00032308118431004755,-0.007484273235525807,-0.2985378790835767,2,24,signal_flat,-0.008070322664891605,0.0
16_time_of_day_session_effect,820,2020-05-26 12:00:00+00:00,2020-05-27 00:00:00+00:00,8835.052734375,9181.017578125,LONG,0.845002024380995,0.845002024380995,0.033088766091454946,0.0006760016195047961,0.00033800080975239803,0.03205824466783058,1.3378136487320433,2,24,signal_flat,0.0,0.039158209254817056
16_time_of_day_session_effect,821,2020-05-27 12:00:00+00:00,2020-05-28 00:00:00+00:00,9181.017578125,9525.7509765625,LONG,0.881015657821099,0.881015657821099,0.03308081258018292,0.0007048125262568792,0.0003524062631284396,0.032006386390375674,1.392574392214343,2,24,signal_flat,0.0,0.037548495632866885
16_time_of_day_session_effect,822,2020-05-28 12:00:00+00:00,2020-05-29 00:00:00+00:00,9525.7509765625,9439.1240234375,LONG,0.9165556841124125,0.9165556841124125,-0.00833513562126631,0.00073324454728993,0.000366622273644965,-0.00943011624588641,-0.4268487710410779,2,24,signal_flat,-0.009093976247976698,0.0
16_time_of_day_session_effect,823,2020-05-29 12:00:00+00:00,2020-05-30 00:00:00+00:00,9439.1240234375,9700.4140625,LONG,1.0,1.0,0.02768159825145977,0.0008,0.0004,0.026465349292508877,1.3389240202669657,2,24,signal_flat,0.0,0.02768159825145977
16_time_of_day_session_effect,824,2020-05-30 12:00:00+00:00,2020-05-31 00:00:00+00:00,9700.4140625,9461.05859375,LONG,0.9475577842645906,0.9475577842645906,-0.023380768713486377,0.0007580462274116725,0.00037902311370583623,-0.024504222045294233,-1.1466866512144287,2,24,signal_flat,-0.024674768232348376,0.0
16_time_of_day_session_effect,825,2020-05-31 12:00:00+00:00,2020-06-01 00:00:00+00:00,9461.05859375,10167.2685546875,LONG,0.9690962241265245,0.9690962241265245,0.07233708572919939,0.0007752769793012196,0.0003876384896506098,0.07113244739535762,3.4043388952924665,2,24,signal_flat,0.0,0.07464386293982206
16_time_of_day_session_effect,826,2020-06-01 12:00:00+00:00,2020-06-02 00:00:00+00:00,10167.2685546875,9529.8037109375,LONG,0.784418007686408,0.784418007686408,-0.049181242731506813,0.0006275344061491264,0.0003137672030745632,-0.05009917563708721,-1.9407798244609036,2,24,signal_flat,-0.06269774820259899,0.0
16_time_of_day_session_effect,827,2020-06-02 12:00:00+00:00,2020-06-03 00:00:00+00:00,9529.8037109375,9656.7177734375,LONG,0.6688492741389599,0.6688492741389599,0.008907463485709144,0.0005350794193111679,0.00026753970965558393,0.008101430755816708,0.26760123807320924,2,24,signal_flat,0.0,0.013317594606312655
16_time_of_day_session_effect,828,2020-06-03 12:00:00+00:00,2020-06-04 00:00:00+00:00,9656.7177734375,9800.63671875,LONG,0.6814904852816931,0.6814904852816931,0.01015659711543293,0.0005451923882253544,0.0002725961941126772,0.00933482275305808,0.3141694898220121,2,24,signal_flat,0.0,0.014903505382374727
16_time_of_day_session_effect,829,2020-06-04 12:00:00+00:00,2020-06-05 00:00:00+00:00,9800.63671875,9665.533203125,LONG,0.7371876245229398,0.7371876245229398,-0.010162262167900726,0.0005897500996183519,0.00029487504980917593,-0.011042196780570057,-0.40200518278684627,2,24,signal_flat,-0.013785177382049874,0.0
16_time_of_day_session_effect,830,2020-06-05 12:00:00+00:00,2020-06-06 00:00:00+00:00,9665.533203125,9653.6796875,LONG,0.7320774248820848,0.7320774248820848,-0.0008977974636458219,0.0005856619399056679,0.0002928309699528339,-0.0017757030817029396,-0.06419859107949259,2,24,signal_flat,-0.0012263695520872142,0.0
16_time_of_day_session_effect,831,2020-06-06 12:00:00+00:00,2020-06-07 00:00:00+00:00,9653.6796875,9758.8525390625,LONG,0.7352719274122999,0.7352719274122999,0.008010483855180883,0.0005882175419298399,0.00029410877096491995,0.007124818236874608,0.2587139866840351,2,24,signal_flat,0.0,0.010894586827723485
16_time_of_day_session_effect,832,2020-06-07 12:00:00+00:00,2020-06-08 00:00:00+00:00,9758.8525390625,9771.4892578125,LONG,0.8077483912696339,0.8077483912696339,0.0010459517858663059,0.0006461987130157072,0.0003230993565078536,7.638168150614355e-05,0.0030469368314065518,2,24,signal_flat,0.0,0.0012948980117710729
16_time_of_day_session_effect,833,2020-06-08 12:00:00+00:00,2020-06-09 00:00:00+00:00,9771.4892578125,9795.7001953125,LONG,0.8362605093693453,0.8362605093693453,0.0020720128111355596,0.0006690084074954762,0.0003345042037477381,0.0010677123137889932,0.044095469796895326,2,24,signal_flat,0.0,0.0024777121338637187
16_time_of_day_session_effect,834,2020-06-09 12:00:00+00:00,2020-06-10 00:00:00+00:00,9795.7001953125,9870.0947265625,LONG,0.8502884047980727,0.8502884047980727,0.00645760956756658,0.0006802307238384581,0.00034011536191922906,0.005434229260019796,0.22819301536666645,2,24,signal_flat,0.0,0.007594610876882513
16_time_of_day_session_effect,835,2020-06-10 12:00:00+00:00,2020-06-11 00:00:00+00:00,9870.0947265625,9321.78125,LONG,0.9392050984404755,0.9392050984404755,-0.052175670750677416,0.0007513640787523804,0.0003756820393761902,-0.05327299711697775,-2.4709599488383844,2,24,signal_flat,-0.05555301055894357,0.0
16_time_of_day_session_effect,836,2020-06-11 12:00:00+00:00,2020-06-12 00:00:00+00:00,9321.78125,9480.84375,LONG,0.8863350292805002,0.8863350292805002,0.015124004931453383,0.0007090680234244002,0.0003545340117122001,0.014052642747426791,0.6151117925121354,2,24,signal_flat,0.0,0.01706353064227928
16_time_of_day_session_effect,837,2020-06-12 12:00:00+00:00,2020-06-13 00:00:00+00:00,9480.84375,9475.27734375,LONG,0.8647868234768519,0.8647868234768519,-0.0005077348499831214,0.0006918294587814815,0.00034591472939074074,-0.0015449463604604308,-0.06598125978334078,2,24,signal_flat,-0.0005871213994007585,0.0
16_time_of_day_session_effect,838,2020-06-13 12:00:00+00:00,2020-06-14 00:00:00+00:00,9475.27734375,9386.7880859375,LONG,0.942704405848209,0.942704405848209,-0.008803880898019867,0.0007541635246785673,0.00037708176233928364,-0.009929826581676293,-0.46229088935394275,2,24,signal_flat,-0.009338962291258746,0.0
16_time_of_day_session_effect,839,2020-06-14 12:00:00+00:00,2020-06-15 00:00:00+00:00,9386.7880859375,9450.7021484375,LONG,0.9933638709505173,0.9933638709505173,0.006763753474768208,0.0007946910967604138,0.0003973455483802069,0.005568040746468217,0.2731548393820799,2,24,signal_flat,0.0,0.006808938469139436
16_time_of_day_session_effect,840,2020-06-15 12:00:00+00:00,2020-06-16 00:00:00+00:00,9450.7021484375,9538.0244140625,LONG,1.0,1.0,0.009239764861221245,0.0008,0.0004,0.008034581002304586,0.5170643862907837,2,24,signal_flat,0.0,0.009239764861221245
16_time_of_day_session_effect,841,2020-06-16 12:00:00+00:00,2020-06-17 00:00:00+00:00,9538.0244140625,9480.2548828125,LONG,1.0,1.0,-0.006056760681470541,0.0008,0.0004,-0.007252766625061802,-0.6188149326365985,2,24,signal_flat,-0.006056760681470541,0.0
16_time_of_day_session_effect,842,2020-06-17 12:00:00+00:00,2020-06-18 00:00:00+00:00,9480.2548828125,9411.8408203125,LONG,1.0,1.0,-0.007216479234543938,0.0008,0.0004,-0.008411789347003262,-0.7509331363157674,2,24,signal_flat,-0.007216479234543938,0.0
16_time_of_day_session_effect,843,2020-06-18 12:00:00+00:00,2020-06-19 00:00:00+00:00,9411.8408203125,9288.0185546875,LONG,1.0,1.0,-0.013156009327927487,0.0008,0.0004,-0.014347755722330824,-1.3468645410653277,2,24,signal_flat,-0.013156009327927487,0.0
16_time_of_day_session_effect,844,2020-06-19 12:00:00+00:00,2020-06-20 00:00:00+00:00,9288.0185546875,9332.3408203125,LONG,1.0,1.0,0.004771982890003024,0.0008,0.0004,0.003569479700268996,0.3364967664567041,2,24,signal_flat,0.0,0.004771982890003024
16_time_of_day_session_effect,845,2020-06-20 12:00:00+00:00,2020-06-21 00:00:00+00:00,9332.3408203125,9303.6298828125,LONG,1.0,1.0,-0.0030764990320015784,0.0008,0.0004,-0.00427429313258243,-0.39354412873502703,2,24,signal_flat,-0.0030764990320015784,0.0
16_time_of_day_session_effect,846,2020-06-21 12:00:00+00:00,2020-06-22 00:00:00+00:00,9303.6298828125,9648.7177734375,LONG,1.0,1.0,0.03709174751916078,0.0008,0.0004,0.03586985247064933,3.4816339769658473,2,24,signal_flat,0.0,0.03709174751916078
16_time_of_day_session_effect,847,2020-06-22 12:00:00+00:00,2020-06-23 00:00:00+00:00,9648.7177734375,9629.658203125,LONG,1.0,1.0,-0.0019753474772544743,0.0008,0.0004,-0.0031738022687681777,-0.24680586169317129,2,24,signal_flat,-0.0019753474772544743,0.0
16_time_of_day_session_effect,848,2020-06-23 12:00:00+00:00,2020-06-24 00:00:00+00:00,9629.658203125,9313.6103515625,LONG,1.0,1.0,-0.03282025643027875,0.0008,0.0004,-0.0340002042764207,-2.6513720875449365,2,24,signal_flat,-0.03282025643027875,0.0
16_time_of_day_session_effect,849,2020-06-24 12:00:00+00:00,2020-06-25 00:00:00+00:00,9313.6103515625,9264.8134765625,LONG,1.0,1.0,-0.005239308190707503,0.0008,0.0004,-0.006435804605793183,-0.44004123789102456,2,24,signal_flat,-0.005239308190707503,0.0
16_time_of_day_session_effect,850,2020-06-25 12:00:00+00:00,2020-06-26 00:00:00+00:00,9264.8134765625,9162.91796875,LONG,1.0,1.0,-0.010998117562784016,0.0008,0.0004,-0.012191158692246407,-1.1051102600315381,2,24,signal_flat,-0.010998117562784016,0.0
16_time_of_day_session_effect,851,2020-06-26 12:00:00+00:00,2020-06-27 00:00:00+00:00,9162.91796875,9045.390625,LONG,1.0,1.0,-0.012826410118569775,0.0008,0.0004,-0.014018354272498756,-1.3226886184261173,2,24,signal_flat,-0.012826410118569775,0.0
16_time_of_day_session_effect,852,2020-06-27 12:00:00+00:00,2020-06-28 00:00:00+00:00,9045.390625,9143.58203125,LONG,1.0,1.0,0.010855408054862181,0.0008,0.0004,0.009649254810029317,0.8410686113695975,2,24,signal_flat,0.0,0.010855408054862181
16_time_of_day_session_effect,853,2020-06-28 12:00:00+00:00,2020-06-29 00:00:00+00:00,9143.58203125,9190.8544921875,LONG,1.0,1.0,0.005170015512075743,0.0008,0.0004,0.003967273502768487,0.34256948809363535,2,24,signal_flat,0.0,0.005170015512075743
16_time_of_day_session_effect,854,2020-07-27 12:00:00+00:00,2020-07-28 00:00:00+00:00,10990.873046875,10912.8232421875,LONG,1.0,1.0,-0.007101328925793737,0.0008,0.0004,-0.008296708128438302,-0.5336213044264774,2,24,signal_flat,-0.007101328925793737,0.0
16_time_of_day_session_effect,855,2020-07-28 12:00:00+00:00,2020-07-29 00:00:00+00:00,10912.8232421875,11100.4677734375,LONG,1.0,1.0,0.017194865809297744,0.0008,0.0004,0.015984908889812077,0.9958156419854282,2,24,signal_flat,0.0,0.017194865809297744
16_time_of_day_session_effect,856,2020-07-29 12:00:00+00:00,2020-07-30 00:00:00+00:00,11100.4677734375,11111.2138671875,LONG,1.0,1.0,0.0009680757576464583,0.0008,0.0004,-0.00023214508780811105,-0.013743727557762838,2,24,signal_flat,0.0,0.0009680757576464583
16_time_of_day_session_effect,857,2020-07-30 12:00:00+00:00,2020-07-31 00:00:00+00:00,11111.2138671875,11323.466796875,LONG,1.0,1.0,0.0191025870102548,0.0008,0.0004,0.01789148545804875,1.085042903916809,2,24,signal_flat,0.0,0.0191025870102548
16_time_of_day_session_effect,858,2020-07-31 12:00:00+00:00,2020-08-01 00:00:00+00:00,11323.466796875,11759.5927734375,LONG,1.0,1.0,0.03851523428168302,0.0008,0.0004,0.03729248514111405,2.106471912473735,2,24,signal_flat,0.0,0.03851523428168302
16_time_of_day_session_effect,859,2020-08-01 12:00:00+00:00,2020-08-02 00:00:00+00:00,11759.5927734375,11053.6142578125,LONG,0.9928294910614257,0.9928294910614257,-0.05960378933796884,0.0007942635928491406,0.0003971317964245703,-0.060759324031598894,-2.9791044927561305,2,24,signal_flat,-0.060034265575901635,0.0
16_time_of_day_session_effect,860,2020-08-02 12:00:00+00:00,2020-08-03 00:00:00+00:00,11053.6142578125,11246.3486328125,LONG,0.827347744051596,0.827347744051596,0.014425901486904369,0.0006618781952412768,0.0003309390976206384,0.013426169473355953,0.5485779481746644,2,24,signal_flat,0.0,0.017436321777176023
16_time_of_day_session_effect,861,2020-08-03 12:00:00+00:00,2020-08-04 00:00:00+00:00,11246.3486328125,11205.892578125,LONG,0.7924562824154039,0.7924562824154039,-0.002850672315573899,0.0006339650259323231,0.00031698251296616157,-0.0038000383592555753,-0.14871727779678753,2,24,signal_flat,-0.00359726129861071,0.0
16_time_of_day_session_effect,862,2020-08-04 12:00:00+00:00,2020-08-05 00:00:00+00:00,11205.892578125,11747.0224609375,LONG,0.8378702450217727,0.8378702450217727,0.04046055451091757,0.0006702961960174181,0.00033514809800870907,0.03943502252961539,1.6317626754545707,2,24,signal_flat,0.0,0.04828976175167332
16_time_of_day_session_effect,863,2020-08-05 12:00:00+00:00,2020-08-06 00:00:00+00:00,11747.0224609375,11779.7734375,LONG,0.7649789353441703,0.7649789353441703,0.002132779371587512,0.0006119831482753362,0.0003059915741376681,0.0012140363997965586,0.04586478041057614,2,24,signal_flat,0.0,0.002788023660583505
16_time_of_day_session_effect,864,2020-08-06 12:00:00+00:00,2020-08-07 00:00:00+00:00,11779.7734375,11601.47265625,LONG,0.7713492092834751,0.7713492092834751,-0.011675281138599058,0.0006170793674267801,0.00030853968371339003,-0.012595282565757593,-0.47979651329387446,2,24,signal_flat,-0.01513618086086388,0.0
16_time_of_day_session_effect,865,2020-08-07 12:00:00+00:00,2020-08-08 00:00:00+00:00,11601.47265625,11754.0458984375,LONG,0.7498742055581975,0.7498742055581975,0.009861742742905522,0.000599899364446558,0.000299949682223279,0.008957659088409509,0.33172719676855733,2,24,signal_flat,0.0,0.013151196120374076
16_time_of_day_session_effect,866,2020-08-08 12:00:00+00:00,2020-08-09 00:00:00+00:00,11754.0458984375,11675.7392578125,LONG,0.7529649521866292,0.7529649521866292,-0.00501632854113121,0.0006023719617493033,0.00030118598087465167,-0.005917416107768192,-0.22004170697192763,2,24,signal_flat,-0.006662100973708895,0.0
16_time_of_day_session_effect,867,2020-08-09 12:00:00+00:00,2020-08-10 00:00:00+00:00,11675.7392578125,11878.111328125,LONG,0.7883618277327522,0.7883618277327522,0.013664438003518242,0.0006306894621862018,0.0003153447310931009,0.012712164042621099,0.4949293515002185,2,24,signal_flat,0.0,0.017332698670629254
16_time_of_day_session_effect,868,2020-08-10 12:00:00+00:00,2020-08-11 00:00:00+00:00,11878.111328125,11410.525390625,LONG,1.0,1.0,-0.03936534391564839,0.0008,0.0004,-0.04054136470929903,-2.1232999626153912,2,24,signal_flat,-0.03936534391564839,0.0
16_time_of_day_session_effect,869,2020-08-11 12:00:00+00:00,2020-08-12 00:00:00+00:00,11410.525390625,11584.9345703125,LONG,0.9462936005475717,0.9462936005475717,0.014464039556901787,0.0007570348804380574,0.0003785174402190287,0.013320597269170564,0.6225120108821428,2,24,signal_flat,0.0,0.015284938573538076
16_time_of_day_session_effect,870,2020-08-12 12:00:00+00:00,2020-08-13 00:00:00+00:00,11584.9345703125,11784.1376953125,LONG,0.9523653861180221,0.9523653861180221,0.01637593720578301,0.0007618923088944177,0.00038094615444720883,0.015224067736923752,0.7160320203779709,2,24,signal_flat,0.0,0.017195015111304723
16_time_of_day_session_effect,871,2020-08-13 12:00:00+00:00,2020-08-14 00:00:00+00:00,11784.1376953125,11768.87109375,LONG,0.9031318023899337,0.9031318023899337,-0.0011700265001989285,0.0007225054419119469,0.00036125272095597347,-0.002252857017242871,-0.10048075706872493,2,24,signal_flat,-0.0012955213149429268,0.0
16_time_of_day_session_effect,872,2020-08-14 12:00:00+00:00,2020-08-15 00:00:00+00:00,11768.87109375,11865.6982421875,LONG,0.9574479246046868,0.9574479246046868,0.007877302043532985,0.0007659583396837494,0.0003829791698418747,0.006724169284461956,0.3179449523075331,2,24,signal_flat,0.0,0.008227394765919493
16_time_of_day_session_effect,873,2020-08-15 12:00:00+00:00,2020-08-16 00:00:00+00:00,11865.6982421875,11892.8037109375,LONG,1.0,1.0,0.0022843551383793237,0.0008,0.0004,0.001083344525296237,0.05706188943211768,2,24,signal_flat,0.0,0.0022843551383793237
16_time_of_day_session_effect,874,2020-08-16 12:00:00+00:00,2020-08-17 00:00:00+00:00,11892.8037109375,12254.40234375,LONG,1.0,1.0,0.03040482644811049,0.0008,0.0004,0.029186943552241607,1.9640703784656257,2,24,signal_flat,0.0,0.03040482644811049
16_time_of_day_session_effect,875,2020-08-17 12:00:00+00:00,2020-08-18 00:00:00+00:00,12254.40234375,11991.2333984375,LONG,1.0,1.0,-0.021475461465219614,0.0008,0.0004,-0.022662216188340523,-1.4355205490041423,2,24,signal_flat,-0.021475461465219614,0.0
16_time_of_day_session_effect,876,2020-08-18 12:00:00+00:00,2020-08-19 00:00:00+00:00,11991.2333984375,11758.283203125,LONG,1.0,1.0,-0.019426708460436926,0.0008,0.0004,-0.020614692435360737,-1.208096984999077,2,24,signal_flat,-0.019426708460436926,0.0
16_time_of_day_session_effect,877,2020-08-19 12:00:00+00:00,2020-08-20 00:00:00+00:00,11758.283203125,11878.3720703125,LONG,1.0,1.0,0.01021312934149976,0.0008,0.0004,0.009007361463894803,0.6004056625332934,2,24,signal_flat,0.0,0.01021312934149976
16_time_of_day_session_effect,878,2020-08-20 12:00:00+00:00,2020-08-21 00:00:00+00:00,11878.3720703125,11592.4892578125,LONG,1.0,1.0,-0.024067507803910648,0.0008,0.0004,-0.02525270729922835,-1.6257989545248352,2,24,signal_flat,-0.024067507803910648,0.0
16_time_of_day_session_effect,879,2020-08-21 12:00:00+00:00,2020-08-22 00:00:00+00:00,11592.4892578125,11681.8251953125,LONG,1.0,1.0,0.007706363621583279,0.0008,0.0004,0.006502099803410433,0.4020978222624669,2,24,signal_flat,0.0,0.007706363621583279
16_time_of_day_session_effect,880,2020-08-22 12:00:00+00:00,2020-08-23 00:00:00+00:00,11681.8251953125,11664.84765625,LONG,1.0,1.0,-0.0014533293195752028,0.0008,0.0004,-0.002652097321983571,-0.16805075141147766,2,24,signal_flat,-0.0014533293195752028,0.0
16_time_of_day_session_effect,881,2020-08-23 12:00:00+00:00,2020-08-24 00:00:00+00:00,11664.84765625,11774.595703125,LONG,1.0,1.0,0.00940844236539995,0.0008,0.0004,0.008203157299980779,0.5323451597952626,2,24,signal_flat,0.0,0.00940844236539995
16_time_of_day_session_effect,882,2020-08-24 12:00:00+00:00,2020-08-25 00:00:00+00:00,11774.595703125,11366.134765625,LONG,1.0,1.0,-0.034690018052305094,0.0008,0.0004,-0.035868844041473835,-2.4164757885573858,2,24,signal_flat,-0.034690018052305094,0.0
16_time_of_day_session_effect,883,2020-08-25 12:00:00+00:00,2020-08-26 00:00:00+00:00,11366.134765625,11488.36328125,LONG,1.0,1.0,0.010753745063331488,0.0008,0.0004,0.00954765281629344,0.6580276551576737,2,24,signal_flat,0.0,0.010753745063331488
16_time_of_day_session_effect,884,2020-08-26 12:00:00+00:00,2020-08-27 00:00:00+00:00,11488.36328125,11323.3974609375,LONG,1.0,1.0,-0.01435938403704018,0.0008,0.0004,-0.015550408406618033,-1.096191966352378,2,24,signal_flat,-0.01435938403704018,0.0
16_time_of_day_session_effect,885,2020-08-27 12:00:00+00:00,2020-08-28 00:00:00+00:00,11323.3974609375,11542.5,LONG,1.0,1.0,0.01934954061432026,0.0008,0.0004,0.01813829088995167,1.2971395933810472,2,24,signal_flat,0.0,0.01934954061432026
16_time_of_day_session_effect,886,2020-08-28 12:00:00+00:00,2020-08-29 00:00:00+00:00,11542.5,11506.865234375,LONG,1.0,1.0,-0.0030872658111327222,0.0008,0.0004,-0.0042850534516460925,-0.2805663192729079,2,24,signal_flat,-0.0030872658111327222,0.0
16_time_of_day_session_effect,887,2020-08-29 12:00:00+00:00,2020-08-30 00:00:00+00:00,11506.865234375,11711.505859375,LONG,1.0,1.0,0.017784220187846422,0.0008,0.0004,0.0165739096557338,1.1119160866388904,2,24,signal_flat,0.0,0.017784220187846422
16_time_of_day_session_effect,888,2020-08-30 12:00:00+00:00,2020-08-31 00:00:00+00:00,11711.505859375,11680.8203125,LONG,1.0,1.0,-0.0026201196706430174,0.0008,0.0004,-0.003818187598840672,-0.23844517830537454,2,24,signal_flat,-0.0026201196706430174,0.0
16_time_of_day_session_effect,889,2020-08-31 12:00:00+00:00,2020-09-01 00:00:00+00:00,11680.8203125,11970.478515625,LONG,1.0,1.0,0.024797762089964426,0.0008,0.0004,0.023583243432710566,1.6811273791296366,2,24,signal_flat,0.0,0.024797762089964426
16_time_of_day_session_effect,890,2020-09-01 12:00:00+00:00,2020-09-02 00:00:00+00:00,11970.478515625,11414.0341796875,LONG,1.0,1.0,-0.04648471948812871,0.0008,0.0004,-0.04765646865643591,-3.340670894936255,2,24,signal_flat,-0.04648471948812871,0.0
16_time_of_day_session_effect,891,2020-09-02 12:00:00+00:00,2020-09-03 00:00:00+00:00,11414.0341796875,10245.296875,LONG,1.0,1.0,-0.10239476124641311,0.0008,0.0004,-0.1035329643896653,-6.391612842069207,2,24,signal_flat,-0.10239476124641311,0.0
16_time_of_day_session_effect,892,2020-09-03 12:00:00+00:00,2020-09-04 00:00:00+00:00,10245.296875,10511.8134765625,LONG,0.8887866438551938,0.8887866438551938,0.023120500921006926,0.000711029315084155,0.0003555146575420775,0.02204191181194126,0.9674865007746541,2,24,signal_flat,0.0,0.02601355576262887
16_time_of_day_session_effect,893,2020-09-04 12:00:00+00:00,2020-09-05 00:00:00+00:00,10511.8134765625,10169.5673828125,LONG,0.8833967901961962,0.8833967901961962,-0.02876184031899376,0.000706717432156957,0.0003533587160784785,-0.029806390656418325,-1.3003592162703037,2,24,signal_flat,-0.03255823502891142,0.0
16_time_of_day_session_effect,894,2020-09-05 12:00:00+00:00,2020-09-06 00:00:00+00:00,10169.5673828125,10280.3515625,LONG,0.8199007968999092,0.8199007968999092,0.00893175036759164,0.0006559206375199274,0.0003279603187599637,0.007943717527199468,0.3216497624672205,2,24,signal_flat,0.0,0.010893696409813414
16_time_of_day_session_effect,895,2020-09-06 12:00:00+00:00,2020-09-07 00:00:00+00:00,10280.3515625,10369.5634765625,LONG,0.7981095150706959,0.7981095150706959,0.0069259185386880695,0.0006384876120565568,0.0003192438060282784,0.005965099848078692,0.23511391869391068,2,24,signal_flat,0.0,0.00867790498409815
16_time_of_day_session_effect,896,2020-09-07 12:00:00+00:00,2020-09-08 00:00:00+00:00,10369.5634765625,10131.5166015625,LONG,0.7997543853761645,0.7997543853761645,-0.018359406607292628,0.0006398035083009316,0.0003199017541504658,-0.019310071801628137,-0.7626734932777363,2,24,signal_flat,-0.022956306264775628,0.0
16_time_of_day_session_effect,897,2020-09-08 12:00:00+00:00,2020-09-09 00:00:00+00:00,10131.5166015625,10242.34765625,LONG,0.8271346968350768,0.8271346968350768,0.009048221941887702,0.0006617077574680615,0.00033085387873403073,0.0080514161413483,0.3288869542660041,2,24,signal_flat,0.0,0.010939236349907233
16_time_of_day_session_effect,898,2020-10-13 12:00:00+00:00,2020-10-14 00:00:00+00:00,11425.8994140625,11429.5068359375,LONG,1.0,1.0,0.0003157232305546209,0.0008,0.0004,-0.0008841062033837499,-0.07466094763158503,2,24,signal_flat,0.0,0.0003157232305546209
16_time_of_day_session_effect,899,2020-10-14 12:00:00+00:00,2020-10-15 00:00:00+00:00,11429.5068359375,11495.349609375,LONG,1.0,1.0,0.005760771167350187,0.0008,0.0004,0.00455767470464985,0.39742574107822165,2,24,signal_flat,0.0,0.005760771167350187
16_time_of_day_session_effect,900,2020-10-15 12:00:00+00:00,2020-10-16 00:00:00+00:00,11495.349609375,11322.123046875,LONG,1.0,1.0,-0.01506927308750361,0.0008,0.0004,-0.01625987152365116,-1.5074452066280595,2,24,signal_flat,-0.01506927308750361,0.0
16_time_of_day_session_effect,901,2020-10-16 12:00:00+00:00,2020-10-17 00:00:00+00:00,11322.123046875,11358.1015625,LONG,1.0,1.0,0.0031777181254826203,0.0008,0.0004,0.0019761714946073816,0.1707966971893925,2,24,signal_flat,0.0,0.0031777181254826203
16_time_of_day_session_effect,902,2020-10-17 12:00:00+00:00,2020-10-18 00:00:00+00:00,11358.1015625,11483.359375,LONG,1.0,1.0,0.011028058853915557,0.0008,0.0004,0.009821802018603165,0.845443679193676,2,24,signal_flat,0.0,0.011028058853915557
16_time_of_day_session_effect,903,2020-10-18 12:00:00+00:00,2020-10-19 00:00:00+00:00,11483.359375,11742.037109375,LONG,1.0,1.0,0.02252631185070797,0.0008,0.0004,0.021313156063597516,1.838795518514158,2,24,signal_flat,0.0,0.02252631185070797
16_time_of_day_session_effect,904,2020-10-19 12:00:00+00:00,2020-10-20 00:00:00+00:00,11742.037109375,11916.3349609375,LONG,1.0,1.0,0.014843919324981414,0.0008,0.0004,0.013635372973386461,1.102173902254528,2,24,signal_flat,0.0,0.014843919324981414
16_time_of_day_session_effect,905,2020-10-20 12:00:00+00:00,2020-10-21 00:00:00+00:00,11916.3349609375,12823.689453125,LONG,1.0,1.0,0.07614375520341321,0.0008,0.0004,0.0748984289502912,6.148643814780837,2,24,signal_flat,0.0,0.07614375520341321
16_time_of_day_session_effect,906,2020-10-21 12:00:00+00:00,2020-10-22 00:00:00+00:00,12823.689453125,12965.8916015625,LONG,1.0,1.0,0.011089019970212055,0.0008,0.0004,0.00988272655822997,0.5750700916884011,2,24,signal_flat,0.0,0.011089019970212055
16_time_of_day_session_effect,907,2020-10-22 12:00:00+00:00,2020-10-23 00:00:00+00:00,12965.8916015625,12931.5390625,LONG,1.0,1.0,-0.0026494544392426933,0.0008,0.0004,-0.003847504766579246,-0.23567362564781544,2,24,signal_flat,-0.0026494544392426933,0.0
16_time_of_day_session_effect,908,2020-10-23 12:00:00+00:00,2020-10-24 00:00:00+00:00,12931.5390625,13108.0625,LONG,1.0,1.0,0.0136506131750318,0.0008,0.0004,0.01244278280712674,0.8006272349796323,2,24,signal_flat,0.0,0.0136506131750318
16_time_of_day_session_effect,909,2020-10-24 12:00:00+00:00,2020-10-25 00:00:00+00:00,13108.0625,13031.173828125,LONG,1.0,1.0,-0.0058657541398662305,0.0008,0.0004,-0.007061874687382397,-0.4701884181842937,2,24,signal_flat,-0.0058657541398662305,0.0
16_time_of_day_session_effect,910,2020-10-25 12:00:00+00:00,2020-10-26 00:00:00+00:00,13031.173828125,13075.248046875,LONG,1.0,1.0,0.003382214014740148,0.0008,0.0004,0.0021805446863312206,0.1465131734275981,2,24,signal_flat,0.0,0.003382214014740148
16_time_of_day_session_effect,911,2020-10-26 12:00:00+00:00,2020-10-27 00:00:00+00:00,13075.248046875,13654.21875,LONG,1.0,1.0,0.04427990207523247,0.0008,0.0004,0.04305369413398741,3.0642205270047285,2,24,signal_flat,0.0,0.04427990207523247
16_time_of_day_session_effect,912,2020-10-27 12:00:00+00:00,2020-10-28 00:00:00+00:00,13654.21875,13271.28515625,LONG,1.0,1.0,-0.02804507535445777,0.0008,0.0004,-0.029227888309245165,-1.7807729332152848,2,24,signal_flat,-0.02804507535445777,0.0
16_time_of_day_session_effect,913,2020-10-28 12:00:00+00:00,2020-10-29 00:00:00+00:00,13271.28515625,13437.8828125,LONG,1.0,1.0,0.012553242153156674,0.0008,0.0004,0.011346070207864711,0.6168453552568609,2,24,signal_flat,0.0,0.012553242153156674
16_time_of_day_session_effect,914,2020-10-29 12:00:00+00:00,2020-10-30 00:00:00+00:00,13437.8828125,13546.5224609375,LONG,1.0,1.0,0.00808458072996765,0.0008,0.0004,0.00688008998152978,0.36443317589909674,2,24,signal_flat,0.0,0.00808458072996765
16_time_of_day_session_effect,915,2020-10-30 12:00:00+00:00,2020-10-31 00:00:00+00:00,13546.5224609375,13780.9951171875,LONG,1.0,1.0,0.01730869726353168,0.0008,0.0004,0.01609867204517368,0.8758811673546067,2,24,signal_flat,0.0,0.01730869726353168
16_time_of_day_session_effect,916,2020-10-31 12:00:00+00:00,2020-11-01 00:00:00+00:00,13780.9951171875,13737.109375,LONG,1.0,1.0,-0.003184511845067406,0.0008,0.0004,-0.004382241137960485,-0.22601304347647183,2,24,signal_flat,-0.003184511845067406,0.0
16_time_of_day_session_effect,917,2020-11-01 12:00:00+00:00,2020-11-02 00:00:00+00:00,13737.109375,13550.4892578125,LONG,1.0,1.0,-0.013585108198026608,0.0008,0.0004,-0.01477659713310786,-0.7847755158872362,2,24,signal_flat,-0.013585108198026608,0.0
16_time_of_day_session_effect,918,2020-11-02 12:00:00+00:00,2020-11-03 00:00:00+00:00,13550.4892578125,13950.30078125,LONG,1.0,1.0,0.02950532012761009,0.0008,0.0004,0.028287976935533532,1.5551032083159748,2,24,signal_flat,0.0,0.02950532012761009
16_time_of_day_session_effect,919,2020-11-03 12:00:00+00:00,2020-11-04 00:00:00+00:00,13950.30078125,14133.70703125,LONG,1.0,1.0,0.013147117963686394,0.0008,0.0004,0.011939589692908203,0.6206362576160549,2,24,signal_flat,0.0,0.013147117963686394
16_time_of_day_session_effect,920,2020-11-04 12:00:00+00:00,2020-11-05 00:00:00+00:00,14133.70703125,15579.8486328125,LONG,1.0,1.0,0.10231863433740651,0.0008,0.0004,0.10105760315680401,6.856987599919334,2,24,signal_flat,0.0,0.10231863433740651
16_time_of_day_session_effect,921,2020-11-05 12:00:00+00:00,2020-11-06 00:00:00+00:00,15579.8486328125,15565.880859375,LONG,0.9526974924448377,0.9526974924448377,-0.0008541201549878696,0.0007621579939558702,0.0003810789969779351,-0.0019965421673393546,-0.09393590916260082,2,24,signal_flat,-0.0008965281862933772,0.0
16_time_of_day_session_effect,922,2020-11-06 12:00:00+00:00,2020-11-07 00:00:00+00:00,15565.880859375,14833.75390625,LONG,0.9583430882367151,0.9583430882367151,-0.04507478963624301,0.0007666744705893721,0.00038333723529468606,-0.046198552442535123,-2.1864901074065375,2,24,signal_flat,-0.0470340843373509,0.0
16_time_of_day_session_effect,923,2020-11-07 12:00:00+00:00,2020-11-08 00:00:00+00:00,14833.75390625,15479.5673828125,LONG,0.8611568312248228,0.8611568312248228,0.03749197206275112,0.0006889254649798582,0.0003444627324899291,0.03643947895735833,1.549717521780186,2,24,signal_flat,0.0,0.04353675277640923
16_time_of_day_session_effect,924,2020-11-08 12:00:00+00:00,2020-11-09 00:00:00+00:00,15479.5673828125,15332.3154296875,LONG,0.7727294165305802,0.7727294165305802,-0.007350716787318579,0.0006181835332244642,0.0003090917666122321,-0.008274369058228426,-0.3157624383057372,2,24,signal_flat,-0.009512665921690977,0.0
16_time_of_day_session_effect,925,2020-11-09 12:00:00+00:00,2020-11-10 00:00:00+00:00,15332.3154296875,15290.90234375,LONG,0.760028935783291,0.760028935783291,-0.002052863038001118,0.0006080231486266328,0.0003040115743133164,-0.0029637536679211207,-0.11124240395585283,2,24,signal_flat,-0.0027010327388199418,0.0
16_time_of_day_session_effect,926,2020-11-10 12:00:00+00:00,2020-11-11 00:00:00+00:00,15290.90234375,15701.33984375,LONG,0.8553815932078156,0.8553815932078156,0.022960102338612565,0.0006843052745662525,0.00034215263728312625,0.021922124041373392,0.9260632825705636,2,24,signal_flat,0.0,0.02684194109497806
16_time_of_day_session_effect,927,2020-11-11 12:00:00+00:00,2020-11-12 00:00:00+00:00,15701.33984375,16276.34375,LONG,0.8584982105764905,0.8584982105764905,0.0314393439988252,0.0006867985684611924,0.0003433992842305962,0.030393217100698644,1.2885883495884631,2,24,signal_flat,0.0,0.03662132734990031
16_time_of_day_session_effect,928,2020-11-12 12:00:00+00:00,2020-11-13 00:00:00+00:00,16276.34375,16317.80859375,LONG,0.8001756773985392,0.8001756773985392,0.002038489721371217,0.0006401405419188314,0.0003200702709594157,0.0010775307197579131,0.04258073371801944,2,24,signal_flat,0.0,0.002547552717421464
16_time_of_day_session_effect,929,2020-11-13 12:00:00+00:00,2020-11-14 00:00:00+00:00,16317.80859375,16068.138671875,LONG,0.8128802107019615,0.8128802107019615,-0.01243743836886435,0.0006503041685615692,0.0003251520842807846,-0.013406590654468364,-0.538199182872396,2,24,signal_flat,-0.015300456580341737,0.0
16_time_of_day_session_effect,930,2020-11-14 12:00:00+00:00,2020-11-15 00:00:00+00:00,16068.138671875,15955.587890625,LONG,0.8175883260206414,0.8175883260206414,-0.005726873953084022,0.000654070660816513,0.0003270353304082565,-0.006704929966894091,-0.27072418917298696,2,24,signal_flat,-0.007004593596581565,0.0
16_time_of_day_session_effect,931,2020-11-15 12:00:00+00:00,2020-11-16 00:00:00+00:00,15955.587890625,16716.111328125,LONG,0.8086788224316414,0.8086788224316414,0.03854569333860347,0.0006469430579453131,0.00032347152897265656,0.03755681152626367,1.4999021189071629,2,24,signal_flat,0.0,0.04766502135260464
16_time_of_day_session_effect,932,2020-11-16 12:00:00+00:00,2020-11-17 00:00:00+00:00,16716.111328125,17645.40625,LONG,0.7370268790084307,0.7370268790084307,0.04097336530629225,0.0005896215032067445,0.00029481075160337226,0.040071009523652945,1.4585178362642965,2,24,signal_flat,0.0,0.05559276937282975
16_time_of_day_session_effect,933,2020-11-17 12:00:00+00:00,2020-11-18 00:00:00+00:00,17645.40625,17804.005859375,LONG,0.690213651246217,0.690213651246217,0.00620374583174832,0.0005521709209969736,0.0002760854604984868,0.005373091806374131,0.1831495853232655,2,24,signal_flat,0.0,0.008988152900985202
16_time_of_day_session_effect,934,2020-11-18 12:00:00+00:00,2020-11-19 00:00:00+00:00,17804.005859375,17817.08984375,LONG,0.6972742665963748,0.6972742665963748,0.0005124198273858127,0.0005578194132770998,0.0002789097066385499,-0.00032434864192032453,-0.011168988796881631,2,24,signal_flat,0.0,0.0007348899162549216
16_time_of_day_session_effect,935,2020-11-19 12:00:00+00:00,2020-11-20 00:00:00+00:00,17817.08984375,18621.314453125,LONG,0.9295263784739477,0.9295263784739477,0.04195679514374784,0.0007436211027791582,0.0003718105513895791,0.04081827456781739,1.8737622946039458,2,24,signal_flat,0.0,0.045137820846602006
16_time_of_day_session_effect,936,2020-11-20 12:00:00+00:00,2020-11-21 00:00:00+00:00,18621.314453125,18642.232421875,LONG,0.8117680626232064,0.8117680626232064,0.0009118872359383801,0.0006494144500985651,0.0003247072250492826,-6.244135551092267e-05,-0.002503239580884051,2,24,signal_flat,0.0,0.0011233347035009
16_time_of_day_session_effect,937,2020-11-21 12:00:00+00:00,2020-11-22 00:00:00+00:00,18642.232421875,18370.001953125,LONG,0.9346426388397521,0.9346426388397521,-0.013648483611143125,0.0007477141110718016,0.0003738570555359008,-0.014762086424437326,-0.6813832719211395,2,24,signal_flat,-0.014602889964538845,0.0
16_time_of_day_session_effect,938,2020-11-22 12:00:00+00:00,2020-11-23 00:00:00+00:00,18370.001953125,18364.12109375,LONG,1.0,1.0,-0.000320133845930215,0.0008,0.0004,-0.001519581765622724,-0.07753690182096595,2,24,signal_flat,-0.000320133845930215,0.0
16_time_of_day_session_effect,939,2020-11-23 12:00:00+00:00,2020-11-24 00:00:00+00:00,18364.12109375,19107.46484375,LONG,1.0,1.0,0.040478046632625775,0.0008,0.0004,0.039254119804646326,2.072379910066883,2,24,signal_flat,0.0,0.040478046632625775
16_time_of_day_session_effect,940,2020-11-24 12:00:00+00:00,2020-11-25 00:00:00+00:00,19107.46484375,18732.12109375,LONG,0.9357204957396498,0.9357204957396498,-0.018381132332040417,0.0007485763965917198,0.0003742881982958599,-0.019493361959348587,-0.9008054875378306,2,24,signal_flat,-0.01964382784787766,0.0
16_time_of_day_session_effect,941,2020-11-25 12:00:00+00:00,2020-11-26 00:00:00+00:00,18732.12109375,17150.623046875,LONG,0.9584937019742858,0.9584937019742858,-0.08092281221265907,0.0007667949615794287,0.00038339748078971436,-0.08202613551585347,-3.882751969756696,2,24,signal_flat,-0.08442706722639481,0.0
16_time_of_day_session_effect,942,2020-11-26 12:00:00+00:00,2020-11-27 00:00:00+00:00,17150.623046875,17108.40234375,LONG,0.825123618102714,0.825123618102714,-0.0020312556124710834,0.0006600988944821712,0.0003300494472410856,-0.00302015323357141,-0.12306827991966948,2,24,signal_flat,-0.0024617591448197196,0.0
16_time_of_day_session_effect,943,2020-11-27 12:00:00+00:00,2020-11-28 00:00:00+00:00,17108.40234375,17717.4140625,LONG,0.825329714951413,0.825329714951413,0.02937945099365913,0.0006602637719611305,0.0003301318859805652,0.02837475191625871,1.1565320930356262,2,24,signal_flat,0.0,0.03559722915754793
16_time_of_day_session_effect,944,2020-11-28 12:00:00+00:00,2020-11-29 00:00:00+00:00,17717.4140625,18177.484375,LONG,0.7792808860810783,0.7792808860810783,0.020235684480808924,0.0006234247088648626,0.0003117123544324313,0.019291304468563863,0.7424269930233652,2,24,signal_flat,0.0,0.02596712538731971
16_time_of_day_session_effect,945,2020-11-29 12:00:00+00:00,2020-11-30 00:00:00+00:00,18177.484375,19625.8359375,LONG,0.7406720760814656,0.7406720760814656,0.059015512628804556,0.0005925376608651725,0.0002962688304325862,0.058100676946395646,2.1252268696684453,2,24,signal_flat,0.0,0.07967832801396635
16_time_of_day_session_effect,946,2020-11-30 12:00:00+00:00,2020-12-01 00:00:00+00:00,19625.8359375,18802.998046875,LONG,0.6835022885919196,0.6835022885919196,-0.02865669432748641,0.0005468018308735357,0.00027340091543676787,-0.029464976740966597,-0.9945902776852115,2,24,signal_flat,-0.04192625951044282,0.0
16_time_of_day_session_effect,947,2020-12-01 12:00:00+00:00,2020-12-02 00:00:00+00:00,18802.998046875,19201.091796875,LONG,0.7067917342976632,0.7067917342976632,0.01496406962730723,0.0005654333874381306,0.0002827166937190653,0.014109753497355548,0.4925031611651381,2,24,signal_flat,0.0,0.021171823185194727
16_time_of_day_session_effect,948,2020-12-02 12:00:00+00:00,2020-12-03 00:00:00+00:00,19201.091796875,19445.3984375,LONG,0.6859547359805523,0.6859547359805523,0.008727800426197252,0.0005487637887844419,0.00027438189439222096,0.007901232009602355,0.26766304070507624,2,24,signal_flat,0.0,0.012723580680175761
16_time_of_day_session_effect,949,2020-12-03 12:00:00+00:00,2020-12-04 00:00:00+00:00,19445.3984375,18699.765625,LONG,0.666616650638516,0.666616650638516,-0.025561381510001646,0.0005332933205108129,0.00026664666025540644,-0.026350937729257895,-0.8675017625182392,2,24,signal_flat,-0.038344949058079725,0.0
16_time_of_day_session_effect,950,2020-12-04 12:00:00+00:00,2020-12-05 00:00:00+00:00,18699.765625,19154.23046875,LONG,0.6774376913093346,0.6774376913093346,0.016463929051584447,0.0005419501530474677,0.00027097507652373387,0.01564447706221861,0.5233937605494285,2,24,signal_flat,0.0,0.024303237423597412
16_time_of_day_session_effect,951,2020-12-05 12:00:00+00:00,2020-12-06 00:00:00+00:00,19154.23046875,19345.12109375,LONG,0.6418822223524548,0.6418822223524548,0.0063969836220334475,0.0005135057778819639,0.0002567528889409819,0.00562440961377586,0.17829141157843917,2,24,signal_flat,0.0,0.009965977245154134
16_time_of_day_session_effect,952,2020-12-06 12:00:00+00:00,2020-12-07 00:00:00+00:00,19345.12109375,19191.630859375,LONG,0.6486929504972679,0.6486929504972679,-0.005146932527675174,0.0005189543603978143,0.00025947718019890716,-0.005923209312047706,-0.18975550852414177,2,24,signal_flat,-0.007934312410408761,0.0
16_time_of_day_session_effect,953,2020-12-07 12:00:00+00:00,2020-12-08 00:00:00+00:00,19191.630859375,18321.14453125,LONG,0.6375840826485165,0.6375840826485165,-0.02891928419436729,0.0005100672661188132,0.0002550336330594066,-0.029673175663528673,-0.9343285675885824,2,24,signal_flat,-0.0453576006387062,0.0
16_time_of_day_session_effect,954,2020-12-08 12:00:00+00:00,2020-12-09 00:00:00+00:00,18321.14453125,18553.916015625,LONG,0.6306628264338736,0.6306628264338736,0.00801261744312698,0.0005045302611470988,0.0002522651305735494,0.007252933280244456,0.22589626441935592,2,24,signal_flat,0.0,0.012705073309037251
16_time_of_day_session_effect,955,2020-12-09 12:00:00+00:00,2020-12-10 00:00:00+00:00,18553.916015625,18264.9921875,LONG,0.6405506875378949,0.6405506875378949,-0.009974732913294093,0.000512440550030316,0.000256220275015158,-0.010739412435258222,-0.3397286371422271,2,24,signal_flat,-0.015572121156616547,0.0
16_time_of_day_session_effect,956,2020-12-10 12:00:00+00:00,2020-12-11 00:00:00+00:00,18264.9921875,18058.904296875,LONG,0.7585704265114466,0.7585704265114466,-0.008559115573957832,0.0006068563412091573,0.00030342817060457865,-0.009465297316127552,-0.3545914842445325,2,24,signal_flat,-0.011283218109780502,0.0
16_time_of_day_session_effect,957,2020-12-11 12:00:00+00:00,2020-12-12 00:00:00+00:00,18058.904296875,18803.65625,LONG,0.7410772017247442,0.7410772017247442,0.03056213623638393,0.0005928617613797953,0.00029643088068989767,0.029659451963224726,1.0854872056906644,2,24,signal_flat,0.0,0.041240151721379625
16_time_of_day_session_effect,958,2020-12-12 12:00:00+00:00,2020-12-13 00:00:00+00:00,18803.65625,19142.3828125,LONG,0.7303040848445163,0.7303040848445163,0.013155600642247078,0.000584243267875613,0.0002921216339378065,0.012273663190961459,0.4426658969046601,2,24,signal_flat,0.0,0.018013866983980886
16_time_of_day_session_effect,959,2020-12-13 12:00:00+00:00,2020-12-14 00:00:00+00:00,19142.3828125,19246.64453125,LONG,0.7455802130602157,0.7455802130602157,0.004060908991376344,0.0005964641704481726,0.0002982320852240863,0.003164596216016946,0.11652277320326018,2,24,signal_flat,0.0,0.005446642655266398
16_time_of_day_session_effect,960,2020-12-14 12:00:00+00:00,2020-12-15 00:00:00+00:00,19246.64453125,19417.076171875,LONG,0.926455046509761,0.926455046509761,0.008203884749136359,0.0007411640372078088,0.0003705820186039044,0.007087887369891854,0.32429428335248295,2,24,signal_flat,0.0,0.008855135259981495
16_time_of_day_session_effect,961,2020-12-15 12:00:00+00:00,2020-12-16 00:00:00+00:00,19417.076171875,21310.59765625,LONG,1.0,1.0,0.09751836309514528,0.0008,0.0004,0.09626021207728819,4.937909923996275,2,24,signal_flat,0.0,0.09751836309514528
16_time_of_day_session_effect,962,2020-12-16 12:00:00+00:00,2020-12-17 00:00:00+00:00,21310.59765625,22805.162109375,LONG,0.8116630815365711,0.8116630815365711,0.05692392156926118,0.0006493304652292569,0.00032466523261462843,0.05592244121096579,2.2416099625202204,2,24,signal_flat,0.0,0.07013245133867341
16_time_of_day_session_effect,963,2020-12-17 12:00:00+00:00,2020-12-18 00:00:00+00:00,22805.162109375,23137.9609375,LONG,0.6970829413214618,0.6970829413214618,0.010172626042519672,0.0005576663530571694,0.0002788331765285847,0.009332046747350109,0.32126210052381365,2,24,signal_flat,0.0,0.014593135822884129
16_time_of_day_session_effect,964,2020-12-18 12:00:00+00:00,2020-12-19 00:00:00+00:00,23137.9609375,23869.83203125,LONG,0.740321550368368,0.740321550368368,0.023416927025607492,0.0005922572402946944,0.0002961286201473472,0.022518336839092434,0.8232937846749436,2,24,signal_flat,0.0,0.03163075154837203
16_time_of_day_session_effect,965,2020-12-19 12:00:00+00:00,2020-12-20 00:00:00+00:00,23869.83203125,23477.294921875,LONG,0.7264208885362431,0.7264208885362431,-0.011945922175000012,0.0005811367108289945,0.00029056835541449726,-0.012812230613372444,-0.45963300333482576,2,24,signal_flat,-0.01644490454985592,0.0
16_time_of_day_session_effect,966,2020-12-20 12:00:00+00:00,2020-12-21 00:00:00+00:00,23477.294921875,22803.08203125,LONG,0.7145577698526802,0.7145577698526802,-0.0205204245691033,0.0005716462158821442,0.0002858231079410721,-0.02136891226222626,-0.754080821945101,2,24,signal_flat,-0.028717656479103182,0.0
16_time_of_day_session_effect,967,2020-12-21 12:00:00+00:00,2020-12-22 00:00:00+00:00,22803.08203125,23783.029296875,LONG,0.6789876952846491,0.6789876952846491,0.029179044064103765,0.0005431901562277193,0.00027159507811385964,0.02835253747137889,0.9507185571439892,2,24,signal_flat,0.0,0.042974334095805755
16_time_of_day_session_effect,968,2020-12-22 12:00:00+00:00,2020-12-23 00:00:00+00:00,23783.029296875,23241.345703125,LONG,0.6828857927701312,0.6828857927701312,-0.015553444673978012,0.0005463086342161049,0.00027315431710805244,-0.01636636700958205,-0.5519484234806187,2,24,signal_flat,-0.022776055438033516,0.0
16_time_of_day_session_effect,969,2020-12-23 12:00:00+00:00,2020-12-24 00:00:00+00:00,23241.345703125,23735.94921875,LONG,0.6667114037429195,0.6667114037429195,0.014188412685337104,0.0005333691229943355,0.00026668456149716777,0.01338284327639716,0.4406404981503625,2,24,signal_flat,0.0,0.021281190940612982
16_time_of_day_session_effect,970,2020-12-24 12:00:00+00:00,2020-12-25 00:00:00+00:00,23735.94921875,24664.791015625,LONG,0.6578781883379426,0.6578781883379426,0.025744273083377678,0.0005263025506703541,0.00026315127533517706,0.02494481310926644,0.8104456138700167,2,24,signal_flat,0.0,0.03913227940938091
16_time_of_day_session_effect,971,2020-12-25 12:00:00+00:00,2020-12-26 00:00:00+00:00,24664.791015625,26437.037109375,LONG,0.6179413738238148,0.6179413738238148,0.04440111352380782,0.0004943530990590518,0.0002471765495295259,0.0436432589707203,1.331872283193353,2,24,signal_flat,0.0,0.07185327832809496
16_time_of_day_session_effect,972,2020-12-26 12:00:00+00:00,2020-12-27 00:00:00+00:00,26437.037109375,26272.294921875,LONG,0.5792853145305683,0.5792853145305683,-0.0036098118524995337,0.00046342825162445467,0.00023171412581222733,-0.0043035787576083395,-0.12311767568476133,2,24,signal_flat,-0.0062314920850786715,0.0
16_time_of_day_session_effect,973,2020-12-27 12:00:00+00:00,2020-12-28 00:00:00+00:00,26272.294921875,27084.80859375,LONG,0.5935766314196219,0.5935766314196219,0.018357327738901974,0.00047486130513569756,0.00023743065256784878,0.01763862473270006,0.5170584611550135,2,24,signal_flat,0.0,0.03092663485588698
16_time_of_day_session_effect,974,2020-12-28 12:00:00+00:00,2020-12-29 00:00:00+00:00,27084.80859375,27362.4375,LONG,0.5635124292376991,0.5635124292376991,0.005776202510201278,0.00045080994339015927,0.00022540497169507964,0.005098148934624014,0.14187770413242656,2,24,signal_flat,0.0,0.010250355112868093
16_time_of_day_session_effect,975,2020-12-29 12:00:00+00:00,2020-12-30 00:00:00+00:00,27362.4375,28840.953125,LONG,0.5619538929113203,0.5619538929113203,0.030364897542441538,0.0004495631143290562,0.0002247815571645281,0.029680428352702792,0.8236998416702885,2,24,signal_flat,0.0,0.054034499850387885
16_time_of_day_session_effect,976,2020-12-30 12:00:00+00:00,2020-12-31 00:00:00+00:00,28840.953125,29001.720703125,LONG,0.6149626529128039,0.6149626529128039,0.0034279746552625667,0.0004919701223302432,0.0002459850611651216,0.0026888907703974674,0.08166200448211806,2,24,signal_flat,0.0,0.005574281038085438
16_time_of_day_session_effect,977,2020-12-31 12:00:00+00:00,2021-01-01 00:00:00+00:00,29001.720703125,29374.15234375,LONG,0.7151109264455083,0.7151109264455083,0.009183245997409495,0.0005720887411564066,0.0002860443705782033,0.008321356760052412,0.2938770621466317,2,24,signal_flat,0.0,0.012841708408869223
16_time_of_day_session_effect,978,2021-01-01 12:00:00+00:00,2021-01-02 00:00:00+00:00,29374.15234375,32127.267578125,LONG,0.7182843794934939,0.7182843794934939,0.06732176114072264,0.0005746275035947951,0.00028731375179739753,0.06643099191935575,2.356488328452377,2,24,signal_flat,0.0,0.09372577639540935
16_time_of_day_session_effect,979,2021-01-02 12:00:00+00:00,2021-01-03 00:00:00+00:00,32127.267578125,32782.0234375,LONG,0.6206369231600316,0.6206369231600316,0.012648621953153416,0.0004965095385280252,0.0002482547692640126,0.011899286192743164,0.3647175427008949,2,24,signal_flat,0.0,0.020380066800975483
16_time_of_day_session_effect,980,2021-01-03 12:00:00+00:00,2021-01-04 00:00:00+00:00,32782.0234375,31971.9140625,LONG,0.6153356228274639,0.6153356228274639,-0.015206174133039041,0.0004922684982619711,0.00024613424913098555,-0.015938826430399122,-0.48435806228353784,2,24,signal_flat,-0.024712000360334718,0.0
16_time_of_day_session_effect,981,2021-01-04 12:00:00+00:00,2021-01-05 00:00:00+00:00,31971.9140625,33992.4296875,LONG,0.6207327227580346,0.6207327227580346,0.03922818517620308,0.0004965861782064277,0.00024829308910321386,0.038468834489258086,1.1792660690392562,2,24,signal_flat,0.0,0.06319658000613337
16_time_of_day_session_effect,982,2021-01-05 12:00:00+00:00,2021-01-06 00:00:00+00:00,33992.4296875,36824.36328125,LONG,0.5944123549665296,0.5944123549665296,0.049520917805671694,0.00047552988397322365,0.00023776494198661182,0.04879008866986534,1.4322458385082664,2,24,signal_flat,0.0,0.08331071417326141
16_time_of_day_session_effect,983,2021-01-06 12:00:00+00:00,2021-01-07 00:00:00+00:00,36824.36328125,39371.04296875,LONG,0.5274619565514805,0.5274619565514805,0.03647793284080003,0.00042196956524118444,0.00021098478262059222,0.03583353421764368,0.9334239062020662,2,24,signal_flat,0.0,0.0691574669750421
16_time_of_day_session_effect,984,2021-01-07 12:00:00+00:00,2021-01-08 00:00:00+00:00,39371.04296875,40797.609375,LONG,0.48431870763769336,0.48431870763769336,0.017548755281457717,0.0003874549661101547,0.00019372748305507734,0.016962557761265318,0.40571467636580644,2,24,signal_flat,0.0,0.0362338992996023
16_time_of_day_session_effect,985,2021-01-08 12:00:00+00:00,2021-01-09 00:00:00+00:00,40797.609375,40254.546875,LONG,0.48672885600368193,0.48672885600368193,-0.006478913676875253,0.00038938308480294557,0.00019469154240147279,-0.007061010933741785,-0.16972746013325332,2,24,signal_flat,-0.013311135341493308,0.0
16_time_of_day_session_effect,986,2021-01-09 12:00:00+00:00,2021-01-10 00:00:00+00:00,40254.546875,38356.44140625,LONG,0.5411187749321561,0.5411187749321561,-0.02551514265286403,0.0004328950199457249,0.00021644750997286245,-0.026156095737711604,-0.698978238509057,2,24,signal_flat,-0.047152573214749416,0.0
16_time_of_day_session_effect,987,2021-01-10 12:00:00+00:00,2021-01-11 00:00:00+00:00,38356.44140625,35566.65625,LONG,0.5019139878692878,0.5019139878692878,-0.036505789946504774,0.0004015311902954302,0.0002007655951477151,-0.037097002381626054,-0.9195307373686321,2,24,signal_flat,-0.07273315912449108,0.0
16_time_of_day_session_effect,988,2021-01-11 12:00:00+00:00,2021-01-12 00:00:00+00:00,35566.65625,33922.9609375,LONG,0.4673231742061091,0.4673231742061091,-0.02159710784915858,0.00037385853936488725,0.00018692926968244363,-0.02215176134006802,-0.5112386926140843,2,24,signal_flat,-0.046214502171538774,0.0
16_time_of_day_session_effect,989,2021-01-12 12:00:00+00:00,2021-01-13 00:00:00+00:00,33922.9609375,37316.359375,LONG,0.44116779717409615,0.44116779717409615,0.044131115687810585,0.00035293423773927695,0.00017646711886963847,0.04359010286139409,0.9497074209876701,2,24,signal_flat,0.0,0.10003249550509552
16_time_of_day_session_effect,990,2021-01-13 12:00:00+00:00,2021-01-14 00:00:00+00:00,37316.359375,39187.328125,LONG,0.4116970868343869,0.4116970868343869,0.02064168093657104,0.0003293576694675095,0.00016467883473375474,0.020142606578441358,0.4095355416840701,2,24,signal_flat,0.0,0.050138030111625875
16_time_of_day_session_effect,991,2021-01-14 12:00:00+00:00,2021-01-15 00:00:00+00:00,39187.328125,36825.3671875,LONG,0.3866721762141887,0.3866721762141887,-0.023306120103998018,0.000309337740971351,0.0001546688704856755,-0.023764665793013284,-0.4538086479272667,2,24,signal_flat,-0.06027358971670127,0.0
16_time_of_day_session_effect,992,2021-01-15 12:00:00+00:00,2021-01-16 00:00:00+00:00,36825.3671875,36178.140625,LONG,0.3631758311991531,0.3631758311991531,-0.006383019716091121,0.00029054066495932246,0.00014527033247966123,-0.006817392335629169,-0.12227378642815633,2,24,signal_flat,-0.017575563040677422,0.0
16_time_of_day_session_effect,993,2021-01-16 12:00:00+00:00,2021-01-17 00:00:00+00:00,36178.140625,35791.27734375,LONG,0.4024362827915975,0.4024362827915975,-0.004303367120731094,0.000321949026233278,0.000160974513116639,-0.004785193257654252,-0.09510311563992914,2,24,signal_flat,-0.010693288117263444,0.0
16_time_of_day_session_effect,994,2021-01-17 12:00:00+00:00,2021-01-18 00:00:00+00:00,35791.27734375,36630.07421875,LONG,0.40804750321614064,0.40804750321614064,0.009562915770286784,0.0003264380025729125,0.00016321900128645625,0.009070977433080607,0.1827944246117274,2,24,signal_flat,0.0,0.023435790428599335
16_time_of_day_session_effect,995,2021-01-18 12:00:00+00:00,2021-01-19 00:00:00+00:00,36630.07421875,36069.8046875,LONG,0.4087984552349437,0.4087984552349437,-0.006252712389344994,0.0003270387641879549,0.00016351938209397746,-0.0067416767143038125,-0.13610538324530047,2,24,signal_flat,-0.015295342507474663,0.0
16_time_of_day_session_effect,996,2021-01-19 12:00:00+00:00,2021-01-20 00:00:00+00:00,36069.8046875,35547.75,LONG,0.43913184983555853,0.43913184983555853,-0.006355754976312578,0.00035130547986844684,0.00017565273993422342,-0.006880969166209949,-0.14922537637052793,2,24,signal_flat,-0.014473454791977813,0.0
16_time_of_day_session_effect,997,2021-01-20 12:00:00+00:00,2021-01-21 00:00:00+00:00,35547.75,30825.69921875,LONG,0.49154657072488306,0.49154657072488306,-0.06529549319752137,0.00039323725657990647,0.00019661862828995323,-0.06586600463444103,-1.5989103909079045,2,24,signal_flat,-0.1328368400602007,0.0
16_time_of_day_session_effect,998,2021-01-21 12:00:00+00:00,2021-01-22 00:00:00+00:00,30825.69921875,33005.76171875,LONG,0.44266869140465337,0.44266869140465337,0.03130652145818513,0.00035413495312372267,0.00017706747656186133,0.03076707452237315,0.6726097278146118,2,24,signal_flat,0.0,0.07072224005462169
16_time_of_day_session_effect,999,2021-01-22 12:00:00+00:00,2021-01-23 00:00:00+00:00,33005.76171875,32067.642578125,LONG,0.4200472955937373,0.4200472955937373,-0.011938958152885037,0.0003360378364749899,0.00016801891823749494,-0.012439942433044027,-0.2580564374863095,2,24,signal_flat,-0.02842289017956734,0.0
16_time_of_day_session_effect,1000,2021-01-23 12:00:00+00:00,2021-01-24 00:00:00+00:00,32067.642578125,32289.37890625,LONG,0.4108477970890105,0.4108477970890105,0.0028408662009631325,0.0003286782376712084,0.0001643391188356042,0.002347209312812737,0.047624553414094016,2,24,signal_flat,0.0,0.006914643868341619
16_time_of_day_session_effect,1001,2021-01-24 12:00:00+00:00,2021-01-25 00:00:00+00:00,32289.37890625,32366.392578125,LONG,0.4362904498831627,0.4362904498831627,0.0010406000575933216,0.00034903235990653013,0.00017451617995326507,0.0005168476411816503,0.011136183515315127,2,24,signal_flat,0.0,0.0023851084933719235
16_time_of_day_session_effect,1002,2021-01-25 12:00:00+00:00,2021-01-26 00:00:00+00:00,32366.392578125,32569.849609375,LONG,0.4892615454424241,0.4892615454424241,0.0030755266068107634,0.0003914092363539393,0.00019570461817696965,0.002487596085809063,0.06010617362017972,2,24,signal_flat,0.0,0.006286058316783416
16_time_of_day_session_effect,1003,2021-01-26 12:00:00+00:00,2021-01-27 00:00:00+00:00,32569.849609375,30432.546875,LONG,0.525472821028859,0.525472821028859,-0.03448264301783732,0.00042037825682308716,0.00021018912841154358,-0.03510223918424327,-0.9109262412188327,2,24,signal_flat,-0.06562212475675022,0.0
16_time_of_day_session_effect,1004,2021-01-27 12:00:00+00:00,2021-01-28 00:00:00+00:00,30432.546875,33466.09765625,LONG,0.5612728821340225,0.5612728821340225,0.05594831734214156,0.000449018305707218,0.000224509152853609,0.05525606192939514,1.5316238607533854,2,24,signal_flat,0.0,0.09968113394222766
16_time_of_day_session_effect,1005,2021-01-28 12:00:00+00:00,2021-01-29 00:00:00+00:00,33466.09765625,34316.38671875,LONG,0.5111353149188461,0.5111353149188461,0.01298665808595767,0.0004089082519350769,0.00020445412596753845,0.012369406997664312,0.31223594735390653,2,24,signal_flat,0.0,0.02540747568580648
16_time_of_day_session_effect,1006,2021-01-29 12:00:00+00:00,2021-01-30 00:00:00+00:00,34316.38671875,34269.5234375,LONG,0.5454234056699644,0.5454234056699644,-0.0007448432922070314,0.0004363387245359715,0.00021816936226798576,-0.0013990005308230913,-0.037683374293463856,2,24,signal_flat,-0.0013656239986477026,0.0
16_time_of_day_session_effect,1007,2021-01-30 12:00:00+00:00,2021-01-31 00:00:00+00:00,34269.5234375,33114.359375,LONG,0.5629815833216664,0.5629815833216664,-0.01897709765613187,0.0004503852666573331,0.00022519263332866654,-0.019646151200852002,-0.5462227748796512,2,24,signal_flat,-0.03370820328466961,0.0
16_time_of_day_session_effect,1008,2021-01-31 12:00:00+00:00,2021-02-01 00:00:00+00:00,33114.359375,33537.17578125,LONG,0.5383746080191494,0.5383746080191494,0.0068741664122533574,0.0004306996864153195,0.00021534984320765974,0.006226000701640366,0.16553577551790227,2,24,signal_flat,0.0,0.012768370405776608
16_time_of_day_session_effect,1009,2021-02-01 12:00:00+00:00,2021-02-02 00:00:00+00:00,33537.17578125,35510.2890625,LONG,0.549506968647123,0.549506968647123,0.03232948132094182,0.0004396055749176984,0.0002198027874588492,0.03165952249824522,0.8591632628428048,2,24,signal_flat,0.0,0.05883361479570781
16_time_of_day_session_effect,1010,2021-02-02 12:00:00+00:00,2021-02-03 00:00:00+00:00,35510.2890625,37472.08984375,LONG,0.5067407979850678,0.5067407979850678,0.027995392874122782,0.0004053926383880542,0.0002026963191940271,0.027378884514950963,0.6851722333207355,2,24,signal_flat,0.0,0.055245981743407446
16_time_of_day_session_effect,1011,2021-02-03 12:00:00+00:00,2021-02-04 00:00:00+00:00,37472.08984375,36926.06640625,LONG,0.4723171189011789,0.4723171189011789,-0.0068823547853318345,0.0003778536951209431,0.00018892684756047155,-0.007447104625577294,-0.17370778237355117,2,24,signal_flat,-0.014571470120209207,0.0
16_time_of_day_session_effect,1012,2021-02-04 12:00:00+00:00,2021-02-05 00:00:00+00:00,36926.06640625,38144.30859375,LONG,0.5882223048519676,0.5882223048519676,0.019406270343430343,0.00047057784388157407,0.00023528892194078703,0.018693679018938925,0.5430432299792223,2,24,signal_flat,0.0,0.032991388091470286
16_time_of_day_session_effect,1013,2021-02-05 12:00:00+00:00,2021-02-06 00:00:00+00:00,38144.30859375,39266.01171875,LONG,0.6381861150041266,0.6381861150041266,0.01876702936618524,0.0005105488920033013,0.00025527444600165065,0.017994166534989864,0.5671229474812601,2,24,signal_flat,0.0,0.029406828078771152
16_time_of_day_session_effect,1014,2021-02-06 12:00:00+00:00,2021-02-07 00:00:00+00:00,39266.01171875,38903.44140625,LONG,0.6367756199566074,0.6367756199566074,-0.005879790827083231,0.0005094204959652859,0.00025471024798264294,-0.0066415291326131776,-0.20885873499189697,2,24,signal_flat,-0.009233693380855112,0.0
16_time_of_day_session_effect,1015,2021-02-07 12:00:00+00:00,2021-02-08 00:00:00+00:00,38903.44140625,46196.46484375,LONG,0.6334757521484187,0.6334757521484187,0.11875436569383147,0.0005067806017187349,0.00025339030085936746,0.11794920244952634,3.6899725751706463,2,24,signal_flat,0.0,0.18746473766529936
16_time_of_day_session_effect,1016,2021-02-08 12:00:00+00:00,2021-02-09 00:00:00+00:00,46196.46484375,46481.10546875,LONG,0.4481360089854547,0.4481360089854547,0.0027612007566826247,0.00035850880718836373,0.00017925440359418187,0.00222276740712557,0.049192851335449324,2,24,signal_flat,0.0,0.006161523959955284
16_time_of_day_session_effect,1017,2021-02-09 12:00:00+00:00,2021-02-10 00:00:00+00:00,46481.10546875,44918.18359375,LONG,0.448224248776395,0.448224248776395,-0.015071489291257345,0.000358579399021116,0.000179289699510558,-0.01560523281981796,-0.34543292843696005,2,24,signal_flat,-0.03362488605290981,0.0
16_time_of_day_session_effect,1018,2021-02-10 12:00:00+00:00,2021-02-11 00:00:00+00:00,44918.18359375,47909.33203125,LONG,0.47210897132322177,0.47210897132322177,0.03143822610181579,0.0003776871770585774,0.0001888435885292887,0.030862870214353855,0.7195760494011721,2,24,signal_flat,0.0,0.0665910372634968
16_time_of_day_session_effect,1019,2021-02-11 12:00:00+00:00,2021-02-12 00:00:00+00:00,47909.33203125,47504.8515625,LONG,0.49964302915115777,0.49964302915115777,-0.004218298149239685,0.00039971442332092623,0.00019985721166046312,-0.004816515326725557,-0.11884773604803045,2,24,signal_flat,-0.008442623839676311,0.0
16_time_of_day_session_effect,1020,2021-02-12 12:00:00+00:00,2021-02-13 00:00:00+00:00,47504.8515625,47105.515625,LONG,0.5150431313153948,0.5150431313153948,-0.004329562664271647,0.00041203450505231587,0.00020601725252615793,-0.004946180977949188,-0.12580900759469013,2,24,signal_flat,-0.008406213773231364,0.0
16_time_of_day_session_effect,1021,2021-02-13 12:00:00+00:00,2021-02-14 00:00:00+00:00,47105.515625,48717.2890625,LONG,0.5085381466889801,0.5085381466889801,0.017400261220233082,0.0004068305173511841,0.00020341525867559204,0.01678479932622734,0.4215390604625635,2,24,signal_flat,0.0,0.03421623595697554
16_time_of_day_session_effect,1022,2021-02-14 12:00:00+00:00,2021-02-15 00:00:00+00:00,48717.2890625,47945.05859375,LONG,0.5080751123504869,0.5080751123504869,-0.008053631261527583,0.00040646008988038946,0.00020323004494019473,-0.008660773356068074,-0.21731150997696902,2,24,signal_flat,-0.01585126109458379,0.0
16_time_of_day_session_effect,1023,2021-02-15 12:00:00+00:00,2021-02-16 00:00:00+00:00,47945.05859375,49199.87109375,LONG,0.5052832688865729,0.5052832688865729,0.013224214975146253,0.00040422661510925833,0.00020211330755462917,0.01261395777976504,0.3147635428635998,2,24,signal_flat,0.0,0.026171883752032166
16_time_of_day_session_effect,1024,2021-02-16 12:00:00+00:00,2021-02-17 00:00:00+00:00,49199.87109375,52149.0078125,LONG,0.5365172928396601,0.5365172928396601,0.032159898255481156,0.0004292138342717281,0.00021460691713586405,0.03150582852543349,0.8347813992189306,2,24,signal_flat,0.0,0.05994196027730325
16_time_of_day_session_effect,1025,2021-02-17 12:00:00+00:00,2021-02-18 00:00:00+00:00,52149.0078125,51679.796875,LONG,0.5317909969579337,0.5317909969579337,-0.004784791939548283,0.000425432797566347,0.0002127163987831735,-0.005421312621733176,-0.1423782223393856,2,24,signal_flat,-0.008997504596578998,0.0
16_time_of_day_session_effect,1026,2021-02-18 12:00:00+00:00,2021-02-19 00:00:00+00:00,51679.796875,55888.1328125,LONG,0.5374102854753634,0.5374102854753634,0.04376184029937913,0.00042992822838029075,0.00021496411419014537,0.04310294109048929,1.1439604579208267,2,24,signal_flat,0.0,0.08143096900475189
16_time_of_day_session_effect,1027,2021-02-19 12:00:00+00:00,2021-02-20 00:00:00+00:00,55888.1328125,56099.51953125,LONG,0.4922113626790669,0.4922113626790669,0.0018617001437006842,0.0003937690901432535,0.00019688454507162676,0.0012705839164361965,0.030885392343359932,2,24,signal_flat,0.0,0.0037823185014820293
16_time_of_day_session_effect,1028,2021-02-20 12:00:00+00:00,2021-02-21 00:00:00+00:00,56099.51953125,57539.9453125,LONG,0.5151302952852715,0.5151302952852715,0.013226618770210585,0.0004121042362282172,0.0002060521181141086,0.012604469885968195,0.32065632496262964,2,24,signal_flat,0.0,0.025676258785917394
16_time_of_day_session_effect,1029,2021-02-21 12:00:00+00:00,2021-02-22 00:00:00+00:00,57539.9453125,54207.3203125,LONG,0.5001855703185625,0.5001855703185625,-0.02896997776466037,0.00040014845625485,0.000200074228127425,-0.029561416163314647,-0.7302213526242854,2,24,signal_flat,-0.05791845963531039,0.0
16_time_of_day_session_effect,1030,2021-02-22 12:00:00+00:00,2021-02-23 00:00:00+00:00,54207.3203125,48824.42578125,LONG,0.6483905841904088,0.6483905841904088,-0.06438647233679462,0.000518712467352327,0.0002593562336761635,-0.06513934114064979,-2.0858265679791264,2,24,signal_flat,-0.09930198541853996,0.0
16_time_of_day_session_effect,1031,2021-02-23 12:00:00+00:00,2021-02-24 00:00:00+00:00,48824.42578125,49705.33203125,LONG,0.5345205200482743,0.5345205200482743,0.00964399395035187,0.0004276164160386195,0.00021380820801930974,0.008999579235083877,0.23756623840683336,2,24,signal_flat,0.0,0.018042326886684945
16_time_of_day_session_effect,1032,2021-02-24 12:00:00+00:00,2021-02-25 00:00:00+00:00,49705.33203125,47093.8515625,LONG,0.5507009128863162,0.5507009128863162,-0.028933408536960248,0.0004405607303090529,0.00022028036515452646,-0.029584580261988958,-0.8045987292606316,2,24,signal_flat,-0.052539242009451814,0.0
16_time_of_day_session_effect,1033,2021-02-25 12:00:00+00:00,2021-02-26 00:00:00+00:00,47093.8515625,46339.76171875,LONG,0.5661553548196859,0.5661553548196859,-0.009065557156386017,0.00045292428385574875,0.00022646214192787438,-0.0097417486824537,-0.27237715209859736,2,24,signal_flat,-0.016012490351298148,0.0
16_time_of_day_session_effect,1034,2021-02-26 12:00:00+00:00,2021-02-27 00:00:00+00:00,46339.76171875,46188.453125,LONG,0.5577236957970232,0.5577236957970232,-0.0018210794570822086,0.00044617895663761855,0.00022308947831880928,-0.0024896265164799924,-0.0685727286734374,2,24,signal_flat,-0.003265200081699504,0.0
16_time_of_day_session_effect,1035,2021-02-27 12:00:00+00:00,2021-02-28 00:00:00+00:00,46188.453125,45137.76953125,LONG,0.5634223463076172,0.5634223463076172,-0.012816593229815876,0.0004507378770460938,0.0002253689385230469,-0.01348825307226098,-0.3753080740651683,2,24,signal_flat,-0.022747754528746222,0.0
16_time_of_day_session_effect,1036,2021-02-28 12:00:00+00:00,2021-03-01 00:00:00+00:00,45137.76953125,49631.2421875,LONG,0.5765642348845357,0.5765642348845357,0.05739706793069832,0.0004612513879076285,0.00023062569395381426,0.05668545466437758,1.6140517955444216,2,24,signal_flat,0.0,0.09955017057586457
16_time_of_day_session_effect,1037,2021-03-01 12:00:00+00:00,2021-03-02 00:00:00+00:00,49631.2421875,48378.98828125,LONG,0.4926928429941402,0.4926928429941402,-0.012431212881796827,0.00039415427439531216,0.00019707713719765608,-0.013018682042974405,-0.31676807678894375,2,24,signal_flat,-0.025231161886280384,0.0
16_time_of_day_session_effect,1038,2021-03-02 12:00:00+00:00,2021-03-03 00:00:00+00:00,48378.98828125,50538.2421875,LONG,0.4934996961094029,0.4934996961094029,0.02202590803186344,0.0003947997568875223,0.00019739987844376116,0.021427274204282032,0.522218136643448,2,24,signal_flat,0.0,0.04463205996986197
16_time_of_day_session_effect,1039,2021-03-03 12:00:00+00:00,2021-03-04 00:00:00+00:00,50538.2421875,48561.16796875,LONG,0.5070125812990356,0.5070125812990356,-0.01983451461072272,0.0004056100650392285,0.00020280503251961425,-0.02043680335697795,-0.511716989717915,2,24,signal_flat,-0.039120359814156846,0.0
16_time_of_day_session_effect,1040,2021-03-04 12:00:00+00:00,2021-03-05 00:00:00+00:00,48561.16796875,48927.3046875,LONG,0.4810937914003972,0.4810937914003972,0.003627303657681713,0.00038487503312031776,0.00019243751656015888,0.003049027386484715,0.07244179641874242,2,24,signal_flat,0.0,0.007539701660092213
16_time_of_day_session_effect,1041,2021-03-05 12:00:00+00:00,2021-03-06 00:00:00+00:00,48927.3046875,48912.3828125,LONG,0.5500721077809752,0.5500721077809752,-0.00016776127942708108,0.0004400576862247801,0.00022002884311239006,-0.0008276835117273507,-0.022484439282981585,2,24,signal_flat,-0.0003049805235605385,0.0
16_time_of_day_session_effect,1042,2021-03-06 12:00:00+00:00,2021-03-07 00:00:00+00:00,48912.3828125,51206.69140625,LONG,0.5538088792683816,0.5538088792683816,0.02597723516908257,0.0004430471034147053,0.00022152355170735265,0.02530414307340223,0.6920694569155766,2,24,signal_flat,0.0,0.046906498146797926
16_time_of_day_session_effect,1043,2021-03-07 12:00:00+00:00,2021-03-08 00:00:00+00:00,51206.69140625,52246.5234375,LONG,0.5317544396140639,0.5317544396140639,0.010798106338942404,0.0004254035516912511,0.00021270177584562555,0.010156657641416711,0.2667227572461003,2,24,signal_flat,0.0,0.020306565464276005
16_time_of_day_session_effect,1044,2021-03-08 12:00:00+00:00,2021-03-09 00:00:00+00:00,52246.5234375,54824.1171875,LONG,0.572118257240939,0.572118257240939,0.028225580327640998,0.0004576946057927512,0.0002288473028963756,0.02752946723200389,0.7778247314275492,2,24,signal_flat,0.0,0.049335220420617
16_time_of_day_session_effect,1045,2021-03-09 12:00:00+00:00,2021-03-10 00:00:00+00:00,54824.1171875,56008.55078125,LONG,0.6362815212922595,0.6362815212922595,0.013746381110405492,0.0005090252170338076,0.0002545126085169038,0.012977741091386719,0.4077993698335008,2,24,signal_flat,0.0,0.021604243798385436
16_time_of_day_session_effect,1046,2021-03-10 12:00:00+00:00,2021-03-11 00:00:00+00:00,56008.55078125,57805.12109375,LONG,0.6312349751607754,0.6312349751607754,0.020247944300768594,0.0005049879801286203,0.00025249399006431017,0.019482937048938886,0.6073564042585309,2,24,signal_flat,0.0,0.032076714848716215
16_time_of_day_session_effect,1047,2021-03-11 12:00:00+00:00,2021-03-12 00:00:00+00:00,57805.12109375,57332.08984375,LONG,0.6613695171710721,0.6613695171710721,-0.00541212341570807,0.0005290956137368576,0.0002645478068684288,-0.006203461720773351,-0.20261724915549617,2,24,signal_flat,-0.008183206626845796,0.0
16_time_of_day_session_effect,1048,2021-03-12 12:00:00+00:00,2021-03-13 00:00:00+00:00,57332.08984375,61243.0859375,LONG,0.6736746558717795,0.6736746558717795,0.045955745809257875,0.0005389397246974236,0.0002694698623487118,0.04512892407098068,1.5014238926080947,2,24,signal_flat,0.0,0.06821652767950437
16_time_of_day_session_effect,1049,2021-03-13 12:00:00+00:00,2021-03-14 00:00:00+00:00,61243.0859375,59302.31640625,LONG,0.583596224728677,0.583596224728677,-0.018493936975380598,0.0004668769797829416,0.0002334384898914708,-0.01918765403953626,-0.5530093664194589,2,24,signal_flat,-0.031689610370558396,0.0
16_time_of_day_session_effect,1050,2021-03-14 12:00:00+00:00,2021-03-15 00:00:00+00:00,59302.31640625,55907.19921875,LONG,0.5730474785637725,0.5730474785637725,-0.03280754381325235,0.000458437982851018,0.000229218991425509,-0.0334838024013443,-0.94759663586991,2,24,signal_flat,-0.05725100456855314,0.0
16_time_of_day_session_effect,1051,2021-03-15 12:00:00+00:00,2021-03-16 00:00:00+00:00,55907.19921875,56804.90234375,LONG,0.6266273753653256,0.6266273753653256,0.010061769520504527,0.0005013019002922606,0.0002506509501461303,0.009306175040202813,0.2879908666647482,2,24,signal_flat,0.0,0.01605702194966918
16_time_of_day_session_effect,1052,2021-03-16 12:00:00+00:00,2021-03-17 00:00:00+00:00,56804.90234375,58870.89453125,LONG,0.6395977265090977,0.6395977265090977,0.023262145547125357,0.0005116781812072782,0.0002558390906036391,0.022485848496761607,0.7102550420997111,2,24,signal_flat,0.0,0.036369962842253134
16_time_of_day_session_effect,1053,2021-03-17 12:00:00+00:00,2021-03-18 00:00:00+00:00,58870.89453125,57858.921875,LONG,0.6517468870594928,0.6517468870594928,-0.011203329484829827,0.0005213975096475943,0.0002606987548237971,-0.01198089178958972,-0.3856259445377649,2,24,signal_flat,-0.017189693893861602,0.0
16_time_of_day_session_effect,1054,2021-03-18 12:00:00+00:00,2021-03-19 00:00:00+00:00,57858.921875,58346.65234375,LONG,0.6863526306436392,0.6863526306436392,0.005785712547406785,0.0005490821045149114,0.0002745410522574557,0.004959876355994153,0.16811880202741747,2,24,signal_flat,0.0,0.008429650137686817
16_time_of_day_session_effect,1055,2021-03-19 12:00:00+00:00,2021-03-20 00:00:00+00:00,58346.65234375,58313.64453125,LONG,0.6848769417454503,0.6848769417454503,-0.00038744793009759526,0.0005479015533963603,0.00027395077669818013,-0.0012089721873869141,-0.04089093005797183,2,24,signal_flat,-0.0005657190459794625,0.0
16_time_of_day_session_effect,1056,2021-03-20 12:00:00+00:00,2021-03-21 00:00:00+00:00,58313.64453125,57523.421875,LONG,0.6844457932234674,0.6844457932234674,-0.009275094656283067,0.0005475566345787739,0.00027377831728938695,-0.010092451980663886,-0.34114097331709403,2,24,signal_flat,-0.013551247955811196,0.0
16_time_of_day_session_effect,1057,2021-03-21 12:00:00+00:00,2021-03-22 00:00:00+00:00,57523.421875,54529.14453125,LONG,0.7443940040051663,0.7443940040051663,-0.03874807910175304,0.000595515203204133,0.0002977576016020665,-0.03962384611983327,-1.456658101494411,2,24,signal_flat,-0.05205318540083803,0.0
16_time_of_day_session_effect,1058,2021-03-22 12:00:00+00:00,2021-03-23 00:00:00+00:00,54529.14453125,54738.9453125,LONG,0.6871144607926875,0.6871144607926875,0.0026436715984030634,0.00054969156863415,0.000274845784317075,0.0018182143079226165,0.06169817152930635,2,24,signal_flat,0.0,0.0038474981233158623
16_time_of_day_session_effect,1059,2021-03-23 12:00:00+00:00,2021-03-24 00:00:00+00:00,54738.9453125,52774.265625,LONG,0.7722589023305867,0.7722589023305867,-0.02771776785683655,0.0006178071218644693,0.00030890356093223466,-0.028631420665672702,-1.0919530235903694,2,24,signal_flat,-0.035891807492523076,0.0
16_time_of_day_session_effect,1060,2021-03-24 12:00:00+00:00,2021-03-25 00:00:00+00:00,52774.265625,51704.16015625,LONG,0.7433273771097173,0.7433273771097173,-0.015072472954316019,0.0005946619016877738,0.0002973309508438869,-0.015957544624962905,-0.5857932052612296,2,24,signal_flat,-0.020277031922222966,0.0
16_time_of_day_session_effect,1061,2021-03-25 12:00:00+00:00,2021-03-26 00:00:00+00:00,51704.16015625,55137.3125,LONG,0.7670602346862397,0.7670602346862397,0.05093274186356078,0.0006136481877489918,0.0003068240938744959,0.049989040310686406,1.8936617290662912,2,24,signal_flat,0.0,0.06639992475218648
16_time_of_day_session_effect,1062,2021-03-26 12:00:00+00:00,2021-03-27 00:00:00+00:00,55137.3125,55973.51171875,LONG,0.6626731724502756,0.6626731724502756,0.010049941935227569,0.0005301385379602204,0.0002650692689801102,0.009250896321008284,0.3027480375103024,2,24,signal_flat,0.0,0.015165759461888806
16_time_of_day_session_effect,1063,2021-03-27 12:00:00+00:00,2021-03-28 00:00:00+00:00,55973.51171875,55950.74609375,LONG,0.7564859589858016,0.7564859589858016,-0.00030767902765449495,0.0006051887671886413,0.00030259438359432064,-0.0012151165079566928,-0.04539593092372533,2,24,signal_flat,-0.0004067213991215679,0.0
16_time_of_day_session_effect,1064,2021-03-28 12:00:00+00:00,2021-03-29 00:00:00+00:00,55950.74609375,57750.19921875,LONG,0.825388672836802,0.825388672836802,0.02654563755391437,0.0006603109382694415,0.00033015546913472076,0.025542270121306165,1.0411567808677045,2,24,signal_flat,0.0,0.03216137854506651
16_time_of_day_session_effect,1065,2021-03-29 12:00:00+00:00,2021-03-30 00:00:00+00:00,57750.19921875,58917.69140625,LONG,0.8904353609485677,0.8904353609485677,0.01800125958775345,0.0007123482887588542,0.0003561741443794271,0.0169234052148155,0.7441976351556837,2,24,signal_flat,0.0,0.020216245195582738
16_time_of_day_session_effect,1066,2021-03-30 12:00:00+00:00,2021-03-31 00:00:00+00:00,58917.69140625,58918.83203125,LONG,0.8789524992619884,0.8789524992619884,1.7016199558073097e-05,0.0007031619994095907,0.00035158099970479534,-0.0010374576527164558,-0.045033315038931335,2,24,signal_flat,0.0,1.9359634988669328e-05
16_time_of_day_session_effect,1067,2021-03-31 12:00:00+00:00,2021-04-01 00:00:00+00:00,58918.83203125,59095.80859375,LONG,0.9905989695891975,0.9905989695891975,0.0029754968727306874,0.000792479175671358,0.000396239587835679,0.001785362857816608,0.08734187310420091,2,24,signal_flat,0.0,0.0030037350775407035
16_time_of_day_session_effect,1068,2021-04-01 12:00:00+00:00,2021-04-02 00:00:00+00:00,59095.80859375,59384.3125,LONG,1.0,1.0,0.004881969011259368,0.0008,0.0004,0.0036793998298525477,0.1893883487640937,2,24,signal_flat,0.0,0.004881969011259368
16_time_of_day_session_effect,1069,2021-04-02 12:00:00+00:00,2021-04-03 00:00:00+00:00,59384.3125,57603.890625,LONG,1.0,1.0,-0.029981350293480258,0.0008,0.0004,-0.03116300148330431,-1.6252400833758947,2,24,signal_flat,-0.029981350293480258,0.0
16_time_of_day_session_effect,1070,2021-04-03 12:00:00+00:00,2021-04-04 00:00:00+00:00,57603.890625,58758.5546875,LONG,0.9517475737022071,0.9517475737022071,0.019077682219064807,0.0007613980589617656,0.0003806990294808828,0.017925016944403627,0.8425185800525458,2,24,signal_flat,0.0,0.0200448971410081
16_time_of_day_session_effect,1071,2021-04-04 12:00:00+00:00,2021-04-05 00:00:00+00:00,58758.5546875,59057.87890625,LONG,0.9314410275455571,0.9314410275455571,0.004744889648231609,0.0007451528220364457,0.0003725764110182228,0.003624820993902933,0.16674010166824274,2,24,signal_flat,0.0,0.005094138552963257
16_time_of_day_session_effect,1072,2021-04-05 12:00:00+00:00,2021-04-06 00:00:00+00:00,59057.87890625,58192.359375,LONG,1.0,1.0,-0.014655445594718208,0.0008,0.0004,-0.015846292327361455,-0.8619081038038984,2,24,signal_flat,-0.014655445594718208,0.0
16_time_of_day_session_effect,1073,2021-04-06 12:00:00+00:00,2021-04-07 00:00:00+00:00,58192.359375,56048.9375,LONG,1.0,1.0,-0.036833390122360865,0.0008,0.0004,-0.03801093008828749,-1.984166626962818,2,24,signal_flat,-0.036833390122360865,0.0
16_time_of_day_session_effect,1074,2021-04-07 12:00:00+00:00,2021-04-08 00:00:00+00:00,56048.9375,58323.953125,LONG,1.0,1.0,0.04058980823677527,0.0008,0.0004,0.03936581435183317,2.0477024718576176,2,24,signal_flat,0.0,0.04058980823677527
16_time_of_day_session_effect,1075,2021-04-08 12:00:00+00:00,2021-04-09 00:00:00+00:00,58323.953125,58245.00390625,LONG,0.9793775885121814,0.9793775885121814,-0.0013257176739817078,0.000783502070809745,0.0003917510354048725,-0.0024998464483233507,-0.12090983507682418,2,24,signal_flat,-0.0013536328475677317,0.0
16_time_of_day_session_effect,1076,2021-04-09 12:00:00+00:00,2021-04-10 00:00:00+00:00,58245.00390625,59793.234375,LONG,1.0,1.0,0.026581343719059625,0.0008,0.0004,0.02536575491282811,1.5824785036074847,2,24,signal_flat,0.0,0.026581343719059625
16_time_of_day_session_effect,1077,2021-04-10 12:00:00+00:00,2021-04-11 00:00:00+00:00,59793.234375,60204.96484375,LONG,1.0,1.0,0.006885903949730876,0.0008,0.0004,0.00568213240736104,0.33732805361053564,2,24,signal_flat,0.0,0.006885903949730876
16_time_of_day_session_effect,1078,2021-04-11 12:00:00+00:00,2021-04-12 00:00:00+00:00,60204.96484375,59893.453125,LONG,1.0,1.0,-0.005174186540237491,0.0008,0.0004,-0.006370722028313458,-0.36809390060713304,2,24,signal_flat,-0.005174186540237491,0.0
16_time_of_day_session_effect,1079,2021-04-12 12:00:00+00:00,2021-04-13 00:00:00+00:00,59893.453125,63503.45703125,LONG,1.0,1.0,0.06027376479221824,0.0008,0.0004,0.05903796053334287,3.838700923167401,2,24,signal_flat,0.0,0.06027376479221824
16_time_of_day_session_effect,1080,2021-04-13 12:00:00+00:00,2021-04-14 00:00:00+00:00,63503.45703125,63109.6953125,LONG,1.0,1.0,-0.00620063437737306,0.0008,0.0004,-0.007396553996746769,-0.40549230403367453,2,24,signal_flat,-0.00620063437737306,0.0
16_time_of_day_session_effect,1081,2021-04-14 12:00:00+00:00,2021-04-15 00:00:00+00:00,63109.6953125,63314.01171875,LONG,1.0,1.0,0.003237480473297971,0.0008,0.0004,0.0020358979850139125,0.1089738637814477,2,24,signal_flat,0.0,0.003237480473297971
16_time_of_day_session_effect,1082,2021-04-15 12:00:00+00:00,2021-04-16 00:00:00+00:00,63314.01171875,61572.7890625,LONG,1.0,1.0,-0.027501379378466195,0.0008,0.0004,-0.0286845185508392,-1.534002105068292,2,24,signal_flat,-0.027501379378466195,0.0
16_time_of_day_session_effect,1083,2021-04-16 12:00:00+00:00,2021-04-17 00:00:00+00:00,61572.7890625,60683.8203125,LONG,0.9967565007988185,0.9967565007988185,-0.014390859892185026,0.0007974052006390548,0.0003987026003195274,-0.015578003514785999,-0.7668298466662622,2,24,signal_flat,-0.014437688523377457,0.0
16_time_of_day_session_effect,1084,2021-04-17 12:00:00+00:00,2021-04-18 00:00:00+00:00,60683.8203125,56216.18359375,LONG,1.0,1.0,-0.0736215468265391,0.0008,0.0004,-0.07477701389844327,-3.8937134948687793,2,24,signal_flat,-0.0736215468265391,0.0
16_time_of_day_session_effect,1085,2021-04-18 12:00:00+00:00,2021-04-19 00:00:00+00:00,56216.18359375,55724.265625,LONG,0.8791855185609846,0.8791855185609846,-0.007693285577162867,0.0007033484148487877,0.00035167420742439386,-0.008743971636090975,-0.3796534931437444,2,24,signal_flat,-0.008750468945115109,0.0
16_time_of_day_session_effect,1086,2021-04-19 12:00:00+00:00,2021-04-20 00:00:00+00:00,55724.265625,56473.03125,LONG,0.8693277279579672,0.8693277279579672,0.011681135897504857,0.0006954621823663737,0.00034773109118318686,0.010632121845808973,0.45645882819442035,2,24,signal_flat,0.0,0.013436976092944253
16_time_of_day_session_effect,1087,2021-04-20 12:00:00+00:00,2021-04-21 00:00:00+00:00,56473.03125,53906.08984375,LONG,0.8725881785139951,0.8725881785139951,-0.03966287405604496,0.000698070542811196,0.000349035271405598,-0.040688940149598896,-1.7534114435319559,2,24,signal_flat,-0.045454287638402646,0.0
16_time_of_day_session_effect,1088,2021-04-21 12:00:00+00:00,2021-04-22 00:00:00+00:00,53906.08984375,51762.2734375,LONG,0.8500319161196674,0.8500319161196674,-0.033805315371520206,0.000680025532895734,0.000340012766447867,-0.03480785219313054,-1.4612031255346645,2,24,signal_flat,-0.0397694659817468,0.0
16_time_of_day_session_effect,1089,2021-04-22 12:00:00+00:00,2021-04-23 00:00:00+00:00,51762.2734375,51093.65234375,LONG,0.85212798350532,0.85212798350532,-0.011007065696877705,0.000681702386804256,0.000340851193402128,-0.012023730215910078,-0.505990292194149,2,24,signal_flat,-0.012917150838772984,0.0
16_time_of_day_session_effect,1090,2021-04-23 12:00:00+00:00,2021-04-24 00:00:00+00:00,51093.65234375,50050.8671875,LONG,0.8235039652031255,0.8235039652031255,-0.01680713105513354,0.0006588031721625004,0.0003294015860812502,-0.017786787232775603,-0.7233714076309795,2,24,signal_flat,-0.02040928977310741,0.0
16_time_of_day_session_effect,1091,2021-04-24 12:00:00+00:00,2021-04-25 00:00:00+00:00,50050.8671875,49004.25390625,LONG,0.8385384477902841,0.8385384477902841,-0.017534670738237557,0.0006708307582322273,0.00033541537911611365,-0.01853184164541366,-0.767431629633862,2,24,signal_flat,-0.02091099195802515,0.0
16_time_of_day_session_effect,1092,2021-04-25 12:00:00+00:00,2021-04-26 00:00:00+00:00,49004.25390625,54021.75390625,LONG,0.8051367661344558,0.8051367661344558,0.08243720497832951,0.0006441094129075647,0.00032205470645378236,0.08143145029246934,3.2378741346107054,2,24,signal_flat,0.0,0.10238907033660749
16_time_of_day_session_effect,1093,2021-04-26 12:00:00+00:00,2021-04-27 00:00:00+00:00,54021.75390625,55033.1171875,LONG,0.6309335589339312,0.6309335589339312,0.011811964408292575,0.000504746847147145,0.0002523734235735725,0.011050515906502634,0.344321638125202,2,24,signal_flat,0.0,0.018721407731506323
16_time_of_day_session_effect,1094,2021-09-15 12:00:00+00:00,2021-09-16 00:00:00+00:00,48176.34765625,47783.359375,LONG,0.7783296085655852,0.7783296085655852,-0.006349057784510004,0.0006226636868524682,0.0003113318434262341,-0.007279870232079988,-0.27982423400415907,2,24,signal_flat,-0.008157286726135138,0.0
16_time_of_day_session_effect,1095,2021-09-16 12:00:00+00:00,2021-09-17 00:00:00+00:00,47783.359375,47267.51953125,LONG,0.7819439875339825,0.7819439875339825,-0.008441387747254447,0.000625555190027186,0.000312777595013593,-0.009375539999754046,-0.3620512653100651,2,24,signal_flat,-0.010795386730801604,0.0
16_time_of_day_session_effect,1096,2021-09-17 12:00:00+00:00,2021-09-18 00:00:00+00:00,47267.51953125,48278.36328125,LONG,0.7892320652845053,0.7892320652845053,0.01687819264484558,0.0006313856522276042,0.0003156928261138021,0.01592334591941147,0.6206363175148626,2,24,signal_flat,0.0,0.021385589090024082
16_time_of_day_session_effect,1097,2021-09-18 12:00:00+00:00,2021-09-19 00:00:00+00:00,48278.36328125,47260.21875,LONG,0.7480558480112651,0.7480558480112651,-0.015775782751484613,0.0005984446784090121,0.00029922233920450604,-0.01666616761765294,-0.6156982252340273,2,24,signal_flat,-0.021089044077959085,0.0
16_time_of_day_session_effect,1098,2021-09-19 12:00:00+00:00,2021-09-20 00:00:00+00:00,47260.21875,42843.80078125,LONG,0.7791569082285364,0.7791569082285364,-0.07281139742875609,0.0006233255265828292,0.0003116627632914146,-0.07371212826587215,-2.8363642978775334,2,24,signal_flat,-0.09344895316951951,0.0
16_time_of_day_session_effect,1099,2021-09-20 12:00:00+00:00,2021-09-21 00:00:00+00:00,42843.80078125,40693.67578125,LONG,0.6438766452923705,0.6438766452923705,-0.03231308256304677,0.0005151013162338964,0.0002575506581169482,-0.03307310190610946,-1.0516609197212223,2,24,signal_flat,-0.050185206746199196,0.0
16_time_of_day_session_effect,1100,2021-09-21 12:00:00+00:00,2021-09-22 00:00:00+00:00,40693.67578125,43574.5078125,LONG,0.7463234585093754,0.7463234585093754,0.0528345617266095,0.0005970587668075003,0.00029852938340375017,0.051915515092230136,1.9134732439558193,2,24,signal_flat,0.0,0.07079311406361999
16_time_of_day_session_effect,1101,2021-09-22 12:00:00+00:00,2021-09-23 00:00:00+00:00,43574.5078125,44895.09765625,LONG,0.6513007059174996,0.6513007059174996,0.01973863023680833,0.0005210405647339996,0.0002605202823669998,0.018949508628762546,0.6095055096135503,2,24,signal_flat,0.0,0.0303064775724482
16_time_of_day_session_effect,1102,2021-10-11 12:00:00+00:00,2021-10-12 00:00:00+00:00,57484.7890625,56041.05859375,LONG,0.6194416949565589,0.6194416949565589,-0.01555727807665086,0.0004955533559652471,0.00024777667798262355,-0.01629468787969346,-0.49847641473400833,2,24,signal_flat,-0.025114999851183484,0.0
16_time_of_day_session_effect,1103,2021-10-12 12:00:00+00:00,2021-10-13 00:00:00+00:00,56041.05859375,57401.09765625,LONG,0.6239752600588341,0.6239752600588341,0.01514301744129165,0.0004991802080470673,0.00024959010402353366,0.014388717972518617,0.44339174669810133,2,24,signal_flat,0.0,0.02426861834211813
16_time_of_day_session_effect,1104,2021-10-13 12:00:00+00:00,2021-10-14 00:00:00+00:00,57401.09765625,57321.5234375,LONG,0.6087576164611347,0.6087576164611347,-0.0008439108957132291,0.00048700609316890776,0.00024350304658445388,-0.0015739783822545927,-0.04731962618282624,2,24,signal_flat,-0.001386283921372633,0.0
16_time_of_day_session_effect,1105,2021-10-14 12:00:00+00:00,2021-10-15 00:00:00+00:00,57321.5234375,61593.94921875,LONG,0.6855810988391022,0.6855810988391022,0.05109938093343924,0.0005484648790712818,0.0002742324395356409,0.05025583316071369,1.70154503061959,2,24,signal_flat,0.0,0.07453440740995654
16_time_of_day_session_effect,1106,2021-10-15 12:00:00+00:00,2021-10-16 00:00:00+00:00,61593.94921875,60892.1796875,LONG,0.7283008702424686,0.7283008702424686,-0.008297882613499286,0.0005826406961939749,0.00029132034809698746,-0.009168026692736309,-0.3297500210121815,2,24,signal_flat,-0.01139348166745524,0.0
16_time_of_day_session_effect,1107,2021-10-16 12:00:00+00:00,2021-10-17 00:00:00+00:00,60892.1796875,61553.6171875,LONG,0.7227912495450148,0.7227912495450148,0.007851274820090959,0.0005782329996360119,0.00028911649981800595,0.00698070849478305,0.2491784746091705,2,24,signal_flat,0.0,0.01086243756414218
16_time_of_day_session_effect,1108,2021-10-17 12:00:00+00:00,2021-10-18 00:00:00+00:00,61553.6171875,62026.078125,LONG,0.7216421115250282,0.7216421115250282,0.005539036114027729,0.0005773136892200226,0.0002886568446100113,0.004670854735408625,0.1664624810680763,2,24,signal_flat,0.0,0.007675599893030238
16_time_of_day_session_effect,1109,2021-10-18 12:00:00+00:00,2021-10-19 00:00:00+00:00,62026.078125,64261.9921875,LONG,0.74294762032569,0.74294762032569,0.026781751840562862,0.000594358096260552,0.000297179048130276,0.025878474942513385,0.9495000873747881,2,24,signal_flat,0.0,0.036047967727284025
16_time_of_day_session_effect,1110,2021-10-19 12:00:00+00:00,2021-10-20 00:00:00+00:00,64261.9921875,65992.8359375,LONG,0.768856235561483,0.768856235561483,0.020708508477099263,0.0006150849884491863,0.00030754249422459317,0.01977654068527035,0.7509198797148179,2,24,signal_flat,0.0,0.026934175102288238
16_time_of_day_session_effect,1111,2021-10-20 12:00:00+00:00,2021-10-21 00:00:00+00:00,65992.8359375,62210.171875,LONG,0.8832032599824511,0.8832032599824511,-0.05062460468561314,0.0007065626079859608,0.0003532813039929804,-0.05165734069077643,-2.253153824561437,2,24,signal_flat,-0.057319313661295834,0.0
16_time_of_day_session_effect,1112,2021-10-21 12:00:00+00:00,2021-10-22 00:00:00+00:00,62210.171875,60692.265625,LONG,0.8095027313897893,0.8095027313897893,-0.019751581105379,0.0006476021851118315,0.00032380109255591576,-0.020713155101652392,-0.8280617224078058,2,24,signal_flat,-0.024399647264276236,0.0
16_time_of_day_session_effect,1113,2021-10-22 12:00:00+00:00,2021-10-23 00:00:00+00:00,60692.265625,61393.6171875,LONG,0.7629016914359559,0.7629016914359559,0.008815988129830199,0.0006103213531487647,0.00030516067657438236,0.007896680187590155,0.29751664043624,2,24,signal_flat,0.0,0.011555863919028075
16_time_of_day_session_effect,1114,2021-10-23 12:00:00+00:00,2021-10-24 00:00:00+00:00,61393.6171875,60930.8359375,LONG,0.7775079334920364,0.7775079334920364,-0.005860806217810266,0.0006220063467936291,0.00031100317339681456,-0.0067908640173109935,-0.26075220951725675,2,24,signal_flat,-0.007537937512081094,0.0
16_time_of_day_session_effect,1115,2021-10-24 12:00:00+00:00,2021-10-25 00:00:00+00:00,60930.8359375,63039.82421875,LONG,0.7691530688398417,0.7691530688398417,0.026622559558096448,0.0006153224550718734,0.0003076612275359367,0.025687502756177594,0.9757370519979627,2,24,signal_flat,0.0,0.0346128236844363
16_time_of_day_session_effect,1116,2021-10-25 12:00:00+00:00,2021-10-26 00:00:00+00:00,63039.82421875,60363.79296875,LONG,0.8016118912931357,0.8016118912931357,-0.03402830667846313,0.0006412895130345086,0.0003206447565172543,-0.03497364312146578,-1.3845325138516116,2,24,signal_flat,-0.04244985266320056,0.0
16_time_of_day_session_effect,1117,2021-10-26 12:00:00+00:00,2021-10-27 00:00:00+00:00,60363.79296875,58482.38671875,LONG,0.7641546599262359,0.7641546599262359,-0.02381701484358556,0.0006113237279409887,0.00030566186397049436,-0.02472287029012621,-0.9329927953274846,2,24,signal_flat,-0.03116779376295975,0.0
16_time_of_day_session_effect,1118,2021-10-27 12:00:00+00:00,2021-10-28 00:00:00+00:00,58482.38671875,60622.13671875,LONG,0.7502029537487399,0.7502029537487399,0.027448379937086376,0.000600162362998992,0.000300081181499496,0.026535983888775094,0.9831326028579923,2,24,signal_flat,0.0,0.03658793903693369
16_time_of_day_session_effect,1119,2021-10-28 12:00:00+00:00,2021-10-29 00:00:00+00:00,60622.13671875,62227.96484375,LONG,0.6862723974975395,0.6862723974975395,0.0181787640119897,0.0005490179179980316,0.0002745089589990158,0.01734792133374463,0.5879523215978267,2,24,signal_flat,0.0,0.02648913766352501
16_time_of_day_session_effect,1120,2021-10-29 12:00:00+00:00,2021-10-30 00:00:00+00:00,62227.96484375,61888.83203125,LONG,0.7765986275630846,0.7765986275630846,-0.004232342764389219,0.0006212789020504677,0.00031063945102523385,-0.0051620719005612825,-0.19797885217569822,2,24,signal_flat,-0.005449845794435637,0.0
16_time_of_day_session_effect,1121,2021-10-30 12:00:00+00:00,2021-10-31 00:00:00+00:00,61888.83203125,61318.95703125,LONG,0.7894528288841035,0.7894528288841035,-0.007269315255992614,0.0006315622631072828,0.0003157811315536414,-0.008212991016881,-0.3202031994445911,2,24,signal_flat,-0.009208042570786446,0.0
16_time_of_day_session_effect,1122,2021-10-31 12:00:00+00:00,2021-11-01 00:00:00+00:00,61318.95703125,61004.40625,LONG,0.7931068173628854,0.7931068173628854,-0.004068437903943067,0.0006344854538903083,0.00031724272694515416,-0.00501800361464344,-0.19654445088756053,2,24,signal_flat,-0.005129747739996526,0.0
16_time_of_day_session_effect,1123,2021-11-01 12:00:00+00:00,2021-11-02 00:00:00+00:00,61004.40625,63226.40234375,LONG,0.7987962766243841,0.7987962766243841,0.029094983714580858,0.0006390370212995073,0.00031951851064975363,0.02812271331101268,1.109408235263062,2,24,signal_flat,0.0,0.03642353446805324
16_time_of_day_session_effect,1124,2021-11-02 12:00:00+00:00,2021-11-03 00:00:00+00:00,63226.40234375,62970.046875,LONG,0.7979518344159675,0.7979518344159675,-0.0032353464528864784,0.000638361467532774,0.000319180733766387,-0.004191110442036572,-0.16515963586289553,2,24,signal_flat,-0.004054563588107407,0.0
16_time_of_day_session_effect,1125,2021-11-03 12:00:00+00:00,2021-11-04 00:00:00+00:00,62970.046875,61452.23046875,LONG,0.8528784125466506,0.8528784125466506,-0.020557597005913975,0.0006823027300373205,0.00034115136501866025,-0.021570269357978678,-0.9085332464236137,2,24,signal_flat,-0.024103783966732184,0.0
16_time_of_day_session_effect,1126,2021-11-04 12:00:00+00:00,2021-11-05 00:00:00+00:00,61452.23046875,61125.67578125,LONG,0.9475695901417805,0.9475695901417805,-0.00503534678941564,0.0007580556721134245,0.00037902783605671224,-0.006169244252963502,-0.2886962972794587,2,24,signal_flat,-0.005313959884109654,0.0
16_time_of_day_session_effect,1127,2021-11-05 12:00:00+00:00,2021-11-06 00:00:00+00:00,61125.67578125,61527.48046875,LONG,1.0,1.0,0.006573419146120196,0.0008,0.0004,0.0053698350946325135,0.26841043954510924,2,24,signal_flat,0.0,0.006573419146120196
16_time_of_day_session_effect,1128,2021-11-06 12:00:00+00:00,2021-11-07 00:00:00+00:00,61527.48046875,63326.98828125,LONG,1.0,1.0,0.029247220896912562,0.0008,0.0004,0.02803003256437453,1.426452413054318,2,24,signal_flat,0.0,0.029247220896912562
16_time_of_day_session_effect,1129,2021-11-07 12:00:00+00:00,2021-11-08 00:00:00+00:00,63326.98828125,67566.828125,LONG,0.9551002017218113,0.9551002017218113,0.06394543621826987,0.000764080161377449,0.0003820400806887245,0.06276299979468747,2.960402508174344,2,24,signal_flat,0.0,0.06695154718111462
16_time_of_day_session_effect,1130,2021-11-08 12:00:00+00:00,2021-11-09 00:00:00+00:00,67566.828125,66971.828125,LONG,0.8612624836844216,0.8612624836844216,-0.0075843604326695235,0.0006890099869475372,0.0003445049934737686,-0.008613689099725041,-0.36637249008244205,2,24,signal_flat,-0.008806096371717143,0.0
16_time_of_day_session_effect,1131,2021-11-09 12:00:00+00:00,2021-11-10 00:00:00+00:00,66971.828125,64995.23046875,LONG,0.9593181682589221,0.9593181682589221,-0.028313189232933578,0.0007674545346071377,0.00038372726730356887,-0.0294477429158595,-1.3951240211836462,2,24,signal_flat,-0.029513867421399387,0.0
16_time_of_day_session_effect,1132,2021-11-10 12:00:00+00:00,2021-11-11 00:00:00+00:00,64995.23046875,64949.9609375,LONG,0.9647176134826085,0.9647176134826085,-0.0006719310607257167,0.0007717740907860868,0.0003858870453930434,-0.0018288682178407845,-0.08713261627511333,2,24,signal_flat,-0.0006965054346836919,0.0
16_time_of_day_session_effect,1133,2021-11-11 12:00:00+00:00,2021-11-12 00:00:00+00:00,64949.9609375,64155.94140625,LONG,1.0,1.0,-0.01222509636324598,0.0008,0.0004,-0.013417401305428123,-0.7281853462988391,2,24,signal_flat,-0.01222509636324598,0.0
16_time_of_day_session_effect,1134,2021-11-12 12:00:00+00:00,2021-11-13 00:00:00+00:00,64155.94140625,64469.52734375,LONG,1.0,1.0,0.0048878705639170406,0.0008,0.0004,0.003685297841578672,0.21171422263160708,2,24,signal_flat,0.0,0.0048878705639170406
16_time_of_day_session_effect,1135,2021-11-13 12:00:00+00:00,2021-11-14 00:00:00+00:00,64469.52734375,65466.83984375,LONG,1.0,1.0,0.015469517787564335,0.0008,0.0004,0.014260596076891785,0.8211410746925579,2,24,signal_flat,0.0,0.015469517787564335
16_time_of_day_session_effect,1136,2021-11-14 12:00:00+00:00,2021-11-15 00:00:00+00:00,65466.83984375,63557.87109375,LONG,1.0,1.0,-0.02915932332393234,0.0008,0.0004,-0.030341467729938065,-1.7032322229455743,2,24,signal_flat,-0.02915932332393234,0.0
16_time_of_day_session_effect,1137,2021-11-15 12:00:00+00:00,2021-11-16 00:00:00+00:00,63557.87109375,60161.24609375,LONG,1.0,1.0,-0.05344145330150951,0.0008,0.0004,-0.05460902842952864,-2.7960967182932484,2,24,signal_flat,-0.05344145330150951,0.0
16_time_of_day_session_effect,1138,2021-11-16 12:00:00+00:00,2021-11-17 00:00:00+00:00,60161.24609375,60368.01171875,LONG,0.9760389650084077,0.9760389650084077,0.003354506758550757,0.0007808311720067262,0.0003904155860033631,0.00218163847769981,0.10515939390255935,2,24,signal_flat,0.0,0.003436857419438999
16_time_of_day_session_effect,1139,2021-11-17 12:00:00+00:00,2021-11-18 00:00:00+00:00,60368.01171875,56942.13671875,LONG,0.978119193179028,0.978119193179028,-0.05550810761407643,0.0007824953545432224,0.0003912476772716112,-0.056648930100454464,-2.73641288579123,2,24,signal_flat,-0.05674983989800575,0.0
16_time_of_day_session_effect,1140,2021-11-18 12:00:00+00:00,2021-11-19 00:00:00+00:00,56942.13671875,58119.578125,LONG,0.8790976441725693,0.8790976441725693,0.018177856083942512,0.0007032781153380554,0.0003516390576690277,0.017113629057220248,0.742980412538293,2,24,signal_flat,0.0,0.020677857806173483
16_time_of_day_session_effect,1141,2021-11-19 12:00:00+00:00,2021-11-20 00:00:00+00:00,58119.578125,59697.1953125,LONG,0.8391186379035719,0.8391186379035719,0.02277731580675102,0.0006712949103228575,0.00033564745516142874,0.021759159202369593,0.9017032003798958,2,24,signal_flat,0.0,0.027144333086984274
16_time_of_day_session_effect,1142,2021-11-20 12:00:00+00:00,2021-11-21 00:00:00+00:00,59697.1953125,58730.4765625,LONG,0.790957138114518,0.790957138114518,-0.012808526294392553,0.0006327657104916144,0.0003163828552458072,-0.013751371042199145,-0.5371518602874558,2,24,signal_flat,-0.01619370466132397,0.0
16_time_of_day_session_effect,1143,2021-11-21 12:00:00+00:00,2021-11-22 00:00:00+00:00,58730.4765625,56289.2890625,LONG,0.8208533481250405,0.8208533481250405,-0.03411954150658947,0.0006566826785000324,0.0003283413392500162,-0.035087518672331286,-1.4223823828275721,2,24,signal_flat,-0.041565940596482776,0.0
16_time_of_day_session_effect,1144,2021-11-22 12:00:00+00:00,2021-11-23 00:00:00+00:00,56289.2890625,57569.07421875,LONG,0.885978119864312,0.885978119864312,0.020143470728608115,0.0007087824958914496,0.0003543912479457248,0.019069871564779017,0.8343896314559255,2,24,signal_flat,0.0,0.022735855747423095
16_time_of_day_session_effect,1145,2021-11-23 12:00:00+00:00,2021-11-24 00:00:00+00:00,57569.07421875,56280.42578125,LONG,0.8490163496335884,0.8490163496335884,-0.019004710553621185,0.0006792130797068707,0.00033960653985343534,-0.020013589488839134,-0.8391491808801378,2,24,signal_flat,-0.02238438701660228,0.0
16_time_of_day_session_effect,1146,2021-11-24 12:00:00+00:00,2021-11-25 00:00:00+00:00,56280.42578125,57274.6796875,LONG,0.8675403035379582,0.8675403035379582,0.015326027187045232,0.0006940322428303665,0.00034701612141518326,0.014277272200457158,0.6116923280523441,2,24,signal_flat,0.0,0.017666069374003168
16_time_of_day_session_effect,1147,2021-11-25 12:00:00+00:00,2021-11-26 00:00:00+00:00,57274.6796875,53569.765625,LONG,0.824711823502398,0.824711823502398,-0.053347944485683474,0.0006597694588019184,0.0003298847294009592,-0.0543109558116871,-2.212013640610773,2,24,signal_flat,-0.06468677053655503,0.0
16_time_of_day_session_effect,1148,2021-11-26 12:00:00+00:00,2021-11-27 00:00:00+00:00,53569.765625,54815.078125,LONG,0.7155099384100806,0.7155099384100806,0.016633141097045945,0.0005724079507280645,0.00028620397536403223,0.015767572767906524,0.5571583561372011,2,24,signal_flat,0.0,0.02324655494514305
16_time_of_day_session_effect,1149,2023-02-07 12:00:00+00:00,2023-02-08 00:00:00+00:00,23264.291015625,22939.3984375,LONG,1.0,1.0,-0.013965290320121615,0.0008,0.0004,-0.01515655114592962,-1.0487408951286146,2,24,signal_flat,-0.013965290320121615,0.0
16_time_of_day_session_effect,1150,2023-02-08 12:00:00+00:00,2023-02-09 00:00:00+00:00,22939.3984375,21819.0390625,LONG,1.0,1.0,-0.04883996317743455,0.0008,0.0004,-0.05001029919952815,-3.589947129580905,2,24,signal_flat,-0.04883996317743455,0.0
16_time_of_day_session_effect,1151,2023-02-09 12:00:00+00:00,2023-02-10 00:00:00+00:00,21819.0390625,21651.18359375,LONG,1.0,1.0,-0.007693073387383564,0.0008,0.0004,-0.008888097543351181,-0.5180650012738118,2,24,signal_flat,-0.007693073387383564,0.0
16_time_of_day_session_effect,1152,2023-02-10 12:00:00+00:00,2023-02-11 00:00:00+00:00,21651.18359375,21870.875,LONG,1.0,1.0,0.010146854341645195,0.0008,0.0004,0.008941126229040197,0.5090789407737234,2,24,signal_flat,0.0,0.010146854341645195
16_time_of_day_session_effect,1153,2023-02-11 12:00:00+00:00,2023-02-12 00:00:00+00:00,21870.875,21788.203125,LONG,1.0,1.0,-0.003779998514005456,0.0008,0.0004,-0.004977370514897106,-0.27437628419455484,2,24,signal_flat,-0.003779998514005456,0.0
16_time_of_day_session_effect,1154,2023-02-12 12:00:00+00:00,2023-02-13 00:00:00+00:00,21788.203125,21808.1015625,LONG,1.0,1.0,0.0009132665684197239,0.0008,0.0004,-0.0002869213915213109,-0.017815830312181275,2,24,signal_flat,0.0,0.0009132665684197239
16_time_of_day_session_effect,1155,2023-02-13 12:00:00+00:00,2023-02-14 00:00:00+00:00,21808.1015625,22220.8046875,LONG,1.0,1.0,0.018924303145655852,0.0008,0.0004,0.017713308563768404,1.325580062189608,2,24,signal_flat,0.0,0.018924303145655852
16_time_of_day_session_effect,1156,2023-02-14 12:00:00+00:00,2023-02-15 00:00:00+00:00,22220.8046875,24307.841796875,LONG,1.0,1.0,0.09392266116037784,0.0008,0.0004,0.09266666756368158,6.72525964904293,2,24,signal_flat,0.0,0.09392266116037784
16_time_of_day_session_effect,1157,2023-02-15 12:00:00+00:00,2023-02-16 00:00:00+00:00,24307.841796875,23623.474609375,LONG,1.0,1.0,-0.028154173176657027,0.0008,0.0004,-0.029336920672751177,-1.570212253839361,2,24,signal_flat,-0.028154173176657027,0.0
16_time_of_day_session_effect,1158,2023-02-16 12:00:00+00:00,2023-02-17 00:00:00+00:00,23623.474609375,24565.6015625,LONG,1.0,1.0,0.03988096453648349,0.0008,0.0004,0.03865739595776163,1.9390751968183113,2,24,signal_flat,0.0,0.03988096453648349
16_time_of_day_session_effect,1159,2023-02-17 12:00:00+00:00,2023-02-18 00:00:00+00:00,24565.6015625,24641.27734375,LONG,0.8913939469134532,0.8913939469134532,0.002745991510225032,0.0007131151575307626,0.0003565575787653813,0.0016751361677431742,0.07374251243928918,2,24,signal_flat,0.0,0.0030805588480080637
16_time_of_day_session_effect,1160,2023-02-18 12:00:00+00:00,2023-02-19 00:00:00+00:00,24641.27734375,24327.642578125,LONG,0.8968342254856884,0.8968342254856884,-0.01141492740781258,0.0007174673803885507,0.00035873369019427534,-0.012484696547660823,-0.5529531016841494,2,24,signal_flat,-0.012728023845912761,0.0
16_time_of_day_session_effect,1161,2023-02-19 12:00:00+00:00,2023-02-20 00:00:00+00:00,24327.642578125,24829.1484375,LONG,0.906571410336136,0.906571410336136,0.018688653155166213,0.0007252571282689088,0.0003626285641344544,0.017590897777393977,0.7875681740851429,2,24,signal_flat,0.0,0.020614650916729094
16_time_of_day_session_effect,1162,2023-02-20 12:00:00+00:00,2023-02-21 00:00:00+00:00,24829.1484375,24436.353515625,LONG,0.8728096494533097,0.8728096494533097,-0.013807771093388266,0.0006982477195626478,0.0003491238597813239,-0.014847637492417243,-0.6399927121959073,2,24,signal_flat,-0.01581991113645098,0.0
16_time_of_day_session_effect,1163,2023-02-21 12:00:00+00:00,2023-02-22 00:00:00+00:00,24436.353515625,24188.84375,LONG,0.8901638935656705,0.8901638935656705,-0.009016249356656236,0.0007121311148525364,0.0003560655574262682,-0.01007934520412268,-0.4430986511996479,2,24,signal_flat,-0.01012875204423358,0.0
16_time_of_day_session_effect,1164,2023-02-22 12:00:00+00:00,2023-02-23 00:00:00+00:00,24188.84375,23947.4921875,LONG,0.9010184806455928,0.9010184806455928,-0.008990186566697256,0.0007208147845164742,0.0003604073922582371,-0.01006625628857849,-0.44791934164091063,2,24,signal_flat,-0.00997780485063493,0.0
16_time_of_day_session_effect,1165,2023-02-23 12:00:00+00:00,2023-02-24 00:00:00+00:00,23947.4921875,23198.126953125,LONG,1.0,1.0,-0.03129201289670536,0.0008,0.0004,-0.03247287768896745,-1.6485786574102756,2,24,signal_flat,-0.03129201289670536,0.0
16_time_of_day_session_effect,1166,2023-02-24 12:00:00+00:00,2023-02-25 00:00:00+00:00,23198.126953125,23175.375,LONG,0.9469573549578134,0.9469573549578134,-0.0009287443505636706,0.0007575658839662508,0.0003787829419831254,-0.002064242665573368,-0.09653600131637963,2,24,signal_flat,-0.0009807668166905703,0.0
16_time_of_day_session_effect,1167,2023-02-25 12:00:00+00:00,2023-02-26 00:00:00+00:00,23175.375,23561.212890625,LONG,0.9768676180562321,0.9768676180562321,0.016263492658508794,0.0007814940944449857,0.00039074704722249283,0.015082062686564202,0.7276031808458133,2,24,signal_flat,0.0,0.016648614774302573
16_time_of_day_session_effect,1168,2023-02-26 12:00:00+00:00,2023-02-27 00:00:00+00:00,23561.212890625,23522.87109375,LONG,0.9353884840134608,0.9353884840134608,-0.0015221828952416416,0.0007483107872107687,0.0003741553936053843,-0.0026434797940656507,-0.1221141941634666,2,24,signal_flat,-0.0016273269569350157,0.0
16_time_of_day_session_effect,1169,2023-02-27 12:00:00+00:00,2023-02-28 00:00:00+00:00,23522.87109375,23147.353515625,LONG,0.9331897786682949,0.9331897786682949,-0.014897380690473305,0.0007465518229346359,0.00037327591146731797,-0.01600855367130305,-0.7377686615039053,2,24,signal_flat,-0.01596393470118429,0.0
16_time_of_day_session_effect,1170,2023-02-28 12:00:00+00:00,2023-03-01 00:00:00+00:00,23147.353515625,23646.55078125,LONG,0.9423732908509024,0.9423732908509024,0.020323281003733484,0.0007538986326807219,0.00037694931634036093,0.01918126148866306,0.8926850641316243,2,24,signal_flat,0.0,0.02156606219747892
16_time_of_day_session_effect,1171,2023-03-01 12:00:00+00:00,2023-03-02 00:00:00+00:00,23646.55078125,23475.466796875,LONG,1.0,1.0,-0.007235050302163204,0.0008,0.0004,-0.00843034927198194,-0.516602695838043,2,24,signal_flat,-0.007235050302163204,0.0
16_time_of_day_session_effect,1172,2023-03-02 12:00:00+00:00,2023-03-03 00:00:00+00:00,23475.466796875,22362.6796875,LONG,1.0,1.0,-0.047402129167592566,0.0008,0.0004,-0.048573327890092055,-3.2765349311256866,2,24,signal_flat,-0.047402129167592566,0.0
16_time_of_day_session_effect,1173,2023-03-03 12:00:00+00:00,2023-03-04 00:00:00+00:00,22362.6796875,22353.349609375,LONG,1.0,1.0,-0.0004172164631153219,0.0008,0.0004,-0.0016166061332375525,-0.10523526739132921,2,24,signal_flat,-0.0004172164631153219,0.0
16_time_of_day_session_effect,1174,2023-03-04 12:00:00+00:00,2023-03-05 00:00:00+00:00,22353.349609375,22435.513671875,LONG,1.0,1.0,0.0036756935285233716,0.0008,0.0004,0.0024738481124062517,0.1630579356896966,2,24,signal_flat,0.0,0.0036756935285233716
16_time_of_day_session_effect,1175,2023-03-05 12:00:00+00:00,2023-03-06 00:00:00+00:00,22435.513671875,22429.7578125,LONG,1.0,1.0,-0.00025655126328649747,0.0008,0.0004,-0.0014560373325286369,-0.10024357018917034,2,24,signal_flat,-0.00025655126328649747,0.0
16_time_of_day_session_effect,1176,2023-03-06 12:00:00+00:00,2023-03-07 00:00:00+00:00,22429.7578125,22219.76953125,LONG,1.0,1.0,-0.00936203961743065,0.0008,0.0004,-0.010556062393660248,-0.8076036829286956,2,24,signal_flat,-0.00936203961743065,0.0
16_time_of_day_session_effect,1177,2023-03-07 12:00:00+00:00,2023-03-08 00:00:00+00:00,22219.76953125,21718.080078125,LONG,1.0,1.0,-0.022578517406286358,0.0008,0.0004,-0.023764610295842648,-1.8846490073152153,2,24,signal_flat,-0.022578517406286358,0.0
16_time_of_day_session_effect,1178,2023-03-08 12:00:00+00:00,2023-03-09 00:00:00+00:00,21718.080078125,20363.021484375,LONG,1.0,1.0,-0.06239311158608585,0.0008,0.0004,-0.06355531571913431,-4.708206694371333,2,24,signal_flat,-0.06239311158608585,0.0
16_time_of_day_session_effect,1179,2023-03-09 12:00:00+00:00,2023-03-10 00:00:00+00:00,20363.021484375,20187.244140625,LONG,1.0,1.0,-0.008632183779056501,0.0008,0.0004,-0.009826644468789114,-0.5698988263808589,2,24,signal_flat,-0.008632183779056501,0.0
16_time_of_day_session_effect,1180,2023-03-19 12:00:00+00:00,2023-03-20 00:00:00+00:00,28038.67578125,27767.236328125,LONG,0.5582831940690489,0.5582831940690489,-0.0054046805230481,0.00044662655525523913,0.00022331327762761956,-0.006072697745702738,-0.16743041516686413,2,24,signal_flat,-0.00968089417783835,0.0
16_time_of_day_session_effect,1181,2023-03-20 12:00:00+00:00,2023-03-21 00:00:00+00:00,27767.236328125,28175.81640625,LONG,0.5481103189973587,0.5481103189973587,0.008065151112292224,0.00043848825519788697,0.00021924412759894349,0.0074048745269381655,0.2004397333270935,2,24,signal_flat,0.0,0.014714466837708162
16_time_of_day_session_effect,1182,2023-03-21 12:00:00+00:00,2023-03-22 00:00:00+00:00,28175.81640625,27307.4375,LONG,0.5424961496655311,0.5424961496655311,-0.016719736042391742,0.00043399691973242485,0.00021699845986621242,-0.01736518323778835,-0.46523691198991357,2,24,signal_flat,-0.030820008681536337,0.0
16_time_of_day_session_effect,1183,2023-03-22 12:00:00+00:00,2023-03-23 00:00:00+00:00,27307.4375,28333.97265625,LONG,0.5340730254528561,0.5340730254528561,0.02007675515625218,0.0004272584203622849,0.00021362921018114244,0.01942953673792691,0.5124614761002682,2,24,signal_flat,0.0,0.03759177902540278
16_time_of_day_session_effect,1184,2023-03-23 12:00:00+00:00,2023-03-24 00:00:00+00:00,28333.97265625,27493.28515625,LONG,0.5602505167182577,0.5602505167182577,-0.016622999252089876,0.00044820041337460614,0.00022410020668730307,-0.0172895990487687,-0.4783715263427473,2,24,signal_flat,-0.02967065403073854,0.0
16_time_of_day_session_effect,1185,2023-03-24 12:00:00+00:00,2023-03-25 00:00:00+00:00,27493.28515625,27494.70703125,LONG,0.5378861362024729,0.5378861362024729,2.7817950658315382e-05,0.00043030890896197835,0.00021515445448098917,-0.000617550234780273,-0.016404416064666513,2,24,signal_flat,0.0,5.17171735541222e-05
16_time_of_day_session_effect,1186,2023-03-25 12:00:00+00:00,2023-03-26 00:00:00+00:00,27494.70703125,27994.330078125,LONG,0.5613173144511759,0.5613173144511759,0.0102000383779699,0.0004490538515609408,0.0002245269257804704,0.009523135753504608,0.2639894358660207,2,24,signal_flat,0.0,0.018171608313816145
16_time_of_day_session_effect,1187,2023-03-26 12:00:00+00:00,2023-03-27 00:00:00+00:00,27994.330078125,27139.888671875,LONG,0.6314020387883185,0.6314020387883185,-0.01927161837507141,0.0005051216310306548,0.0002525608155153274,-0.020021856417465345,-0.6243217375687721,2,24,signal_flat,-0.03052194511765327,0.0
16_time_of_day_session_effect,1188,2023-03-27 12:00:00+00:00,2023-03-28 00:00:00+00:00,27139.888671875,27268.130859375,LONG,0.7311080742394616,0.7311080742394616,0.003454653033877042,0.0005848864593915692,0.0002924432296957846,0.002576000336799611,0.09300914018719539,2,24,signal_flat,0.0,0.004725228944394866
16_time_of_day_session_effect,1189,2023-03-28 12:00:00+00:00,2023-03-29 00:00:00+00:00,27268.130859375,28348.44140625,LONG,0.7665838756394735,0.7665838756394735,0.03037056885888134,0.0006132671005115788,0.0003066335502557894,0.029436910809387262,1.1144229468302989,2,24,signal_flat,0.0,0.0396180637553154
16_time_of_day_session_effect,1190,2023-03-29 12:00:00+00:00,2023-03-30 00:00:00+00:00,28348.44140625,28033.5625,LONG,0.7186576298516001,0.7186576298516001,-0.007982453963271463,0.0005749261038812801,0.00028746305194064006,-0.008841215199462016,-0.3137849691799377,2,24,signal_flat,-0.0111074503792854,0.0
16_time_of_day_session_effect,1191,2023-03-30 12:00:00+00:00,2023-03-31 00:00:00+00:00,28033.5625,28478.484375,LONG,0.7503457371513937,0.7503457371513937,0.011908769435623912,0.000600276589721115,0.0003001382948605575,0.011003195821154943,0.4077353780198902,2,24,signal_flat,0.0,0.015871042968584437
16_time_of_day_session_effect,1192,2023-03-31 12:00:00+00:00,2023-04-01 00:00:00+00:00,28478.484375,28411.03515625,LONG,0.9480118464857639,0.9480118464857639,-0.002245297101110544,0.0007584094771886111,0.00037920473859430557,-0.003381310634416934,-0.15830585171518974,2,24,signal_flat,-0.0023684272611504964,0.0
16_time_of_day_session_effect,1193,2023-04-01 12:00:00+00:00,2023-04-02 00:00:00+00:00,28411.03515625,28199.30859375,LONG,0.9957431923515695,0.9957431923515695,-0.007420542127026142,0.0007965945538812556,0.0003982972769406278,-0.008610643643642168,-0.4234294846374137,2,24,signal_flat,-0.00745226498561502,0.0
16_time_of_day_session_effect,1194,2023-04-02 12:00:00+00:00,2023-04-03 00:00:00+00:00,28199.30859375,27790.220703125,LONG,1.0,1.0,-0.014507018470504951,0.0008,0.0004,-0.015697954259422775,-0.8708453201824324,2,24,signal_flat,-0.014507018470504951,0.0
16_time_of_day_session_effect,1195,2023-04-03 12:00:00+00:00,2023-04-04 00:00:00+00:00,27790.220703125,28168.08984375,LONG,1.0,1.0,0.0135971982612757,0.0008,0.0004,0.012389399942319024,0.674405960282258,2,24,signal_flat,0.0,0.0135971982612757
16_time_of_day_session_effect,1196,2023-04-04 12:00:00+00:00,2023-04-05 00:00:00+00:00,28168.08984375,28177.984375,LONG,1.0,1.0,0.000351267384649967,0.0008,0.0004,-0.0008485833757808647,-0.04639341894022599,2,24,signal_flat,0.0,0.000351267384649967
16_time_of_day_session_effect,1197,2023-04-05 12:00:00+00:00,2023-04-06 00:00:00+00:00,28177.984375,28044.140625,LONG,1.0,1.0,-0.004749940528704033,0.0008,0.0004,-0.005946730564386882,-0.36902542986162523,2,24,signal_flat,-0.004749940528704033,0.0
16_time_of_day_session_effect,1198,2023-04-06 12:00:00+00:00,2023-04-07 00:00:00+00:00,28044.140625,27925.859375,LONG,1.0,1.0,-0.004217681389550476,0.0008,0.0004,-0.005414790780716827,-0.3932639846573158,2,24,signal_flat,-0.004217681389550476,0.0
16_time_of_day_session_effect,1199,2023-04-07 12:00:00+00:00,2023-04-08 00:00:00+00:00,27925.859375,27947.794921875,LONG,1.0,1.0,0.0007854922772632111,0.0008,0.0004,-0.00041461901810313506,-0.03469390109644592,2,24,signal_flat,0.0,0.0007854922772632111
16_time_of_day_session_effect,1200,2023-04-08 12:00:00+00:00,2023-04-09 00:00:00+00:00,27947.794921875,28333.05078125,LONG,1.0,1.0,0.013784839213681899,0.0008,0.0004,0.012576928310153779,1.0477990061484528,2,24,signal_flat,0.0,0.013784839213681899
16_time_of_day_session_effect,1201,2023-04-09 12:00:00+00:00,2023-04-10 00:00:00+00:00,28333.05078125,29652.98046875,LONG,1.0,1.0,0.04658621825410658,0.0008,0.0004,0.04535862652315403,3.880172743832734,2,24,signal_flat,0.0,0.04658621825410658
16_time_of_day_session_effect,1202,2023-04-10 12:00:00+00:00,2023-04-11 00:00:00+00:00,29652.98046875,30235.05859375,LONG,1.0,1.0,0.019629666758571807,0.0008,0.0004,0.018418248958516736,1.4347452902653877,2,24,signal_flat,0.0,0.019629666758571807
16_time_of_day_session_effect,1203,2023-04-11 12:00:00+00:00,2023-04-12 00:00:00+00:00,30235.05859375,30139.052734375,LONG,1.0,1.0,-0.003175315803583212,0.0008,0.0004,-0.004373050614101204,-0.3145650051965491,2,24,signal_flat,-0.003175315803583212,0.0
16_time_of_day_session_effect,1204,2023-04-12 12:00:00+00:00,2023-04-13 00:00:00+00:00,30139.052734375,30399.06640625,LONG,1.0,1.0,0.00862713483952482,0.0008,0.0004,0.007422318558621077,0.6569095197900322,2,24,signal_flat,0.0,0.00862713483952482
16_time_of_day_session_effect,1205,2023-04-13 12:00:00+00:00,2023-04-14 00:00:00+00:00,30399.06640625,30485.69921875,LONG,1.0,1.0,0.002849851088919886,0.0008,0.0004,0.001648501178266537,0.14822412631140677,2,24,signal_flat,0.0,0.002849851088919886
16_time_of_day_session_effect,1206,2023-04-14 12:00:00+00:00,2023-04-15 00:00:00+00:00,30485.69921875,30318.49609375,LONG,1.0,1.0,-0.005484641300179338,0.0008,0.0004,-0.006680990515399277,-0.655539309276485,2,24,signal_flat,-0.005484641300179338,0.0
16_time_of_day_session_effect,1207,2023-04-15 12:00:00+00:00,2023-04-16 00:00:00+00:00,30318.49609375,30315.35546875,LONG,1.0,1.0,-0.00010358775680330279,0.0008,0.0004,-0.0013031656041493367,-0.1251337608719372,2,24,signal_flat,-0.00010358775680330279,0.0
16_time_of_day_session_effect,1208,2023-04-16 12:00:00+00:00,2023-04-17 00:00:00+00:00,30315.35546875,29445.044921875,LONG,1.0,1.0,-0.028708571396173888,0.0008,0.0004,-0.029890986253336305,-3.022565914586883,2,24,signal_flat,-0.028708571396173888,0.0
16_time_of_day_session_effect,1209,2023-04-17 12:00:00+00:00,2023-04-18 00:00:00+00:00,29445.044921875,30397.552734375,LONG,1.0,1.0,0.032348662229154,0.0008,0.0004,0.031129613031816605,2.8549660507100736,2,24,signal_flat,0.0,0.032348662229154
16_time_of_day_session_effect,1210,2023-04-18 12:00:00+00:00,2023-04-19 00:00:00+00:00,30397.552734375,28822.6796875,LONG,1.0,1.0,-0.0518092051895368,0.0008,0.0004,-0.05297775966642315,-4.327165784179685,2,24,signal_flat,-0.0518092051895368,0.0
16_time_of_day_session_effect,1211,2023-04-19 12:00:00+00:00,2023-04-20 00:00:00+00:00,28822.6796875,28245.98828125,LONG,1.0,1.0,-0.020008250880993006,0.0008,0.0004,-0.02119588593046451,-1.331514525390271,2,24,signal_flat,-0.020008250880993006,0.0
16_time_of_day_session_effect,1212,2023-04-20 12:00:00+00:00,2023-04-21 00:00:00+00:00,28245.98828125,27276.91015625,LONG,1.0,1.0,-0.034308522518338824,0.0008,0.0004,-0.035487577404827886,-2.0864602853048546,2,24,signal_flat,-0.034308522518338824,0.0
16_time_of_day_session_effect,1213,2023-04-21 12:00:00+00:00,2023-04-22 00:00:00+00:00,27276.91015625,27817.5,LONG,1.0,1.0,0.01981858797984626,0.0008,0.0004,0.018607056827058432,0.9712495242824264,2,24,signal_flat,0.0,0.01981858797984626
16_time_of_day_session_effect,1214,2023-04-22 12:00:00+00:00,2023-04-23 00:00:00+00:00,27817.5,27591.384765625,LONG,0.9869163965705796,0.9869163965705796,-0.008022174254303516,0.0007895331172564637,0.00039476655862823184,-0.009201372959572907,-0.44846766213409567,2,24,signal_flat,-0.008128524647254443,0.0
16_time_of_day_session_effect,1215,2023-04-23 12:00:00+00:00,2023-04-24 00:00:00+00:00,27591.384765625,27525.33984375,LONG,1.0,1.0,-0.002393679129772508,0.0008,0.0004,-0.0035918829222947313,-0.1785821335099103,2,24,signal_flat,-0.002393679129772508,0.0
16_time_of_day_session_effect,1216,2023-04-24 12:00:00+00:00,2023-04-25 00:00:00+00:00,27525.33984375,28307.59765625,LONG,1.0,1.0,0.02841955147295372,0.0008,0.0004,0.02720285974206993,1.6042516369510245,2,24,signal_flat,0.0,0.02841955147295372
16_time_of_day_session_effect,1217,2023-04-25 12:00:00+00:00,2023-04-26 00:00:00+00:00,28307.59765625,28422.701171875,LONG,1.0,1.0,0.004066170397882152,0.0008,0.0004,0.0028640906956434176,0.16287514905026151,2,24,signal_flat,0.0,0.004066170397882152
16_time_of_day_session_effect,1218,2023-04-26 12:00:00+00:00,2023-04-27 00:00:00+00:00,28422.701171875,29473.787109375,LONG,1.0,1.0,0.036980508331842854,0.0008,0.0004,0.03575868002684368,2.026193019411339,2,24,signal_flat,0.0,0.036980508331842854
16_time_of_day_session_effect,1219,2023-04-27 12:00:00+00:00,2023-04-28 00:00:00+00:00,29473.787109375,29340.26171875,LONG,1.0,1.0,-0.00453030993708059,0.0008,0.0004,-0.0057272317511184445,-0.29111474872769655,2,24,signal_flat,-0.00453030993708059,0.0
16_time_of_day_session_effect,1220,2023-04-28 12:00:00+00:00,2023-04-29 00:00:00+00:00,29340.26171875,29248.48828125,LONG,1.0,1.0,-0.0031279011203009244,0.0008,0.0004,-0.00432566437962878,-0.21853981966182423,2,24,signal_flat,-0.0031279011203009244,0.0
16_time_of_day_session_effect,1221,2023-04-29 12:00:00+00:00,2023-04-30 00:00:00+00:00,29248.48828125,29268.806640625,LONG,1.0,1.0,0.000694680667924441,0.0008,0.0004,-0.0005053761404762991,-0.025751459924516454,2,24,signal_flat,0.0,0.000694680667924441
16_time_of_day_session_effect,1222,2023-04-30 12:00:00+00:00,2023-05-01 00:00:00+00:00,29268.806640625,28091.568359375,LONG,1.0,1.0,-0.04022160164248023,0.0008,0.0004,-0.04139710868149482,-2.104862867553135,2,24,signal_flat,-0.04022160164248023,0.0
16_time_of_day_session_effect,1223,2023-05-01 12:00:00+00:00,2023-05-02 00:00:00+00:00,28091.568359375,28680.537109375,LONG,0.9882475063339625,0.9882475063339625,0.02071962985654663,0.00079059800506717,0.000395299002533585,0.01952179876335136,0.9527603882010645,2,24,signal_flat,0.0,0.020966033026897257
16_time_of_day_session_effect,1224,2023-05-02 12:00:00+00:00,2023-05-03 00:00:00+00:00,28680.537109375,29006.30859375,LONG,1.0,1.0,0.01135862564681589,0.0008,0.0004,0.010152170471427802,0.5159493479362345,2,24,signal_flat,0.0,0.01135862564681589
16_time_of_day_session_effect,1225,2023-05-03 12:00:00+00:00,2023-05-04 00:00:00+00:00,29006.30859375,28847.7109375,LONG,1.0,1.0,-0.005467695268338013,0.0008,0.0004,-0.006664054651177143,-0.3969687477263249,2,24,signal_flat,-0.005467695268338013,0.0
16_time_of_day_session_effect,1226,2023-05-04 12:00:00+00:00,2023-05-05 00:00:00+00:00,28847.7109375,29534.384765625,LONG,1.0,1.0,0.023803407820215394,0.0008,0.0004,0.022589485775523332,1.4343676077398624,2,24,signal_flat,0.0,0.023803407820215394
16_time_of_day_session_effect,1227,2023-05-05 12:00:00+00:00,2023-05-06 00:00:00+00:00,29534.384765625,28904.623046875,LONG,1.0,1.0,-0.021323001096775096,0.0008,0.0004,-0.022509847296117158,-1.5008188815171646,2,24,signal_flat,-0.021323001096775096,0.0
16_time_of_day_session_effect,1228,2023-05-06 12:00:00+00:00,2023-05-07 00:00:00+00:00,28904.623046875,28454.978515625,LONG,1.0,1.0,-0.015556145829018653,0.0008,0.0004,-0.016746452141521373,-1.1086081719525434,2,24,signal_flat,-0.015556145829018653,0.0
16_time_of_day_session_effect,1229,2023-05-07 12:00:00+00:00,2023-05-08 00:00:00+00:00,28454.978515625,27694.2734375,LONG,1.0,1.0,-0.026733637409259936,0.0008,0.0004,-0.027917237226814495,-1.7854029081574105,2,24,signal_flat,-0.026733637409259936,0.0
16_time_of_day_session_effect,1230,2023-06-25 12:00:00+00:00,2023-06-26 00:00:00+00:00,30480.26171875,30271.130859375,LONG,1.0,1.0,-0.006861189753050945,0.0008,0.0004,-0.008056713039199193,-0.4253568226755947,2,24,signal_flat,-0.006861189753050945,0.0
16_time_of_day_session_effect,1231,2023-06-26 12:00:00+00:00,2023-06-27 00:00:00+00:00,30271.130859375,30688.1640625,LONG,1.0,1.0,0.013776598074988877,0.0008,0.0004,0.012568692116143865,0.6503032598981163,2,24,signal_flat,0.0,0.013776598074988877
16_time_of_day_session_effect,1232,2023-06-27 12:00:00+00:00,2023-06-28 00:00:00+00:00,30688.1640625,30086.24609375,LONG,0.9991215589804806,0.9991215589804806,-0.019596780638003075,0.0007992972471843845,0.00039964862359219227,-0.020783619401366193,-1.0255046760635793,2,24,signal_flat,-0.01961401038928634,0.0
16_time_of_day_session_effect,1233,2023-06-28 12:00:00+00:00,2023-06-29 00:00:00+00:00,30086.24609375,30445.3515625,LONG,1.0,1.0,0.011935868224670187,0.0008,0.0004,0.010729066703735413,0.5507898406455158,2,24,signal_flat,0.0,0.011935868224670187
16_time_of_day_session_effect,1234,2023-06-29 12:00:00+00:00,2023-06-30 00:00:00+00:00,30445.3515625,30477.251953125,LONG,1.0,1.0,0.0010477918298796851,0.0008,0.0004,-0.00015247684521824123,-0.008004974471442623,2,24,signal_flat,0.0,0.0010477918298796851
16_time_of_day_session_effect,1235,2023-06-30 12:00:00+00:00,2023-07-01 00:00:00+00:00,30477.251953125,30590.078125,LONG,1.0,1.0,0.0037019798257575953,0.0008,0.0004,0.0025001186378621476,0.14684937311996468,2,24,signal_flat,0.0,0.0037019798257575953
16_time_of_day_session_effect,1236,2023-07-01 12:00:00+00:00,2023-07-02 00:00:00+00:00,30590.078125,30620.76953125,LONG,1.0,1.0,0.0010033124506771962,0.0008,0.0004,-0.00019692953679317782,-0.01172729419349108,2,24,signal_flat,0.0,0.0010033124506771962
16_time_of_day_session_effect,1237,2023-07-02 12:00:00+00:00,2023-07-03 00:00:00+00:00,30620.76953125,31156.439453125,LONG,1.0,1.0,0.01749367929268808,0.0008,0.0004,0.016283543085112484,0.9932614758043089,2,24,signal_flat,0.0,0.01749367929268808
16_time_of_day_session_effect,1238,2023-07-03 12:00:00+00:00,2023-07-04 00:00:00+00:00,31156.439453125,30777.58203125,LONG,1.0,1.0,-0.012159843310882601,0.0008,0.0004,-0.013352187404896187,-0.8218102305535128,2,24,signal_flat,-0.012159843310882601,0.0
16_time_of_day_session_effect,1239,2023-07-04 12:00:00+00:00,2023-07-05 00:00:00+00:00,30777.58203125,30514.166015625,LONG,1.0,1.0,-0.0085586975402272,0.0008,0.0004,-0.00975320232170318,-0.7395399866832012,2,24,signal_flat,-0.0085586975402272,0.0
16_time_of_day_session_effect,1240,2023-07-05 12:00:00+00:00,2023-07-06 00:00:00+00:00,30514.166015625,29909.337890625,LONG,1.0,1.0,-0.019821224171432172,0.0008,0.0004,-0.02100897143692937,-2.208350852642081,2,24,signal_flat,-0.019821224171432172,0.0
16_time_of_day_session_effect,1241,2023-07-06 12:00:00+00:00,2023-07-07 00:00:00+00:00,29909.337890625,30342.265625,LONG,1.0,1.0,0.014474667943441766,0.0008,0.0004,0.01326634314267583,1.245008451055871,2,24,signal_flat,0.0,0.014474667943441766
16_time_of_day_session_effect,1242,2023-07-07 12:00:00+00:00,2023-07-08 00:00:00+00:00,30342.265625,30292.541015625,LONG,1.0,1.0,-0.0016387902600796256,0.0008,0.0004,-0.0028374469859236973,-0.28896545789733746,2,24,signal_flat,-0.0016387902600796256,0.0
16_time_of_day_session_effect,1243,2023-07-08 12:00:00+00:00,2023-07-09 00:00:00+00:00,30292.541015625,30171.234375,LONG,1.0,1.0,-0.004004505286051452,0.0008,0.0004,-0.005201742582879865,-0.5421394206544771,2,24,signal_flat,-0.004004505286051452,0.0
16_time_of_day_session_effect,1244,2023-07-09 12:00:00+00:00,2023-07-10 00:00:00+00:00,30171.234375,30414.470703125,LONG,1.0,1.0,0.008061862007427312,0.0008,0.0004,0.006857384890222917,0.7054292446007365,2,24,signal_flat,0.0,0.008061862007427312
16_time_of_day_session_effect,1245,2023-07-10 12:00:00+00:00,2023-07-11 00:00:00+00:00,30414.470703125,30620.951171875,LONG,1.0,1.0,0.006788889103658935,0.0008,0.0004,0.005585175770196793,0.5695305460363148,2,24,signal_flat,0.0,0.006788889103658935
16_time_of_day_session_effect,1246,2023-07-11 12:00:00+00:00,2023-07-12 00:00:00+00:00,30620.951171875,30391.646484375,LONG,1.0,1.0,-0.007488490028050299,0.0008,0.0004,-0.008683636934033512,-0.9329711338278879,2,24,signal_flat,-0.007488490028050299,0.0
16_time_of_day_session_effect,1247,2023-07-12 12:00:00+00:00,2023-07-13 00:00:00+00:00,30391.646484375,31476.048828125,LONG,1.0,1.0,0.03568093437476372,0.0008,0.0004,0.034459885814138946,4.082247665361782,2,24,signal_flat,0.0,0.03568093437476372
16_time_of_day_session_effect,1248,2023-07-13 12:00:00+00:00,2023-07-14 00:00:00+00:00,31476.048828125,30334.068359375,LONG,1.0,1.0,-0.036280934592069825,0.0008,0.0004,-0.037458806031314684,-3.695082003383743,2,24,signal_flat,-0.036280934592069825,0.0
16_time_of_day_session_effect,1249,2023-07-14 12:00:00+00:00,2023-07-15 00:00:00+00:00,30334.068359375,30295.806640625,LONG,1.0,1.0,-0.001261344778969442,0.0008,0.0004,-0.0024602279721021025,-0.19442096045910887,2,24,signal_flat,-0.001261344778969442,0.0
16_time_of_day_session_effect,1250,2023-07-15 12:00:00+00:00,2023-07-16 00:00:00+00:00,30295.806640625,30249.1328125,LONG,1.0,1.0,-0.001540603578530031,0.0008,0.0004,-0.0027393192163830404,-0.21950028094570792,2,24,signal_flat,-0.001540603578530031,0.0
16_time_of_day_session_effect,1251,2023-07-16 12:00:00+00:00,2023-07-17 00:00:00+00:00,30249.1328125,30145.888671875,LONG,1.0,1.0,-0.0034131272874816654,0.0008,0.0004,-0.004610719411109243,-0.3683219784922272,2,24,signal_flat,-0.0034131272874816654,0.0
16_time_of_day_session_effect,1252,2023-07-17 12:00:00+00:00,2023-07-18 00:00:00+00:00,30145.888671875,29856.5625,LONG,1.0,1.0,-0.009597533349379406,0.0008,0.0004,-0.01079141482936985,-0.9373713376755702,2,24,signal_flat,-0.009597533349379406,0.0
16_time_of_day_session_effect,1253,2023-07-18 12:00:00+00:00,2023-07-19 00:00:00+00:00,29856.5625,29913.923828125,LONG,1.0,1.0,0.0019212301525000086,0.0008,0.0004,0.0007204374144085257,0.0635900749263147,2,24,signal_flat,0.0,0.0019212301525000086
16_time_of_day_session_effect,1254,2023-07-19 12:00:00+00:00,2023-07-20 00:00:00+00:00,29913.923828125,29792.015625,LONG,1.0,1.0,-0.0040752996439197275,0.0008,0.0004,-0.00527249446413347,-0.48570713410084515,2,24,signal_flat,-0.0040752996439197275,0.0
16_time_of_day_session_effect,1255,2023-07-20 12:00:00+00:00,2023-07-21 00:00:00+00:00,29792.015625,29908.744140625,LONG,1.0,1.0,0.0039181140710413676,0.0008,0.0004,0.0027161232025987303,0.27913252453571696,2,24,signal_flat,0.0,0.0039181140710413676
16_time_of_day_session_effect,1256,2023-07-21 12:00:00+00:00,2023-07-22 00:00:00+00:00,29908.744140625,29771.802734375,LONG,1.0,1.0,-0.004578641136054662,0.0008,0.0004,-0.005775533951373091,-0.6434026277314172,2,24,signal_flat,-0.004578641136054662,0.0
16_time_of_day_session_effect,1257,2023-07-22 12:00:00+00:00,2023-07-23 00:00:00+00:00,29771.802734375,30084.5390625,LONG,1.0,1.0,0.010504447141318263,0.0008,0.0004,0.009298504473033598,1.012188281126694,2,24,signal_flat,0.0,0.010504447141318263
16_time_of_day_session_effect,1258,2023-07-23 12:00:00+00:00,2023-07-24 00:00:00+00:00,30084.5390625,29176.916015625,LONG,1.0,1.0,-0.03016908602087709,0.0008,0.0004,-0.03135062456926463,-3.2484940389936963,2,24,signal_flat,-0.03016908602087709,0.0
16_time_of_day_session_effect,1259,2023-07-24 12:00:00+00:00,2023-07-25 00:00:00+00:00,29176.916015625,29227.390625,LONG,1.0,1.0,0.0017299501204297574,0.0008,0.0004,0.0005292721503575848,0.04713059751214373,2,24,signal_flat,0.0,0.0017299501204297574
16_time_of_day_session_effect,1260,2023-07-25 12:00:00+00:00,2023-07-26 00:00:00+00:00,29227.390625,29354.97265625,LONG,1.0,1.0,0.004365152978824893,0.0008,0.0004,0.00316289388703761,0.29101334888216257,2,24,signal_flat,0.0,0.004365152978824893
16_time_of_day_session_effect,1261,2023-07-26 12:00:00+00:00,2023-07-27 00:00:00+00:00,29354.97265625,29210.689453125,LONG,1.0,1.0,-0.004915119656712763,0.0008,0.0004,-0.006111810584918831,-0.5741238290319929,2,24,signal_flat,-0.004915119656712763,0.0
16_time_of_day_session_effect,1262,2023-07-27 12:00:00+00:00,2023-07-28 00:00:00+00:00,29210.689453125,29319.24609375,LONG,1.0,1.0,0.0037163327075591113,0.0008,0.0004,0.002514462907934556,0.2976435844761571,2,24,signal_flat,0.0,0.0037163327075591113
16_time_of_day_session_effect,1263,2023-07-28 12:00:00+00:00,2023-07-29 00:00:00+00:00,29319.24609375,29356.91796875,LONG,1.0,1.0,0.001284885528077373,0.0008,0.0004,8.447459676053093e-05,0.013798854157490345,2,24,signal_flat,0.0,0.001284885528077373
16_time_of_day_session_effect,1264,2023-07-29 12:00:00+00:00,2023-07-30 00:00:00+00:00,29356.91796875,29275.30859375,LONG,1.0,1.0,-0.002779902682116475,0.0008,0.0004,-0.003977874740507259,-0.6496040590939742,2,24,signal_flat,-0.002779902682116475,0.0
16_time_of_day_session_effect,1265,2023-07-30 12:00:00+00:00,2023-07-31 00:00:00+00:00,29275.30859375,29230.111328125,LONG,1.0,1.0,-0.0015438698273756435,0.0008,0.0004,-0.00274258350547929,-0.44149349138510807,2,24,signal_flat,-0.0015438698273756435,0.0
16_time_of_day_session_effect,1266,2023-07-31 12:00:00+00:00,2023-08-01 00:00:00+00:00,29230.111328125,29675.732421875,LONG,1.0,1.0,0.015245275282999904,0.0008,0.0004,0.014036488117830093,2.309187286823893,2,24,signal_flat,0.0,0.015245275282999904
16_time_of_day_session_effect,1267,2023-08-01 12:00:00+00:00,2023-08-02 00:00:00+00:00,29675.732421875,29151.958984375,LONG,1.0,1.0,-0.01764989082843693,0.0008,0.0004,-0.018838940893940004,-2.906369140640607,2,24,signal_flat,-0.01764989082843693,0.0
16_time_of_day_session_effect,1268,2023-08-02 12:00:00+00:00,2023-08-03 00:00:00+00:00,29151.958984375,29178.6796875,LONG,1.0,1.0,0.0009166006009861949,0.0008,0.0004,-0.0002835893593743366,-0.037287766617870845,2,24,signal_flat,0.0,0.0009166006009861949
16_time_of_day_session_effect,1269,2023-10-30 12:00:00+00:00,2023-10-31 00:00:00+00:00,34502.36328125,34667.78125,LONG,1.0,1.0,0.004794395311462418,0.0008,0.0004,0.0035918786742754616,0.203773411247865,2,24,signal_flat,0.0,0.004794395311462418
16_time_of_day_session_effect,1270,2023-10-31 12:00:00+00:00,2023-11-01 00:00:00+00:00,34667.78125,35437.25390625,LONG,1.0,1.0,0.022195613001625203,0.0008,0.0004,0.020982655633824177,1.18482387490837,2,24,signal_flat,0.0,0.022195613001625203
16_time_of_day_session_effect,1271,2023-11-01 12:00:00+00:00,2023-11-02 00:00:00+00:00,35437.25390625,34938.2421875,LONG,1.0,1.0,-0.014081557224217889,0.0008,0.0004,-0.015272748289883453,-0.8006598178512924,2,24,signal_flat,-0.014081557224217889,0.0
16_time_of_day_session_effect,1272,2023-11-02 12:00:00+00:00,2023-11-03 00:00:00+00:00,34938.2421875,34732.32421875,LONG,1.0,1.0,-0.005893770145759425,0.0008,0.0004,-0.007089873883672104,-0.3713148485815362,2,24,signal_flat,-0.005893770145759425,0.0
16_time_of_day_session_effect,1273,2023-11-03 12:00:00+00:00,2023-11-04 00:00:00+00:00,34732.32421875,35082.1953125,LONG,1.0,1.0,0.010073356782761111,0.0008,0.0004,0.008867672768691381,0.5179856027647777,2,24,signal_flat,0.0,0.010073356782761111
16_time_of_day_session_effect,1274,2023-11-04 12:00:00+00:00,2023-11-05 00:00:00+00:00,35082.1953125,35049.35546875,LONG,1.0,1.0,-0.0009360829177728069,0.0008,0.0004,-0.0021351612680222676,-0.12361660850136293,2,24,signal_flat,-0.0009360829177728069,0.0
16_time_of_day_session_effect,1275,2023-11-05 12:00:00+00:00,2023-11-06 00:00:00+00:00,35049.35546875,35037.37109375,LONG,1.0,1.0,-0.0003419285416157436,0.0008,0.0004,-0.0015413633844908459,-0.0898277793021358,2,24,signal_flat,-0.0003419285416157436,0.0
16_time_of_day_session_effect,1276,2023-11-06 12:00:00+00:00,2023-11-07 00:00:00+00:00,35037.37109375,35443.5625,LONG,1.0,1.0,0.011593090279608864,0.0008,0.0004,0.01038649442544104,1.0577620612421053,2,24,signal_flat,0.0,0.011593090279608864
16_time_of_day_session_effect,1277,2023-11-07 12:00:00+00:00,2023-11-08 00:00:00+00:00,35443.5625,35655.27734375,LONG,1.0,1.0,0.005973294692089626,0.0008,0.0004,0.004770070715274466,0.536729818931693,2,24,signal_flat,0.0,0.005973294692089626
16_time_of_day_session_effect,1278,2023-11-08 12:00:00+00:00,2023-11-09 00:00:00+00:00,35655.27734375,36693.125,LONG,1.0,1.0,0.029107827327892632,0.0008,0.0004,0.027890722631495946,3.465952356973605,2,24,signal_flat,0.0,0.029107827327892632
16_time_of_day_session_effect,1279,2023-11-09 12:00:00+00:00,2023-11-10 00:00:00+00:00,36693.125,37313.96875,LONG,1.0,1.0,0.01691989303173269,0.0008,0.0004,0.015710101095913753,1.6695935986144868,2,24,signal_flat,0.0,0.01691989303173269
16_time_of_day_session_effect,1280,2023-11-10 12:00:00+00:00,2023-11-11 00:00:00+00:00,37313.96875,37138.05078125,LONG,1.0,1.0,-0.0047145338500075296,0.0008,0.0004,-0.005911345129697598,-0.5851721573664393,2,24,signal_flat,-0.0047145338500075296,0.0
16_time_of_day_session_effect,1281,2023-11-11 12:00:00+00:00,2023-11-12 00:00:00+00:00,37138.05078125,37054.51953125,LONG,1.0,1.0,-0.002249209321512735,0.0008,0.0004,-0.0034474997959199616,-0.3426950721339365,2,24,signal_flat,-0.002249209321512735,0.0
16_time_of_day_session_effect,1282,2023-11-12 12:00:00+00:00,2023-11-13 00:00:00+00:00,37054.51953125,36502.35546875,LONG,1.0,1.0,-0.014901395821212304,0.0008,0.0004,-0.016092094983719663,-1.734058474920837,2,24,signal_flat,-0.014901395821212304,0.0
16_time_of_day_session_effect,1283,2023-11-13 12:00:00+00:00,2023-11-14 00:00:00+00:00,36502.35546875,35537.640625,LONG,1.0,1.0,-0.026428838121854925,0.0008,0.0004,-0.02761262081898186,-2.6887438140593605,2,24,signal_flat,-0.026428838121854925,0.0
16_time_of_day_session_effect,1284,2023-11-14 12:00:00+00:00,2023-11-15 00:00:00+00:00,35537.640625,37880.58203125,LONG,1.0,1.0,0.06592844558740318,0.0008,0.0004,0.06468924852005076,5.475166786553591,2,24,signal_flat,0.0,0.06592844558740318
16_time_of_day_session_effect,1285,2023-11-15 12:00:00+00:00,2023-11-16 00:00:00+00:00,37880.58203125,36154.76953125,LONG,1.0,1.0,-0.04555929205565723,0.0008,0.0004,-0.04673159648042391,-3.1282024792496537,2,24,signal_flat,-0.04555929205565723,0.0
16_time_of_day_session_effect,1286,2023-11-16 12:00:00+00:00,2023-11-17 00:00:00+00:00,36154.76953125,36596.68359375,LONG,1.0,1.0,0.012222842746045792,0.0008,0.0004,0.011015869040398085,0.6409340547132392,2,24,signal_flat,0.0,0.012222842746045792
16_time_of_day_session_effect,1287,2023-11-17 12:00:00+00:00,2023-11-18 00:00:00+00:00,36596.68359375,36585.703125,LONG,1.0,1.0,-0.000300039994658885,0.0008,0.0004,-0.0014994999706622325,-0.08500909879501632,2,24,signal_flat,-0.000300039994658885,0.0
16_time_of_day_session_effect,1288,2023-11-18 12:00:00+00:00,2023-11-19 00:00:00+00:00,36585.703125,37386.546875,LONG,1.0,1.0,0.021889527372586093,0.0008,0.0004,0.020676753656162505,1.220501565906132,2,24,signal_flat,0.0,0.021889527372586093
16_time_of_day_session_effect,1289,2023-11-19 12:00:00+00:00,2023-11-20 00:00:00+00:00,37386.546875,37476.95703125,LONG,1.0,1.0,0.0024182537251242753,0.0008,0.0004,0.001217162772889191,0.06601428869594571,2,24,signal_flat,0.0,0.0024182537251242753
16_time_of_day_session_effect,1290,2023-11-20 12:00:00+00:00,2023-11-21 00:00:00+00:00,37476.95703125,35813.8125,LONG,1.0,1.0,-0.04437779006078835,0.0008,0.0004,-0.04555080338675199,-2.4507892262688102,2,24,signal_flat,-0.04437779006078835,0.0
16_time_of_day_session_effect,1291,2023-11-21 12:00:00+00:00,2023-11-22 00:00:00+00:00,35813.8125,37432.33984375,LONG,0.9675543045321682,0.9675543045321682,0.04372651189951715,0.0007740434436257345,0.00038702172181286727,0.04254039908727192,2.0327082190097796,2,24,signal_flat,0.0,0.045192824521265385
16_time_of_day_session_effect,1292,2023-11-22 12:00:00+00:00,2023-11-23 00:00:00+00:00,37432.33984375,37289.62109375,LONG,0.8533285334730549,0.8533285334730549,-0.003253496365575037,0.000682662826778444,0.000341331413389222,-0.004275562683922374,-0.18018045516197015,2,24,signal_flat,-0.003812712499291715,0.0
16_time_of_day_session_effect,1293,2023-11-23 12:00:00+00:00,2023-11-24 00:00:00+00:00,37289.62109375,37720.28125,LONG,0.9236574555985749,0.9236574555985749,0.010667377476147877,0.0007389259644788599,0.00036946298223942996,0.009553383859301379,0.43577900436715666,2,24,signal_flat,0.0,0.011549062275727495
16_time_of_day_session_effect,1294,2023-11-24 12:00:00+00:00,2023-11-25 00:00:00+00:00,37720.28125,37796.79296875,LONG,0.9401087702879856,0.9401087702879856,0.0019069141438781134,0.0007520870162303885,0.00037604350811519424,0.0007780261651260112,0.036121887922979906,2,24,signal_flat,0.0,0.0020283973558654633
16_time_of_day_session_effect,1295,2023-11-25 12:00:00+00:00,2023-11-26 00:00:00+00:00,37796.79296875,37479.12109375,LONG,0.9485584525474724,0.9485584525474724,-0.007972378567064897,0.0007588467620379779,0.00037942338101898897,-0.009105787435146118,-0.42655961940833964,2,24,signal_flat,-0.008404730932136117,0.0
16_time_of_day_session_effect,1296,2023-11-26 12:00:00+00:00,2023-11-27 00:00:00+00:00,37479.12109375,37254.16796875,LONG,0.9294154980490208,0.9294154980490208,-0.00557843713001116,0.0007435323984392166,0.0003717661992196083,-0.006690313943375381,-0.3070821280410458,2,24,signal_flat,-0.006002091789647501,0.0
16_time_of_day_session_effect,1297,2023-11-27 12:00:00+00:00,2023-11-28 00:00:00+00:00,37254.16796875,37831.0859375,LONG,0.9573477382445253,0.9573477382445253,0.014825485110786518,0.0007658781905956202,0.0003829390952978101,0.013668481883398531,0.6462315111492054,2,24,signal_flat,0.0,0.01548599794884531
16_time_of_day_session_effect,1298,2023-11-28 12:00:00+00:00,2023-11-29 00:00:00+00:00,37831.0859375,37858.4921875,LONG,0.994083823708509,0.994083823708509,0.0007201514077210813,0.0007952670589668072,0.0003976335294834036,-0.0004728229622945612,-0.023212381532356267,2,24,signal_flat,0.0,0.0007244373065387055
16_time_of_day_session_effect,1299,2023-11-29 12:00:00+00:00,2023-11-30 00:00:00+00:00,37858.4921875,37712.74609375,LONG,1.0,1.0,-0.0038497596002547985,0.0008,0.0004,-0.005047089744494748,-0.32122516109285765,2,24,signal_flat,-0.0038497596002547985,0.0
16_time_of_day_session_effect,1300,2023-11-30 12:00:00+00:00,2023-12-01 00:00:00+00:00,37712.74609375,38688.75,LONG,1.0,1.0,0.025879947957747618,0.0008,0.0004,0.024664779988972985,1.9371136949082735,2,24,signal_flat,0.0,0.025879947957747618
16_time_of_day_session_effect,1301,2023-12-01 12:00:00+00:00,2023-12-02 00:00:00+00:00,38688.75,39476.33203125,LONG,1.0,1.0,0.020356874575942596,0.0008,0.0004,0.019145020451197148,1.396605192853459,2,24,signal_flat,0.0,0.020356874575942596
16_time_of_day_session_effect,1302,2023-12-02 12:00:00+00:00,2023-12-03 00:00:00+00:00,39476.33203125,39978.390625,LONG,1.0,1.0,0.012717964611113297,0.0008,0.0004,0.011510693832346597,0.7602391048571396,2,24,signal_flat,0.0,0.012717964611113297
16_time_of_day_session_effect,1303,2023-12-03 12:00:00+00:00,2023-12-04 00:00:00+00:00,39978.390625,41980.09765625,LONG,1.0,1.0,0.05006972516793251,0.0008,0.0004,0.04884004333283176,3.3715865736122437,2,24,signal_flat,0.0,0.05006972516793251
16_time_of_day_session_effect,1304,2023-12-04 12:00:00+00:00,2023-12-05 00:00:00+00:00,41980.09765625,44080.6484375,LONG,1.0,1.0,0.05003682455553493,0.0008,0.0004,0.04880716246080152,2.728264939685418,2,24,signal_flat,0.0,0.05003682455553493
16_time_of_day_session_effect,1305,2023-12-05 12:00:00+00:00,2023-12-06 00:00:00+00:00,44080.6484375,43746.4453125,LONG,1.0,1.0,-0.007581629055975703,0.0008,0.0004,-0.008776720078542244,-0.47976819681314803,2,24,signal_flat,-0.007581629055975703,0.0
16_time_of_day_session_effect,1306,2023-12-06 12:00:00+00:00,2023-12-07 00:00:00+00:00,43746.4453125,43292.6640625,LONG,1.0,1.0,-0.010372985662227885,0.0008,0.0004,-0.01156640187083069,-0.7410961595100309,2,24,signal_flat,-0.010372985662227885,0.0
16_time_of_day_session_effect,1307,2023-12-07 12:00:00+00:00,2023-12-08 00:00:00+00:00,43292.6640625,44166.6015625,LONG,1.0,1.0,0.02018673414826888,0.0008,0.0004,0.018974982107780036,1.1803485443028,2,24,signal_flat,0.0,0.02018673414826888
16_time_of_day_session_effect,1308,2023-12-08 12:00:00+00:00,2023-12-09 00:00:00+00:00,44166.6015625,43725.984375,LONG,1.0,1.0,-0.009976252913108663,0.0008,0.0004,-0.011169907161360904,-0.6691483576975619,2,24,signal_flat,-0.009976252913108663,0.0
16_time_of_day_session_effect,1309,2023-12-09 12:00:00+00:00,2023-12-10 00:00:00+00:00,43725.984375,43779.69921875,LONG,1.0,1.0,0.0012284421841561866,0.0008,0.0004,2.8065118845788106e-05,0.0016259807115279903,2,24,signal_flat,0.0,0.0012284421841561866
16_time_of_day_session_effect,1310,2023-12-10 12:00:00+00:00,2023-12-11 00:00:00+00:00,43779.69921875,41243.83203125,LONG,1.0,1.0,-0.05792335792051162,0.0008,0.0004,-0.0590882439057594,-3.528112713175314,2,24,signal_flat,-0.05792335792051162,0.0
16_time_of_day_session_effect,1311,2023-12-11 12:00:00+00:00,2023-12-12 00:00:00+00:00,41243.83203125,41450.22265625,LONG,0.9898528470006099,0.9898528470006099,0.004953379394904367,0.000791882277600488,0.000395941138800244,0.003762966839603088,0.1839497329427416,2,24,signal_flat,0.0,0.005004157345118276
16_time_of_day_session_effect,1312,2023-12-12 12:00:00+00:00,2023-12-13 00:00:00+00:00,41450.22265625,42890.7421875,LONG,1.0,1.0,0.03475299863154757,0.0008,0.0004,0.033532506832368636,1.7014846830206516,2,24,signal_flat,0.0,0.03475299863154757
16_time_of_day_session_effect,1313,2023-12-13 12:00:00+00:00,2023-12-14 00:00:00+00:00,42890.7421875,43023.97265625,LONG,0.9146513081817266,0.9146513081817266,0.002841159101400814,0.0007317210465453812,0.0003658605232726906,0.0017423195009749204,0.07870122482027148,2,24,signal_flat,0.0,0.0031062756659134827
16_time_of_day_session_effect,1314,2023-12-14 12:00:00+00:00,2023-12-15 00:00:00+00:00,43023.97265625,41929.7578125,LONG,0.9168506657966791,0.9168506657966791,-0.023317967776531168,0.0007334805326373432,0.0003667402663186716,-0.024405058497467103,-1.1050364194381168,2,24,signal_flat,-0.025432678020983368,0.0
16_time_of_day_session_effect,1315,2023-12-15 12:00:00+00:00,2023-12-16 00:00:00+00:00,41929.7578125,42240.1171875,LONG,0.9181788726182031,0.9181788726182031,0.006796257262402516,0.0007345430980945625,0.00036727154904728123,0.005691002006241286,0.25805612289257596,2,24,signal_flat,0.0,0.007401888090740938
16_time_of_day_session_effect,1316,2023-12-16 12:00:00+00:00,2023-12-17 00:00:00+00:00,42240.1171875,41364.6640625,LONG,0.9583929363699488,0.9583929363699488,-0.019863299322741668,0.0007667143490959591,0.00038335717454797955,-0.021001618072799877,-0.9940185621365709,2,24,signal_flat,-0.02072563201266564,0.0
16_time_of_day_session_effect,1317,2023-12-17 12:00:00+00:00,2023-12-18 00:00:00+00:00,41364.6640625,42623.5390625,LONG,0.9331312429873551,0.9331312429873551,0.028398528554246072,0.0007465049943898841,0.00037325249719494203,0.027263184794321882,1.2563696941035698,2,24,signal_flat,0.0,0.030433584522719714
16_time_of_day_session_effect,1318,2023-12-18 12:00:00+00:00,2023-12-19 00:00:00+00:00,42623.5390625,42270.52734375,LONG,0.9976120793704764,0.9976120793704764,-0.008262306756553928,0.0007980896634963811,0.00039904483174819054,-0.009454137422834186,-0.46578097301997756,2,24,signal_flat,-0.008282083715112631,0.0
16_time_of_day_session_effect,1319,2023-12-19 12:00:00+00:00,2023-12-20 00:00:00+00:00,42270.52734375,43652.25,LONG,1.0,1.0,0.032687613405284255,0.0008,0.0004,0.03146836083724103,1.8174143581604763,2,24,signal_flat,0.0,0.032687613405284255
16_time_of_day_session_effect,1320,2023-12-20 12:00:00+00:00,2023-12-21 00:00:00+00:00,43652.25,43869.15234375,LONG,1.0,1.0,0.0049688697318006625,0.0008,0.0004,0.0037662484099616478,0.19710124657113098,2,24,signal_flat,0.0,0.0049688697318006625
16_time_of_day_session_effect,1321,2023-12-21 12:00:00+00:00,2023-12-22 00:00:00+00:00,43869.15234375,43997.90234375,LONG,1.0,1.0,0.002934864092908329,0.0008,0.0004,0.0017334631744525542,0.09258872924888986,2,24,signal_flat,0.0,0.002934864092908329
16_time_of_day_session_effect,1322,2023-12-22 12:00:00+00:00,2023-12-23 00:00:00+00:00,43997.90234375,43739.54296875,LONG,1.0,1.0,-0.005872083923035065,0.0008,0.0004,-0.007068200672681324,-0.40413026012033604,2,24,signal_flat,-0.005872083923035065,0.0
16_time_of_day_session_effect,1323,2023-12-23 12:00:00+00:00,2023-12-24 00:00:00+00:00,43739.54296875,43016.1171875,LONG,1.0,1.0,-0.01653939964043194,0.0008,0.0004,-0.01772911600064775,-1.0309572358592871,2,24,signal_flat,-0.01653939964043194,0.0
16_time_of_day_session_effect,1324,2023-12-24 12:00:00+00:00,2023-12-25 00:00:00+00:00,43016.1171875,43613.140625,LONG,1.0,1.0,0.013879063861056418,0.0008,0.0004,0.012671096422739891,0.6927733689983169,2,24,signal_flat,0.0,0.013879063861056418
16_time_of_day_session_effect,1325,2023-12-25 12:00:00+00:00,2023-12-26 00:00:00+00:00,43613.140625,42520.40234375,LONG,1.0,1.0,-0.025055253200995553,0.0008,0.0004,-0.02623986004907508,-1.732647741857261,2,24,signal_flat,-0.025055253200995553,0.0
16_time_of_day_session_effect,1326,2023-12-26 12:00:00+00:00,2023-12-27 00:00:00+00:00,42520.40234375,43442.85546875,LONG,1.0,1.0,0.021694364920222586,0.0008,0.0004,0.020481708301270496,1.235580163630832,2,24,signal_flat,0.0,0.021694364920222586
16_time_of_day_session_effect,1327,2023-12-27 12:00:00+00:00,2023-12-28 00:00:00+00:00,43442.85546875,42627.85546875,LONG,1.0,1.0,-0.01876027694786908,0.0008,0.0004,-0.019948660781700434,-1.2751773454212518,2,24,signal_flat,-0.01876027694786908,0.0
16_time_of_day_session_effect,1328,2023-12-28 12:00:00+00:00,2023-12-29 00:00:00+00:00,42627.85546875,42099.40234375,LONG,1.0,1.0,-0.012396896798793966,0.0008,0.0004,-0.013589098660714782,-0.8107098541966381,2,24,signal_flat,-0.012396896798793966,0.0
16_time_of_day_session_effect,1329,2023-12-29 12:00:00+00:00,2023-12-30 00:00:00+00:00,42099.40234375,42156.90234375,LONG,1.0,1.0,0.0013658151137276864,0.0008,0.0004,0.00016535562465946896,0.0104451525605552,2,24,signal_flat,0.0,0.0013658151137276864
16_time_of_day_session_effect,1330,2023-12-30 12:00:00+00:00,2023-12-31 00:00:00+00:00,42156.90234375,42265.1875,LONG,1.0,1.0,0.002568622223877659,0.0008,0.0004,0.0013674410505433165,0.08879660243882614,2,24,signal_flat,0.0,0.002568622223877659
16_time_of_day_session_effect,1331,2023-12-31 12:00:00+00:00,2024-01-01 00:00:00+00:00,42265.1875,44167.33203125,LONG,1.0,1.0,0.0450049945064126,0.0008,0.0004,0.04377835150970877,3.1042375949718024,2,24,signal_flat,0.0,0.0450049945064126
16_time_of_day_session_effect,1332,2024-01-01 12:00:00+00:00,2024-01-02 00:00:00+00:00,44167.33203125,44957.96875,LONG,1.0,1.0,0.017900939051301412,0.0008,0.0004,0.01669055848787071,1.1021536536262209,2,24,signal_flat,0.0,0.017900939051301412
16_time_of_day_session_effect,1333,2024-01-02 12:00:00+00:00,2024-01-03 00:00:00+00:00,44957.96875,42848.17578125,LONG,1.0,1.0,-0.04692812036242189,0.0008,0.0004,-0.04809960349020448,-3.038385204128161,2,24,signal_flat,-0.04692812036242189,0.0
16_time_of_day_session_effect,1334,2024-01-03 12:00:00+00:00,2024-01-04 00:00:00+00:00,42848.17578125,44179.921875,LONG,1.0,1.0,0.03108057856532498,0.0008,0.0004,0.02986229021818576,1.7724714257333394,2,24,signal_flat,0.0,0.03108057856532498
16_time_of_day_session_effect,1335,2024-01-04 12:00:00+00:00,2024-01-05 00:00:00+00:00,44179.921875,44162.69140625,LONG,1.0,1.0,-0.0003900067727314882,0.0008,0.0004,-0.0015894127686679749,-0.08493652423641992,2,24,signal_flat,-0.0003900067727314882,0.0
16_time_of_day_session_effect,1336,2024-01-05 12:00:00+00:00,2024-01-06 00:00:00+00:00,44162.69140625,43989.1953125,LONG,1.0,1.0,-0.003928567037593367,0.0008,0.0004,-0.00512584989737086,-0.2766068838775357,2,24,signal_flat,-0.003928567037593367,0.0
16_time_of_day_session_effect,1337,2024-01-06 12:00:00+00:00,2024-01-07 00:00:00+00:00,43989.1953125,43943.09765625,LONG,1.0,1.0,-0.0010479313368322307,0.0008,0.0004,-0.0022469425780302643,-0.1221672372879162,2,24,signal_flat,-0.0010479313368322307,0.0
16_time_of_day_session_effect,1338,2024-01-07 12:00:00+00:00,2024-01-08 00:00:00+00:00,43943.09765625,46970.50390625,LONG,1.0,1.0,0.06889378335779228,0.0008,0.0004,0.06765280708777754,3.913775618980957,2,24,signal_flat,0.0,0.06889378335779228
16_time_of_day_session_effect,1339,2024-01-08 12:00:00+00:00,2024-01-09 00:00:00+00:00,46970.50390625,46139.73046875,LONG,0.9544426483214005,0.9544426483214005,-0.01688135178249739,0.0007635541186571204,0.0003817770593285602,-0.018016687645344698,-0.8492252925252223,2,24,signal_flat,-0.017687130611972357,0.0
16_time_of_day_session_effect,1340,2024-01-09 12:00:00+00:00,2024-01-10 00:00:00+00:00,46139.73046875,46627.77734375,LONG,0.9787219451463346,0.9787219451463346,0.010352513592295498,0.0007829775561170677,0.00039148877805853384,0.00917231276156838,0.4433393858156899,2,24,signal_flat,0.0,0.010577584004972662
16_time_of_day_session_effect,1341,2024-01-10 12:00:00+00:00,2024-01-11 00:00:00+00:00,46627.77734375,46368.5859375,LONG,1.0,1.0,-0.005558733892443213,0.0008,0.0004,-0.006755038652107803,-0.3395329689318958,2,24,signal_flat,-0.005558733892443213,0.0
16_time_of_day_session_effect,1342,2024-01-11 12:00:00+00:00,2024-01-12 00:00:00+00:00,46368.5859375,42853.16796875,LONG,1.0,1.0,-0.07581464687080208,0.0008,0.0004,-0.07696879808267965,-4.061223294603295,2,24,signal_flat,-0.07581464687080208,0.0
16_time_of_day_session_effect,1343,2024-01-12 12:00:00+00:00,2024-01-13 00:00:00+00:00,42853.16796875,42842.3828125,LONG,0.8623181040325802,0.8623181040325802,-0.00021702562330927488,0.0006898544832260643,0.0003449272416130321,-0.0012514273677693977,-0.05329313718220367,2,24,signal_flat,-0.0002516769882185965,0.0
16_time_of_day_session_effect,1344,2024-01-13 12:00:00+00:00,2024-01-14 00:00:00+00:00,42842.3828125,41796.26953125,LONG,0.8652504721109325,0.8652504721109325,-0.02112744322472615,0.0006922003776887461,0.00034610018884437304,-0.022154505956107795,-0.9466774855721958,2,24,signal_flat,-0.0244177193838242,0.0
16_time_of_day_session_effect,1345,2024-01-14 12:00:00+00:00,2024-01-15 00:00:00+00:00,41796.26953125,42511.96875,LONG,0.8111563576618518,0.8111563576618518,0.013889851366486683,0.0006489250861294814,0.0003244625430647407,0.012909940503415873,0.5171624106329992,2,24,signal_flat,0.0,0.01712351907901466
16_time_of_day_session_effect,1346,2024-01-15 12:00:00+00:00,2024-01-16 00:00:00+00:00,42511.96875,43154.9453125,LONG,0.8814802697832809,0.8814802697832809,0.013332037316592604,0.0007051842158266247,0.00035259210791331233,0.012267489558830169,0.5340309492172641,2,24,signal_flat,0.0,0.015124600939588229
16_time_of_day_session_effect,1347,2024-01-16 12:00:00+00:00,2024-01-17 00:00:00+00:00,43154.9453125,42742.65234375,LONG,0.8891562373022119,0.8891562373022119,-0.008494805452892606,0.0007113249898417696,0.0003556624949208848,-0.009556976396530192,-0.4196591790146297,2,24,signal_flat,-0.009553782672285682,0.0
16_time_of_day_session_effect,1348,2024-01-17 12:00:00+00:00,2024-01-18 00:00:00+00:00,42742.65234375,41262.05859375,LONG,1.0,1.0,-0.034639725632667706,0.0008,0.0004,-0.03581858179728814,-1.7817007611420046,2,24,signal_flat,-0.034639725632667706,0.0
16_time_of_day_session_effect,1349,2024-01-18 12:00:00+00:00,2024-01-19 00:00:00+00:00,41262.05859375,41618.40625,LONG,0.9946509569591687,0.9946509569591687,0.00859001100233292,0.000795720765567335,0.0003978603827836675,0.007391659575373133,0.3630870804249561,2,24,signal_flat,0.0,0.00863620644230223
16_time_of_day_session_effect,1350,2024-01-19 12:00:00+00:00,2024-01-20 00:00:00+00:00,41618.40625,41665.5859375,LONG,0.9666818741458778,0.9666818741458778,0.0010958552439552793,0.0007733454993167023,0.00038667274965835114,-6.446220047595652e-05,-0.0030774204525803434,2,24,signal_flat,0.0,0.0011336255217606617
16_time_of_day_session_effect,1351,2024-01-20 12:00:00+00:00,2024-01-21 00:00:00+00:00,41665.5859375,41545.78515625,LONG,0.9759837163988365,0.9759837163988365,-0.0028062394679208014,0.0007807869731190693,0.00039039348655953463,-0.003975433705267095,-0.19161311064749798,2,24,signal_flat,-0.0028752933279206916,0.0
16_time_of_day_session_effect,1352,2024-01-21 12:00:00+00:00,2024-01-22 00:00:00+00:00,41545.78515625,39507.3671875,LONG,0.9698819422172361,0.9698819422172361,-0.047586650995915636,0.0007759055537737889,0.00038795277688689444,-0.04872247862492807,-2.3337072808734267,2,24,signal_flat,-0.049064374667218136,0.0
16_time_of_day_session_effect,1353,2024-01-22 12:00:00+00:00,2024-01-23 00:00:00+00:00,39507.3671875,39845.55078125,LONG,1.0,1.0,0.008560013431039293,0.0008,0.0004,0.0073552374229806095,0.37794114903945397,2,24,signal_flat,0.0,0.008560013431039293
16_time_of_day_session_effect,1354,2024-01-23 12:00:00+00:00,2024-01-24 00:00:00+00:00,39845.55078125,40077.07421875,LONG,1.0,1.0,0.005810521700930993,0.0008,0.0004,0.00460739538791044,0.24495183725319378,2,24,signal_flat,0.0,0.005810521700930993
16_time_of_day_session_effect,1355,2024-02-11 12:00:00+00:00,2024-02-12 00:00:00+00:00,48293.91796875,49958.22265625,LONG,1.0,1.0,0.034461993507690414,0.0008,0.0004,0.03324167631158592,2.306385387117135,2,24,signal_flat,0.0,0.034461993507690414
16_time_of_day_session_effect,1356,2024-02-12 12:00:00+00:00,2024-02-13 00:00:00+00:00,49958.22265625,49742.44140625,LONG,1.0,1.0,-0.004319233922406296,0.0008,0.0004,-0.005516282382052928,-0.37408916414293863,2,24,signal_flat,-0.004319233922406296,0.0
16_time_of_day_session_effect,1357,2024-02-13 12:00:00+00:00,2024-02-14 00:00:00+00:00,49742.44140625,51826.6953125,LONG,1.0,1.0,0.041900916949929146,0.0008,0.0004,0.0406761363997592,2.8051355355374543,2,24,signal_flat,0.0,0.041900916949929146
16_time_of_day_session_effect,1358,2024-02-14 12:00:00+00:00,2024-02-15 00:00:00+00:00,51826.6953125,51938.5546875,LONG,1.0,1.0,0.0021583350882306007,0.0008,0.0004,0.0009574000871777066,0.056724010244185344,2,24,signal_flat,0.0,0.0021583350882306007
16_time_of_day_session_effect,1359,2024-02-15 12:00:00+00:00,2024-02-16 00:00:00+00:00,51938.5546875,52160.203125,LONG,1.0,1.0,0.004267512618200353,0.0008,0.0004,0.0030653121106294368,0.18915681826925795,2,24,signal_flat,0.0,0.004267512618200353
16_time_of_day_session_effect,1360,2024-02-16 12:00:00+00:00,2024-02-17 00:00:00+00:00,52160.203125,51662.99609375,LONG,1.0,1.0,-0.009532306269177337,0.0008,0.0004,-0.010726226885415913,-0.6569458603536161,2,24,signal_flat,-0.009532306269177337,0.0
16_time_of_day_session_effect,1361,2024-02-17 12:00:00+00:00,2024-02-18 00:00:00+00:00,51662.99609375,52122.546875,LONG,1.0,1.0,0.008895163192163213,0.0008,0.0004,0.007690186094247986,0.4608194739909091,2,24,signal_flat,0.0,0.008895163192163213
16_time_of_day_session_effect,1362,2024-02-18 12:00:00+00:00,2024-02-19 00:00:00+00:00,52122.546875,51779.14453125,LONG,1.0,1.0,-0.006588364620277343,0.0008,0.0004,-0.007784051601505304,-0.4676661407394248,2,24,signal_flat,-0.006588364620277343,0.0
16_time_of_day_session_effect,1363,2024-02-19 12:00:00+00:00,2024-02-20 00:00:00+00:00,51779.14453125,52284.875,LONG,1.0,1.0,0.009767068832988945,0.0008,0.0004,0.008561568591689106,0.503944415596641,2,24,signal_flat,0.0,0.009767068832988945
16_time_of_day_session_effect,1364,2024-02-20 12:00:00+00:00,2024-02-21 00:00:00+00:00,52284.875,51839.1796875,LONG,1.0,1.0,-0.008524364120598982,0.0008,0.0004,-0.009718889502126737,-0.5725936117942921,2,24,signal_flat,-0.008524364120598982,0.0
16_time_of_day_session_effect,1365,2024-02-21 12:00:00+00:00,2024-02-22 00:00:00+00:00,51839.1796875,51304.97265625,LONG,1.0,1.0,-0.010305082651198116,0.0008,0.0004,-0.011498539601607516,-0.7400616199040799,2,24,signal_flat,-0.010305082651198116,0.0
16_time_of_day_session_effect,1366,2024-02-22 12:00:00+00:00,2024-02-23 00:00:00+00:00,51304.97265625,50731.94921875,LONG,1.0,1.0,-0.011168964874795462,0.0008,0.0004,-0.01236190349587063,-0.8416056086617114,2,24,signal_flat,-0.011168964874795462,0.0
16_time_of_day_session_effect,1367,2024-02-23 12:00:00+00:00,2024-02-24 00:00:00+00:00,50731.94921875,51571.1015625,LONG,1.0,1.0,0.016540904827679226,0.0008,0.0004,0.015331340284782558,1.2190772143202322,2,24,signal_flat,0.0,0.016540904827679226
16_time_of_day_session_effect,1368,2024-02-24 12:00:00+00:00,2024-02-25 00:00:00+00:00,51571.1015625,51733.23828125,LONG,1.0,1.0,0.003143945229742817,0.0008,0.0004,0.0019424188626049332,0.1516070663754211,2,24,signal_flat,0.0,0.003143945229742817
16_time_of_day_session_effect,1369,2024-02-25 12:00:00+00:00,2024-02-26 00:00:00+00:00,51733.23828125,54522.40234375,LONG,1.0,1.0,0.053914352844811164,0.0008,0.0004,0.05268236423310424,4.298742383045787,2,24,signal_flat,0.0,0.053914352844811164
16_time_of_day_session_effect,1370,2024-02-26 12:00:00+00:00,2024-02-27 00:00:00+00:00,54522.40234375,57085.37109375,LONG,1.0,1.0,0.04700762695380023,0.0008,0.0004,0.04577978237762803,3.355120360071948,2,24,signal_flat,0.0,0.04700762695380023
16_time_of_day_session_effect,1371,2024-02-27 12:00:00+00:00,2024-02-28 00:00:00+00:00,57085.37109375,62504.7890625,LONG,1.0,1.0,0.09493531994124749,0.0008,0.0004,0.09367871874928269,5.611546425037811,2,24,signal_flat,0.0,0.09493531994124749
16_time_of_day_session_effect,1372,2024-02-28 12:00:00+00:00,2024-02-29 00:00:00+00:00,62504.7890625,61198.3828125,LONG,0.9886157317895369,0.9886157317895369,-0.020662957034648044,0.0007908925854316295,0.00039544629271581473,-0.021836687428178236,-1.0661355097699103,2,24,signal_flat,-0.020900898468654838,0.0
16_time_of_day_session_effect,1373,2024-02-29 12:00:00+00:00,2024-03-01 00:00:00+00:00,61198.3828125,62440.6328125,LONG,0.9279620957969636,0.9279620957969636,0.01883646038549114,0.0007423696766375709,0.00037118483831878547,0.01771272815869529,0.8117341708686687,2,24,signal_flat,0.0,0.020298739001094468
16_time_of_day_session_effect,1374,2024-03-01 12:00:00+00:00,2024-03-02 00:00:00+00:00,62440.6328125,62029.84765625,LONG,0.881693661747041,0.881693661747041,-0.005800496444246295,0.0007053549293976328,0.0003526774646988164,-0.006855180423636087,-0.2984934064930038,2,24,signal_flat,-0.006578811548619723,0.0
16_time_of_day_session_effect,1375,2024-03-02 12:00:00+00:00,2024-03-03 00:00:00+00:00,62029.84765625,63167.37109375,LONG,0.8898679430250378,0.8898679430250378,0.01631868656328872,0.0007118943544200302,0.0003559471772100151,0.015242417217415927,0.6698499677393861,2,24,signal_flat,0.0,0.01833832389535761
16_time_of_day_session_effect,1376,2024-03-03 12:00:00+00:00,2024-03-04 00:00:00+00:00,63167.37109375,68330.4140625,LONG,0.864249531745841,0.864249531745841,0.07064022755519339,0.0006913996253966728,0.0003456998126983364,0.06956676654075711,2.969197626270983,2,24,signal_flat,0.0,0.08173591649219114
16_time_of_day_session_effect,1377,2024-03-04 12:00:00+00:00,2024-03-05 00:00:00+00:00,68330.4140625,63801.19921875,LONG,0.7031567025501264,0.7031567025501264,-0.046608056139676446,0.0005625253620401012,0.0002812626810200506,-0.04743200252793067,-1.6471066297236896,2,24,signal_flat,-0.06628402455760396,0.0
16_time_of_day_session_effect,1378,2024-03-05 12:00:00+00:00,2024-03-06 00:00:00+00:00,63801.19921875,66106.8046875,LONG,0.616704144741452,0.616704144741452,0.02228604581305138,0.0004933633157931616,0.0002466816578965808,0.02153789141790874,0.6559612492992761,2,24,signal_flat,0.0,0.03613733749494208
16_time_of_day_session_effect,1379,2024-03-06 12:00:00+00:00,2024-03-07 00:00:00+00:00,66106.8046875,66925.484375,LONG,0.5817577546358289,0.5817577546358289,0.007204602597529863,0.00046540620370866313,0.00023270310185433157,0.006504100331059304,0.18686482001739313,2,24,signal_flat,0.0,0.012384196927533564
16_time_of_day_session_effect,1380,2024-03-07 12:00:00+00:00,2024-03-08 00:00:00+00:00,66925.484375,68300.09375,LONG,0.5792861228902824,0.5792861228902824,0.01189819009557791,0.00046342889831222587,0.00023171444915611294,0.01119903208033235,0.3203846847806182,2,24,signal_flat,0.0,0.020539401213709896
16_time_of_day_session_effect,1381,2024-03-08 12:00:00+00:00,2024-03-09 00:00:00+00:00,68300.09375,68498.8828125,LONG,0.5684023639780741,0.5684023639780741,0.0016543487256632794,0.00045472189118245926,0.00022736094559122963,0.0009718179967026508,0.027279659594616406,2,24,signal_flat,0.0,0.0029105240064184468
16_time_of_day_session_effect,1382,2024-03-09 12:00:00+00:00,2024-03-10 00:00:00+00:00,68498.8828125,69019.7890625,LONG,0.5843730715835307,0.5843730715835307,0.004443920438130355,0.00046749845726682456,0.00023374922863341228,0.0037412375448473423,0.10797012719654399,2,24,signal_flat,0.0,0.007604594828588107
16_time_of_day_session_effect,1383,2024-03-10 12:00:00+00:00,2024-03-11 00:00:00+00:00,69019.7890625,72123.90625,LONG,0.5790486376019877,0.5790486376019877,0.026042311238464455,0.00046323891008159015,0.00023161945504079508,0.025338525721473548,0.7245936448347888,2,24,signal_flat,0.0,0.04497430707429584
16_time_of_day_session_effect,1384,2024-03-11 12:00:00+00:00,2024-03-12 00:00:00+00:00,72123.90625,71481.2890625,LONG,0.5898193366474258,0.5898193366474258,-0.0052552345395114886,0.00047185546931794066,0.00023592773465897033,-0.005961032720852466,-0.17363554959489358,2,24,signal_flat,-0.008909905479502545,0.0
16_time_of_day_session_effect,1385,2024-03-12 12:00:00+00:00,2024-03-13 00:00:00+00:00,71481.2890625,73083.5,LONG,0.6405970375305875,0.6405970375305875,0.014358604797462426,0.00051247763002447,0.000256238815012235,0.013584517235851079,0.42976126466325826,2,24,signal_flat,0.0,0.022414410239567806
16_time_of_day_session_effect,1386,2024-03-13 12:00:00+00:00,2024-03-14 00:00:00+00:00,73083.5,71396.59375,LONG,0.766151766426171,0.766151766426171,-0.0176842406731047,0.0006129214131409368,0.0003064607065704684,-0.01859528218960771,-0.7035836107381748,2,24,signal_flat,-0.0230819028918976,0.0
16_time_of_day_session_effect,1387,2024-03-14 12:00:00+00:00,2024-03-15 00:00:00+00:00,71396.59375,69403.7734375,LONG,0.7616622056211293,0.7616622056211293,-0.02125950041734781,0.0006093297644969034,0.0003046648822484517,-0.022163570682752654,-0.8336817011415326,2,24,signal_flat,-0.027911980219644583,0.0
16_time_of_day_session_effect,1388,2024-03-15 12:00:00+00:00,2024-03-16 00:00:00+00:00,69403.7734375,65315.1171875,LONG,0.7463946120534402,0.7463946120534402,-0.043970966481913454,0.0005971156896427521,0.00029855784482137607,-0.04484674764312613,-1.6530941251376903,2,24,signal_flat,-0.05891115205258901,0.0
16_time_of_day_session_effect,1389,2024-03-16 12:00:00+00:00,2024-03-17 00:00:00+00:00,65315.1171875,68390.625,LONG,0.6560054793378088,0.6560054793378088,0.030889479551180488,0.0005248043834702471,0.00026240219173512356,0.03009026969881945,0.9748362741537927,2,24,signal_flat,0.0,0.04708722796395115
16_time_of_day_session_effect,1390,2024-03-17 12:00:00+00:00,2024-03-18 00:00:00+00:00,68390.625,67548.59375,LONG,0.6150855934540318,0.6150855934540318,-0.0075729866646647714,0.0004920684747632254,0.0002460342373816127,-0.008308158356908124,-0.2523704225051614,2,24,signal_flat,-0.0123120859035869,0.0
16_time_of_day_session_effect,1391,2024-03-18 12:00:00+00:00,2024-03-19 00:00:00+00:00,67548.59375,61912.7734375,LONG,0.7241676586561142,0.7241676586561142,-0.06041989290576011,0.0005793341269248914,0.0002896670634624457,-0.06126245282595111,-2.190945831778036,2,24,signal_flat,-0.08343356981432348,0.0
16_time_of_day_session_effect,1392,2024-03-19 12:00:00+00:00,2024-03-20 00:00:00+00:00,61912.7734375,67913.671875,LONG,0.6937742098153555,0.6937742098153555,0.06724409746983007,0.0005550193678522845,0.00027750968392614223,0.06638375036185518,2.2744587756529384,2,24,signal_flat,0.0,0.09692504638897836
16_time_of_day_session_effect,1393,2024-03-20 12:00:00+00:00,2024-03-21 00:00:00+00:00,67913.671875,65491.390625,LONG,0.6039299036766245,0.6039299036766245,-0.021540406248137245,0.00048314392294129956,0.00024157196147064978,-0.022257185491988518,-0.6638270013156342,2,24,signal_flat,-0.03566706353999505,0.0
16_time_of_day_session_effect,1394,2024-03-21 12:00:00+00:00,2024-03-22 00:00:00+00:00,65491.390625,63778.76171875,LONG,0.5753898190936076,0.5753898190936076,-0.015046698919315649,0.0004603118552748861,0.00023015592763744305,-0.015731852885366715,-0.44703361730878455,2,24,signal_flat,-0.02615044343853401,0.0
16_time_of_day_session_effect,1395,2024-03-22 12:00:00+00:00,2024-03-23 00:00:00+00:00,63778.76171875,64062.203125,LONG,0.5689106417702829,0.5689106417702829,0.0025283155079907083,0.0004551285134162264,0.0002275642567081132,0.0018448762238618688,0.05183336754992387,2,24,signal_flat,0.0,0.004444134671348854
16_time_of_day_session_effect,1396,2024-03-23 12:00:00+00:00,2024-03-24 00:00:00+00:00,64062.203125,67234.171875,LONG,0.5671650658242615,0.5671650658242615,0.028082547541737446,0.0004537320526594092,0.0002268660263297046,0.027392508802229765,0.7672544512895497,2,24,signal_flat,0.0,0.04951388799118828
16_time_of_day_session_effect,1397,2024-03-24 12:00:00+00:00,2024-03-25 00:00:00+00:00,67234.171875,69958.8125,LONG,0.523288642666342,0.523288642666342,0.02120608396963064,0.0004186309141330736,0.0002093154570665368,0.020571578035854188,0.5316270255598633,2,24,signal_flat,0.0,0.04052464020923141
16_time_of_day_session_effect,1398,2024-03-25 12:00:00+00:00,2024-03-26 00:00:00+00:00,69958.8125,69987.8359375,LONG,0.5276223752533421,0.5276223752533421,0.00021889186629309165,0.00042209790020267366,0.00021104895010133683,-0.00041422406062541217,-0.01079335994182304,2,24,signal_flat,0.0,0.00041486463910467286
16_time_of_day_session_effect,1399,2024-03-26 12:00:00+00:00,2024-03-27 00:00:00+00:00,69987.8359375,69455.34375,LONG,0.5360986195065274,0.5360986195065274,-0.0040788277390328975,0.0004288788956052219,0.00021443944780261096,-0.004720730625465852,-0.12498331577987037,2,24,signal_flat,-0.007608353371227561,0.0
16_time_of_day_session_effect,1400,2024-03-27 12:00:00+00:00,2024-03-28 00:00:00+00:00,69455.34375,70744.953125,LONG,0.5515416494617915,0.5515416494617915,0.010240727976368103,0.0004412333195694332,0.0002206166597847166,0.009575598595562784,0.2608208944274134,2,24,signal_flat,0.0,0.018567460837021654
16_time_of_day_session_effect,1401,2024-03-28 12:00:00+00:00,2024-03-29 00:00:00+00:00,70744.953125,69892.828125,LONG,0.556428872414397,0.556428872414397,-0.006702201810330433,0.0004451430979315176,0.0002225715489657588,-0.007367567417357668,-0.20245658613898013,2,24,signal_flat,-0.01204502883045766,0.0
16_time_of_day_session_effect,1402,2024-03-29 12:00:00+00:00,2024-03-30 00:00:00+00:00,69892.828125,69645.3046875,LONG,0.57431530101992,0.57431530101992,-0.0020339210950665043,0.000459452240815936,0.000229726120407968,-0.002722279847383491,-0.07721137544945679,2,24,signal_flat,-0.0035414711944022903,0.0
16_time_of_day_session_effect,1403,2024-03-30 12:00:00+00:00,2024-03-31 00:00:00+00:00,69645.3046875,71333.6484375,LONG,0.6468782745372608,0.6468782745372608,0.015681644250481686,0.0005175026196298086,0.0002587513098149043,0.014899454494592623,0.4759825897600952,2,24,signal_flat,0.0,0.02424203264779501
16_time_of_day_session_effect,1404,2024-03-31 12:00:00+00:00,2024-04-01 00:00:00+00:00,71333.6484375,69702.1484375,LONG,0.6824546185940951,0.6824546185940951,-0.015608688671122861,0.000545963694875276,0.000272981847437638,-0.01642107521248115,-0.5534437679645698,2,24,signal_flat,-0.022871394296192005,0.0
16_time_of_day_session_effect,1405,2024-04-01 12:00:00+00:00,2024-04-02 00:00:00+00:00,69702.1484375,65446.97265625,LONG,0.6655365317996538,0.6655365317996538,-0.040629664868800486,0.000532429225439723,0.0002662146127198615,-0.04141192493321799,-1.3611169780523338,2,24,signal_flat,-0.061047985989492126,0.0
16_time_of_day_session_effect,1406,2024-04-02 12:00:00+00:00,2024-04-03 00:00:00+00:00,65446.97265625,65980.8125,LONG,0.7024536773020289,0.7024536773020289,0.005729795376512525,0.0005619629418416231,0.00028098147092081154,0.004884613653071579,0.169451744135049,2,24,signal_flat,0.0,0.008156830210526378
16_time_of_day_session_effect,1407,2024-04-03 12:00:00+00:00,2024-04-04 00:00:00+00:00,65980.8125,68508.84375,LONG,0.9005363744337465,0.9005363744337465,0.034503729342984624,0.0007204290995469971,0.00036021454977349857,0.03340473452334214,1.485618907665946,2,24,signal_flat,0.0,0.038314642609167615
16_time_of_day_session_effect,1408,2024-04-04 12:00:00+00:00,2024-04-05 00:00:00+00:00,68508.84375,67837.640625,LONG,0.8930256088092992,0.8930256088092992,-0.00874925843917529,0.0007144204870474393,0.00035721024352371964,-0.009815914084534194,-0.4329051930095515,2,24,signal_flat,-0.009797320875087778,0.0
16_time_of_day_session_effect,1409,2024-04-05 12:00:00+00:00,2024-04-06 00:00:00+00:00,67837.640625,68896.109375,LONG,0.9415285643606555,0.9415285643606555,0.014690643032783335,0.0007532228514885243,0.00037661142574426217,0.013552828890897484,0.6301756085873225,2,24,signal_flat,0.0,0.015602971156545964
16_time_of_day_session_effect,1410,2024-04-06 12:00:00+00:00,2024-04-07 00:00:00+00:00,68896.109375,69362.5546875,LONG,0.9078811638242542,0.9078811638242542,0.006146601266958429,0.0007263049310594034,0.0003631524655297017,0.005054092369616736,0.2266054311352916,2,24,signal_flat,0.0,0.006770270726916605
16_time_of_day_session_effect,1411,2024-04-07 12:00:00+00:00,2024-04-08 00:00:00+00:00,69362.5546875,71631.359375,LONG,1.0,1.0,0.03270935878474601,0.0008,0.0004,0.031490093169475264,1.635817022464122,2,24,signal_flat,0.0,0.03270935878474601
16_time_of_day_session_effect,1412,2024-04-08 12:00:00+00:00,2024-04-09 00:00:00+00:00,71631.359375,69139.015625,LONG,1.0,1.0,-0.03479403115822832,0.0008,0.0004,-0.03597279473953352,-1.9244875729743833,2,24,signal_flat,-0.03479403115822832,0.0
16_time_of_day_session_effect,1413,2024-04-09 12:00:00+00:00,2024-04-10 00:00:00+00:00,69139.015625,70587.8828125,LONG,0.9574954986483242,0.9574954986483242,0.020065136849719334,0.0007659963989186593,0.00038299819945932965,0.01890494493156014,0.8939439541036045,2,24,signal_flat,0.0,0.0209558550176423
16_time_of_day_session_effect,1414,2024-04-10 12:00:00+00:00,2024-04-11 00:00:00+00:00,70587.8828125,70060.609375,LONG,0.9161914105663733,0.9161914105663733,-0.00684371559550101,0.0007329531284530987,0.00036647656422654935,-0.00793908100970142,-0.3592150990546307,2,24,signal_flat,-0.007469744331340511,0.0
16_time_of_day_session_effect,1415,2024-04-11 12:00:00+00:00,2024-04-12 00:00:00+00:00,70060.609375,67195.8671875,LONG,0.9502745050337101,0.9502745050337101,-0.038856234459861194,0.0007602196040269681,0.00038010980201348406,-0.03997408432473171,-1.8759693387883292,2,24,signal_flat,-0.04088948430588779,0.0
16_time_of_day_session_effect,1416,2024-04-12 12:00:00+00:00,2024-04-13 00:00:00+00:00,67195.8671875,63821.47265625,LONG,0.8664932776382166,0.8664932776382166,-0.043512946551736764,0.0006931946221105733,0.00034659731105528665,-0.04452984598768017,-1.9055244461543375,2,24,signal_flat,-0.05021729270691988,0.0
16_time_of_day_session_effect,1417,2024-04-13 12:00:00+00:00,2024-04-14 00:00:00+00:00,63821.47265625,65738.7265625,LONG,0.7583069666095804,0.7583069666095804,0.022780216960825994,0.0006066455732876644,0.0003033227866438322,0.021860090973165214,0.8186441162266611,2,24,signal_flat,0.0,0.03004089104268326
16_time_of_day_session_effect,1418,2024-04-14 12:00:00+00:00,2024-04-15 00:00:00+00:00,65738.7265625,63426.2109375,LONG,0.7467240537525291,0.7467240537525291,-0.026267789660092133,0.0005973792430020233,0.00029868962150101167,-0.027151888915515787,-1.001286413666873,2,24,signal_flat,-0.03517737178558533,0.0
16_time_of_day_session_effect,1419,2024-04-15 12:00:00+00:00,2024-04-16 00:00:00+00:00,63426.2109375,63811.86328125,LONG,0.7232789488202371,0.7232789488202371,0.004397775267900306,0.0005786231590561897,0.00028931157952809483,0.0035281203660300076,0.12602228567089482,2,24,signal_flat,0.0,0.006080330797783695
16_time_of_day_session_effect,1420,2024-04-16 12:00:00+00:00,2024-04-17 00:00:00+00:00,63811.86328125,61276.69140625,LONG,0.8412603516603746,0.8412603516603746,-0.03342230540553204,0.0006730082813282996,0.0003365041406641498,-0.034414692932452695,-1.429790654406183,2,24,signal_flat,-0.03972884891052719,0.0
16_time_of_day_session_effect,1421,2024-04-17 12:00:00+00:00,2024-04-18 00:00:00+00:00,61276.69140625,63512.75390625,LONG,0.7691930559396989,0.7691930559396989,0.028068809006742912,0.0006153544447517591,0.00030767722237587955,0.027133036136694155,1.0306990649490027,2,24,signal_flat,0.0,0.03649124077498622
16_time_of_day_session_effect,1422,2024-04-18 12:00:00+00:00,2024-04-19 00:00:00+00:00,63512.75390625,63843.5703125,LONG,0.773017578352166,0.773017578352166,0.0040263865367264895,0.0006184140626817328,0.0003092070313408664,0.003097113082385361,0.11823459456065452,2,24,signal_flat,0.0,0.005208661031110617
16_time_of_day_session_effect,1423,2024-05-25 12:00:00+00:00,2024-05-26 00:00:00+00:00,69265.9453125,68518.09375,LONG,0.8457265901992166,0.8457265901992166,-0.00913115310958068,0.0006765812721593733,0.00033829063607968663,-0.010141134051181777,-0.4235597104434294,2,24,signal_flat,-0.010796814497022966,0.0
16_time_of_day_session_effect,1424,2024-05-26 12:00:00+00:00,2024-05-27 00:00:00+00:00,68518.09375,69394.5546875,LONG,0.8456562570004533,0.8456562570004533,0.010817356923525923,0.0006765250056003627,0.00033826250280018135,0.009797338204207362,0.4091665296462971,2,24,signal_flat,0.0,0.012791671360530277
16_time_of_day_session_effect,1425,2024-05-27 12:00:00+00:00,2024-05-28 00:00:00+00:00,69394.5546875,68296.21875,LONG,0.8739562644655984,0.8739562644655984,-0.013832462466089268,0.0006991650115724787,0.00034958250578623936,-0.014873681635273917,-0.6419575560349615,2,24,signal_flat,-0.015827408107827234,0.0
16_time_of_day_session_effect,1426,2024-05-28 12:00:00+00:00,2024-05-29 00:00:00+00:00,68296.21875,67578.09375,LONG,0.8893470154808345,0.8893470154808345,-0.009351357032371221,0.0007114776123846676,0.0003557388061923338,-0.010413298752346756,-0.4573595102583028,2,24,signal_flat,-0.01051485738366742,0.0
16_time_of_day_session_effect,1427,2024-05-29 12:00:00+00:00,2024-05-30 00:00:00+00:00,67578.09375,68364.9921875,LONG,1.0,1.0,0.011644282841286824,0.0008,0.0004,0.010437656271581996,0.5783207848379264,2,24,signal_flat,0.0,0.011644282841286824
16_time_of_day_session_effect,1428,2024-05-30 12:00:00+00:00,2024-05-31 00:00:00+00:00,68364.9921875,67491.4140625,LONG,1.0,1.0,-0.012778150001159894,0.0008,0.0004,-0.013970123111159305,-0.7864573619590269,2,24,signal_flat,-0.012778150001159894,0.0
16_time_of_day_session_effect,1429,2024-05-31 12:00:00+00:00,2024-06-01 00:00:00+00:00,67491.4140625,67706.9375,LONG,1.0,1.0,0.0031933460054698326,0.0008,0.0004,0.001991789997866533,0.11939138637870293,2,24,signal_flat,0.0,0.0031933460054698326
16_time_of_day_session_effect,1430,2024-06-01 12:00:00+00:00,2024-06-02 00:00:00+00:00,67706.9375,67751.6015625,LONG,1.0,1.0,0.0006596674454519835,0.0008,0.0004,-0.0005403683550152527,-0.032178884865821246,2,24,signal_flat,0.0,0.0006596674454519835
16_time_of_day_session_effect,1431,2024-06-02 12:00:00+00:00,2024-06-03 00:00:00+00:00,67751.6015625,68804.78125,LONG,1.0,1.0,0.015544720172089965,0.0008,0.0004,0.014335753339986823,0.8886031273427029,2,24,signal_flat,0.0,0.015544720172089965
16_time_of_day_session_effect,1432,2024-06-03 12:00:00+00:00,2024-06-04 00:00:00+00:00,68804.78125,70567.765625,LONG,1.0,1.0,0.025622992224831664,0.0008,0.0004,0.024407978429496824,2.0912114708544354,2,24,signal_flat,0.0,0.025622992224831664
16_time_of_day_session_effect,1433,2024-06-04 12:00:00+00:00,2024-06-05 00:00:00+00:00,70567.765625,71082.8203125,LONG,1.0,1.0,0.007298724608017615,0.0008,0.0004,0.00609470537325274,0.4999510996198702,2,24,signal_flat,0.0,0.007298724608017615
16_time_of_day_session_effect,1434,2024-06-05 12:00:00+00:00,2024-06-06 00:00:00+00:00,71082.8203125,70757.1640625,LONG,1.0,1.0,-0.004581363662391591,0.0008,0.0004,-0.005778254844194253,-0.49475333806288824,2,24,signal_flat,-0.004581363662391591,0.0
16_time_of_day_session_effect,1435,2024-06-06 12:00:00+00:00,2024-06-07 00:00:00+00:00,70757.1640625,69342.5859375,LONG,1.0,1.0,-0.01999201273457618,0.0008,0.0004,-0.021179657526935514,-1.9658607481012023,2,24,signal_flat,-0.01999201273457618,0.0
16_time_of_day_session_effect,1436,2024-06-07 12:00:00+00:00,2024-06-08 00:00:00+00:00,69342.5859375,69305.7734375,LONG,1.0,1.0,-0.0005308786729295578,0.0008,0.0004,-0.0017302001457258909,-0.1494842198363796,2,24,signal_flat,-0.0005308786729295578,0.0
16_time_of_day_session_effect,1437,2024-06-08 12:00:00+00:00,2024-06-09 00:00:00+00:00,69305.7734375,69647.9921875,LONG,1.0,1.0,0.00493781012787653,0.0008,0.0004,0.0037352074417997816,0.3445379878492307,2,24,signal_flat,0.0,0.00493781012787653
16_time_of_day_session_effect,1438,2024-06-09 12:00:00+00:00,2024-06-10 00:00:00+00:00,69647.9921875,69512.28125,LONG,1.0,1.0,-0.0019485261992140401,0.0008,0.0004,-0.0031469970834946404,-0.3019366615944223,2,24,signal_flat,-0.0019485261992140401,0.0
16_time_of_day_session_effect,1439,2024-06-10 12:00:00+00:00,2024-06-11 00:00:00+00:00,69512.28125,67332.03125,LONG,1.0,1.0,-0.03136496113771259,0.0008,0.0004,-0.0325457821610301,-3.373250613877404,2,24,signal_flat,-0.03136496113771259,0.0
16_time_of_day_session_effect,1440,2024-06-11 12:00:00+00:00,2024-06-12 00:00:00+00:00,67332.03125,68241.1875,LONG,1.0,1.0,0.013502581655740586,0.0008,0.0004,0.012294840106747085,1.1428533343346061,2,24,signal_flat,0.0,0.013502581655740586
16_time_of_day_session_effect,1441,2024-06-12 12:00:00+00:00,2024-06-13 00:00:00+00:00,68241.1875,66756.3984375,LONG,1.0,1.0,-0.021757960505889518,0.0008,0.0004,-0.02294454572958604,-2.0912995028645365,2,24,signal_flat,-0.021757960505889518,0.0
16_time_of_day_session_effect,1442,2024-06-13 12:00:00+00:00,2024-06-14 00:00:00+00:00,66756.3984375,66011.09375,LONG,1.0,1.0,-0.011164543099157487,0.0008,0.0004,-0.012357484373298089,-1.0567520393704306,2,24,signal_flat,-0.011164543099157487,0.0
16_time_of_day_session_effect,1443,2024-06-14 12:00:00+00:00,2024-06-15 00:00:00+00:00,66011.09375,66191.0,LONG,1.0,1.0,0.0027253941690672523,0.0008,0.0004,0.0015241189325658766,0.13163265539273808,2,24,signal_flat,0.0,0.0027253941690672523
16_time_of_day_session_effect,1444,2024-06-15 12:00:00+00:00,2024-06-16 00:00:00+00:00,66191.0,66639.046875,LONG,1.0,1.0,0.006768999939568809,0.0008,0.0004,0.005565298539605079,0.48204633857247076,2,24,signal_flat,0.0,0.006768999939568809
16_time_of_day_session_effect,1445,2024-06-16 12:00:00+00:00,2024-06-17 00:00:00+00:00,66639.046875,66490.296875,LONG,1.0,1.0,-0.0022321747830370553,0.0008,0.0004,-0.0034304754781673275,-0.28631355744463505,2,24,signal_flat,-0.0022321747830370553,0.0
16_time_of_day_session_effect,1446,2024-06-17 12:00:00+00:00,2024-06-18 00:00:00+00:00,66490.296875,65140.74609375,LONG,1.0,1.0,-0.02029695827328193,0.0008,0.0004,-0.02148442009831808,-1.9477043193756294,2,24,signal_flat,-0.02029695827328193,0.0
16_time_of_day_session_effect,1447,2024-06-18 12:00:00+00:00,2024-06-19 00:00:00+00:00,65140.74609375,64960.296875,LONG,1.0,1.0,-0.0027701435671353414,0.0008,0.0004,-0.003968121480995124,-0.37258634554110504,2,24,signal_flat,-0.0027701435671353414,0.0
16_time_of_day_session_effect,1448,2024-06-19 12:00:00+00:00,2024-06-20 00:00:00+00:00,64960.296875,64828.65625,LONG,1.0,1.0,-0.00202647819256907,0.0008,0.0004,-0.003224902305653643,-0.31228669006940896,2,24,signal_flat,-0.00202647819256907,0.0
16_time_of_day_session_effect,1449,2024-06-20 12:00:00+00:00,2024-06-21 00:00:00+00:00,64828.65625,64096.19921875,LONG,1.0,1.0,-0.011298352821403679,0.0008,0.0004,-0.012491213809710966,-1.231359694123213,2,24,signal_flat,-0.011298352821403679,0.0
16_time_of_day_session_effect,1450,2024-06-21 12:00:00+00:00,2024-06-22 00:00:00+00:00,64096.19921875,64252.578125,LONG,1.0,1.0,0.0024397531859308152,0.0008,0.0004,0.0012386493340192928,0.13006556472858716,2,24,signal_flat,0.0,0.0024397531859308152
16_time_of_day_session_effect,1451,2024-06-22 12:00:00+00:00,2024-06-23 00:00:00+00:00,64252.578125,63180.796875,LONG,1.0,1.0,-0.01668075089399379,0.0008,0.0004,-0.01787038244345751,-1.850009424670303,2,24,signal_flat,-0.01668075089399379,0.0
16_time_of_day_session_effect,1452,2024-06-23 12:00:00+00:00,2024-06-24 00:00:00+00:00,63180.796875,60277.4140625,LONG,1.0,1.0,-0.04595356431233677,0.0008,0.0004,-0.04712563217374943,-4.488840117712116,2,24,signal_flat,-0.04595356431233677,0.0
16_time_of_day_session_effect,1453,2024-06-24 12:00:00+00:00,2024-06-25 00:00:00+00:00,60277.4140625,61804.640625,LONG,1.0,1.0,0.025336630415439876,0.0008,0.0004,0.024121788437190705,1.768250138386572,2,24,signal_flat,0.0,0.025336630415439876
16_time_of_day_session_effect,1454,2024-07-28 12:00:00+00:00,2024-07-29 00:00:00+00:00,68255.8671875,66819.9140625,LONG,1.0,1.0,-0.021037797689324123,0.0008,0.0004,-0.022224815010710608,-1.2953701832596662,2,24,signal_flat,-0.021037797689324123,0.0
16_time_of_day_session_effect,1455,2024-07-29 12:00:00+00:00,2024-07-30 00:00:00+00:00,66819.9140625,66201.015625,LONG,1.0,1.0,-0.009262185475442442,0.0008,0.0004,-0.010456268164157234,-0.7542655853264507,2,24,signal_flat,-0.009262185475442442,0.0
16_time_of_day_session_effect,1456,2024-07-30 12:00:00+00:00,2024-07-31 00:00:00+00:00,66201.015625,64619.25,LONG,1.0,1.0,-0.023893373992326827,0.0008,0.0004,-0.025078677967931506,-1.7568883623260376,2,24,signal_flat,-0.023893373992326827,0.0
16_time_of_day_session_effect,1457,2024-07-31 12:00:00+00:00,2024-08-01 00:00:00+00:00,64619.25,65357.5,LONG,1.0,1.0,0.011424614182306447,0.0008,0.0004,0.010218119413797133,0.6854281914133186,2,24,signal_flat,0.0,0.011424614182306447
16_time_of_day_session_effect,1458,2024-08-01 12:00:00+00:00,2024-08-02 00:00:00+00:00,65357.5,61415.06640625,LONG,1.0,1.0,-0.06032105869640059,0.0008,0.0004,-0.06148450606118283,-3.95082131398868,2,24,signal_flat,-0.06032105869640059,0.0
16_time_of_day_session_effect,1459,2024-08-02 12:00:00+00:00,2024-08-03 00:00:00+00:00,61415.06640625,60680.09375,LONG,1.0,1.0,-0.011967302150066583,0.0008,0.0004,-0.013159761768776645,-0.782564568108742,2,24,signal_flat,-0.011967302150066583,0.0
16_time_of_day_session_effect,1460,2024-08-03 12:00:00+00:00,2024-08-04 00:00:00+00:00,60680.09375,58116.9765625,LONG,1.0,1.0,-0.04223983565450573,0.0008,0.0004,-0.04341413175311315,-2.5262160602542143,2,24,signal_flat,-0.04223983565450573,0.0
16_time_of_day_session_effect,1461,2024-08-04 12:00:00+00:00,2024-08-05 00:00:00+00:00,58116.9765625,53991.45703125,LONG,1.0,1.0,-0.07098647891315102,0.0008,0.0004,-0.07214352702580318,-3.7675272081389015,2,24,signal_flat,-0.07098647891315102,0.0
16_time_of_day_session_effect,1462,2024-08-05 12:00:00+00:00,2024-08-06 00:00:00+00:00,53991.45703125,56034.31640625,LONG,0.8571836357088489,0.8571836357088489,0.03243301297260537,0.0006857469085670791,0.00034287345428353955,0.0313879764959315,1.3287256661902194,2,24,signal_flat,0.0,0.03783671505322772
16_time_of_day_session_effect,1463,2024-08-06 12:00:00+00:00,2024-08-07 00:00:00+00:00,56034.31640625,55027.4609375,LONG,0.8240178325223039,0.8240178325223039,-0.014806406399383909,0.0006592142660178432,0.0003296071330089216,-0.015787662910725753,-0.6424696095883525,2,24,signal_flat,-0.017968550940289485,0.0
16_time_of_day_session_effect,1464,2024-08-07 12:00:00+00:00,2024-08-08 00:00:00+00:00,55027.4609375,61710.13671875,LONG,0.801779425853764,0.801779425853764,0.09737014682801926,0.0006414235406830113,0.00032071177034150565,0.09636140131483262,3.815541211660715,2,24,signal_flat,0.0,0.12144256099404904
16_time_of_day_session_effect,1465,2024-08-08 12:00:00+00:00,2024-08-09 00:00:00+00:00,61710.13671875,60880.11328125,LONG,0.6046832658989651,0.6046832658989651,-0.00813320646570026,0.0004837466127191721,0.00024187330635958606,-0.00885574394540356,-0.26445460559001727,2,24,signal_flat,-0.013450358103773374,0.0
16_time_of_day_session_effect,1466,2024-08-09 12:00:00+00:00,2024-08-10 00:00:00+00:00,60880.11328125,60945.8125,LONG,0.6302320813709091,0.6302320813709091,0.0006801195521100034,0.0005041856650967274,0.0002520928325483637,-7.627313614011477e-05,-0.0023739427670648417,2,24,signal_flat,0.0,0.001079157301276501
16_time_of_day_session_effect,1467,2024-10-28 12:00:00+00:00,2024-10-29 00:00:00+00:00,69907.7578125,72720.4921875,LONG,1.0,1.0,0.04023493905417541,0.0008,0.0004,0.03901115809074285,2.93228310988609,2,24,signal_flat,0.0,0.04023493905417541
16_time_of_day_session_effect,1468,2024-10-29 12:00:00+00:00,2024-10-30 00:00:00+00:00,72720.4921875,72339.5390625,LONG,1.0,1.0,-0.005238593875544262,0.0008,0.0004,-0.006435090719218994,-0.4261120365556774,2,24,signal_flat,-0.005238593875544262,0.0
16_time_of_day_session_effect,1469,2024-10-30 12:00:00+00:00,2024-10-31 00:00:00+00:00,72339.5390625,70215.1875,LONG,1.0,1.0,-0.029366396164960396,0.0008,0.0004,-0.030548416327261463,-2.0547742909959323,2,24,signal_flat,-0.029366396164960396,0.0
16_time_of_day_session_effect,1470,2024-10-31 12:00:00+00:00,2024-11-01 00:00:00+00:00,70215.1875,69482.46875,LONG,1.0,1.0,-0.010435331387529279,0.0008,0.0004,-0.011628710188696822,-0.6946766717349534,2,24,signal_flat,-0.010435331387529279,0.0
16_time_of_day_session_effect,1471,2024-11-01 12:00:00+00:00,2024-11-02 00:00:00+00:00,69482.46875,69289.2734375,LONG,1.0,1.0,-0.0027804900426771084,0.0008,0.0004,-0.003978461748651574,-0.24251126271370863,2,24,signal_flat,-0.0027804900426771084,0.0
16_time_of_day_session_effect,1472,2024-11-02 12:00:00+00:00,2024-11-03 00:00:00+00:00,69289.2734375,68741.1171875,LONG,1.0,1.0,-0.00791112711687536,0.0008,0.0004,-0.009106020440605378,-0.5503672916304008,2,24,signal_flat,-0.00791112711687536,0.0
16_time_of_day_session_effect,1473,2024-11-03 12:00:00+00:00,2024-11-04 00:00:00+00:00,68741.1171875,67811.5078125,LONG,1.0,1.0,-0.013523338185854272,0.0008,0.0004,-0.014714864182942877,-0.8949118809936734,2,24,signal_flat,-0.013523338185854272,0.0
16_time_of_day_session_effect,1474,2024-11-04 12:00:00+00:00,2024-11-05 00:00:00+00:00,67811.5078125,69359.5625,LONG,1.0,1.0,0.02282879023690776,0.0008,0.0004,0.02161545296276568,1.3752523638218395,2,24,signal_flat,0.0,0.02282879023690776
16_time_of_day_session_effect,1475,2024-11-05 12:00:00+00:00,2024-11-06 00:00:00+00:00,69359.5625,75639.078125,LONG,1.0,1.0,0.09053568676993895,0.0008,0.0004,0.08928172535787704,5.148520624943705,2,24,signal_flat,0.0,0.09053568676993895
16_time_of_day_session_effect,1476,2024-11-06 12:00:00+00:00,2024-11-07 00:00:00+00:00,75639.078125,75904.859375,LONG,0.8872249220693148,0.8872249220693148,0.003117538640926343,0.0007097799376554519,0.00035488996882772594,0.0020514925401589057,0.0898880188538394,2,24,signal_flat,0.0,0.003513808689745934
16_time_of_day_session_effect,1477,2024-11-07 12:00:00+00:00,2024-11-08 00:00:00+00:00,75904.859375,76545.4765625,LONG,0.9544688186607062,0.9544688186607062,0.008055467531348226,0.000763575054928565,0.0003817875274642825,0.006905819697269555,0.32551807925474874,2,24,signal_flat,0.0,0.008439738809541852
16_time_of_day_session_effect,1478,2024-11-08 12:00:00+00:00,2024-11-09 00:00:00+00:00,76545.4765625,76778.8671875,LONG,1.0,1.0,0.0030490452928257916,0.0008,0.0004,0.0018475758656502084,0.09134542714478922,2,24,signal_flat,0.0,0.0030490452928257916
16_time_of_day_session_effect,1479,2024-11-09 12:00:00+00:00,2024-11-10 00:00:00+00:00,76778.8671875,80474.1875,LONG,1.0,1.0,0.048129393514959595,0.0008,0.0004,0.04690087587885072,2.33977630004865,2,24,signal_flat,0.0,0.048129393514959595
16_time_of_day_session_effect,1480,2024-11-10 12:00:00+00:00,2024-11-11 00:00:00+00:00,80474.1875,88701.484375,LONG,0.8996322024234006,0.8996322024234006,0.09197410297118447,0.0007197057619387205,0.00035985288096936026,0.09084518997109914,4.036129237938013,2,24,signal_flat,0.0,0.10223522760015435
16_time_of_day_session_effect,1481,2024-11-11 12:00:00+00:00,2024-11-12 00:00:00+00:00,88701.484375,87955.8125,LONG,0.7302135095014608,0.7302135095014608,-0.006138563301582689,0.0005841708076011686,0.0002920854038005843,-0.007011938079636404,-0.25286345620940637,2,24,signal_flat,-0.008406532091926988,0.0
16_time_of_day_session_effect,1482,2024-11-12 12:00:00+00:00,2024-11-13 00:00:00+00:00,87955.8125,90584.1640625,LONG,0.7954266314134133,0.7954266314134133,0.023769444793993122,0.0006363413051307306,0.0003181706525653653,0.022803816499924467,0.8957891521492847,2,24,signal_flat,0.0,0.029882636380625716
16_time_of_day_session_effect,1483,2024-11-13 12:00:00+00:00,2024-11-14 00:00:00+00:00,90584.1640625,87250.4296875,LONG,0.743981496646119,0.743981496646119,-0.027380466722879193,0.0005951851973168952,0.0002975925986584476,-0.028260822919439432,-1.0383531200101968,2,24,signal_flat,-0.03680261786927608,0.0
16_time_of_day_session_effect,1484,2024-11-14 12:00:00+00:00,2024-11-15 00:00:00+00:00,87250.4296875,91066.0078125,LONG,0.7297400938389835,0.7297400938389835,0.031912511479429195,0.0005837920750711869,0.00029189603753559343,0.03102304237076714,1.1180229746563224,2,24,signal_flat,0.0,0.04373133907381366
16_time_of_day_session_effect,1485,2024-11-15 12:00:00+00:00,2024-11-16 00:00:00+00:00,91066.0078125,90558.4765625,LONG,0.672131812247461,0.672131812247461,-0.0037459410709765883,0.0005377054497979688,0.0002688527248989844,-0.004550825951954884,-0.15105768029398628,2,24,signal_flat,-0.005573223886622736,0.0
16_time_of_day_session_effect,1486,2024-11-16 12:00:00+00:00,2024-11-17 00:00:00+00:00,90558.4765625,89845.8515625,LONG,0.6677105898473316,0.6677105898473316,-0.0052543646619491735,0.0005341684718778652,0.0002670842359389326,-0.006053351831333931,-0.19961000921422314,2,24,signal_flat,-0.007869224693816235,0.0
16_time_of_day_session_effect,1487,2024-11-17 12:00:00+00:00,2024-11-18 00:00:00+00:00,89845.8515625,90542.640625,LONG,0.6677764964050176,0.6677764964050176,0.00517886302814885,0.000534221197124014,0.000267110598562007,0.004375616771819413,0.14430073442540897,2,24,signal_flat,0.0,0.007755383808848215
16_time_of_day_session_effect,1488,2024-11-18 12:00:00+00:00,2024-11-19 00:00:00+00:00,90542.640625,92343.7890625,LONG,0.6769745382014903,0.6769745382014903,0.013466932522533837,0.0005415796305611923,0.00027078981528059614,0.012649258000466013,0.4228978910300741,2,24,signal_flat,0.0,0.019892819836786257
16_time_of_day_session_effect,1489,2024-11-19 12:00:00+00:00,2024-11-20 00:00:00+00:00,92343.7890625,94339.4921875,LONG,0.6817544744316365,0.6817544744316365,0.014733849985136382,0.0005454035795453092,0.0002727017897726546,0.01390988501902557,0.4683275116661304,2,24,signal_flat,0.0,0.02161166598491282
16_time_of_day_session_effect,1490,2024-11-20 12:00:00+00:00,2024-11-21 00:00:00+00:00,94339.4921875,98504.7265625,LONG,0.8172121110967326,0.8172121110967326,0.03608117764765173,0.0006537696888773861,0.00032688484443869307,0.035083071949950195,1.4158933509607823,2,24,signal_flat,0.0,0.044151545428309014
16_time_of_day_session_effect,1491,2024-11-21 12:00:00+00:00,2024-11-22 00:00:00+00:00,98504.7265625,98997.6640625,LONG,0.7315165085810517,0.7315165085810517,0.0036606560063885407,0.0005852132068648413,0.0002926066034324207,0.0027814221398154704,0.10048220870655965,2,24,signal_flat,0.0,0.005004201495724558
16_time_of_day_session_effect,1492,2024-11-22 12:00:00+00:00,2024-11-23 00:00:00+00:00,98997.6640625,97777.28125,LONG,0.7380595596408955,0.7380595596408955,-0.009098348023832359,0.0005904476477127164,0.0002952238238563582,-0.009979794318271007,-0.36375681143487143,2,24,signal_flat,-0.012327389984975179,0.0
16_time_of_day_session_effect,1493,2024-11-23 12:00:00+00:00,2024-11-24 00:00:00+00:00,97777.28125,98013.8203125,LONG,0.7206512283947725,0.7206512283947725,0.00174337191395324,0.000576520982715818,0.000288260491357909,0.0008780235837624328,0.031248519525708722,2,24,signal_flat,0.0,0.002419161787646784
16_time_of_day_session_effect,1494,2024-11-24 12:00:00+00:00,2024-11-25 00:00:00+00:00,98013.8203125,93102.296875,LONG,0.8154014246890511,0.8154014246890511,-0.040860188854616175,0.0006523211397512408,0.0003261605698756204,-0.04181844073390584,-1.683981962196347,2,24,signal_flat,-0.05011051933125821,0.0
16_time_of_day_session_effect,1495,2024-11-25 12:00:00+00:00,2024-11-26 00:00:00+00:00,93102.296875,91985.3203125,LONG,0.9592154985284673,0.9592154985284673,-0.011507999976429706,0.0007673723988227738,0.0003836861994113869,-0.012652104149529109,-0.5993452661654208,2,24,signal_flat,-0.011997304040733403,0.0
16_time_of_day_session_effect,1496,2024-11-26 12:00:00+00:00,2024-11-27 00:00:00+00:00,91985.3203125,95962.53125,LONG,0.9477009890089948,0.9477009890089948,0.040976176700380895,0.0007581607912071958,0.0003790803956035979,0.03981595894503842,1.8634882027857336,2,24,signal_flat,0.0,0.04323745271515378
16_time_of_day_session_effect,1497,2024-11-27 12:00:00+00:00,2024-11-28 00:00:00+00:00,95962.53125,95652.46875,LONG,0.9071985033580344,0.9071985033580344,-0.0029312298486025012,0.0007257588026864276,0.0003628794013432138,-0.0040179762449482626,-0.18001463896600972,2,24,signal_flat,-0.0032310787967048116,0.0
16_time_of_day_session_effect,1498,2024-11-28 12:00:00+00:00,2024-11-29 00:00:00+00:00,95652.46875,97461.5234375,LONG,1.0,1.0,0.018912786163713058,0.0008,0.0004,0.01770179849201492,0.888541556732827,2,24,signal_flat,0.0,0.018912786163713058
16_time_of_day_session_effect,1499,2024-11-29 12:00:00+00:00,2024-11-30 00:00:00+00:00,97461.5234375,96449.0546875,LONG,1.0,1.0,-0.010388394458550332,0.0008,0.0004,-0.01158180142187526,-0.638131456715433,2,24,signal_flat,-0.010388394458550332,0.0
16_time_of_day_session_effect,1500,2024-11-30 12:00:00+00:00,2024-12-01 00:00:00+00:00,96449.0546875,97279.7890625,LONG,1.0,1.0,0.008613193542348574,0.0008,0.0004,0.007408385626223257,0.4005941369312663,2,24,signal_flat,0.0,0.008613193542348574
16_time_of_day_session_effect,1501,2024-12-01 12:00:00+00:00,2024-12-02 00:00:00+00:00,97279.7890625,95865.3046875,LONG,1.0,1.0,-0.01454037255458307,0.0008,0.0004,-0.01573128833105042,-0.8482017295422903,2,24,signal_flat,-0.01454037255458307,0.0
16_time_of_day_session_effect,1502,2024-12-02 12:00:00+00:00,2024-12-03 00:00:00+00:00,95865.3046875,96002.1640625,LONG,1.0,1.0,0.0014276215513644441,0.0008,0.0004,0.00022712497843357937,0.0119343001266017,2,24,signal_flat,0.0,0.0014276215513644441
16_time_of_day_session_effect,1503,2024-12-03 12:00:00+00:00,2024-12-04 00:00:00+00:00,96002.1640625,98768.53125,LONG,1.0,1.0,0.02881567529768403,0.0008,0.0004,0.02759874589250555,1.5581653200075447,2,24,signal_flat,0.0,0.02881567529768403
16_time_of_day_session_effect,1504,2024-12-04 12:00:00+00:00,2024-12-05 00:00:00+00:00,98768.53125,96593.5703125,LONG,1.0,1.0,-0.022020788503929523,0.0008,0.0004,-0.023207216030827205,-1.2732393986672987,2,24,signal_flat,-0.022020788503929523,0.0
16_time_of_day_session_effect,1505,2024-12-05 12:00:00+00:00,2024-12-06 00:00:00+00:00,96593.5703125,99920.7109375,LONG,1.0,1.0,0.03444474217316973,0.0008,0.0004,0.0332244353278659,1.9959244694084672,2,24,signal_flat,0.0,0.03444474217316973
16_time_of_day_session_effect,1506,2024-12-06 12:00:00+00:00,2024-12-07 00:00:00+00:00,99920.7109375,99923.3359375,LONG,1.0,1.0,2.627082989481444e-05,0.0008,0.0004,-0.0011733849326032164,-0.06258375288512409,2,24,signal_flat,0.0,2.627082989481444e-05
16_time_of_day_session_effect,1507,2024-12-07 12:00:00+00:00,2024-12-08 00:00:00+00:00,99923.3359375,101236.015625,LONG,1.0,1.0,0.013136868131795154,0.0008,0.0004,0.011929346010915998,0.6675484248430607,2,24,signal_flat,0.0,0.013136868131795154
16_time_of_day_session_effect,1508,2024-12-08 12:00:00+00:00,2024-12-09 00:00:00+00:00,101236.015625,97432.71875,LONG,1.0,1.0,-0.03756861480096407,0.0008,0.0004,-0.03874571363208357,-2.079086286023346,2,24,signal_flat,-0.03756861480096407,0.0
16_time_of_day_session_effect,1509,2024-12-09 12:00:00+00:00,2024-12-10 00:00:00+00:00,97432.71875,96675.4296875,LONG,1.0,1.0,-0.007772430783165474,0.0008,0.0004,-0.008967407324695698,-0.5054884618267333,2,24,signal_flat,-0.007772430783165474,0.0
16_time_of_day_session_effect,1510,2024-12-10 12:00:00+00:00,2024-12-11 00:00:00+00:00,96675.4296875,101173.03125,LONG,1.0,1.0,0.04652269534294651,0.0008,0.0004,0.045295141725740784,2.597450724647652,2,24,signal_flat,0.0,0.04652269534294651
16_time_of_day_session_effect,1511,2024-12-11 12:00:00+00:00,2024-12-12 00:00:00+00:00,101173.03125,100043.0,LONG,1.0,1.0,-0.011169293200355757,0.0008,0.0004,-0.012362231624435616,-0.6994995168447787,2,24,signal_flat,-0.011169293200355757,0.0
16_time_of_day_session_effect,1512,2024-12-12 12:00:00+00:00,2024-12-13 00:00:00+00:00,100043.0,101459.2578125,LONG,1.0,1.0,0.014156490833941326,0.0008,0.0004,0.012948356939441075,0.7098886924991449,2,24,signal_flat,0.0,0.014156490833941326
16_time_of_day_session_effect,1513,2024-12-13 12:00:00+00:00,2024-12-14 00:00:00+00:00,101459.2578125,101372.96875,LONG,1.0,1.0,-0.0008504799301751742,0.0008,0.0004,-0.0020496096422171206,-0.11450175471047522,2,24,signal_flat,-0.0008504799301751742,0.0
16_time_of_day_session_effect,1514,2024-12-14 12:00:00+00:00,2024-12-15 00:00:00+00:00,101372.96875,104298.6953125,LONG,1.0,1.0,0.02886101293644905,0.0008,0.0004,0.027644056328687272,1.605442207348458,2,24,signal_flat,0.0,0.02886101293644905
16_time_of_day_session_effect,1515,2024-12-15 12:00:00+00:00,2024-12-16 00:00:00+00:00,104298.6953125,106029.71875,LONG,1.0,1.0,0.016596788984881483,0.0008,0.0004,0.015387190911490656,0.8243768146443945,2,24,signal_flat,0.0,0.016596788984881483
16_time_of_day_session_effect,1516,2024-12-16 12:00:00+00:00,2024-12-17 00:00:00+00:00,106029.71875,106140.6015625,LONG,1.0,1.0,0.001045771070669721,0.0008,0.0004,-0.000154496391972625,-0.008212595775548951,2,24,signal_flat,0.0,0.001045771070669721
16_time_of_day_session_effect,1517,2024-12-17 12:00:00+00:00,2024-12-18 00:00:00+00:00,106140.6015625,100041.5390625,LONG,1.0,1.0,-0.057462106019896764,0.0008,0.0004,-0.05862726875628488,-3.1209865220681547,2,24,signal_flat,-0.057462106019896764,0.0
16_time_of_day_session_effect,1518,2024-12-18 12:00:00+00:00,2024-12-19 00:00:00+00:00,100041.5390625,97490.953125,LONG,0.9720558553680275,0.9720558553680275,-0.024782825398330766,0.000777644684294422,0.000388822342147211,-0.025934498089116853,-1.2449938384747057,2,24,signal_flat,-0.025495268879325628,0.0
16_time_of_day_session_effect,1519,2024-12-19 12:00:00+00:00,2024-12-20 00:00:00+00:00,97490.953125,97755.9296875,LONG,0.9606113013422142,0.9606113013422142,0.002610903600480219,0.0007684890410737714,0.0003842445205368857,0.0014569973994322805,0.06912013890355213,2,24,signal_flat,0.0,0.002717960528709318
16_time_of_day_session_effect,1520,2024-12-20 12:00:00+00:00,2024-12-21 00:00:00+00:00,97755.9296875,97224.7265625,LONG,1.0,1.0,-0.005433973434635808,0.0008,0.0004,-0.006630353050575133,-0.35243457899620745,2,24,signal_flat,-0.005433973434635808,0.0
16_time_of_day_session_effect,1521,2024-12-21 12:00:00+00:00,2024-12-22 00:00:00+00:00,97224.7265625,95104.9375,LONG,1.0,1.0,-0.021802983021374844,0.0008,0.0004,-0.02298954123156216,-1.1974175778688496,2,24,signal_flat,-0.021802983021374844,0.0
16_time_of_day_session_effect,1522,2024-12-22 12:00:00+00:00,2024-12-23 00:00:00+00:00,95104.9375,94686.2421875,LONG,1.0,1.0,-0.004402456102765462,0.0008,0.0004,-0.005599454629103939,-0.28253994003856636,2,24,signal_flat,-0.004402456102765462,0.0
16_time_of_day_session_effect,1523,2024-12-23 12:00:00+00:00,2024-12-24 00:00:00+00:00,94686.2421875,98676.09375,LONG,1.0,1.0,0.04213760595334648,0.0008,0.0004,0.040912683389774385,2.3446651312071594,2,24,signal_flat,0.0,0.04213760595334648
16_time_of_day_session_effect,1524,2024-12-24 12:00:00+00:00,2024-12-25 00:00:00+00:00,98676.09375,99299.1953125,LONG,1.0,1.0,0.0063146152104343045,0.0008,0.0004,0.0051111864413080355,0.2567929496733011,2,24,signal_flat,0.0,0.0063146152104343045
16_time_of_day_session_effect,1525,2024-12-25 12:00:00+00:00,2024-12-26 00:00:00+00:00,99299.1953125,95795.515625,LONG,1.0,1.0,-0.03528406928650052,0.0008,0.0004,-0.03646253884492867,-2.1408361561362876,2,24,signal_flat,-0.03528406928650052,0.0
16_time_of_day_session_effect,1526,2024-12-26 12:00:00+00:00,2024-12-27 00:00:00+00:00,95795.515625,94164.859375,LONG,1.0,1.0,-0.017022260795415023,0.0008,0.0004,-0.018211687438937862,-0.971062186689644,2,24,signal_flat,-0.017022260795415023,0.0
16_time_of_day_session_effect,1527,2024-12-27 12:00:00+00:00,2024-12-28 00:00:00+00:00,94164.859375,95163.9296875,LONG,1.0,1.0,0.010609799867287384,0.0008,0.0004,0.009403793987367015,0.4960043294500639,2,24,signal_flat,0.0,0.010609799867287384
16_time_of_day_session_effect,1528,2024-12-28 12:00:00+00:00,2024-12-29 00:00:00+00:00,95163.9296875,93530.2265625,LONG,1.0,1.0,-0.017167251608511402,0.0008,0.0004,-0.018356591257546406,-0.9338834459251001,2,24,signal_flat,-0.017167251608511402,0.0
16_time_of_day_session_effect,1529,2024-12-29 12:00:00+00:00,2024-12-30 00:00:00+00:00,93530.2265625,92643.2109375,LONG,1.0,1.0,-0.00948373223930199,0.0008,0.0004,-0.010677681999958444,-0.5673304362007966,2,24,signal_flat,-0.00948373223930199,0.0
16_time_of_day_session_effect,1530,2024-12-30 12:00:00+00:00,2024-12-31 00:00:00+00:00,92643.2109375,93429.203125,LONG,1.0,1.0,0.008484077565384274,0.0008,0.0004,0.0072793471188450365,0.3974994839360744,2,24,signal_flat,0.0,0.008484077565384274
16_time_of_day_session_effect,1531,2024-12-31 12:00:00+00:00,2025-01-01 00:00:00+00:00,93429.203125,94419.7578125,LONG,1.0,1.0,0.010602195613021781,0.0008,0.0004,0.00939619429565397,0.4986264777353289,2,24,signal_flat,0.0,0.010602195613021781
16_time_of_day_session_effect,1532,2025-01-01 12:00:00+00:00,2025-01-02 00:00:00+00:00,94419.7578125,96886.875,LONG,1.0,1.0,0.026129247147606893,0.0008,0.0004,0.024913929599318374,1.6076596037257052,2,24,signal_flat,0.0,0.026129247147606893
16_time_of_day_session_effect,1533,2025-01-02 12:00:00+00:00,2025-01-03 00:00:00+00:00,96886.875,98107.4296875,LONG,1.0,1.0,0.012597729955682757,0.0008,0.0004,0.011390531317709396,0.732872858738413,2,24,signal_flat,0.0,0.012597729955682757
16_time_of_day_session_effect,1534,2025-01-03 12:00:00+00:00,2025-01-04 00:00:00+00:00,98107.4296875,98236.2265625,LONG,1.0,1.0,0.0013128146911018934,0.0008,0.0004,0.00011238700228721754,0.00691697460447709,2,24,signal_flat,0.0,0.0013128146911018934
16_time_of_day_session_effect,1535,2025-01-04 12:00:00+00:00,2025-01-05 00:00:00+00:00,98236.2265625,98314.9609375,LONG,1.0,1.0,0.0008014800420892421,0.0008,0.0004,-0.0003986408459359936,-0.024987467549478327,2,24,signal_flat,0.0,0.0008014800420892421
16_time_of_day_session_effect,1536,2025-01-21 12:00:00+00:00,2025-01-22 00:00:00+00:00,106146.265625,103653.0703125,LONG,1.0,1.0,-0.023488299826845638,0.0008,0.0004,-0.02467384684694962,-1.2705728934595175,2,24,signal_flat,-0.023488299826845638,0.0
16_time_of_day_session_effect,1537,2025-01-22 12:00:00+00:00,2025-01-23 00:00:00+00:00,103653.0703125,103960.171875,LONG,1.0,1.0,0.002962783076025932,0.0008,0.0004,0.0017613654061803263,0.08935356247440382,2,24,signal_flat,0.0,0.002962783076025932
16_time_of_day_session_effect,1538,2025-01-23 12:00:00+00:00,2025-01-24 00:00:00+00:00,103960.171875,104819.484375,LONG,1.0,1.0,0.008265785680243276,0.0008,0.0004,0.007061186208835224,0.392279461108984,2,24,signal_flat,0.0,0.008265785680243276
16_time_of_day_session_effect,1539,2025-01-24 12:00:00+00:00,2025-01-25 00:00:00+00:00,104819.484375,104714.6484375,LONG,1.0,1.0,-0.0010001569662844156,0.0008,0.0004,-0.0021991968721046806,-0.13029786583321978,2,24,signal_flat,-0.0010001569662844156,0.0
16_time_of_day_session_effect,1540,2025-01-25 12:00:00+00:00,2025-01-26 00:00:00+00:00,104714.6484375,102682.5,LONG,1.0,1.0,-0.019406534499448846,0.0008,0.0004,-0.02059453057874927,-1.2223761631404815,2,24,signal_flat,-0.019406534499448846,0.0
16_time_of_day_session_effect,1541,2025-01-26 12:00:00+00:00,2025-01-27 00:00:00+00:00,102682.5,102087.6875,LONG,1.0,1.0,-0.005792734886665207,0.0008,0.0004,-0.0069888992457333154,-0.3845316261984357,2,24,signal_flat,-0.005792734886665207,0.0
16_time_of_day_session_effect,1542,2025-01-27 12:00:00+00:00,2025-01-28 00:00:00+00:00,102087.6875,101332.4765625,LONG,1.0,1.0,-0.007397669160641884,0.0008,0.0004,-0.008592870559145593,-0.4627876564362855,2,24,signal_flat,-0.007397669160641884,0.0
16_time_of_day_session_effect,1543,2025-01-28 12:00:00+00:00,2025-01-29 00:00:00+00:00,101332.4765625,103703.2109375,LONG,1.0,1.0,0.023395602825692086,0.0008,0.0004,0.022181925463996777,1.2623922378032948,2,24,signal_flat,0.0,0.023395602825692086
16_time_of_day_session_effect,1544,2025-01-29 12:00:00+00:00,2025-01-30 00:00:00+00:00,103703.2109375,104735.3046875,LONG,1.0,1.0,0.009952379879751394,0.0008,0.0004,0.00874676845182365,0.5364601959096923,2,24,signal_flat,0.0,0.009952379879751394
16_time_of_day_session_effect,1545,2025-01-30 12:00:00+00:00,2025-01-31 00:00:00+00:00,104735.3046875,102405.0234375,LONG,1.0,1.0,-0.022249243050878498,0.0008,0.0004,-0.023435533505048012,-1.4216989988248696,2,24,signal_flat,-0.022249243050878498,0.0
16_time_of_day_session_effect,1546,2025-01-31 12:00:00+00:00,2025-02-01 00:00:00+00:00,102405.0234375,100655.90625,LONG,1.0,1.0,-0.017080384621634526,0.0008,0.0004,-0.01826977639086158,-1.2424694820099373,2,24,signal_flat,-0.017080384621634526,0.0
16_time_of_day_session_effect,1547,2025-02-01 12:00:00+00:00,2025-02-02 00:00:00+00:00,100655.90625,97688.9765625,LONG,1.0,1.0,-0.02947596219670423,0.0008,0.0004,-0.030657916619386327,-1.929684078279846,2,24,signal_flat,-0.02947596219670423,0.0
16_time_of_day_session_effect,1548,2025-02-02 12:00:00+00:00,2025-02-03 00:00:00+00:00,97688.9765625,101405.421875,LONG,1.0,1.0,0.03804365081173988,0.0008,0.0004,0.036821184621252945,2.34191192225454,2,24,signal_flat,0.0,0.03804365081173988
16_time_of_day_session_effect,1549,2025-02-03 12:00:00+00:00,2025-02-04 00:00:00+00:00,101405.421875,97871.8203125,LONG,1.0,1.0,-0.034846278405663456,0.0008,0.0004,-0.03602501063862018,-2.0255769260021013,2,24,signal_flat,-0.034846278405663456,0.0
16_time_of_day_session_effect,1550,2025-02-04 12:00:00+00:00,2025-02-05 00:00:00+00:00,97871.8203125,96615.4453125,LONG,1.0,1.0,-0.012836943218062724,0.0008,0.0004,-0.014028881052131958,-0.8070610614430925,2,24,signal_flat,-0.012836943218062724,0.0
16_time_of_day_session_effect,1551,2025-02-05 12:00:00+00:00,2025-02-06 00:00:00+00:00,96615.4453125,96593.296875,LONG,1.0,1.0,-0.00022924323774897726,0.0008,0.0004,-0.001428745691806399,-0.08595579955862015,2,24,signal_flat,-0.00022924323774897726,0.0
16_time_of_day_session_effect,1552,2025-02-06 12:00:00+00:00,2025-02-07 00:00:00+00:00,96593.296875,96529.0859375,LONG,1.0,1.0,-0.0006647556256734743,0.0008,0.0004,-0.0018639967722982043,-0.11347420640465448,2,24,signal_flat,-0.0006647556256734743,0.0
16_time_of_day_session_effect,1553,2025-02-07 12:00:00+00:00,2025-02-08 00:00:00+00:00,96529.0859375,96482.453125,LONG,1.0,1.0,-0.00048309597099249757,0.0008,0.0004,-0.0016824461134099522,-0.10592293264108149,2,24,signal_flat,-0.00048309597099249757,0.0
16_time_of_day_session_effect,1554,2025-02-08 12:00:00+00:00,2025-02-09 00:00:00+00:00,96482.453125,96500.09375,LONG,1.0,1.0,0.00018283765004545316,0.0008,0.0004,-0.0010169120525446163,-0.06417165359409337,2,24,signal_flat,0.0,0.00018283765004545316
16_time_of_day_session_effect,1555,2025-02-09 12:00:00+00:00,2025-02-10 00:00:00+00:00,96500.09375,97437.5546875,LONG,1.0,1.0,0.009714611676219231,0.0008,0.0004,0.008509142909213452,0.5879067327406936,2,24,signal_flat,0.0,0.009714611676219231
16_time_of_day_session_effect,1556,2025-02-10 12:00:00+00:00,2025-02-11 00:00:00+00:00,97437.5546875,95747.4296875,LONG,1.0,1.0,-0.017345724709743937,0.0008,0.0004,-0.018534957274918162,-1.256286914654277,2,24,signal_flat,-0.017345724709743937,0.0
16_time_of_day_session_effect,1557,2025-02-11 12:00:00+00:00,2025-02-12 00:00:00+00:00,95747.4296875,97885.859375,LONG,1.0,1.0,0.02233406885677658,0.0008,0.0004,0.021121028415462595,1.3657894817825837,2,24,signal_flat,0.0,0.02233406885677658
16_time_of_day_session_effect,1558,2025-02-12 12:00:00+00:00,2025-02-13 00:00:00+00:00,97885.859375,96623.8671875,LONG,1.0,1.0,-0.012892487184132717,0.0008,0.0004,-0.014084391691822296,-0.9152535939209787,2,24,signal_flat,-0.012892487184132717,0.0
16_time_of_day_session_effect,1559,2025-02-13 12:00:00+00:00,2025-02-14 00:00:00+00:00,96623.8671875,97508.96875,LONG,1.0,1.0,0.009160278803397981,0.0008,0.0004,0.007955142636115964,0.5099934079162767,2,24,signal_flat,0.0,0.009160278803397981
16_time_of_day_session_effect,1560,2025-02-14 12:00:00+00:00,2025-02-15 00:00:00+00:00,97508.96875,97580.3515625,LONG,1.0,1.0,0.0007320640697474623,0.0008,0.0004,-0.0004680151686943246,-0.03191681062689343,2,24,signal_flat,0.0,0.0007320640697474623
16_time_of_day_session_effect,1561,2025-02-15 12:00:00+00:00,2025-02-16 00:00:00+00:00,97580.3515625,96175.03125,LONG,1.0,1.0,-0.014401672980240199,0.0008,0.0004,-0.0155926719764522,-1.155367281378487,2,24,signal_flat,-0.014401672980240199,0.0
16_time_of_day_session_effect,1562,2025-05-22 12:00:00+00:00,2025-05-23 00:00:00+00:00,111673.28125,107287.796875,LONG,1.0,1.0,-0.03927066820202352,0.0008,0.0004,-0.04044674580110241,-3.5415505909076246,2,24,signal_flat,-0.03927066820202352,0.0
16_time_of_day_session_effect,1563,2025-05-23 12:00:00+00:00,2025-05-24 00:00:00+00:00,107287.796875,107791.15625,LONG,1.0,1.0,0.004691674073487251,0.0008,0.0004,0.0034892190690432034,0.24854720910968398,2,24,signal_flat,0.0,0.004691674073487251
16_time_of_day_session_effect,1564,2025-05-24 12:00:00+00:00,2025-05-25 00:00:00+00:00,107791.15625,109035.390625,LONG,1.0,1.0,0.011543009819045436,0.0008,0.0004,0.010336444013153923,0.7844515159272891,2,24,signal_flat,0.0,0.011543009819045436
16_time_of_day_session_effect,1565,2025-05-25 12:00:00+00:00,2025-05-26 00:00:00+00:00,109035.390625,109440.3671875,LONG,1.0,1.0,0.003714175371671846,0.0008,0.0004,0.0025123068664487658,0.18474680478611152,2,24,signal_flat,0.0,0.003714175371671846
16_time_of_day_session_effect,1566,2025-05-26 12:00:00+00:00,2025-05-27 00:00:00+00:00,109440.3671875,108994.640625,LONG,1.0,1.0,-0.004072780217708405,0.0008,0.0004,-0.005269976549577837,-0.4061161366100194,2,24,signal_flat,-0.004072780217708405,0.0
16_time_of_day_session_effect,1567,2025-05-27 12:00:00+00:00,2025-05-28 00:00:00+00:00,108994.640625,107802.328125,LONG,1.0,1.0,-0.010939184653144474,0.0008,0.0004,-0.012132261142352663,-0.9843803055785867,2,24,signal_flat,-0.010939184653144474,0.0
16_time_of_day_session_effect,1568,2025-05-28 12:00:00+00:00,2025-05-29 00:00:00+00:00,107802.328125,105641.7578125,LONG,1.0,1.0,-0.020041963379443528,0.0008,0.0004,-0.02122957820141591,-1.675065365161065,2,24,signal_flat,-0.020041963379443528,0.0
16_time_of_day_session_effect,1569,2025-05-29 12:00:00+00:00,2025-05-30 00:00:00+00:00,105641.7578125,103998.5703125,LONG,1.0,1.0,-0.015554336978341854,0.0008,0.0004,-0.01674464437615497,-1.1991406706173502,2,24,signal_flat,-0.015554336978341854,0.0
16_time_of_day_session_effect,1570,2025-05-30 12:00:00+00:00,2025-05-31 00:00:00+00:00,103998.5703125,104638.09375,LONG,1.0,1.0,0.006149348357177731,0.0008,0.0004,0.004946018748163361,0.3319679859616893,2,24,signal_flat,0.0,0.006149348357177731
16_time_of_day_session_effect,1571,2025-05-31 12:00:00+00:00,2025-06-01 00:00:00+00:00,104638.09375,105652.1015625,LONG,1.0,1.0,0.009690618169351017,0.0008,0.0004,0.008485163798449324,0.5607244411002165,2,24,signal_flat,0.0,0.009690618169351017
16_time_of_day_session_effect,1572,2025-06-01 12:00:00+00:00,2025-06-02 00:00:00+00:00,105652.1015625,105881.53125,LONG,1.0,1.0,0.0021715582000447764,0.0008,0.0004,0.0009706152651247635,0.0715178967904597,2,24,signal_flat,0.0,0.0021715582000447764
16_time_of_day_session_effect,1573,2025-06-02 12:00:00+00:00,2025-06-03 00:00:00+00:00,105881.53125,105432.46875,LONG,1.0,1.0,-0.004241178746647534,0.0008,0.0004,-0.005438274039399671,-0.41314217845166956,2,24,signal_flat,-0.004241178746647534,0.0
16_time_of_day_session_effect,1574,2025-06-03 12:00:00+00:00,2025-06-04 00:00:00+00:00,105432.46875,104731.984375,LONG,1.0,1.0,-0.0066439151364365845,0.0008,0.0004,-0.007839568787354811,-0.6190088647170868,2,24,signal_flat,-0.0066439151364365845,0.0
16_time_of_day_session_effect,1575,2025-06-04 12:00:00+00:00,2025-06-05 00:00:00+00:00,104731.984375,101575.953125,LONG,1.0,1.0,-0.030134359325224014,0.0008,0.0004,-0.03131591870962902,-2.7939996766005435,2,24,signal_flat,-0.030134359325224014,0.0
16_time_of_day_session_effect,1576,2025-06-05 12:00:00+00:00,2025-06-06 00:00:00+00:00,101575.953125,104390.34375,LONG,1.0,1.0,0.027707252931573167,0.0008,0.0004,0.026490988579814134,2.196355206983017,2,24,signal_flat,0.0,0.027707252931573167
16_time_of_day_session_effect,1577,2025-06-06 12:00:00+00:00,2025-06-07 00:00:00+00:00,104390.34375,105615.625,LONG,1.0,1.0,0.011737496074678777,0.0008,0.0004,0.010530813577033893,0.9372901681788911,2,24,signal_flat,0.0,0.011737496074678777
16_time_of_day_session_effect,1578,2025-06-07 12:00:00+00:00,2025-06-08 00:00:00+00:00,105615.625,105793.6484375,LONG,1.0,1.0,0.0016855786016509722,0.0008,0.0004,0.0004849272544900085,0.04131028919166259,2,24,signal_flat,0.0,0.0016855786016509722
16_time_of_day_session_effect,1579,2025-06-08 12:00:00+00:00,2025-06-09 00:00:00+00:00,105793.6484375,110294.1015625,LONG,1.0,1.0,0.04253991795791734,0.0008,0.0004,0.04131475400714257,3.7441256477832403,2,24,signal_flat,0.0,0.04253991795791734
16_time_of_day_session_effect,1580,2025-06-09 12:00:00+00:00,2025-06-10 00:00:00+00:00,110294.1015625,110257.234375,LONG,1.0,1.0,-0.0003342625487465778,0.0008,0.0004,-0.0015337019912173844,-0.11107487800098054,2,24,signal_flat,-0.0003342625487465778,0.0
16_time_of_day_session_effect,1581,2025-06-10 12:00:00+00:00,2025-06-11 00:00:00+00:00,110257.234375,108686.625,LONG,1.0,1.0,-0.014244955298426398,0.0008,0.0004,-0.015436048325247476,-1.139967133916486,2,24,signal_flat,-0.014244955298426398,0.0
16_time_of_day_session_effect,1582,2025-06-11 12:00:00+00:00,2025-06-12 00:00:00+00:00,108686.625,105929.0546875,LONG,1.0,1.0,-0.025371753999169577,0.0008,0.0004,-0.026556170946770208,-1.9275854100757668,2,24,signal_flat,-0.025371753999169577,0.0
16_time_of_day_session_effect,1583,2025-06-12 12:00:00+00:00,2025-06-13 00:00:00+00:00,105929.0546875,106090.96875,LONG,1.0,1.0,0.0015285141831733462,0.0008,0.0004,0.00032795707466348745,0.023164721119036284,2,24,signal_flat,0.0,0.0015285141831733462
16_time_of_day_session_effect,1584,2025-06-13 12:00:00+00:00,2025-06-14 00:00:00+00:00,106090.96875,105472.40625,LONG,1.0,1.0,-0.0058304915798971235,0.0008,0.0004,-0.007026633284949235,-0.5341105821570833,2,24,signal_flat,-0.0058304915798971235,0.0
16_time_of_day_session_effect,1585,2025-06-14 12:00:00+00:00,2025-06-15 00:00:00+00:00,105472.40625,105552.0234375,LONG,1.0,1.0,0.0007548627203146641,0.0008,0.0004,-0.00044523019731745883,-0.033901664043493915,2,24,signal_flat,0.0,0.0007548627203146641
16_time_of_day_session_effect,1586,2025-06-15 12:00:00+00:00,2025-06-16 00:00:00+00:00,105552.0234375,106796.7578125,LONG,1.0,1.0,0.011792615001237072,0.0008,0.0004,0.010585899432236312,0.8472297406477578,2,24,signal_flat,0.0,0.011792615001237072
16_time_of_day_session_effect,1587,2025-06-16 12:00:00+00:00,2025-06-17 00:00:00+00:00,106796.7578125,104601.1171875,LONG,1.0,1.0,-0.020559056941174436,0.0008,0.0004,-0.021746361507009815,-1.6497087835056201,2,24,signal_flat,-0.020559056941174436,0.0
16_time_of_day_session_effect,1588,2025-06-17 12:00:00+00:00,2025-06-18 00:00:00+00:00,104601.1171875,104883.328125,LONG,1.0,1.0,0.0026979724986506692,0.0008,0.0004,0.0014967137151515875,0.10431876455662144,2,24,signal_flat,0.0,0.0026979724986506692
16_time_of_day_session_effect,1589,2025-06-18 12:00:00+00:00,2025-06-19 00:00:00+00:00,104883.328125,104684.2890625,LONG,1.0,1.0,-0.0018977187896134229,0.0008,0.0004,-0.0030962201583397686,-0.22012635895887991,2,24,signal_flat,-0.0018977187896134229,0.0
16_time_of_day_session_effect,1590,2025-06-19 12:00:00+00:00,2025-06-20 00:00:00+00:00,104684.2890625,103309.6015625,LONG,1.0,1.0,-0.013131746055793259,0.0008,0.0004,-0.014323507008159875,-1.188796458392563,2,24,signal_flat,-0.013131746055793259,0.0
16_time_of_day_session_effect,1591,2025-06-20 12:00:00+00:00,2025-06-21 00:00:00+00:00,103309.6015625,102257.40625,LONG,1.0,1.0,-0.010184874363913243,0.0008,0.0004,-0.01137840343929497,-1.0336824923256889,2,24,signal_flat,-0.010184874363913243,0.0
16_time_of_day_session_effect,1592,2025-06-21 12:00:00+00:00,2025-06-22 00:00:00+00:00,102257.40625,100987.140625,LONG,1.0,1.0,-0.012422235919953284,0.0008,0.0004,-0.013614422578401397,-1.2494035922636855,2,24,signal_flat,-0.012422235919953284,0.0
16_time_of_day_session_effect,1593,2025-06-22 12:00:00+00:00,2025-06-23 00:00:00+00:00,100987.140625,105577.7734375,LONG,1.0,1.0,0.04545759771084712,0.0008,0.0004,0.04423068315222056,3.7921847995156988,2,24,signal_flat,0.0,0.04545759771084712
16_time_of_day_session_effect,1594,2025-06-23 12:00:00+00:00,2025-06-24 00:00:00+00:00,105577.7734375,106045.6328125,LONG,1.0,1.0,0.004431419225533917,0.0008,0.0004,0.003229120373998695,0.27199356450980827,2,24,signal_flat,0.0,0.004431419225533917
16_time_of_day_session_effect,1595,2025-06-24 12:00:00+00:00,2025-06-25 00:00:00+00:00,106045.6328125,107361.2578125,LONG,1.0,1.0,0.012406215749838134,0.0008,0.0004,0.011199132020388358,0.9206253406039054,2,24,signal_flat,0.0,0.012406215749838134
16_time_of_day_session_effect,1596,2025-06-25 12:00:00+00:00,2025-06-26 00:00:00+00:00,107361.2578125,106960.0,LONG,1.0,1.0,-0.003737454466123835,0.0008,0.0004,-0.004934851993444234,-0.41009751024174845,2,24,signal_flat,-0.003737454466123835,0.0
16_time_of_day_session_effect,1597,2025-06-26 12:00:00+00:00,2025-06-27 00:00:00+00:00,106960.0,107088.4296875,LONG,1.0,1.0,0.0012007263229245613,0.0008,0.0004,3.6588713081542323e-07,3.488607924373272e-05,2,24,signal_flat,0.0,0.0012007263229245613
16_time_of_day_session_effect,1598,2025-06-27 12:00:00+00:00,2025-06-28 00:00:00+00:00,107088.4296875,107327.703125,LONG,1.0,1.0,0.002234353778444831,0.0008,0.0004,0.0010333731661777978,0.09874902273695503,2,24,signal_flat,0.0,0.002234353778444831
16_time_of_day_session_effect,1599,2025-06-28 12:00:00+00:00,2025-06-29 00:00:00+00:00,107327.703125,108385.5703125,LONG,1.0,1.0,0.009856422495764683,0.0008,0.0004,0.008650868642267273,0.8474783848437993,2,24,signal_flat,0.0,0.009856422495764683
16_time_of_day_session_effect,1600,2025-07-08 12:00:00+00:00,2025-07-09 00:00:00+00:00,108950.2734375,111326.5546875,LONG,1.0,1.0,0.021810695604753683,0.0008,0.0004,0.020597969187390763,2.1869355792034955,2,24,signal_flat,0.0,0.021810695604753683
16_time_of_day_session_effect,1601,2025-07-09 12:00:00+00:00,2025-07-10 00:00:00+00:00,111326.5546875,115987.203125,LONG,1.0,1.0,0.041864660687494615,0.0008,0.0004,0.04063990189108213,4.027583550718884,2,24,signal_flat,0.0,0.041864660687494615
16_time_of_day_session_effect,1602,2025-07-10 12:00:00+00:00,2025-07-11 00:00:00+00:00,115987.203125,117516.9921875,LONG,1.0,1.0,0.013189291760499877,0.0008,0.0004,0.01198173818544368,0.9350677233820794,2,24,signal_flat,0.0,0.013189291760499877
16_time_of_day_session_effect,1603,2025-07-11 12:00:00+00:00,2025-07-12 00:00:00+00:00,117516.9921875,117435.2265625,LONG,1.0,1.0,-0.0006957770402219454,0.0008,0.0004,-0.0018949995739978576,-0.13862376937581936,2,24,signal_flat,-0.0006957770402219454,0.0
16_time_of_day_session_effect,1604,2025-07-12 12:00:00+00:00,2025-07-13 00:00:00+00:00,117435.2265625,119116.1171875,LONG,1.0,1.0,0.014313342548076147,0.0008,0.0004,0.01310511454254737,0.9664401271769903,2,24,signal_flat,0.0,0.014313342548076147
16_time_of_day_session_effect,1605,2025-07-13 12:00:00+00:00,2025-07-14 00:00:00+00:00,119116.1171875,119849.703125,LONG,1.0,1.0,0.006158578325259345,0.0008,0.0004,0.004955243178264235,0.3570434378903368,2,24,signal_flat,0.0,0.006158578325259345
16_time_of_day_session_effect,1606,2025-07-14 12:00:00+00:00,2025-07-15 00:00:00+00:00,119849.703125,117777.1875,LONG,1.0,1.0,-0.01729262210051885,0.0008,0.0004,-0.018481886527258573,-1.3695856260292836,2,24,signal_flat,-0.01729262210051885,0.0
16_time_of_day_session_effect,1607,2025-07-15 12:00:00+00:00,2025-07-16 00:00:00+00:00,117777.1875,118738.5078125,LONG,1.0,1.0,0.00816219450392297,0.0008,0.0004,0.006957657187220745,0.505218026888495,2,24,signal_flat,0.0,0.00816219450392297
16_time_of_day_session_effect,1608,2025-07-16 12:00:00+00:00,2025-07-17 00:00:00+00:00,118738.5078125,119289.84375,LONG,1.0,1.0,0.004643278306736054,0.0008,0.0004,0.0034408523397519986,0.28161127676075826,2,24,signal_flat,0.0,0.004643278306736054
16_time_of_day_session_effect,1609,2025-07-17 12:00:00+00:00,2025-07-18 00:00:00+00:00,119289.84375,118003.2265625,LONG,1.0,1.0,-0.01078563897020779,0.0008,0.0004,-0.01197880758682579,-0.9955270707469849,2,24,signal_flat,-0.01078563897020779,0.0
16_time_of_day_session_effect,1610,2025-07-18 12:00:00+00:00,2025-07-19 00:00:00+00:00,118003.2265625,117939.9765625,LONG,1.0,1.0,-0.0005360022928398989,0.0008,0.0004,-0.0017353206914643149,-0.1476636323755336,2,24,signal_flat,-0.0005360022928398989,0.0
16_time_of_day_session_effect,1611,2025-07-19 12:00:00+00:00,2025-07-20 00:00:00+00:00,117939.9765625,117300.7890625,LONG,1.0,1.0,-0.00541960002562214,0.0008,0.0004,-0.006615988265606831,-0.5674095036919217,2,24,signal_flat,-0.00541960002562214,0.0
16_time_of_day_session_effect,1612,2025-07-20 12:00:00+00:00,2025-07-21 00:00:00+00:00,117300.7890625,117439.5390625,LONG,1.0,1.0,0.0011828564931994912,0.0008,0.0004,-1.749322069644066e-05,-0.001536305345748666,2,24,signal_flat,0.0,0.0011828564931994912
16_time_of_day_session_effect,1613,2025-07-21 12:00:00+00:00,2025-07-22 00:00:00+00:00,117439.5390625,119995.4140625,LONG,1.0,1.0,0.02176332622218302,0.0008,0.0004,0.02055062822644982,1.8920705529513286,2,24,signal_flat,0.0,0.02176332622218302
16_time_of_day_session_effect,1614,2025-07-22 12:00:00+00:00,2025-07-23 00:00:00+00:00,119995.4140625,118754.9609375,LONG,1.0,1.0,-0.010337504434577038,0.0008,0.0004,-0.011530941931916394,-0.9619547189495391,2,24,signal_flat,-0.010337504434577038,0.0
16_time_of_day_session_effect,1615,2025-07-23 12:00:00+00:00,2025-07-24 00:00:00+00:00,118754.9609375,118368.0,LONG,1.0,1.0,-0.0032584822936673197,0.0008,0.0004,-0.004456167204291206,-0.39903080405062896,2,24,signal_flat,-0.0032584822936673197,0.0
16_time_of_day_session_effect,1616,2025-07-24 12:00:00+00:00,2025-07-25 00:00:00+00:00,118368.0,117635.8828125,LONG,1.0,1.0,-0.006185093838706357,0.0008,0.0004,-0.007381022782403268,-0.8776595851251611,2,24,signal_flat,-0.006185093838706357,0.0
16_time_of_day_session_effect,1617,2025-07-25 12:00:00+00:00,2025-07-26 00:00:00+00:00,117635.8828125,117947.3671875,LONG,1.0,1.0,0.002647868724685587,0.0008,0.0004,0.0014466400034507387,0.18289690298870118,2,24,signal_flat,0.0,0.002647868724685587
16_time_of_day_session_effect,1618,2025-07-26 12:00:00+00:00,2025-07-27 00:00:00+00:00,117947.3671875,119448.4921875,LONG,1.0,1.0,0.012727075099638885,0.0008,0.0004,0.01151979885457921,1.4312037618786733,2,24,signal_flat,0.0,0.012727075099638885
16_time_of_day_session_effect,1619,2025-07-27 12:00:00+00:00,2025-07-28 00:00:00+00:00,119448.4921875,117924.4765625,LONG,1.0,1.0,-0.012758768211219684,0.0008,0.0004,-0.013950752950293022,-1.7579687441877732,2,24,signal_flat,-0.012758768211219684,0.0
16_time_of_day_session_effect,1620,2025-07-28 12:00:00+00:00,2025-07-29 00:00:00+00:00,117924.4765625,117922.1484375,LONG,1.0,1.0,-1.9742508661990676e-05,0.0008,0.0004,-0.0012193706631569157,-0.14503945710989885,2,24,signal_flat,-1.9742508661990676e-05,0.0
16_time_of_day_session_effect,1621,2025-07-29 12:00:00+00:00,2025-07-30 00:00:00+00:00,117922.1484375,117831.1875,LONG,1.0,1.0,-0.0007713643170961237,0.0008,0.0004,-0.001970541498505951,-0.27470164724960244,2,24,signal_flat,-0.0007713643170961237,0.0
16_time_of_day_session_effect,1622,2025-07-30 12:00:00+00:00,2025-07-31 00:00:00+00:00,117831.1875,115758.203125,LONG,1.0,1.0,-0.017592832754910526,0.0008,0.0004,-0.01878191705525767,-2.8262730351130805,2,24,signal_flat,-0.017592832754910526,0.0
16_time_of_day_session_effect,1623,2025-07-31 12:00:00+00:00,2025-08-01 00:00:00+00:00,115758.203125,113320.0859375,LONG,1.0,1.0,-0.021062154747402473,0.0008,0.0004,-0.022249157454554136,-2.9389517987003844,2,24,signal_flat,-0.021062154747402473,0.0
16_time_of_day_session_effect,1624,2025-08-01 12:00:00+00:00,2025-08-02 00:00:00+00:00,113320.0859375,112526.9140625,LONG,1.0,1.0,-0.006999393518263508,0.0008,0.0004,-0.008194833882152586,-0.9867971586379485,2,24,signal_flat,-0.006999393518263508,0.0
16_time_of_day_session_effect,1625,2025-08-02 12:00:00+00:00,2025-08-03 00:00:00+00:00,112526.9140625,114217.671875,LONG,1.0,1.0,0.015025363723748075,0.0008,0.0004,0.013816708505513864,1.5761437631873532,2,24,signal_flat,0.0,0.015025363723748075
16_time_of_day_session_effect,1626,2025-08-03 12:00:00+00:00,2025-08-04 00:00:00+00:00,114217.671875,115071.8828125,LONG,1.0,1.0,0.007478798363486527,0.0008,0.0004,0.006274671084468553,0.6638266639886625,2,24,signal_flat,0.0,0.007478798363486527
16_time_of_day_session_effect,1627,2025-08-04 12:00:00+00:00,2025-08-05 00:00:00+00:00,115071.8828125,114141.4453125,LONG,1.0,1.0,-0.008085706753543476,0.0008,0.0004,-0.00928049532949149,-0.9372359937456711,2,24,signal_flat,-0.008085706753543476,0.0
16_time_of_day_session_effect,1628,2025-08-05 12:00:00+00:00,2025-08-06 00:00:00+00:00,114141.4453125,115028.0,LONG,1.0,1.0,0.007767158415357134,0.0008,0.0004,0.0065628581203078795,0.7353333645992868,2,24,signal_flat,0.0,0.007767158415357134
16_time_of_day_session_effect,1629,2025-08-06 12:00:00+00:00,2025-08-07 00:00:00+00:00,115028.0,117496.8984375,LONG,1.0,1.0,0.021463456180234486,0.0008,0.0004,0.02025093810652634,2.31666603405932,2,24,signal_flat,0.0,0.021463456180234486
16_time_of_day_session_effect,1630,2025-08-07 12:00:00+00:00,2025-08-08 00:00:00+00:00,117496.8984375,116688.7265625,LONG,1.0,1.0,-0.0068782400705657,0.0008,0.0004,-0.008073753126523475,-0.8040169501789962,2,24,signal_flat,-0.0068782400705657,0.0
16_time_of_day_session_effect,1631,2025-08-08 12:00:00+00:00,2025-08-09 00:00:00+00:00,116688.7265625,116500.359375,LONG,1.0,1.0,-0.0016142706587778388,0.0008,0.0004,-0.002812942096382609,-0.27874977494519554,2,24,signal_flat,-0.0016142706587778388,0.0
16_time_of_day_session_effect,1632,2025-08-09 12:00:00+00:00,2025-08-10 00:00:00+00:00,116500.359375,119306.7578125,LONG,1.0,1.0,0.02408918266480664,0.0008,0.0004,0.02287508915520786,2.283523753531885,2,24,signal_flat,0.0,0.02408918266480664
16_time_of_day_session_effect,1633,2025-08-10 12:00:00+00:00,2025-08-11 00:00:00+00:00,119306.7578125,118731.4453125,LONG,1.0,1.0,-0.004822128356753663,0.0008,0.0004,-0.0060188750797397494,-0.5558092061869557,2,24,signal_flat,-0.004822128356753663,0.0
16_time_of_day_session_effect,1634,2025-08-11 12:00:00+00:00,2025-08-12 00:00:00+00:00,118731.4453125,120172.90625,LONG,1.0,1.0,0.012140515376580119,0.0008,0.0004,0.010933591067354254,1.0654311648319306,2,24,signal_flat,0.0,0.012140515376580119
16_time_of_day_session_effect,1635,2025-08-12 12:00:00+00:00,2025-08-13 00:00:00+00:00,120172.90625,123344.0625,LONG,1.0,1.0,0.026388279596092357,0.0008,0.0004,0.025172806628334765,2.2621350064255337,2,24,signal_flat,0.0,0.026388279596092357
16_time_of_day_session_effect,1636,2025-08-13 12:00:00+00:00,2025-08-14 00:00:00+00:00,123344.0625,118359.578125,LONG,1.0,1.0,-0.040411222672351976,0.0008,0.0004,-0.04158661593874868,-3.209419034726077,2,24,signal_flat,-0.040411222672351976,0.0
16_time_of_day_session_effect,1637,2025-08-14 12:00:00+00:00,2025-08-15 00:00:00+00:00,118359.578125,117398.3515625,LONG,1.0,1.0,-0.008121240187970669,0.0008,0.0004,-0.009316007443857965,-0.6386267494555041,2,24,signal_flat,-0.008121240187970669,0.0
16_time_of_day_session_effect,1638,2025-08-15 12:00:00+00:00,2025-08-16 00:00:00+00:00,117398.3515625,117491.3515625,LONG,1.0,1.0,0.0007921746665282559,0.0008,0.0004,-0.0004079406382716533,-0.029856864016657242,2,24,signal_flat,0.0,0.0007921746665282559
16_time_of_day_session_effect,1639,2025-08-16 12:00:00+00:00,2025-08-17 00:00:00+00:00,117491.3515625,117453.0625,LONG,1.0,1.0,-0.00032588834829794244,0.0008,0.0004,-0.0015253328152891044,-0.11538210743739202,2,24,signal_flat,-0.00032588834829794244,0.0
16_time_of_day_session_effect,1640,2025-08-17 12:00:00+00:00,2025-08-18 00:00:00+00:00,117453.0625,116252.3125,LONG,1.0,1.0,-0.01022323279139703,0.0008,0.0004,-0.01141673885172223,-0.9381146500486796,2,24,signal_flat,-0.01022323279139703,0.0
16_time_of_day_session_effect,1641,2025-08-18 12:00:00+00:00,2025-08-19 00:00:00+00:00,116252.3125,112831.1796875,LONG,1.0,1.0,-0.029428514056440758,0.0008,0.0004,-0.030610496948006993,-2.4753944187776775,2,24,signal_flat,-0.029428514056440758,0.0
16_time_of_day_session_effect,1642,2025-08-19 12:00:00+00:00,2025-08-20 00:00:00+00:00,112831.1796875,114274.7421875,LONG,1.0,1.0,0.012794003430595335,0.0008,0.0004,0.011586687028537046,0.8341511220640725,2,24,signal_flat,0.0,0.012794003430595335
16_time_of_day_session_effect,1643,2025-08-20 12:00:00+00:00,2025-08-21 00:00:00+00:00,114274.7421875,112419.03125,LONG,1.0,1.0,-0.01623902974513114,0.0008,0.0004,-0.0174289263272841,-1.2231294570188185,2,24,signal_flat,-0.01623902974513114,0.0
16_time_of_day_session_effect,1644,2025-08-21 12:00:00+00:00,2025-08-22 00:00:00+00:00,112419.03125,116874.0859375,LONG,1.0,1.0,0.03962900798880531,0.0008,0.0004,0.03840559058401194,2.767715127224387,2,24,signal_flat,0.0,0.03962900798880531
16_time_of_day_session_effect,1645,2025-08-22 12:00:00+00:00,2025-08-23 00:00:00+00:00,116874.0859375,115374.328125,LONG,1.0,1.0,-0.012832252765613172,0.0008,0.0004,-0.01402419341395389,-0.86485701828283,2,24,signal_flat,-0.012832252765613172,0.0
16_time_of_day_session_effect,1646,2025-08-23 12:00:00+00:00,2025-08-24 00:00:00+00:00,115374.328125,113458.4296875,LONG,1.0,1.0,-0.016605933647771742,0.0008,0.0004,-0.017795610087583125,-1.0457606650464608,2,24,signal_flat,-0.016605933647771742,0.0
16_time_of_day_session_effect,1647,2025-08-24 12:00:00+00:00,2025-08-25 00:00:00+00:00,113458.4296875,110124.3515625,LONG,1.0,1.0,-0.029385900493979156,0.0008,0.0004,-0.030567908953682887,-1.8545801774847945,2,24,signal_flat,-0.029385900493979156,0.0
16_time_of_day_session_effect,1648,2025-09-27 12:00:00+00:00,2025-09-28 00:00:00+00:00,109681.9453125,112122.640625,LONG,1.0,1.0,0.02225248016477188,0.0008,0.0004,0.021039488676672935,2.321899428436004,2,24,signal_flat,0.0,0.02225248016477188
16_time_of_day_session_effect,1649,2025-09-28 12:00:00+00:00,2025-09-29 00:00:00+00:00,112122.640625,114400.3828125,LONG,1.0,1.0,0.02031473906432546,0.0008,0.0004,0.019102910220886837,1.8517070075257234,2,24,signal_flat,0.0,0.02031473906432546
16_time_of_day_session_effect,1650,2025-09-29 12:00:00+00:00,2025-09-30 00:00:00+00:00,114400.3828125,114056.0859375,LONG,1.0,1.0,-0.003009577997342028,0.0008,0.0004,-0.004207412250543663,-0.3582485111111557,2,24,signal_flat,-0.003009577997342028,0.0
16_time_of_day_session_effect,1651,2025-09-30 12:00:00+00:00,2025-10-01 00:00:00+00:00,114056.0859375,118648.9296875,LONG,1.0,1.0,0.04026829179914837,0.0008,0.0004,0.0390444908240688,3.5193621306243195,2,24,signal_flat,0.0,0.04026829179914837
16_time_of_day_session_effect,1652,2025-10-01 12:00:00+00:00,2025-10-02 00:00:00+00:00,118648.9296875,120681.2578125,LONG,1.0,1.0,0.017128920845327356,0.0008,0.0004,0.01591900349282027,1.1584658367126557,2,24,signal_flat,0.0,0.017128920845327356
16_time_of_day_session_effect,1653,2025-10-02 12:00:00+00:00,2025-10-03 00:00:00+00:00,120681.2578125,122266.53125,LONG,1.0,1.0,0.013136036748664148,0.0008,0.0004,0.01192851512661508,0.8195563039955402,2,24,signal_flat,0.0,0.013136036748664148
16_time_of_day_session_effect,1654,2025-10-03 12:00:00+00:00,2025-10-04 00:00:00+00:00,122266.53125,122425.4296875,LONG,1.0,1.0,0.001299606980548873,0.0008,0.0004,9.918721636048566e-05,0.006789016118679438,2,24,signal_flat,0.0,0.001299606980548873
16_time_of_day_session_effect,1655,2025-10-04 12:00:00+00:00,2025-10-05 00:00:00+00:00,122425.4296875,123513.4765625,LONG,1.0,1.0,0.008887425412982486,0.0008,0.0004,0.00768245295773462,0.5232442395352284,2,24,signal_flat,0.0,0.008887425412982486
16_time_of_day_session_effect,1656,2025-10-05 12:00:00+00:00,2025-10-06 00:00:00+00:00,123513.4765625,124752.53125,LONG,1.0,1.0,0.010031736794915869,0.0008,0.0004,0.008826077752838835,0.5860426125773732,2,24,signal_flat,0.0,0.010031736794915869
16_time_of_day_session_effect,1657,2025-10-06 12:00:00+00:00,2025-10-07 00:00:00+00:00,124752.53125,121451.3828125,LONG,1.0,1.0,-0.026461574802715715,0.0008,0.0004,-0.027645337857834185,-1.9478591702116916,2,24,signal_flat,-0.026461574802715715,0.0
16_time_of_day_session_effect,1658,2025-10-07 12:00:00+00:00,2025-10-08 00:00:00+00:00,121451.3828125,123354.8671875,LONG,1.0,1.0,0.01567280940669602,0.0008,0.0004,0.014463765721052013,0.9261088893619869,2,24,signal_flat,0.0,0.01567280940669602
16_time_of_day_session_effect,1659,2025-10-08 12:00:00+00:00,2025-10-09 00:00:00+00:00,123354.8671875,121705.5859375,LONG,1.0,1.0,-0.013370216251727518,0.0008,0.0004,-0.014561834121976536,-0.9158800479058478,2,24,signal_flat,-0.013370216251727518,0.0
16_time_of_day_session_effect,1660,2025-10-09 12:00:00+00:00,2025-10-10 00:00:00+00:00,121705.5859375,113214.3671875,LONG,1.0,1.0,-0.06976852117831744,0.0008,0.0004,-0.07092630006561051,-5.0099387997677365,2,24,signal_flat,-0.06976852117831744,0.0
16_time_of_day_session_effect,1661,2025-10-10 12:00:00+00:00,2025-10-11 00:00:00+00:00,113214.3671875,110807.8828125,LONG,1.0,1.0,-0.02125599811033263,0.0008,0.0004,-0.022442884511466477,-1.1997719327761303,2,24,signal_flat,-0.02125599811033263,0.0
16_time_of_day_session_effect,1662,2025-10-11 12:00:00+00:00,2025-10-12 00:00:00+00:00,110807.8828125,115169.765625,LONG,1.0,1.0,0.03936437283871608,0.0008,0.0004,0.03814111421501276,1.8877872312726214,2,24,signal_flat,0.0,0.03936437283871608
16_time_of_day_session_effect,1663,2025-10-12 12:00:00+00:00,2025-10-13 00:00:00+00:00,115169.765625,115271.078125,LONG,0.9450446488510671,0.9450446488510671,0.0008313365531928962,0.0007560357190808536,0.0003780178595404268,-0.0003028668961451153,-0.014135210101049357,2,24,signal_flat,0.0,0.000879679657679322
16_time_of_day_session_effect,1664,2025-10-13 12:00:00+00:00,2025-10-14 00:00:00+00:00,115271.078125,113118.6640625,LONG,1.0,1.0,-0.01867262888064536,0.0008,0.0004,-0.019861065303317105,-0.9911602594250257,2,24,signal_flat,-0.01867262888064536,0.0
16_time_of_day_session_effect,1665,2025-10-14 12:00:00+00:00,2025-10-15 00:00:00+00:00,113118.6640625,110783.1640625,LONG,0.9570795668457874,0.9570795668457874,-0.019760305223666008,0.00076566365347663,0.000382831826738315,-0.0208971236327955,-0.987717367896693,2,24,signal_flat,-0.02064646024028005,0.0
16_time_of_day_session_effect,1666,2025-10-15 12:00:00+00:00,2025-10-16 00:00:00+00:00,110783.1640625,108186.0390625,LONG,1.0,1.0,-0.023443318504017374,0.0008,0.0004,-0.024628892512915,-1.2466899150853579,2,24,signal_flat,-0.023443318504017374,0.0
16_time_of_day_session_effect,1667,2025-10-16 12:00:00+00:00,2025-10-17 00:00:00+00:00,108186.0390625,106467.7890625,LONG,1.0,1.0,-0.01588236351834038,0.0008,0.0004,-0.017072474100229496,-0.8449019457495183,2,24,signal_flat,-0.01588236351834038,0.0
16_time_of_day_session_effect,1668,2025-10-17 12:00:00+00:00,2025-10-18 00:00:00+00:00,106467.7890625,107198.265625,LONG,0.992466544054173,0.992466544054173,0.006809322856055289,0.0007939732352433384,0.0003969866176216692,0.005614662784459767,0.27519319303534917,2,24,signal_flat,0.0,0.006861009972426446
16_time_of_day_session_effect,1669,2025-10-18 12:00:00+00:00,2025-10-19 00:00:00+00:00,107198.265625,108666.7109375,LONG,0.9735120724682523,0.9735120724682523,0.013335563137551132,0.0007788096579746019,0.00038940482898730094,0.012159900432836768,0.5846143809227808,2,24,signal_flat,0.0,0.013698405510000455
16_time_of_day_session_effect,1670,2025-10-19 12:00:00+00:00,2025-10-20 00:00:00+00:00,108666.7109375,110588.9296875,LONG,0.9576897640547186,0.9576897640547186,0.016940691452489443,0.0007661518112437749,0.00038307590562188746,0.01578205956063017,0.7464258263790768,2,24,signal_flat,0.0,0.01768912239467313
16_time_of_day_session_effect,1671,2025-10-20 12:00:00+00:00,2025-10-21 00:00:00+00:00,110588.9296875,108476.890625,LONG,0.9335402439044521,0.9335402439044521,-0.017828850203302382,0.0007468321951235617,0.00037341609756178087,-0.018938798387427958,-0.8731394269071154,2,24,signal_flat,-0.019098105646452646,0.0
16_time_of_day_session_effect,1672,2025-10-21 12:00:00+00:00,2025-10-22 00:00:00+00:00,108476.890625,107688.5859375,LONG,0.9567397879899563,0.9567397879899563,-0.006952655586317302,0.0007653918303919651,0.00038269591519598254,-0.008096422676198367,-0.38254730068211495,2,24,signal_flat,-0.007267028792566799,0.0
16_time_of_day_session_effect,1673,2025-10-22 12:00:00+00:00,2025-10-23 00:00:00+00:00,107688.5859375,110069.7265625,LONG,0.9846738696094904,0.9846738696094904,0.021772474147482068,0.0007877390956875924,0.0003938695478437962,0.02057835128187535,1.0006936032314084,2,24,signal_flat,0.0,0.022111355667553845
17_regime_switching_model,1,2015-03-01 12:00:00+00:00,2015-03-24 00:00:00+00:00,260.2019958496094,245.59500122070312,LONG,1.0,1.0,-0.0579886915887039,0.0012351756699004817,0.0006175878349502408,-0.05978078191312519,-3.1391122735880184,46,552,signal_flat,-0.0561371352330009,0.1390342984687729
17_regime_switching_model,2,2015-03-24 12:00:00+00:00,2015-03-28 12:00:00+00:00,245.59500122070312,252.79800415039065,LONG,0.39593717645293547,0.39593717645293547,0.012677891193968005,0.00035392779600067507,0.00017696389800033754,0.012140410973007887,0.47477495341892745,9,108,signal_flat,0.0,0.029328784763068327
17_regime_switching_model,3,2015-05-03 00:00:00+00:00,2015-05-08 00:00:00+00:00,240.3580017089844,243.86300659179688,LONG,0.9350833919200221,0.9350833919200221,0.012974576911704894,0.0007999999999999999,0.00039999999999999996,0.01177389591820277,0.5437116889674593,11,132,signal_flat,-0.044001048241053775,0.014582434776006181
17_regime_switching_model,4,2015-05-21 00:00:00+00:00,2015-05-22 00:00:00+00:00,235.343994140625,240.34800720214844,LONG,1.0,1.0,0.021262548380705182,0.0008,0.0004,0.02005015085167683,2.279912055364171,3,36,signal_flat,0.0,0.021262548380705182
17_regime_switching_model,5,2015-05-31 12:00:00+00:00,2015-06-01 00:00:00+00:00,230.19000244140625,222.92599487304688,LONG,0.5,0.5,-0.015778286396709085,0.0004,0.0002,-0.016373462910790115,-1.9238236574787897,2,24,signal_flat,-0.03155657279341828,0.0
17_regime_switching_model,6,2015-06-17 00:00:00+00:00,2015-08-08 00:00:00+00:00,249.28399658203125,260.99700927734375,LONG,1.0,1.0,0.06475239045531689,0.0010373360668967852,0.0005186680334483926,0.06305560617665273,5.735837606738885,105,1260,signal_flat,-0.035176735420708094,0.24703955591563642
17_regime_switching_model,7,2015-08-09 12:00:00+00:00,2015-08-13 12:00:00+00:00,265.0830078125,264.0799865722656,LONG,0.5,0.5,-0.001794756786182461,0.0004,0.0002,-0.002393590093639042,-0.18403899448854638,9,108,signal_flat,-0.0037838005857540047,0.02000497338318996
17_regime_switching_model,8,2015-09-07 00:00:00+00:00,2015-09-21 00:00:00+00:00,239.8470001220703,227.0850067138672,LONG,1.0,1.0,-0.053208893176516225,0.0008,0.0004,-0.054355019544307326,-3.7945641399514045,29,348,signal_flat,-0.053208893176516225,0.01567663762699678
17_regime_switching_model,9,2015-10-07 12:00:00+00:00,2016-01-15 00:00:00+00:00,242.968994140625,364.33099365234375,LONG,1.0,1.0,0.5811200247745967,0.0020785084397603737,0.0010392542198801868,0.5760692808559311,61.045796912171674,200,2400,signal_flat,-0.002736947109176935,0.9151456590176257
17_regime_switching_model,10,2016-01-15 12:00:00+00:00,2016-01-18 00:00:00+00:00,364.33099365234375,387.1679992675781,LONG,0.4533374970392971,0.4533374970392971,0.02847283195439032,0.00036266999763143767,0.00018133499881571884,0.027915787742014864,1.2499702007588551,6,72,signal_flat,0.0,0.06369213021713627
17_regime_switching_model,11,2016-02-14 00:00:00+00:00,2016-02-16 00:00:00+00:00,407.2300109863281,407.4880065917969,LONG,1.0,1.0,0.0006335378005266623,0.0008,0.0004,-0.0005561086469876297,-0.035206275608540005,5,60,signal_flat,-0.017299838513058163,0.0006335378005266623
17_regime_switching_model,12,2016-02-19 00:00:00+00:00,2016-03-13 00:00:00+00:00,420.7850036621094,414.06500244140625,LONG,1.0,1.0,-0.01597015378927147,0.0008,0.0004,-0.01714715679144385,-1.1520993583288823,47,564,signal_flat,-0.04804115204191861,0.0428080856768025
17_regime_switching_model,13,2016-03-17 12:00:00+00:00,2016-03-18 00:00:00+00:00,420.6210021972656,409.5480041503906,LONG,1.0,1.0,-0.026325357005549388,0.0008,0.0004,-0.027509201791346194,-2.573836731758943,2,24,signal_flat,-0.026325357005549388,0.0
17_regime_switching_model,14,2016-03-26 12:00:00+00:00,2016-03-31 12:00:00+00:00,417.9450073242187,416.72900390625,LONG,1.0,1.0,-0.002909481861630092,0.0008,0.0004,-0.0041056315308098945,-0.7303323210953832,11,132,signal_flat,-0.007486625627536214,0.0211032723675455
17_regime_switching_model,15,2016-04-01 00:00:00+00:00,2016-05-19 00:00:00+00:00,417.9599914550781,438.7149963378906,LONG,1.0,1.0,0.04965787469407412,0.0008,0.0004,0.048375845938346096,7.735071433153843,97,1164,signal_flat,0.0,0.11515216476863954
17_regime_switching_model,16,2016-05-22 12:00:00+00:00,2016-05-26 00:00:00+00:00,439.322998046875,453.3840026855469,LONG,0.5,0.5,0.015911544500862185,0.0004,0.0002,0.015303366131686147,2.0646106046702544,8,96,signal_flat,0.0,0.03200607457652738
17_regime_switching_model,17,2016-05-27 00:00:00+00:00,2016-07-31 00:00:00+00:00,473.4639892578125,624.6810302734375,LONG,1.0,1.0,0.3567219912719155,0.0015784408259392497,0.0007892204129696248,0.35349104139509846,34.34211483618244,131,1572,signal_flat,0.0,0.61851376405559
17_regime_switching_model,18,2016-07-31 12:00:00+00:00,2016-08-02 00:00:00+00:00,624.6810302734375,547.4650268554688,LONG,0.5,0.5,-0.06251896338478902,0.0004,0.0002,-0.06309569859210107,-6.740222789197991,4,48,signal_flat,-0.12360868935650171,0.0
17_regime_switching_model,19,2016-09-03 00:00:00+00:00,2016-09-06 12:00:00+00:00,598.2119750976562,610.4359741210938,LONG,1.0,1.0,0.020434226548945,0.0008,0.0004,0.01921007283340792,2.385592283875685,8,96,signal_flat,0.0,0.020434226548945222
17_regime_switching_model,20,2016-09-08 12:00:00+00:00,2017-01-11 00:00:00+00:00,626.3159790039062,777.7570190429688,LONG,1.0,1.0,0.4264032303813452,0.0009012750672555271,0.00045063753362776355,0.42443782451286327,42.352312738545244,250,3000,signal_flat,-0.04792789323183866,0.8436859655173321
17_regime_switching_model,21,2017-01-12 12:00:00+00:00,2017-01-17 00:00:00+00:00,804.833984375,907.93798828125,LONG,0.22252159487970563,0.22252159487970563,0.028974190090560237,0.00019039476456449305,9.519738228224652e-05,0.028683378918818114,0.6304209015915443,10,120,signal_flat,0.0,0.1281059273190559
17_regime_switching_model,22,2017-01-31 00:00:00+00:00,2017-03-17 00:00:00+00:00,970.4030151367188,1100.22998046875,LONG,1.0,1.0,0.14584122751227602,0.0008724746234019806,0.0004362373117009903,0.14430801707982632,10.13026098324123,91,1092,signal_flat,0.0,0.31387678144708087
17_regime_switching_model,23,2017-03-19 00:00:00+00:00,2017-03-24 12:00:00+00:00,1036.739990234375,937.52001953125,LONG,0.2306635448276051,0.2306635448276051,-0.020034184623149986,0.00019095557209868101,9.547778604934051e-05,-0.020314960331645926,-0.4628316716952342,12,144,signal_flat,-0.09570381352868851,0.08083034282219637
17_regime_switching_model,24,2017-04-08 00:00:00+00:00,2017-07-01 00:00:00+00:00,1175.949951171875,2434.550048828125,LONG,0.9668094309039922,0.9668094309039922,0.7537690172774543,0.0013952519505011233,0.0006976259752505616,0.7501003456649513,35.814457550713435,169,2028,signal_flat,-0.00715159016843725,1.5155068074742597
17_regime_switching_model,25,2017-07-11 00:00:00+00:00,2017-07-14 12:00:00+00:00,2337.7900390625,2233.340087890625,LONG,0.5,0.5,-0.019926682440890353,0.00039999999999999996,0.00019999999999999998,-0.020515065476813366,-1.0163764984860524,8,96,signal_flat,-0.04467892728885159,0.026114427646636518
17_regime_switching_model,26,2017-07-29 00:00:00+00:00,2017-09-13 00:00:00+00:00,2726.449951171875,3882.590087890625,LONG,0.3324471526110319,0.3324471526110319,0.19460110510657436,0.0012728926532592818,0.0006364463266296409,0.19229483611085274,3.1571002554327685,93,1116,signal_flat,-0.005787756819116585,0.794278220116357
17_regime_switching_model,27,2017-09-14 12:00:00+00:00,2017-09-25 00:00:00+00:00,3154.949951171875,3926.070068359375,LONG,0.22334735826803834,0.22334735826803834,0.05323664802461758,0.00021827994202208354,0.00010913997101104177,0.05289416284089432,1.1668544788732724,22,264,signal_flat,0.0,0.28851487791807817
17_regime_switching_model,28,2017-10-02 00:00:00+00:00,2017-12-30 00:00:00+00:00,4409.31982421875,12952.2001953125,LONG,0.7008251550912601,0.7008251550912601,1.1911621570096358,0.0018132536126649191,0.0009066268063324596,1.1852948644345735,41.023642461103385,179,2148,signal_flat,-0.040813542249543144,3.421861232095946
17_regime_switching_model,29,2018-01-16 12:00:00+00:00,2018-01-17 00:00:00+00:00,11490.5,11188.599609375,LONG,0.18788099319701998,0.18788099319701998,-0.004936368760036003,0.000150304794557616,7.5152397278808e-05,-0.00516125677421686,-0.09577814969962371,2,24,signal_flat,-0.02627391241677912,0.0
17_regime_switching_model,30,2018-02-19 00:00:00+00:00,2018-02-21 00:00:00+00:00,11225.2998046875,10690.400390625,LONG,0.32951337044313633,0.32951337044313633,-0.018174671051963798,0.00029786883651718757,0.00014893441825859378,-0.018618397458434077,-0.30297965903436697,5,60,signal_flat,-0.04765123634730317,0.01589270609507487
17_regime_switching_model,31,2018-02-25 00:00:00+00:00,2018-02-26 00:00:00+00:00,9664.73046875,10366.7001953125,LONG,0.37737093956583195,0.37737093956583195,0.027409246032902734,0.0003018967516526656,0.0001509483758263328,0.026950246100844177,0.5022608443901924,3,36,signal_flat,0.0,0.07263210586495439
17_regime_switching_model,32,2018-03-05 12:00:00+00:00,2018-03-07 00:00:00+00:00,11573.2998046875,9965.5703125,LONG,0.588569218960193,0.588569218960193,-0.07881110775596889,0.0004708553751681544,0.0002354276875840772,-0.07947518908240914,-2.310081219247926,4,48,signal_flat,-0.1389171212462954,0.0
17_regime_switching_model,33,2018-04-15 00:00:00+00:00,2018-04-20 00:00:00+00:00,8329.1103515625,8845.830078125,LONG,0.5555575109116156,0.5555575109116156,0.04424529161954571,0.000531237642143386,0.000265618821071693,0.04343079849802689,1.191584846324847,11,132,signal_flat,-0.051268441620826,0.062037805330021234
17_regime_switching_model,34,2018-04-23 12:00:00+00:00,2018-05-11 00:00:00+00:00,8930.8798828125,8441.490234375,LONG,0.68383138662242,0.68383138662242,-0.05543636167700727,0.001016319990994811,0.0005081599954974055,-0.056907999802453535,-1.9218544139293463,36,432,signal_flat,-0.054797472909621336,0.1038274526115881
17_regime_switching_model,35,2018-05-15 00:00:00+00:00,2018-05-19 00:00:00+00:00,8510.3798828125,8247.1796875,LONG,0.44665075397030785,0.44665075397030785,-0.013027541965998979,0.00038353285417606377,0.00019176642708803188,-0.013595497602354123,-0.599779073011945,9,108,signal_flat,-0.04888854132516718,0.0
17_regime_switching_model,36,2018-07-07 00:00:00+00:00,2018-07-17 12:00:00+00:00,6856.93017578125,7321.0400390625,LONG,1.0,1.0,0.06930265081750653,0.000880537680070901,0.0004402688400354505,0.0678933867050413,3.462561043973532,22,264,signal_flat,-0.09160369160619819,0.067684787708717
17_regime_switching_model,37,2018-07-20 12:00:00+00:00,2018-08-06 00:00:00+00:00,7354.1298828125,6951.7998046875,LONG,0.8254579282383226,0.8254579282383226,-0.041475051617032355,0.0009122845469705461,0.00045614227348527304,-0.042792369293596644,-1.7444535500408311,34,408,signal_flat,-0.054708046299983715,0.14551546756585676
17_regime_switching_model,38,2018-08-08 12:00:00+00:00,2018-08-09 12:00:00+00:00,6305.7998046875,6568.22998046875,LONG,0.42887066090397885,0.42887066090397885,0.017848426276518836,0.00034309652872318306,0.00017154826436159153,0.01732484633239073,0.7338779817153591,3,36,signal_flat,0.0,0.04161727043509522
17_regime_switching_model,39,2018-08-27 00:00:00+00:00,2018-08-28 12:00:00+00:00,6884.64013671875,7096.27978515625,LONG,1.0,1.0,0.03074084399978072,0.0008,0.0004,0.029505263953077066,1.4586493911048715,4,48,signal_flat,0.0,0.03074084399978072
17_regime_switching_model,40,2018-09-02 12:00:00+00:00,2018-09-06 12:00:00+00:00,7272.72021484375,6529.169921875,LONG,1.0,1.0,-0.10223826450124551,0.0008,0.0004,-0.10331576569533085,-5.571904894207423,9,108,signal_flat,-0.1022382645012454,0.01222925381134865
17_regime_switching_model,41,2018-11-07 00:00:00+00:00,2018-11-14 00:00:00+00:00,6530.14013671875,5738.35009765625,LONG,1.0,1.0,-0.1212516152004598,0.0008,0.0004,-0.1223628340458155,-23.340818373289963,15,180,signal_flat,-0.1212516152004598,0.0
17_regime_switching_model,42,2019-02-09 00:00:00+00:00,2019-02-17 12:00:00+00:00,3671.20361328125,3673.836181640625,LONG,1.0,1.0,0.0007170859033400756,0.0008,0.0004,-0.000483414341593158,-0.03391969057264655,18,216,signal_flat,-0.014796987481088597,0.005171224791767015
17_regime_switching_model,43,2019-02-19 12:00:00+00:00,2019-07-14 00:00:00+00:00,3947.094482421875,10256.05859375,LONG,1.0,1.0,1.4330442406148771,0.0020002447967483786,0.0010001223983741893,1.4258093598087709,92.11902677130021,290,3480,signal_flat,-0.047006058340357315,2.297674150765691
17_regime_switching_model,44,2019-07-18 00:00:00+00:00,2019-07-28 00:00:00+00:00,10666.482421875,9552.8603515625,LONG,0.18891538726769122,0.18891538726769122,-0.02266001688471253,0.0001962842601675408,9.81421300837704e-05,-0.022947555808987552,-0.42818544173272133,21,252,signal_flat,-0.11145236456415841,0.009436777991221446
17_regime_switching_model,45,2019-08-05 12:00:00+00:00,2019-08-16 00:00:00+00:00,11805.6533203125,10374.3388671875,LONG,0.8395292062530226,0.8395292062530226,-0.09132286661589173,0.0007245213336490219,0.00036226066682451096,-0.09231032666744377,-3.8272270820469685,22,264,signal_flat,-0.14856858584286903,0.013616688707384972
17_regime_switching_model,46,2019-08-27 00:00:00+00:00,2019-08-28 00:00:00+00:00,10185.5,9754.4228515625,LONG,0.7957415929131857,0.7957415929131857,-0.03367787705720193,0.0006365932743305486,0.0003182966371652743,-0.03461645968249072,-1.360356832504439,3,36,signal_flat,-0.0423226300562074,0.0
17_regime_switching_model,47,2019-10-25 00:00:00+00:00,2019-10-27 12:00:00+00:00,8660.7001953125,9551.71484375,LONG,0.7987896265602864,0.7987896265602864,0.07745764072535755,0.0006390317012482292,0.0003195158506241146,0.0764299178786989,3.0150460048118988,6,72,signal_flat,0.0,0.10288020926064978
17_regime_switching_model,48,2019-11-02 12:00:00+00:00,2019-11-13 12:00:00+00:00,9324.7177734375,8808.2626953125,LONG,0.6055190364553068,0.6055190364553068,-0.04004630101386619,0.0008287647018095441,0.00041438235090477207,-0.04124490069499842,-1.2333779994468652,23,276,signal_flat,-0.06079858943452021,0.009425972279866413
17_regime_switching_model,49,2019-11-15 12:00:00+00:00,2019-11-18 00:00:00+00:00,8491.9921875,8309.2861328125,LONG,0.5,0.5,-0.010683681275115653,0.0004,0.0002,-0.011281902848570668,-0.7524693857211452,6,72,signal_flat,-0.021515099243312852,0.010125232871041279
17_regime_switching_model,50,2020-01-06 00:00:00+00:00,2020-01-06 12:00:00+00:00,7769.21923828125,7769.21923828125,LONG,1.0,1.0,0.0,0.0008,0.0004,-0.0011996400000000573,-0.07931419745455115,2,24,signal_flat,0.0,0.0
17_regime_switching_model,51,2020-01-08 12:00:00+00:00,2020-02-25 00:00:00+00:00,8079.86279296875,9341.705078125,LONG,1.0,1.0,0.1562590193924822,0.0011258134798992846,0.0005629067399496423,0.15429939015588423,8.250507196340077,96,1152,signal_flat,-0.024850855645838776,0.27799876706890725
17_regime_switching_model,52,2020-02-27 12:00:00+00:00,2020-03-01 00:00:00+00:00,8784.494140625,8562.4541015625,LONG,0.42171677094129745,0.42171677094129745,-0.010847236594169307,0.00037287190543205836,0.00018643595271602918,-0.011401045438942159,-0.47489071526999266,6,72,signal_flat,-0.02527636031261582,0.0
17_regime_switching_model,53,2020-04-02 00:00:00+00:00,2020-04-09 12:00:00+00:00,6793.62451171875,7302.08935546875,LONG,0.5797995672193593,0.5797995672193593,0.04693143621732765,0.000588547441945041,0.0002942737209725205,0.04600830615740725,1.317383638518315,16,192,signal_flat,-0.008866740365705117,0.07955607793180985
17_regime_switching_model,54,2020-04-13 00:00:00+00:00,2020-04-16 00:00:00+00:00,6845.03759765625,7116.80419921875,LONG,0.9416823548193626,0.9416823548193626,0.036936960588289436,0.0007558258751670494,0.0003779129375835247,0.03579791837340385,1.6647933793064873,7,84,signal_flat,-0.029645963441381595,0.03970271860238617
17_regime_switching_model,55,2020-04-25 00:00:00+00:00,2020-06-19 00:00:00+00:00,7569.93603515625,9288.0185546875,LONG,0.9122113125403151,0.9122113125403151,0.22392102596944197,0.0017030373951819279,0.0008515186975909639,0.22080859461542324,9.947399526141881,111,1332,signal_flat,0.0,0.3431115543736083
17_regime_switching_model,56,2020-07-23 12:00:00+00:00,2020-08-25 00:00:00+00:00,9581.072265625,11366.134765625,LONG,1.0,1.0,0.17046979760929593,0.0011238800113343942,0.0005619400056671971,0.16846867495547313,30.680979757691397,66,792,signal_flat,-0.004611142289210002,0.2790220138216035
17_regime_switching_model,57,2020-09-03 12:00:00+00:00,2020-09-06 12:00:00+00:00,10245.296875,10280.3515625,LONG,0.4443933219275969,0.4443933219275969,0.001465619248570249,0.0003555146575420775,0.00017775732877103875,0.0009314129628941181,0.04088254575804962,7,84,signal_flat,-0.0073916347287398265,0.02601355576262887
17_regime_switching_model,58,2020-10-11 12:00:00+00:00,2021-01-27 00:00:00+00:00,11384.181640625,30432.546875,LONG,1.0,1.0,1.3512758654707704,0.002026822125874958,0.001013411062937479,1.3441721634395734,118.92623378611403,216,2592,signal_flat,-0.005451300384082147,2.583710332713927
17_regime_switching_model,59,2021-02-05 00:00:00+00:00,2021-04-19 00:00:00+00:00,38144.30859375,55724.265625,LONG,0.6381861150041266,0.6381861150041266,0.24776393401466335,0.0015367301544474976,0.0007683650772237488,0.2448961321318457,7.718402295060825,147,1764,signal_flat,0.0,0.6648212897914509
17_regime_switching_model,60,2021-04-22 12:00:00+00:00,2021-04-24 00:00:00+00:00,51762.2734375,50050.8671875,LONG,0.42606399175266,0.42606399175266,-0.013860849077080739,0.000340851193402128,0.000170425596701064,-0.014367083578592177,-0.6046047846524623,4,48,signal_flat,-0.03306281073736894,0.0
17_regime_switching_model,61,2021-05-14 00:00:00+00:00,2021-05-15 00:00:00+00:00,49880.53515625,46760.1875,LONG,0.6297448549730964,0.6297448549730964,-0.03939458299906751,0.0005037958839784771,0.00025189794198923857,-0.040135248935171064,-1.248213061831036,3,36,signal_flat,-0.06255641898138342,0.0
17_regime_switching_model,62,2021-06-14 00:00:00+00:00,2021-06-21 00:00:00+00:00,40218.4765625,31676.693359375,LONG,0.4868627372210375,0.4868627372210375,-0.11471745168885183,0.0004518595253136898,0.0002259297626568449,-0.11533648422771459,-2.7731373434736586,15,180,signal_flat,-0.21238455389653965,0.004669320789865594
17_regime_switching_model,63,2021-07-25 00:00:00+00:00,2021-07-26 12:00:00+00:00,35350.1875,37337.53515625,LONG,0.8279095320899738,0.8279095320899738,0.046544139778213145,0.000662327625671979,0.0003311638128359895,0.04550622680885419,1.8605949755987163,4,48,signal_flat,0.0,0.05621887171744144
17_regime_switching_model,64,2021-07-29 00:00:00+00:00,2021-09-08 00:00:00+00:00,40008.421875,46091.390625,LONG,0.7296124611836056,0.7296124611836056,0.09498169703843784,0.0012832518582572834,0.0006416259291286417,0.09286473841637166,3.3461177246584954,83,996,signal_flat,-0.046376270777363726,0.3155613915663851
17_regime_switching_model,65,2021-09-20 12:00:00+00:00,2021-09-24 12:00:00+00:00,42843.80078125,42839.75,LONG,0.32193832264618527,0.32193832264618527,0.005384615088096956,0.00029852938340375017,0.00014926469170187508,0.004934729116611303,0.15691487832267323,9,108,signal_flat,-0.050185206746199196,0.04787849904991903
17_regime_switching_model,66,2021-10-06 00:00:00+00:00,2021-11-18 00:00:00+00:00,55361.44921875,56942.13671875,LONG,0.605887908832981,0.605887908832981,-0.015164033742920746,0.0011762755842781695,0.0005881377921390848,-0.016930420792944822,-0.5065918189304838,87,1044,signal_flat,-0.02809653406297008,0.2204671134605385
17_regime_switching_model,67,2021-11-20 00:00:00+00:00,2021-11-25 12:00:00+00:00,59697.1953125,57274.6796875,LONG,0.395478569057259,0.395478569057259,-0.015404575719773828,0.0003618008295074727,0.00018090041475373635,-0.01593906821331781,-0.6226070197479823,12,144,signal_flat,-0.05723500933945158,0.0
17_regime_switching_model,68,2021-12-24 00:00:00+00:00,2022-01-04 00:00:00+00:00,50822.1953125,45897.57421875,LONG,0.8090985476472771,0.8090985476472771,-0.09459806009618099,0.0008432499601763075,0.00042162498008815376,-0.0957523414709659,-3.826035173638639,23,276,signal_flat,-0.09689902341819467,0.0
17_regime_switching_model,69,2022-02-06 00:00:00+00:00,2022-02-09 00:00:00+00:00,42412.43359375,44338.796875,LONG,1.0,1.0,0.04479734749083075,0.0008046387224037455,0.00040231936120187277,0.043540687267495715,2.201861591983975,7,84,signal_flat,0.0,0.04541977712719314
17_regime_switching_model,70,2022-02-16 12:00:00+00:00,2022-02-17 00:00:00+00:00,43961.859375,40538.01171875,LONG,0.9116192922533908,0.9116192922533908,-0.07099894366499493,0.0007292954338027126,0.0003646477169013563,-0.07205375323372998,-3.243905911939601,2,24,signal_flat,-0.07788223029977337,0.0
17_regime_switching_model,71,2022-02-21 00:00:00+00:00,2022-02-28 12:00:00+00:00,37075.28125,43193.234375,LONG,0.9446757526931238,0.9446757526931238,0.12519520477801271,0.0007640720847256186,0.0003820360423628093,0.12391818267278287,5.781172629509155,16,192,signal_flat,0.0,0.1650143415972063
17_regime_switching_model,72,2022-03-08 12:00:00+00:00,2022-03-09 00:00:00+00:00,38737.26953125,41982.92578125,LONG,0.6065858834223412,0.6065858834223412,0.05082364574259057,0.000485268706737873,0.0002426343533689365,0.05007737779956889,1.5001407653467262,2,24,signal_flat,0.0,0.08378639716414904
17_regime_switching_model,73,2022-03-13 12:00:00+00:00,2022-03-16 00:00:00+00:00,37849.6640625,41143.9296875,LONG,0.5221863452377173,0.5221863452377173,0.05075003659758126,0.0005312977573226151,0.00026564887866130756,0.04992688494106834,1.2875322479268634,6,72,signal_flat,0.0,0.08703553140023335
17_regime_switching_model,74,2022-03-24 00:00:00+00:00,2022-04-11 00:00:00+00:00,43960.93359375,39521.90234375,LONG,1.0,1.0,-0.10123313338945561,0.0008349673697624421,0.00041748368488122103,-0.10239372325477736,-5.151550952952178,37,444,signal_flat,-0.10097672836118077,0.0797252603274623
17_regime_switching_model,75,2022-04-11 12:00:00+00:00,2022-04-14 12:00:00+00:00,39521.90234375,39935.515625,LONG,0.492690316754669,0.492690316754669,0.006247214706896598,0.0003970340096884238,0.0001985170048442119,0.005648268344940144,0.2748637567132502,7,84,signal_flat,0.0,0.04161814152299059
17_regime_switching_model,76,2022-05-30 00:00:00+00:00,2022-06-11 00:00:00+00:00,31726.390625,28360.810546875,LONG,0.6986585088513079,0.6986585088513079,-0.08333402651761834,0.0007595848342217085,0.00037979241711085426,-0.08438837698985624,-2.911693928703322,25,300,signal_flat,-0.10608140452866277,0.0020777630413166825
17_regime_switching_model,77,2022-07-07 00:00:00+00:00,2022-07-22 12:00:00+00:00,21637.587890625,22714.978515625,LONG,1.0,1.0,0.02586507170805996,0.0009168857434151635,0.00045844287170758175,0.024460318882478127,1.350014207512213,32,384,signal_flat,-0.10692845430924647,0.08096307739940034
17_regime_switching_model,78,2022-07-26 00:00:00+00:00,2022-07-27 00:00:00+00:00,21239.75390625,22930.548828125,LONG,0.8274132505679397,0.8274132505679397,0.06586639979574782,0.0006619306004543517,0.00033096530022717587,0.06484105111645899,2.649541046519076,3,36,signal_flat,0.0,0.0796052030234431
17_regime_switching_model,79,2022-08-01 00:00:00+00:00,2022-08-19 00:00:00+00:00,23314.19921875,20877.552734375,LONG,0.9799491799934251,0.9799491799934251,-0.10435854725372962,0.0008036163464234874,0.0004018081732117437,-0.10549797919076576,-5.105588734556604,37,444,signal_flat,-0.10451341096954225,0.047604857889882446
17_regime_switching_model,80,2022-08-19 12:00:00+00:00,2022-08-22 00:00:00+00:00,20877.552734375,21398.908203125,LONG,0.5,0.5,0.012551691565122258,0.00039999999999999996,0.00019999999999999998,0.011943405163231002,0.5915772569755398,6,72,signal_flat,0.0,0.03144853076069376
17_regime_switching_model,81,2022-09-10 00:00:00+00:00,2022-09-21 00:00:00+00:00,21680.5390625,18547.400390625,LONG,0.8752618827689456,0.8752618827689456,-0.120489591703133,0.0008056752891674438,0.0004028376445837219,-0.12156691065524883,-5.254743597781182,23,276,signal_flat,-0.1445138731487664,0.031821632952075074
17_regime_switching_model,82,2022-10-04 00:00:00+00:00,2022-10-26 00:00:00+00:00,20336.84375,20770.44140625,LONG,1.0,1.0,0.02132079400226461,0.0008,0.0004,0.0201154671044661,1.1590753200956456,45,540,signal_flat,-0.06320674914218194,0.021320794002265053
17_regime_switching_model,83,2022-10-29 00:00:00+00:00,2022-11-08 00:00:00+00:00,20818.4765625,18541.271484375,LONG,1.0,1.0,-0.109383848106681,0.0008,0.0004,-0.1105116460821951,-7.343766045601027,21,252,signal_flat,-0.10938384810668111,0.02229821391379727
17_regime_switching_model,84,2022-11-08 12:00:00+00:00,2022-11-10 12:00:00+00:00,18541.271484375,17586.771484375,LONG,0.4685441165765481,0.4685441165765481,-0.03279497202312065,0.0003748352932612385,0.00018741764663061925,-0.0333427075039926,-1.5430481603290511,5,60,signal_flat,-0.14349022466876316,0.0
17_regime_switching_model,85,2022-12-08 00:00:00+00:00,2022-12-19 00:00:00+00:00,17233.474609375,16439.6796875,LONG,1.0,1.0,-0.0460612232801374,0.0008,0.0004,-0.04721668155711223,-3.7356907439851708,23,276,signal_flat,-0.0460612232801374,0.03378168329057085
17_regime_switching_model,86,2023-01-06 00:00:00+00:00,2023-01-10 00:00:00+00:00,16951.96875,17446.29296875,LONG,1.0,1.0,0.029160283742854398,0.0008,0.0004,0.027934495862961928,5.637845817752018,9,108,signal_flat,0.0,0.029160283742854398
17_regime_switching_model,87,2023-01-11 12:00:00+00:00,2023-02-09 00:00:00+00:00,17934.896484375,21819.0390625,LONG,1.0,1.0,0.21238665557530245,0.0009719171934567073,0.00048595859672835367,0.2105925061478482,30.564141262012953,58,696,signal_flat,0.0,0.3256037706692403
17_regime_switching_model,88,2023-02-15 00:00:00+00:00,2023-03-07 00:00:00+00:00,24307.841796875,22219.76953125,LONG,1.0,1.0,-0.08323372720667621,0.0009912706387195977,0.0004956353193597988,-0.08459953410621357,-4.528056185735325,41,492,signal_flat,-0.085901178848936,0.021446027375907173
17_regime_switching_model,89,2023-03-16 12:00:00+00:00,2023-04-21 00:00:00+00:00,25052.7890625,27276.91015625,LONG,0.6945726296190676,0.6945726296190676,0.051972906270065344,0.0009846321843758957,0.0004923160921879478,0.05040231956618513,1.7288858624595689,72,864,signal_flat,0.0,0.21685849598207785
17_regime_switching_model,90,2023-05-28 00:00:00+00:00,2023-06-05 00:00:00+00:00,28085.646484375,25760.09765625,LONG,1.0,1.0,-0.08280204016022141,0.0008,0.0004,-0.08393136205748453,-6.177805895663461,17,204,signal_flat,-0.08280204016022141,0.0
17_regime_switching_model,91,2023-06-20 00:00:00+00:00,2023-06-20 12:00:00+00:00,28327.48828125,28327.48828125,LONG,1.0,1.0,0.0,0.0008,0.0004,-0.0011996400000000573,-0.07137171994045506,2,24,signal_flat,0.0,0.0
17_regime_switching_model,92,2023-06-22 00:00:00+00:00,2023-07-18 00:00:00+00:00,29912.28125,29856.5625,LONG,1.0,1.0,-0.001813821667256743,0.0008059365744690453,0.00040296828723452265,-0.003025886189623961,-0.16279506460608278,53,636,signal_flat,-0.0018627382356536382,0.052278445935145745
17_regime_switching_model,93,2023-07-26 00:00:00+00:00,2023-08-01 00:00:00+00:00,29354.97265625,29675.732421875,LONG,0.5,0.5,0.0054836554058630416,0.0004,0.0002,0.004882736958456979,0.4586686056113399,13,156,signal_flat,-0.004915119656712763,0.010926931167033693
17_regime_switching_model,94,2023-10-03 00:00:00+00:00,2023-10-13 12:00:00+00:00,27429.978515625,26862.375,LONG,1.0,1.0,-0.02069281663132483,0.0008,0.0004,-0.021867632700780848,-2.264543117663986,22,264,signal_flat,-0.024541750447107935,0.01964497813288646
17_regime_switching_model,95,2023-10-16 12:00:00+00:00,2024-01-14 00:00:00+00:00,28519.466796875,41796.26953125,LONG,1.0,1.0,0.4685968736112234,0.001101348998353009,0.0005506744991765045,0.4661546545295041,40.734167609292626,180,2160,signal_flat,-0.006701562878480671,0.6469629057509854
17_regime_switching_model,96,2024-02-07 12:00:00+00:00,2024-04-13 00:00:00+00:00,44318.22265625,63821.47265625,LONG,1.0,1.0,0.4092055668972465,0.001511360710132803,0.0007556803550664015,0.40598598433311306,32.54233881210242,132,1584,signal_flat,0.0,0.6490620701751757
17_regime_switching_model,97,2024-04-15 00:00:00+00:00,2024-04-22 00:00:00+00:00,63426.2109375,66837.6796875,LONG,0.36163947441011857,0.36163947441011857,0.019667814075538192,0.000346916350835058,0.000173458175417529,0.019139802611572554,0.6836619565545798,15,180,signal_flat,-0.03389008265633475,0.05378641888858304
17_regime_switching_model,98,2024-05-15 00:00:00+00:00,2024-05-15 12:00:00+00:00,66267.4921875,66267.4921875,LONG,0.832532808229042,0.832532808229042,0.0,0.0006660262465832336,0.0003330131232916168,-0.0009987898499592696,-0.04106516869648245,2,24,signal_flat,0.0,0.0
17_regime_switching_model,99,2024-05-20 12:00:00+00:00,2024-06-11 00:00:00+00:00,71448.1953125,67332.03125,LONG,0.7803384118626905,0.7803384118626905,-0.046922279825755586,0.0008314553353562005,0.00041572766767810027,-0.04812948473607237,-1.854779689579891,44,528,signal_flat,-0.05761046929872371,0.0
17_regime_switching_model,100,2024-07-15 00:00:00+00:00,2024-07-17 12:00:00+00:00,64870.15234375,64118.79296875,LONG,0.8131397280944802,0.8131397280944802,-0.00975703462729871,0.0006996219233042398,0.0003498109616521199,-0.010796188550207253,-0.43354459356850755,6,72,signal_flat,-0.011582512879243945,0.003499237870556282
17_regime_switching_model,101,2024-07-21 00:00:00+00:00,2024-08-03 00:00:00+00:00,68154.5234375,60680.09375,LONG,1.0,1.0,-0.10966887171259121,0.0008,0.0004,-0.11074341501472473,-5.939739601548969,27,324,signal_flat,-0.10966887171259154,0.0014869702682747121
17_regime_switching_model,102,2024-08-03 12:00:00+00:00,2024-08-05 00:00:00+00:00,60680.09375,53991.45703125,LONG,0.5,0.5,-0.05586354298308238,0.0004,0.0002,-0.056440359845632004,-3.2841965906260104,4,48,signal_flat,-0.11022785736467322,0.0
17_regime_switching_model,103,2024-08-23 00:00:00+00:00,2024-08-23 12:00:00+00:00,64094.35546875,64094.35546875,LONG,0.9240978253150695,0.9240978253150695,0.0,0.0007392782602520556,0.0003696391301260278,-0.001108609965933316,-0.050593515855365624,2,24,signal_flat,0.0,0.0
17_regime_switching_model,104,2024-08-31 12:00:00+00:00,2024-09-01 00:00:00+00:00,58969.8984375,57325.48828125,LONG,1.0,1.0,-0.027885585694078285,0.0008,0.0004,-0.0290684943426619,-1.6000449338720457,2,24,signal_flat,-0.027885585694078285,0.0
17_regime_switching_model,105,2024-09-21 00:00:00+00:00,2024-10-09 00:00:00+00:00,63394.83984375,60582.1015625,LONG,1.0,1.0,-0.04436856829645086,0.0008,0.0004,-0.04552964189266462,-2.5368623493497897,37,444,signal_flat,-0.04436856829645108,0.039321947967595694
17_regime_switching_model,106,2024-10-14 00:00:00+00:00,2024-12-22 00:00:00+00:00,66046.125,95104.9375,LONG,1.0,1.0,0.4055692066352694,0.001363829790068263,0.0006819148950341315,0.40270200167956816,25.21004690093552,139,1668,signal_flat,0.0,0.6070678115105164
17_regime_switching_model,107,2025-01-17 12:00:00+00:00,2025-02-10 12:00:00+00:00,104462.0390625,97437.5546875,LONG,1.0,1.0,-0.07192355934130279,0.0008707848803657679,0.00043539244018288395,-0.07314007770222852,-3.6463664115980094,49,588,signal_flat,-0.07638742273378163,0.01612285742854702
17_regime_switching_model,108,2025-04-23 00:00:00+00:00,2025-06-05 00:00:00+00:00,93699.109375,101575.953125,LONG,1.0,1.0,0.08406530011374636,0.0008,0.0004,0.08274461457243043,4.267437463556309,87,1044,signal_flat,0.0,0.1918286309751811
17_regime_switching_model,109,2025-07-02 00:00:00+00:00,2025-07-31 00:00:00+00:00,108859.3203125,115758.203125,LONG,1.0,1.0,0.06337429622650137,0.0008,0.0004,0.062087211071594206,5.059036069565509,59,708,signal_flat,-0.007578445030078651,0.10229802756467588
17_regime_switching_model,110,2025-08-12 00:00:00+00:00,2025-08-19 12:00:00+00:00,120172.90625,112831.1796875,LONG,1.0,1.0,-0.06109302663635974,0.0008,0.0004,-0.06221937699788593,-5.591296706124033,16,192,signal_flat,-0.061093026636359626,0.026388279596092357
17_regime_switching_model,111,2025-08-25 12:00:00+00:00,2025-08-27 00:00:00+00:00,110124.3515625,111222.0625,LONG,0.5,0.5,0.005003746488263294,0.0004,0.0002,0.00440005003708599,0.24127125607037514,4,48,signal_flat,0.0,0.015240086898922645
17_regime_switching_model,112,2025-09-16 00:00:00+00:00,2025-09-23 12:00:00+00:00,116843.1875,112014.5,LONG,1.0,1.0,-0.041326221950252706,0.0008,0.0004,-0.042476285361352395,-6.031772810256323,16,192,signal_flat,-0.04132622195025282,0.002516326636501587
17_regime_switching_model,113,2025-09-25 12:00:00+00:00,2025-09-26 12:00:00+00:00,109049.2890625,109712.828125,LONG,0.5,0.5,0.0030423814231366197,0.0004,0.0002,0.0024406462680972574,0.26918248669617595,3,36,signal_flat,0.0,0.0060847628462732395
17_regime_switching_model,114,2025-10-03 00:00:00+00:00,2025-10-12 12:00:00+00:00,122266.53125,115169.765625,LONG,1.0,1.0,-0.058043403639947644,0.0007999999999999999,0.00039999999999999996,-0.05917221989685395,-4.050130343387919,20,240,signal_flat,-0.09371860246914465,0.020332628844412337
17_regime_switching_model,115,2026-01-03 00:00:00+00:00,2026-01-05 12:00:00+00:00,90603.1875,93882.5546875,LONG,1.0,1.0,0.036194832411387434,0.0008,0.0004,0.0349517716426333,4.972898259860054,6,72,signal_flat,0.0,0.03619483241138721
17_regime_switching_model,116,2026-01-14 00:00:00+00:00,2026-01-21 12:00:00+00:00,96929.328125,89376.9609375,LONG,1.0,1.0,-0.07791622343405169,0.0008,0.0004,-0.07902239201577133,-6.161739505253171,16,192,signal_flat,-0.08891449101850457,0.0
17_regime_switching_model,117,2026-03-04 00:00:00+00:00,2026-03-15 12:00:00+00:00,72710.578125,72789.9140625,LONG,0.867157618851336,0.867157618851336,-0.0015808691644717543,0.0008702345348299099,0.00043511726741495493,-0.002884549481534715,-0.12353049205369214,24,288,signal_flat,-0.09270723805017189,0.0010911196079834706
17_regime_switching_model,118,2026-03-22 12:00:00+00:00,2026-03-23 00:00:00+00:00,67845.2109375,70914.859375,LONG,1.0,1.0,0.04524488014825101,0.0008,0.0004,0.04401809322016215,2.5412809136729595,2,24,signal_flat,0.0,0.04524488014825101
17_regime_switching_model,119,2026-03-27 12:00:00+00:00,2026-03-29 00:00:00+00:00,66338.375,65954.921875,LONG,0.9400461315798838,0.9400461315798838,-0.005489060302800719,0.0007600766607443838,0.0003800383303721919,-0.006625568645768021,-0.3075887579822444,4,48,signal_flat,-0.005780261047998225,0.0
17_regime_switching_model,120,2026-04-07 00:00:00+00:00,2026-04-08 00:00:00+00:00,71940.703125,71123.359375,LONG,1.0,1.0,-0.011361353371537541,0.0008,0.0004,-0.01255417655951474,-0.8000806152608264,3,36,signal_flat,-0.011361353371537541,0.0
17_regime_switching_model,121,2026-04-11 12:00:00+00:00,2026-04-12 00:00:00+00:00,73054.2734375,70753.40625,LONG,1.0,1.0,-0.031495312720733026,0.0008,0.0004,-0.03267605553310071,-2.6063867679271944,2,24,signal_flat,-0.031495312720733026,0.0
17_regime_switching_model,122,2026-04-13 00:00:00+00:00,2026-04-15 12:00:00+00:00,74484.640625,74143.4296875,LONG,1.0,1.0,-0.0045809570219700335,0.0004,0.0002,-0.005178208447756849,-0.29823406317853296,6,72,end_of_data,-0.0045809570219699225,0.0
18_trend_strength_filter,1,2015-07-20 12:00:00+00:00,2015-08-09 12:00:00+00:00,278.9809875488281,265.0830078125,LONG,0.844521038645269,0.844521038645269,-0.05340132658128682,0.0008015875171262935,0.00040079375856314674,-0.05453815108371729,-2.2746208606987683,41,492,signal_flat,-0.06446309631883695,0.055365831700604495
18_trend_strength_filter,2,2015-08-13 12:00:00+00:00,2015-08-16 12:00:00+00:00,264.0799865722656,258.5069885253906,LONG,1.0,1.0,-0.021103447176031742,0.0008,0.0004,-0.022277770636661476,-1.5486383010203892,7,84,signal_flat,-0.021103447176031853,0.006058793490122394
18_trend_strength_filter,3,2015-10-28 12:00:00+00:00,2016-01-15 12:00:00+00:00,304.6180114746094,364.33099365234375,LONG,0.9997632325488351,0.9997632325488351,0.26113075249690265,0.002078319025799442,0.001039159512899721,0.25722650802359825,12.700213357718651,159,1908,signal_flat,0.0,0.5275558137608107
18_trend_strength_filter,4,2016-01-18 00:00:00+00:00,2016-01-19 12:00:00+00:00,387.1679992675781,380.14898681640625,LONG,0.7354191943355605,0.7354191943355605,-0.013332497757141848,0.0005883353554684483,0.0002941676777342242,-0.014203263033859881,-0.5158473746215959,4,48,signal_flat,-0.018129113109683792,0.0
18_trend_strength_filter,5,2016-02-24 12:00:00+00:00,2016-03-13 00:00:00+00:00,424.9549865722656,414.06500244140625,LONG,1.0,1.0,-0.025626206245275784,0.0008,0.0004,-0.026791659594991746,-1.5257910311146141,36,432,signal_flat,-0.057382499367142126,0.029984362572868406
18_trend_strength_filter,6,2016-03-17 12:00:00+00:00,2016-03-18 00:00:00+00:00,420.6210021972656,409.5480041503906,LONG,1.0,1.0,-0.026325357005549388,0.0008,0.0004,-0.027509201791346194,-2.573836731758943,2,24,signal_flat,-0.026325357005549388,0.0
18_trend_strength_filter,7,2016-03-26 12:00:00+00:00,2016-03-31 00:00:00+00:00,417.9450073242187,416.72900390625,LONG,1.0,1.0,-0.002909481861630092,0.0008,0.0004,-0.004102886892321966,-0.7298440897033515,10,120,signal_flat,-0.007486625627536214,0.0211032723675455
18_trend_strength_filter,8,2016-04-11 00:00:00+00:00,2016-05-22 12:00:00+00:00,422.4830017089844,439.322998046875,LONG,1.0,1.0,0.03985958315428406,0.0008,0.0004,0.03861212600394803,8.643533876480456,84,1008,signal_flat,0.0,0.10321359054077384
18_trend_strength_filter,9,2016-05-27 00:00:00+00:00,2016-07-25 00:00:00+00:00,473.4639892578125,654.0969848632812,LONG,1.0,1.0,0.4206094323053462,0.00157844082593925,0.000789220412969625,0.41725834919577576,40.53719179949758,119,1428,signal_flat,0.0,0.61851376405559
18_trend_strength_filter,10,2016-09-13 12:00:00+00:00,2017-01-12 12:00:00+00:00,609.2410278320312,804.833984375,LONG,1.0,1.0,0.49031508747850117,0.0009012750672555271,0.00045063753362776355,0.48829840188811824,47.23865543148763,243,2916,signal_flat,-0.021244554466852472,0.8953582042526376
18_trend_strength_filter,11,2017-01-25 00:00:00+00:00,2017-01-26 00:00:00+00:00,901.5419921875,917.5859985351562,LONG,0.9677490176563164,0.9677490176563164,0.017222238694109437,0.0007741992141250531,0.00038709960706252656,0.016051276943913173,0.7671326391979287,3,36,signal_flat,0.0,0.01779618308042097
18_trend_strength_filter,12,2017-02-01 12:00:00+00:00,2017-03-19 00:00:00+00:00,989.0230102539062,1036.739990234375,LONG,1.0,1.0,0.07888325167820565,0.0008724746234019807,0.00043623731170099034,0.0774663344316937,5.557709758837825,92,1104,signal_flat,-0.01537377485882796,0.28914087641606434
18_trend_strength_filter,13,2017-03-24 12:00:00+00:00,2017-03-27 00:00:00+00:00,937.52001953125,1045.77001953125,LONG,0.42427356996599885,0.42427356996599885,0.05107088570419749,0.0003655940772731034,0.0001827970386365517,0.05050501003436758,1.0582263564589995,6,72,signal_flat,0.0,0.11546420102487387
18_trend_strength_filter,14,2017-04-17 12:00:00+00:00,2017-07-11 00:00:00+00:00,1193.9100341796875,2337.7900390625,LONG,1.0,1.0,0.6435423836090284,0.0016264910567506583,0.0008132455283753292,0.6395304351903504,58.3804599538492,170,2040,signal_flat,0.0,1.4776658397500908
18_trend_strength_filter,15,2017-08-02 12:00:00+00:00,2017-09-14 12:00:00+00:00,2710.669921875,3154.949951171875,LONG,0.3965887841464421,0.3965887841464421,0.06659241197759092,0.0012668312590331271,0.0006334156295165636,0.06454685150499562,1.2641937085880912,87,1044,signal_flat,0.0,0.8047235209815378
18_trend_strength_filter,16,2017-10-11 00:00:00+00:00,2018-01-12 00:00:00+00:00,4826.47998046875,13980.599609375,LONG,1.0,1.0,1.0838433845731035,0.0018269333663395878,0.0009134666831697939,1.0782381998673323,62.22305761657283,187,2244,signal_flat,0.0,3.039672902306621
18_trend_strength_filter,17,2018-03-05 12:00:00+00:00,2018-03-07 00:00:00+00:00,11573.2998046875,9965.5703125,LONG,0.588569218960193,0.588569218960193,-0.07881110775596889,0.0004708553751681544,0.0002354276875840772,-0.07947518908240914,-2.310081219247926,4,48,signal_flat,-0.1389171212462954,0.0
18_trend_strength_filter,18,2018-03-10 00:00:00+00:00,2018-03-21 00:00:00+00:00,8866.0,8929.2802734375,LONG,0.5450704931097383,0.5450704931097383,0.002814203541852578,0.0005498072889186614,0.0002749036444593307,0.0019875058446827687,0.05350067001337196,23,276,signal_flat,-0.10705167123702908,0.08037783474086391
18_trend_strength_filter,19,2019-04-24 00:00:00+00:00,2019-07-18 00:00:00+00:00,5464.86669921875,10666.482421875,LONG,1.0,1.0,0.8031312225051201,0.0017770256138932873,0.0008885128069466437,0.7984008813887165,52.493146894006074,171,2052,signal_flat,-0.04654296037177108,1.3818021850694517
18_trend_strength_filter,20,2019-07-28 00:00:00+00:00,2019-07-29 12:00:00+00:00,9552.8603515625,9519.1455078125,LONG,0.562118515738353,0.562118515738353,-0.001983880976968333,0.0005090217633748701,0.00025451088168743503,-0.0027458266460439473,-0.07622529959000673,4,48,signal_flat,-0.0035292930608459283,0.0
18_trend_strength_filter,21,2019-08-27 00:00:00+00:00,2019-08-28 12:00:00+00:00,10185.5,9754.4228515625,LONG,0.7957415929131857,0.7957415929131857,-0.03367787705720193,0.0007062784594714829,0.0003531392297357414,-0.03470307893053559,-1.3637607937120562,4,48,signal_flat,-0.0423226300562074,0.0
18_trend_strength_filter,22,2020-02-19 00:00:00+00:00,2020-02-27 12:00:00+00:00,9633.38671875,8784.494140625,LONG,0.9095374051786524,0.9095374051786524,-0.08273606768044894,0.0007847741311878413,0.00039238706559392066,-0.08381951322720549,-3.764990048779146,18,216,signal_flat,-0.0881198484924054,0.030220826252449706
18_trend_strength_filter,23,2020-03-01 00:00:00+00:00,2020-03-06 00:00:00+00:00,8562.4541015625,9122.5458984375,LONG,0.9249912842182383,0.9249912842182383,0.06371262951869427,0.0008262896070108676,0.0004131448035054338,0.06239784977831686,2.85039730503694,11,132,signal_flat,0.0,0.06541253129436253
18_trend_strength_filter,24,2020-05-21 00:00:00+00:00,2020-06-26 00:00:00+00:00,9081.76171875,9162.91796875,LONG,0.6759593447021955,0.6759593447021955,0.013573384773992725,0.0011459836718222393,0.0005729918359111196,0.011828493951369534,0.3948645652379526,73,876,signal_flat,-0.032085575873004424,0.11952602034210913
18_trend_strength_filter,25,2020-07-27 00:00:00+00:00,2020-09-03 12:00:00+00:00,10990.873046875,10245.296875,LONG,1.0,1.0,-0.08028370214978908,0.0011238800113343942,0.0005619400056671971,-0.08184326541490938,-5.2639323178706325,78,936,signal_flat,-0.06783593702658475,0.11496168607226842
18_trend_strength_filter,26,2020-09-06 12:00:00+00:00,2020-09-09 00:00:00+00:00,10280.3515625,10242.34765625,LONG,0.7981095150706959,0.7981095150706959,-0.0026170251524009203,0.0006617077574680615,0.00033085387873403073,-0.0036025982934567713,-0.1419961147050095,6,72,signal_flat,-0.01447761392522906,0.00867790498409815
18_trend_strength_filter,27,2020-10-13 12:00:00+00:00,2021-04-22 00:00:00+00:00,11425.8994140625,51762.2734375,LONG,1.0,1.0,2.11253380541692,0.0032673298977551005,0.0016336649488775503,2.0973720251363503,177.1187469710437,382,4584,signal_flat,-0.009082555641945933,4.5578519230698555
18_trend_strength_filter,28,2021-04-24 00:00:00+00:00,2021-04-27 12:00:00+00:00,50050.8671875,55033.1171875,LONG,0.8385384477902841,0.8385384477902841,0.07601854152319665,0.0007222667312984416,0.0003611333656492208,0.07486183431380611,3.1001419396999164,8,96,signal_flat,-0.02091099195802515,0.09954372980862747
18_trend_strength_filter,29,2021-09-15 12:00:00+00:00,2021-09-20 00:00:00+00:00,48176.34765625,42843.80078125,LONG,0.7783296085655852,0.7783296085655852,-0.0857113998988811,0.0006562665004014214,0.0003281332502007107,-0.08664467571695933,-3.3304549724246386,10,120,signal_flat,-0.11068806861510183,0.0021175458490110266
18_trend_strength_filter,30,2021-10-11 12:00:00+00:00,2021-11-20 00:00:00+00:00,57484.7890625,59697.1953125,LONG,0.6194416949565589,0.6194416949565589,-0.0015266426826887614,0.001126027612803233,0.0005630138064016165,-0.003200726049835234,-0.09791451408258746,80,960,signal_flat,-0.025114999851183484,0.17538620610642508
18_trend_strength_filter,31,2021-11-25 12:00:00+00:00,2021-11-27 12:00:00+00:00,57274.6796875,54815.078125,LONG,0.824711823502398,0.824711823502398,-0.03760214727650524,0.0006597694588019184,0.0003298847294009592,-0.03855756934520915,-1.5703989750451977,5,60,signal_flat,-0.06468677053655503,0.0
18_trend_strength_filter,32,2023-02-07 00:00:00+00:00,2023-03-07 00:00:00+00:00,23264.291015625,22219.76953125,LONG,1.0,1.0,-0.04211095413121135,0.0009912706387195977,0.0004956353193597988,-0.04353802611963964,-3.012565856521136,57,684,signal_flat,-0.06933834436611841,0.067264350365287
18_trend_strength_filter,33,2023-03-09 12:00:00+00:00,2023-03-10 12:00:00+00:00,20363.021484375,20187.244140625,LONG,1.0,1.0,-0.008632183779056501,0.0008,0.0004,-0.009821468266107858,-0.569598631147122,3,36,signal_flat,-0.008632183779056501,0.0
18_trend_strength_filter,34,2023-03-19 12:00:00+00:00,2023-05-08 12:00:00+00:00,28038.67578125,27694.2734375,LONG,0.5582831940690489,0.5582831940690489,-0.011065184193817634,0.000895469513612247,0.0004477347568061235,-0.012391637537350841,-0.34164997244331957,101,1212,signal_flat,-0.0320552623949536,0.08727314572881406
18_trend_strength_filter,35,2023-06-25 00:00:00+00:00,2023-07-26 00:00:00+00:00,30480.26171875,29354.97265625,LONG,1.0,1.0,-0.0369016898600788,0.0008007027528156155,0.00040035137640780777,-0.03805556840279789,-2.009156287703256,63,756,signal_flat,-0.04276031863345986,0.032669900231284466
18_trend_strength_filter,36,2023-10-30 00:00:00+00:00,2024-01-18 00:00:00+00:00,34502.36328125,41262.05859375,LONG,1.0,1.0,0.194320068563959,0.0012191242570566032,0.0006095621285283016,0.19211021562687813,10.898740610092688,161,1932,signal_flat,0.0,0.3613706262195582
18_trend_strength_filter,37,2024-01-22 12:00:00+00:00,2024-01-24 12:00:00+00:00,39507.3671875,40077.07421875,LONG,1.0,1.0,0.014420273275771667,0.0008,0.0004,0.0132033341391391,0.6784394559592501,5,60,signal_flat,0.0,0.014420273275771445
18_trend_strength_filter,38,2024-02-11 12:00:00+00:00,2024-04-15 00:00:00+00:00,48293.91796875,63426.2109375,LONG,1.0,1.0,0.287911735820356,0.001511360710132803,0.0007556803550664015,0.28498058667363213,19.77262080754481,128,1536,signal_flat,0.0,0.5133065005678525
18_trend_strength_filter,39,2024-05-25 00:00:00+00:00,2024-06-15 12:00:00+00:00,69265.9453125,66191.0,LONG,0.8457265901992166,0.8457265901992166,-0.0415880463907512,0.0008000562665590106,0.0004000281332795053,-0.04273838008107811,-1.785032699558208,44,528,signal_flat,-0.046990646670819536,0.02623042234972739
18_trend_strength_filter,40,2024-06-20 00:00:00+00:00,2024-06-25 12:00:00+00:00,64828.65625,61804.640625,LONG,1.0,1.0,-0.046646279591827766,0.0008,0.0004,-0.04778996084897824,-4.711041894696367,12,144,signal_flat,-0.07020417282673508,0.0
18_trend_strength_filter,41,2024-07-28 00:00:00+00:00,2024-08-03 12:00:00+00:00,68255.8671875,60680.09375,LONG,1.0,1.0,-0.11099080195830224,0.0008,0.0004,-0.11205729295264111,-6.531243388873708,14,168,signal_flat,-0.11099080195830235,0.0
18_trend_strength_filter,42,2024-08-05 00:00:00+00:00,2024-08-10 12:00:00+00:00,53991.45703125,60945.8125,LONG,0.8571836357088489,0.8571836357088489,0.10786087742727446,0.0007066061763843536,0.0003533030881921768,0.10669897854822619,4.5168146271450285,12,144,signal_flat,0.0,0.14296112962894236
18_trend_strength_filter,43,2024-10-28 00:00:00+00:00,2024-12-30 00:00:00+00:00,69907.7578125,92643.2109375,LONG,1.0,1.0,0.29355451931704213,0.001363829790068263,0.0006819148950341315,0.29092566586032786,21.86749786433627,127,1524,signal_flat,-0.029985942413177757,0.5182950345393758
18_trend_strength_filter,44,2025-01-21 00:00:00+00:00,2025-02-05 00:00:00+00:00,106146.265625,96615.4453125,LONG,1.0,1.0,-0.08978950183863343,0.0008,0.0004,-0.09088852425673555,-4.680279324236086,31,372,signal_flat,-0.08978950183863332,0.0
18_trend_strength_filter,45,2025-02-10 12:00:00+00:00,2025-02-16 00:00:00+00:00,97437.5546875,96175.03125,LONG,1.0,1.0,-0.012957256999615141,0.0008,0.0004,-0.014150001430996872,-0.9590775622750474,12,144,signal_flat,-0.017345724709743937,0.004600943536994473
18_trend_strength_filter,46,2025-05-22 12:00:00+00:00,2025-06-21 12:00:00+00:00,111673.28125,102257.40625,LONG,1.0,1.0,-0.08431627417592347,0.0008,0.0004,-0.08541476500077139,-7.478987628529385,61,732,signal_flat,-0.0904184780099313,0.0
18_trend_strength_filter,47,2025-06-26 00:00:00+00:00,2025-06-29 12:00:00+00:00,106960.0,108385.5703125,LONG,1.0,1.0,0.013328069488593774,0.0008,0.0004,0.012112440603312402,1.1548795438102637,8,96,signal_flat,0.0,0.013328069488593774
18_trend_strength_filter,48,2025-07-08 12:00:00+00:00,2025-08-19 12:00:00+00:00,108950.2734375,112831.1796875,LONG,1.0,1.0,0.03562089499689258,0.0008,0.0004,0.034378522746418616,3.6500498602854443,85,1020,signal_flat,0.0,0.13211338171406317
18_trend_strength_filter,49,2025-09-27 00:00:00+00:00,2025-09-29 12:00:00+00:00,109681.9453125,114400.3828125,LONG,1.0,1.0,0.043019272557178745,0.0008,0.0004,0.04176802491704823,4.609482420041926,6,72,signal_flat,0.0,0.043019272557178745
18_trend_strength_filter,50,2025-10-03 00:00:00+00:00,2025-10-12 12:00:00+00:00,122266.53125,115169.765625,LONG,1.0,1.0,-0.058043403639947644,0.0007999999999999999,0.00039999999999999996,-0.05917221989685395,-4.050130343387919,20,240,signal_flat,-0.09371860246914465,0.020332628844412337
18_trend_strength_filter,51,2025-10-17 00:00:00+00:00,2025-10-23 12:00:00+00:00,106467.7890625,110069.7265625,LONG,0.992466544054173,0.992466544054173,0.03396887257783043,0.000834880135807369,0.0004174400679036845,0.03267492799822813,1.6015062904437127,14,168,signal_flat,0.0,0.03870786330108489
19_momentum_decay_exit,1,2015-03-01 00:00:00+00:00,2015-03-09 00:00:00+00:00,260.2019958496094,289.60699462890625,LONG,1.0,1.0,0.11215593393892487,0.0009219448506563271,0.00046097242532816356,0.11065885804790043,5.810739979684532,17,204,signal_flat,0.0,0.11300835215842175
19_momentum_decay_exit,2,2015-03-10 00:00:00+00:00,2015-03-11 00:00:00+00:00,291.760009765625,296.3789978027344,LONG,0.8669823441733971,0.8669823441733971,0.01372559960955222,0.0006935858753387177,0.00034679293766935883,0.012678351482047878,0.5428391662312002,3,36,signal_flat,0.0,0.01583146381445455
19_momentum_decay_exit,3,2015-05-03 00:00:00+00:00,2015-05-10 00:00:00+00:00,240.3580017089844,240.29600524902344,LONG,0.9350833919200221,0.9350833919200221,-0.0005974563861741444,0.0008303605049868998,0.0004151802524934499,-0.0018442887587984957,-0.08516818587123165,15,180,signal_flat,-0.044001048241053775,0.014582434776006181
19_momentum_decay_exit,4,2015-06-16 00:00:00+00:00,2015-06-19 00:00:00+00:00,250.89500427246097,244.6060028076172,LONG,1.0,1.0,-0.02506626819087321,0.0008,0.0004,-0.02624635610171988,-2.486137282662352,7,84,signal_flat,-0.02506626819087321,0.0
19_momentum_decay_exit,5,2015-06-27 00:00:00+00:00,2015-06-27 12:00:00+00:00,250.9900054931641,250.9900054931641,LONG,1.0,1.0,0.0,0.0008,0.0004,-0.0011996400000000573,-0.08691577317643513,2,24,signal_flat,0.0,0.0
19_momentum_decay_exit,6,2015-06-29 00:00:00+00:00,2015-07-02 00:00:00+00:00,257.0639953613281,255.41200256347656,LONG,1.0,1.0,-0.006426387310792037,0.0008,0.0004,-0.007625803428410238,-0.49771412279093025,7,84,signal_flat,-0.006426387310792148,0.023371595065360795
19_momentum_decay_exit,7,2015-07-05 00:00:00+00:00,2015-07-07 00:00:00+00:00,271.9129943847656,266.2070007324219,LONG,1.0,1.0,-0.02098463026842179,0.0008,0.0004,-0.022165321723178755,-1.30076768831943,5,60,signal_flat,-0.02098463026842179,0.0
19_momentum_decay_exit,8,2015-07-10 00:00:00+00:00,2015-07-14 00:00:00+00:00,284.8940124511719,287.4639892578125,LONG,0.9803984936875905,0.9803984936875905,0.022225537797418315,0.0007884245513895469,0.00039421227569477345,0.021014549223138168,1.017468207299078,9,108,signal_flat,0.0,0.09116720888548291
19_momentum_decay_exit,9,2015-09-07 00:00:00+00:00,2015-09-07 12:00:00+00:00,239.8470001220703,239.8470001220703,LONG,1.0,1.0,0.0,0.0008,0.0004,-0.0011996400000000573,-0.08374775619647935,2,24,signal_flat,0.0,0.0
19_momentum_decay_exit,10,2015-09-08 00:00:00+00:00,2015-09-09 00:00:00+00:00,243.60699462890625,238.16799926757812,LONG,1.0,1.0,-0.02232692607867648,0.0008,0.0004,-0.02351316992302932,-2.01435190719264,3,36,signal_flat,-0.02232692607867648,0.0
19_momentum_decay_exit,11,2015-10-05 00:00:00+00:00,2015-10-05 12:00:00+00:00,240.38299560546875,240.38299560546875,LONG,1.0,1.0,0.0,0.0008,0.0004,-0.0011996400000000573,-0.14873197805609037,2,24,signal_flat,0.0,0.0
19_momentum_decay_exit,12,2015-10-06 00:00:00+00:00,2015-10-08 00:00:00+00:00,246.06300354003903,242.3040008544922,LONG,1.0,1.0,-0.015276586205431708,0.0008,0.0004,-0.016459520348198198,-1.904533812953351,5,60,signal_flat,-0.015276586205431708,0.0
19_momentum_decay_exit,13,2015-10-11 00:00:00+00:00,2015-10-12 00:00:00+00:00,247.0500030517578,245.30799865722656,LONG,1.0,1.0,-0.007051221910595595,0.0008,0.0004,-0.008246631177449282,-0.9380222633254063,3,36,signal_flat,-0.007051221910595595,0.0
19_momentum_decay_exit,14,2015-10-13 00:00:00+00:00,2015-10-21 00:00:00+00:00,249.50799560546875,266.2720031738281,LONG,1.0,1.0,0.06718825794611938,0.0008,0.0004,0.06590034730398853,8.421325674961894,17,204,signal_flat,0.0,0.08469475694231243
19_momentum_decay_exit,15,2015-10-22 00:00:00+00:00,2015-10-26 00:00:00+00:00,274.02301025390625,285.29998779296875,LONG,1.0,1.0,0.04115339631008852,0.0008,0.0004,0.03990793205813503,2.4298588857527403,9,108,signal_flat,0.0,0.04115339631008874
19_momentum_decay_exit,16,2015-10-27 00:00:00+00:00,2015-10-27 12:00:00+00:00,293.7879943847656,293.7879943847656,LONG,1.0,1.0,0.0,0.0008,0.0004,-0.0011996400000000573,-0.06544369164283029,2,24,signal_flat,0.0,0.0
19_momentum_decay_exit,17,2015-10-28 00:00:00+00:00,2015-11-06 00:00:00+00:00,304.6180114746094,374.4700012207031,LONG,0.9997632325488351,0.9997632325488351,0.20761813596855094,0.0007998105860390682,0.0003999052930195341,0.2061838473034674,10.18005053907231,19,228,signal_flat,0.0,0.3510789670280372
19_momentum_decay_exit,18,2015-11-30 00:00:00+00:00,2015-12-02 00:00:00+00:00,377.3210144042969,359.18701171875,LONG,1.0,1.0,-0.04794073771830043,0.0008,0.0004,-0.04908828344328875,-2.6308889624407503,5,60,signal_flat,-0.04805988003126804,0.0
19_momentum_decay_exit,19,2015-12-05 00:00:00+00:00,2015-12-06 00:00:00+00:00,388.9490051269531,388.7829895019531,LONG,0.8751498591483946,0.8751498591483946,-0.00037354138696854555,0.0007001198873187157,0.00035005994365935785,-0.0014232493557120307,-0.061512242077451124,3,36,signal_flat,-0.0004268313398714252,0.0
19_momentum_decay_exit,20,2015-12-07 00:00:00+00:00,2015-12-07 12:00:00+00:00,395.5360107421875,395.5360107421875,LONG,0.8595166569338617,0.8595166569338617,0.0,0.0006876133255470894,0.0003438066627735447,-0.001031154031522541,-0.04376994243997836,2,24,signal_flat,0.0,0.0
19_momentum_decay_exit,21,2015-12-08 00:00:00+00:00,2015-12-09 00:00:00+00:00,415.56298828125,417.56298828125,LONG,0.7637708230404519,0.7637708230404519,0.0036758366099896023,0.0006110166584323615,0.00030550832921618075,0.0027578371288023984,0.10402310475530648,3,36,signal_flat,0.0,0.0048127481426387675
19_momentum_decay_exit,22,2015-12-11 00:00:00+00:00,2015-12-15 00:00:00+00:00,451.93798828125,465.3210144042969,LONG,0.802049763722317,0.802049763722317,0.023491805320888792,0.0007012042340084748,0.0003506021170042374,0.02243171124013643,0.8885090482547305,9,108,signal_flat,-0.04023335915528714,0.029612527537115074
19_momentum_decay_exit,23,2016-02-14 00:00:00+00:00,2016-02-23 00:00:00+00:00,407.2300109863281,420.7359924316406,LONG,1.0,1.0,0.03316548653327467,0.0008,0.0004,0.03190100998735246,2.0195977097088744,19,228,signal_flat,-0.017299838513058163,0.07751882796556053
19_momentum_decay_exit,24,2016-03-27 00:00:00+00:00,2016-03-29 00:00:00+00:00,426.7650146484375,416.5159912109375,LONG,1.0,1.0,-0.02401561300881938,0.0008,0.0004,-0.025197283124200776,-3.7577682577068727,5,60,signal_flat,-0.02401561300881938,0.0
19_momentum_decay_exit,25,2016-04-15 00:00:00+00:00,2016-04-17 00:00:00+00:00,429.7130126953125,427.39898681640625,LONG,1.0,1.0,-0.005385049580862944,0.0008,0.0004,-0.006582657206299358,-1.627272780951301,5,60,signal_flat,-0.005385049580862944,0.0019989580164132548
19_momentum_decay_exit,26,2016-04-19 00:00:00+00:00,2016-04-27 00:00:00+00:00,435.5090026855469,444.68701171875,LONG,1.0,1.0,0.021074211960274924,0.0008,0.0004,0.01981982271646765,3.9375730833266873,17,204,signal_flat,0.0,0.07021665771245944
19_momentum_decay_exit,27,2016-05-27 00:00:00+00:00,2016-06-06 00:00:00+00:00,473.4639892578125,585.5369873046875,LONG,1.0,1.0,0.23445962814083932,0.0008188894242951777,0.00040944471214758886,0.2329582436400095,22.632196628085484,21,252,signal_flat,0.0,0.23670859999840155
19_momentum_decay_exit,28,2016-06-11 00:00:00+00:00,2016-06-20 00:00:00+00:00,606.7269897460938,737.2260131835938,LONG,1.0,1.0,0.20247382680250858,0.0008379979530579681,0.00041899897652898405,0.20097028017283414,12.970186909546774,19,228,signal_flat,0.0,0.2630194409500821
19_momentum_decay_exit,29,2016-09-03 00:00:00+00:00,2016-09-11 00:00:00+00:00,598.2119750976562,606.718994140625,LONG,1.0,1.0,0.014220743477393327,0.0008,0.0004,0.012987213646375562,1.6128099530137083,17,204,signal_flat,0.0,0.04698000888675313
19_momentum_decay_exit,30,2016-10-01 00:00:00+00:00,2016-10-04 00:00:00+00:00,613.9829711914062,610.2039794921875,LONG,1.0,1.0,-0.006154880308627986,0.0008,0.0004,-0.007349020621277846,-1.3576115865704879,7,84,signal_flat,-0.006154880308627764,0.0
19_momentum_decay_exit,31,2016-10-07 00:00:00+00:00,2016-10-10 00:00:00+00:00,617.1209716796875,618.9940185546875,LONG,1.0,1.0,0.0030351372922912123,0.0008,0.0004,0.0018340347161036608,0.4459986354313628,7,84,signal_flat,-0.0005978690345379567,0.003219789316688537
19_momentum_decay_exit,32,2016-10-11 00:00:00+00:00,2016-10-17 00:00:00+00:00,641.072021484375,639.1929931640625,LONG,1.0,1.0,-0.002931072106315824,0.0008,0.0004,-0.004129476297835,-0.6765304698540746,13,156,signal_flat,-0.007612256843642973,0.0008719144529865108
19_momentum_decay_exit,33,2016-10-22 00:00:00+00:00,2016-10-24 00:00:00+00:00,657.2940063476562,653.760986328125,LONG,1.0,1.0,-0.005375098487757302,0.0008,0.0004,-0.006571309968436689,-0.7396293028892605,5,60,signal_flat,-0.005375098487757302,0.0
19_momentum_decay_exit,34,2016-10-25 00:00:00+00:00,2016-11-03 00:00:00+00:00,657.5880126953125,688.7000122070312,LONG,1.0,1.0,0.04731229723029351,0.0008,0.0004,0.04600836425093102,6.96290725909624,19,228,signal_flat,0.0,0.1265852862123933
19_momentum_decay_exit,35,2016-11-16 00:00:00+00:00,2016-11-19 00:00:00+00:00,744.197998046875,751.6160278320312,LONG,1.0,1.0,0.009967817441896898,0.0008,0.0004,0.008756244632454502,0.5217032491947776,7,84,signal_flat,-0.004328160394457825,0.009967817441896676
19_momentum_decay_exit,36,2016-12-01 00:00:00+00:00,2016-12-05 00:00:00+00:00,756.7739868164062,758.7000122070312,LONG,1.0,1.0,0.002545047034091974,0.0008,0.0004,0.0013303321588693517,0.14004125846240983,9,108,signal_flat,0.0,0.027973983354282694
19_momentum_decay_exit,37,2016-12-12 00:00:00+00:00,2016-12-12 12:00:00+00:00,780.0869750976562,780.0869750976562,LONG,1.0,1.0,0.0,0.0008,0.0004,-0.0011996400000000573,-0.12984211401173806,2,24,signal_flat,0.0,0.0
19_momentum_decay_exit,38,2016-12-13 00:00:00+00:00,2016-12-13 12:00:00+00:00,780.5560302734375,780.5560302734375,LONG,1.0,1.0,0.0,0.0008,0.0004,-0.0011996400000000573,-0.1295244165704816,2,24,signal_flat,0.0,0.0
19_momentum_decay_exit,39,2016-12-14 00:00:00+00:00,2016-12-14 12:00:00+00:00,781.4810180664062,781.4810180664062,LONG,1.0,1.0,0.0,0.0008,0.0004,-0.0011996400000000573,-0.1433764618541662,2,24,signal_flat,0.0,0.0
19_momentum_decay_exit,40,2016-12-16 00:00:00+00:00,2016-12-31 00:00:00+00:00,784.906982421875,963.7429809570312,LONG,1.0,1.0,0.22824572701755108,0.0008049295076811172,0.0004024647538405586,0.22676593675534806,36.320868143961235,31,372,signal_flat,0.0,0.24335882131733966
19_momentum_decay_exit,41,2017-01-01 00:00:00+00:00,2017-01-01 12:00:00+00:00,998.3250122070312,998.3250122070312,LONG,0.8700335539488354,0.8700335539488354,0.0,0.0006960268431590684,0.0003480134215795342,-0.001043767759720149,-0.0448474768197095,2,24,signal_flat,0.0,0.0
19_momentum_decay_exit,42,2017-01-02 00:00:00+00:00,2017-01-02 12:00:00+00:00,1021.75,1021.75,LONG,0.8180584762217691,0.8180584762217691,0.0,0.0006544467809774153,0.00032722339048870763,-0.0009814292523848689,-0.03964984384004478,2,24,signal_flat,0.0,0.0
19_momentum_decay_exit,43,2017-01-03 00:00:00+00:00,2017-01-05 00:00:00+00:00,1043.8399658203125,1013.3800048828124,LONG,0.7921731034604852,0.7921731034604852,-0.004915724301825852,0.0006337384827683882,0.0003168692413841941,-0.005891650887712929,-0.23049166829501733,5,60,signal_flat,-0.029180680884893007,0.10623277348965399
19_momentum_decay_exit,44,2017-01-31 00:00:00+00:00,2017-02-09 00:00:00+00:00,970.4030151367188,994.3829956054688,LONG,1.0,1.0,0.024711362284227212,0.0008,0.0004,0.023439633898488133,1.6454360162953645,19,228,signal_flat,0.0,0.09549324322666908
19_momentum_decay_exit,45,2017-02-20 00:00:00+00:00,2017-02-27 00:00:00+00:00,1079.97998046875,1179.969970703125,LONG,1.0,1.0,0.09258504050322847,0.0008,0.0004,0.09128253258032037,5.710039094650973,15,180,signal_flat,0.0,0.09258504050322847
19_momentum_decay_exit,46,2017-03-01 00:00:00+00:00,2017-03-03 00:00:00+00:00,1222.5,1274.989990234375,LONG,1.0,1.0,0.04293659732873212,0.0008,0.0004,0.04169721112309066,2.2427329079042284,5,60,signal_flat,0.0,0.04293659732873212
19_momentum_decay_exit,47,2017-04-06 00:00:00+00:00,2017-04-07 00:00:00+00:00,1182.6800537109375,1176.9000244140625,LONG,0.6710562706332464,0.6710562706332464,-0.003279606256942791,0.0005368450165065971,0.00026842250825329854,-0.004083391187549634,-0.1353250075713366,3,36,signal_flat,-0.004887229879914523,0.0
19_momentum_decay_exit,48,2017-04-09 00:00:00+00:00,2017-04-10 00:00:00+00:00,1187.8699951171875,1187.1300048828125,LONG,0.9540768862382266,0.9540768862382266,-0.0005943475140893772,0.0007632615089905813,0.00038163075449529067,-0.001738571851066073,-0.0819170213715219,3,36,signal_flat,-0.0006229555737722325,0.0
19_momentum_decay_exit,49,2017-04-11 00:00:00+00:00,2017-04-11 12:00:00+00:00,1205.010009765625,1205.010009765625,LONG,1.0,1.0,0.0,0.0008,0.0004,-0.0011996400000000573,-0.07310767282680691,2,24,signal_flat,0.0,0.0
19_momentum_decay_exit,50,2017-04-18 00:00:00+00:00,2017-04-18 12:00:00+00:00,1211.6700439453125,1211.6700439453125,LONG,1.0,1.0,0.0,0.0008,0.0004,-0.0011996400000000573,-0.10562432671049023,2,24,signal_flat,0.0,0.0
19_momentum_decay_exit,51,2017-04-20 00:00:00+00:00,2017-04-21 00:00:00+00:00,1229.0799560546875,1222.050048828125,LONG,1.0,1.0,-0.005719650045492797,0.0008,0.0004,-0.00691585825546559,-0.8295251380970368,3,36,signal_flat,-0.005719650045492797,0.0
19_momentum_decay_exit,52,2017-04-22 00:00:00+00:00,2017-05-07 00:00:00+00:00,1231.7099609375,1596.7099609375,LONG,1.0,1.0,0.2955663369867192,0.0007999999999999999,0.00039999999999999996,0.2940206164619734,33.02286833059964,31,372,signal_flat,-0.019891046412705893,0.2963359975770472
19_momentum_decay_exit,53,2017-05-08 00:00:00+00:00,2017-05-12 00:00:00+00:00,1723.3499755859375,1724.239990234375,LONG,0.8606372061820574,0.8606372061820574,0.0026995631614830096,0.0006885097649456459,0.00034425488247282295,0.0016362836986238971,0.06954675241943185,9,108,signal_flat,0.0,0.07266079001773873
19_momentum_decay_exit,54,2017-05-18 00:00:00+00:00,2017-05-18 12:00:00+00:00,1888.6500244140625,1888.6500244140625,LONG,0.654587419489139,0.654587419489139,0.0,0.0005236699355913112,0.0002618349677956556,-0.0007853506488986195,-0.02538805293647515,2,24,signal_flat,0.0,0.0
19_momentum_decay_exit,55,2017-05-19 00:00:00+00:00,2017-05-19 12:00:00+00:00,1987.7099609375,1987.7099609375,LONG,0.5981181071744,0.5981181071744,0.0,0.00047849448573951994,0.00023924724286975997,-0.000717612940312029,-0.02119704616584954,2,24,signal_flat,0.0,0.0
19_momentum_decay_exit,56,2017-05-20 00:00:00+00:00,2017-05-21 00:00:00+00:00,2084.72998046875,2041.199951171875,LONG,0.5583053899343329,0.5583053899343329,-0.011657648812140264,0.0004466443119474663,0.00022332215597373314,-0.012323597949395082,-0.33978756074749294,3,36,signal_flat,-0.020880416027349136,0.0
19_momentum_decay_exit,57,2017-05-22 00:00:00+00:00,2017-05-26 00:00:00+00:00,2173.39990234375,2202.419921875,LONG,0.5638700064260406,0.5638700064260406,0.01575361441287182,0.0004510960051408325,0.00022554800257041624,0.015061764103869058,0.4194237022251475,9,108,signal_flat,0.0,0.12433974527327152
19_momentum_decay_exit,58,2017-06-02 00:00:00+00:00,2017-06-02 12:00:00+00:00,2488.550048828125,2488.550048828125,LONG,0.4006827528649224,0.4006827528649224,0.0,0.0003205462022919379,0.00016027310114596896,-0.00048076150663711736,-0.0095132403743029,2,24,signal_flat,0.0,0.0
19_momentum_decay_exit,59,2017-06-03 00:00:00+00:00,2017-06-03 12:00:00+00:00,2515.35009765625,2515.35009765625,LONG,0.4234505416876034,0.4234505416876034,0.0,0.0003387604333500827,0.00016938021667504136,-0.0005080760982950627,-0.010625015965906036,2,24,signal_flat,0.0,0.0
19_momentum_decay_exit,60,2017-06-05 00:00:00+00:00,2017-06-11 00:00:00+00:00,2686.81005859375,2958.110107421875,LONG,0.43287007529320215,0.43287007529320215,0.04686146758653997,0.00041436390803855543,0.00020718195401927771,0.04621203752533054,0.9878950627184809,13,156,signal_flat,0.0,0.10097477786357589
19_momentum_decay_exit,61,2017-07-20 00:00:00+00:00,2017-07-27 00:00:00+00:00,2817.60009765625,2671.780029296875,LONG,0.3381446388742862,0.3381446388742862,-0.0166635509258386,0.0002873318479738814,0.0001436659239869407,-0.017084203304895684,-0.28529579537434285,15,180,signal_flat,-0.10226793600840145,0.0
19_momentum_decay_exit,62,2017-07-31 00:00:00+00:00,2017-07-31 12:00:00+00:00,2875.340087890625,2875.340087890625,LONG,0.3950545358953377,0.3950545358953377,0.0,0.00031604362871627014,0.00015802181435813507,-0.00047400925856333487,-0.009247876281783174,2,24,signal_flat,0.0,0.0
19_momentum_decay_exit,63,2017-08-04 00:00:00+00:00,2017-08-10 00:00:00+00:00,2895.889892578125,3381.280029296875,LONG,0.579167799447328,0.579167799447328,0.09326653091723602,0.0005138328844177146,0.0002569164422088573,0.0924301021845444,2.6437231565186816,13,156,signal_flat,0.0,0.18096338889514163
19_momentum_decay_exit,64,2017-08-11 00:00:00+00:00,2017-08-15 00:00:00+00:00,3650.6201171875,4181.93017578125,LONG,0.5443258376634669,0.5443258376634669,0.07514506823407952,0.0004354606701307735,0.00021773033506538675,0.07443978189875966,2.0010695136542767,9,108,signal_flat,0.0,0.1847658052530139
19_momentum_decay_exit,65,2017-08-16 00:00:00+00:00,2017-08-16 12:00:00+00:00,4376.6298828125,4376.6298828125,LONG,0.44712234147372243,0.44712234147372243,0.0,0.00035769787317897794,0.00017884893658948897,-0.0005364748391486485,-0.011846058228615019,2,24,signal_flat,0.0,0.0
19_momentum_decay_exit,66,2017-08-27 00:00:00+00:00,2017-08-27 12:00:00+00:00,4382.8798828125,4382.8798828125,LONG,0.8177357266883004,0.8177357266883004,0.0,0.0006541885813506404,0.0003270942906753202,-0.0009810421430072047,-0.03961856765349328,2,24,signal_flat,0.0,0.0
19_momentum_decay_exit,67,2017-08-29 00:00:00+00:00,2017-09-02 00:00:00+00:00,4579.02001953125,4578.77001953125,LONG,0.9558438357205853,0.9558438357205853,7.809959468918493e-05,0.0007999999999999999,0.00039999999999999996,-0.0011627202944396453,-0.0548858419232793,9,108,signal_flat,-0.002996321218345477,0.06835299796872052
19_momentum_decay_exit,68,2017-09-30 00:00:00+00:00,2017-10-03 00:00:00+00:00,4338.7099609375,4317.47998046875,LONG,0.5303794948499935,0.5303794948499935,-0.006100410610958895,0.0005633093008952177,0.00028165465044760886,-0.006946112427455242,-0.1819393620803316,7,84,signal_flat,-0.004893155029925711,0.016274391216967388
19_momentum_decay_exit,69,2017-10-07 00:00:00+00:00,2017-10-07 12:00:00+00:00,4426.89013671875,4426.89013671875,LONG,0.8401238457683646,0.8401238457683646,0.0,0.0006720990766146917,0.00033604953830734585,-0.0010078945240146187,-0.0418173522684331,2,24,signal_flat,0.0,0.0
19_momentum_decay_exit,70,2017-10-08 00:00:00+00:00,2017-10-08 12:00:00+00:00,4610.47998046875,4610.47998046875,LONG,0.8099233462531246,0.8099233462531246,0.0,0.0006479386770024997,0.00032396933850124983,-0.0009716718642061029,-0.03886526910952613,2,24,signal_flat,0.0,0.0
19_momentum_decay_exit,71,2017-10-09 00:00:00+00:00,2017-10-10 00:00:00+00:00,4772.02001953125,4781.990234375,LONG,0.8886453308987954,0.8886453308987954,0.001856652912748391,0.0007109162647190363,0.00035545813235951816,0.0007895728606934771,0.0346512423189118,3,36,signal_flat,0.0,0.0020893070026830607
19_momentum_decay_exit,72,2017-10-11 00:00:00+00:00,2017-10-11 12:00:00+00:00,4826.47998046875,4826.47998046875,LONG,1.0,1.0,0.0,0.0008,0.0004,-0.0011996400000000573,-0.06922892255935047,2,24,signal_flat,0.0,0.0
19_momentum_decay_exit,73,2017-10-12 00:00:00+00:00,2017-10-17 00:00:00+00:00,5446.91015625,5605.509765625,LONG,0.7767298920662122,0.7767298920662122,0.023232856810678104,0.0006352577395985626,0.0003176288697992813,0.022252952353196687,0.8536027214914143,11,132,signal_flat,0.0,0.07066022235943681
19_momentum_decay_exit,74,2017-10-20 00:00:00+00:00,2017-10-22 00:00:00+00:00,6011.4501953125,6008.419921875,LONG,0.6574585219031882,0.6574585219031882,-0.00038543077133534887,0.0005377890046318044,0.0002688945023159022,-0.001192661669996209,-0.0387243159613294,5,60,signal_flat,-0.0005040835969768453,0.003351920366813088
19_momentum_decay_exit,75,2017-10-29 00:00:00+00:00,2017-10-30 00:00:00+00:00,6153.85009765625,6130.52978515625,LONG,0.793690564395848,0.793690564395848,-0.0030077287708165645,0.0006349524515166784,0.0003174762257583392,-0.003958498344427852,-0.15516001713711103,3,36,signal_flat,-0.0037895483526454443,0.0
19_momentum_decay_exit,76,2017-10-31 00:00:00+00:00,2017-11-06 00:00:00+00:00,6468.39990234375,7022.759765625,LONG,0.7329829682857609,0.7329829682857609,0.06063529956774727,0.0006277717025251243,0.00031388585126256214,0.05962560661292837,2.158364691489127,13,156,signal_flat,0.0,0.1451688621734737
19_momentum_decay_exit,77,2017-11-08 00:00:00+00:00,2017-11-08 12:00:00+00:00,7459.68994140625,7459.68994140625,LONG,0.6553180367865847,0.6553180367865847,0.0,0.0005242544294292678,0.0002621272147146339,-0.0007862270451212128,-0.02544475270202731,2,24,signal_flat,0.0,0.0
19_momentum_decay_exit,78,2017-11-16 00:00:00+00:00,2017-11-23 00:00:00+00:00,7871.68994140625,8038.77001953125,LONG,0.42237745046052705,0.42237745046052705,0.0087355521113186,0.00037311704344382554,0.00018655852172191277,0.00816822410862117,0.17038309508730323,15,180,signal_flat,-0.020668967939835303,0.04851053155341023
19_momentum_decay_exit,79,2017-11-24 00:00:00+00:00,2017-11-25 00:00:00+00:00,8253.6904296875,8790.919921875,LONG,0.4970381934168311,0.4970381934168311,0.03235202222834355,0.0003976305547334649,0.00019881527736673245,0.03174601721874204,0.7792505966557691,3,36,signal_flat,0.0,0.06508961012823455
19_momentum_decay_exit,80,2017-11-26 00:00:00+00:00,2017-11-26 12:00:00+00:00,9330.5498046875,9330.5498046875,LONG,0.47776688674337514,0.47776688674337514,0.0,0.0003822135093947001,0.00019110675469735005,-0.0005732380900607126,-0.013525372054277196,2,24,signal_flat,0.0,0.0
19_momentum_decay_exit,81,2017-11-27 00:00:00+00:00,2017-11-29 00:00:00+00:00,9818.349609375,9888.6103515625,LONG,0.5218683980141358,0.5218683980141358,0.004044788396668553,0.00041749471841130866,0.00020874735920565433,0.0034135344898069686,0.08797584115883803,5,60,signal_flat,0.0,0.024489879142509663
19_momentum_decay_exit,82,2017-11-30 00:00:00+00:00,2017-12-05 00:00:00+00:00,10233.599609375,11916.7001953125,LONG,0.6601641108946998,0.6601641108946998,0.10066796723106752,0.0005388287075319865,0.00026941435376599327,0.09978601002397114,3.25326695733911,11,132,signal_flat,0.0,0.16446809042593502
19_momentum_decay_exit,83,2017-12-06 00:00:00+00:00,2017-12-09 00:00:00+00:00,14291.5,15178.2001953125,LONG,0.4276920501540536,0.4276920501540536,0.05424749370783588,0.00034215364012324287,0.00017107682006162143,0.05370798069984306,1.1344050100034264,7,84,signal_flat,0.0,0.2524716942763181
19_momentum_decay_exit,84,2017-12-16 00:00:00+00:00,2017-12-16 12:00:00+00:00,19497.400390625,19497.400390625,LONG,0.2664180191540439,0.2664180191540439,0.0,0.0002131344153232351,0.00010656720766161755,-0.00031967607070282344,-0.00420602507348589,2,24,signal_flat,0.0,0.0
19_momentum_decay_exit,85,2018-02-19 00:00:00+00:00,2018-02-22 00:00:00+00:00,11225.2998046875,10005.0,LONG,0.32951337044313633,0.32951337044313633,-0.04029269040135075,0.00029786883651718757,0.00014893441825859378,-0.04072625664308571,-0.6627437930152575,7,84,signal_flat,-0.1087097739855396,0.01589270609507487
19_momentum_decay_exit,86,2018-03-03 00:00:00+00:00,2018-03-07 00:00:00+00:00,11489.7001953125,9965.5703125,LONG,0.48155440694732066,0.48155440694732066,-0.07537574550626491,0.0004708553751681544,0.0002354276875840772,-0.07604216474248693,-1.8084144447229722,9,108,signal_flat,-0.13265184094484084,0.007276047934575924
19_momentum_decay_exit,87,2018-04-15 00:00:00+00:00,2018-04-17 00:00:00+00:00,8329.1103515625,7902.08984375,LONG,0.5555575109116156,0.5555575109116156,-0.028691238753451587,0.00044666402861022784,0.00022333201430511392,-0.02934549932823849,-0.8051349161575647,5,60,signal_flat,-0.051268441620826,0.0
19_momentum_decay_exit,88,2018-04-20 00:00:00+00:00,2018-04-22 00:00:00+00:00,8845.830078125,8802.4599609375,LONG,0.5936403460842495,0.5936403460842495,-0.0034013552073893782,0.0005133775642682674,0.0002566887821341337,-0.004171142848843901,-0.12228596269488155,5,60,signal_flat,-0.0049028883445038085,0.0056241188854653235
19_momentum_decay_exit,89,2018-04-23 00:00:00+00:00,2018-04-23 12:00:00+00:00,8930.8798828125,8930.8798828125,LONG,0.68383138662242,0.68383138662242,0.0,0.000547065109297936,0.000273532554648968,-0.0008204293188153189,-0.02770692544379828,2,24,signal_flat,0.0,0.0
19_momentum_decay_exit,90,2018-04-24 00:00:00+00:00,2018-04-25 00:00:00+00:00,9697.5,8845.740234375,LONG,0.5774373370629642,0.5774373370629642,-0.05071800885587774,0.0004619498696503714,0.0002309749348251857,-0.05139324174097226,-1.4655782407454891,3,36,signal_flat,-0.0878329224671307,0.0
19_momentum_decay_exit,91,2018-05-03 00:00:00+00:00,2018-05-04 00:00:00+00:00,9743.8603515625,9700.759765625,LONG,0.567504890414482,0.567504890414482,-0.0025102774892846735,0.00045400391233158563,0.00022700195616579281,-0.00319031265868297,-0.08941306644744137,3,36,signal_flat,-0.004423358338729533,0.0
19_momentum_decay_exit,92,2018-05-05 00:00:00+00:00,2018-05-06 00:00:00+00:00,9858.150390625,9654.7998046875,LONG,0.632696148914065,0.632696148914065,-0.01305104177802241,0.000506156919131252,0.000253078459565626,-0.013805178640805882,-0.4313555157851336,3,36,signal_flat,-0.020627661161558675,0.0
19_momentum_decay_exit,93,2018-07-07 00:00:00+00:00,2018-07-09 00:00:00+00:00,6856.93017578125,6741.75,LONG,1.0,1.0,-0.016774725599953633,0.0007999999999999999,0.00039999999999999996,-0.017957057914997465,-0.9158095098565753,5,60,signal_flat,-0.016797629963925753,0.0
19_momentum_decay_exit,94,2018-07-17 00:00:00+00:00,2018-07-26 00:00:00+00:00,7321.0400390625,7951.580078125,LONG,0.8580363998683714,0.8580363998683714,0.08020789306199494,0.0007586857067804322,0.0003793428533902161,0.07897436707391892,3.346493609042526,19,228,signal_flat,0.0,0.15069300076233083
19_momentum_decay_exit,95,2018-08-27 00:00:00+00:00,2018-08-27 12:00:00+00:00,6884.64013671875,6884.64013671875,LONG,1.0,1.0,0.0,0.0008,0.0004,-0.0011996400000000573,-0.059306507419420715,2,24,signal_flat,0.0,0.0
19_momentum_decay_exit,96,2018-08-28 00:00:00+00:00,2018-09-03 00:00:00+00:00,7096.27978515625,7260.06005859375,LONG,0.9500459732623542,0.9500459732623542,0.023294826361727194,0.0008151143085810029,0.00040755715429050145,0.02204293044682104,1.0342179848099278,13,156,signal_flat,-0.016635449596341,0.024863792723698985
19_momentum_decay_exit,97,2018-09-04 00:00:00+00:00,2018-09-04 12:00:00+00:00,7361.66015625,7361.66015625,LONG,1.0,1.0,0.0,0.0008,0.0004,-0.0011996400000000573,-0.07761241792238703,2,24,signal_flat,0.0,0.0
19_momentum_decay_exit,98,2018-11-07 00:00:00+00:00,2018-11-11 00:00:00+00:00,6530.14013671875,6411.27001953125,LONG,1.0,1.0,-0.01820330263957093,0.0008,0.0004,-0.019380917003175124,-3.6969269893629733,9,108,signal_flat,-0.02213122789182098,0.0
19_momentum_decay_exit,99,2019-02-09 00:00:00+00:00,2019-02-24 00:00:00+00:00,3671.20361328125,3810.427490234375,LONG,1.0,1.0,0.03792322399374859,0.0008,0.0004,0.03662384596946833,2.5697821019760507,31,372,signal_flat,-0.014796987481088597,0.1283838467804952
19_momentum_decay_exit,100,2019-03-16 00:00:00+00:00,2019-03-19 00:00:00+00:00,4048.725830078125,4071.190185546875,LONG,1.0,1.0,0.005548500049536997,0.0008,0.0004,0.004347933005181437,0.44322024439468766,7,84,signal_flat,-0.0058035113164038865,0.005548500049536997
19_momentum_decay_exit,101,2019-03-20 00:00:00+00:00,2019-03-22 00:00:00+00:00,4087.476318359375,4023.96826171875,LONG,1.0,1.0,-0.015537229256930796,0.0008,0.0004,-0.016719016297562117,-2.488906480377,5,60,signal_flat,-0.015537229256930796,0.0
19_momentum_decay_exit,102,2019-03-29 00:00:00+00:00,2019-03-29 12:00:00+00:00,4098.37451171875,4098.37451171875,LONG,1.0,1.0,0.0,0.0008,0.0004,-0.0011996400000000573,-0.13689200574822033,2,24,signal_flat,0.0,0.0
19_momentum_decay_exit,103,2019-03-30 00:00:00+00:00,2019-03-30 12:00:00+00:00,4106.66015625,4106.66015625,LONG,1.0,1.0,0.0,0.0008,0.0004,-0.0011996400000000573,-0.16379090965074192,2,24,signal_flat,0.0,0.0
19_momentum_decay_exit,104,2019-04-01 00:00:00+00:00,2019-04-11 00:00:00+00:00,4158.18310546875,5064.48779296875,LONG,1.0,1.0,0.22099046643037568,0.0008152479420434355,0.00040762397102171776,0.21947454654438903,28.426956683120952,21,252,signal_flat,0.0,0.28049958906565897
19_momentum_decay_exit,105,2019-04-20 00:00:00+00:00,2019-04-20 12:00:00+00:00,5337.88623046875,5337.88623046875,LONG,1.0,1.0,0.0,0.0008,0.0004,-0.0011996400000000573,-0.07456397891823129,2,24,signal_flat,0.0,0.0
19_momentum_decay_exit,106,2019-04-22 00:00:00+00:00,2019-04-25 00:00:00+00:00,5399.365234375,5210.515625,LONG,1.0,1.0,-0.034976261315439516,0.0008,0.0004,-0.036162189987527515,-2.5236098086917536,7,84,signal_flat,-0.03497626131543963,0.032040260809014454
19_momentum_decay_exit,107,2019-05-03 00:00:00+00:00,2019-05-17 00:00:00+00:00,5768.28955078125,7343.8955078125,LONG,1.0,1.0,0.28414263451101096,0.0008000000000000001,0.0004000000000000001,0.28261640893457396,16.053633949707663,29,348,signal_flat,-0.0037242273789966918,0.4224611813459853
19_momentum_decay_exit,108,2019-05-26 00:00:00+00:00,2019-05-29 00:00:00+00:00,8673.2158203125,8659.4873046875,LONG,0.4691587429258569,0.4691587429258569,-0.00246524939792514,0.0004671597659657519,0.00023357988298287595,-0.0031651685920953687,-0.07333559086828673,7,84,signal_flat,-0.0015828633703369732,0.015284123299404317
19_momentum_decay_exit,109,2019-06-15 00:00:00+00:00,2019-06-27 00:00:00+00:00,8838.375,11182.806640625,LONG,0.7233202592323738,0.7233202592323738,0.22192261957307524,0.000749384872672225,0.0003746924363361125,0.22053160501026992,7.877702966354261,25,300,signal_flat,0.0,0.47269508765044477
19_momentum_decay_exit,110,2019-08-04 00:00:00+00:00,2019-08-10 00:00:00+00:00,10970.1845703125,11354.0244140625,LONG,0.9923647437334312,0.9923647437334312,0.044337658485015474,0.0008402370134837489,0.00042011850674187446,0.04301150814235144,2.107920032605923,13,156,signal_flat,0.0,0.09081184093711392
19_momentum_decay_exit,111,2019-10-25 00:00:00+00:00,2019-10-30 00:00:00+00:00,8660.7001953125,9205.7265625,LONG,0.7987896265602864,0.7987896265602864,0.05317510883078169,0.0006407218517065658,0.0003203609258532829,0.05216212022097233,2.0577176652781963,11,132,signal_flat,0.0,0.10288020926064978
19_momentum_decay_exit,112,2020-01-06 00:00:00+00:00,2020-01-13 00:00:00+00:00,7769.21923828125,8144.1943359375,LONG,1.0,1.0,0.04816896716484931,0.0008,0.0004,0.04691060114157919,3.1014943496838443,15,180,signal_flat,0.0,0.05448100888415519
19_momentum_decay_exit,113,2020-01-14 00:00:00+00:00,2020-01-16 00:00:00+00:00,8827.7646484375,8723.7861328125,LONG,0.7328849518612862,0.7328849518612862,-0.008611103249035357,0.000586307961489029,0.0002931539807445145,-0.009485818801890478,-0.34332763583336395,5,60,signal_flat,-0.011778578130014372,0.0
19_momentum_decay_exit,114,2020-01-17 00:00:00+00:00,2020-01-17 12:00:00+00:00,8929.0380859375,8929.0380859375,LONG,0.8339005796219522,0.8339005796219522,0.0,0.0006671204636975618,0.0003335602318487809,-0.001000430355082682,-0.04120019487803033,2,24,signal_flat,0.0,0.0
19_momentum_decay_exit,115,2020-01-18 00:00:00+00:00,2020-01-18 12:00:00+00:00,8942.80859375,8942.80859375,LONG,0.8524891838872976,0.8524891838872976,0.0,0.000681991347109838,0.000340995673554919,-0.0010227253950537696,-0.043057226475982764,2,24,signal_flat,0.0,0.0
19_momentum_decay_exit,116,2020-01-28 00:00:00+00:00,2020-02-06 00:00:00+00:00,9358.58984375,9729.8017578125,LONG,1.0,1.0,0.03966536842197543,0.0008,0.0004,0.038425601030445344,2.185971896137575,19,228,signal_flat,-0.01898009808001422,0.03966536842197521
19_momentum_decay_exit,117,2020-02-07 00:00:00+00:00,2020-02-07 12:00:00+00:00,9795.943359375,9795.943359375,LONG,1.0,1.0,0.0,0.0008,0.0004,-0.0011996400000000573,-0.06500199581568353,2,24,signal_flat,0.0,0.0
19_momentum_decay_exit,118,2020-02-08 00:00:00+00:00,2020-02-08 12:00:00+00:00,9865.119140625,9865.119140625,LONG,1.0,1.0,0.0,0.0008,0.0004,-0.0011996400000000573,-0.06554107813181943,2,24,signal_flat,0.0,0.0
19_momentum_decay_exit,119,2020-02-09 00:00:00+00:00,2020-02-09 12:00:00+00:00,10116.673828125,10116.673828125,LONG,1.0,1.0,0.0,0.0008,0.0004,-0.0011996400000000573,-0.06602162301999148,2,24,signal_flat,0.0,0.0
19_momentum_decay_exit,120,2020-02-11 00:00:00+00:00,2020-02-15 00:00:00+00:00,10208.236328125,9889.4248046875,LONG,1.0,1.0,-0.031230813354029885,0.0008,0.0004,-0.03241781685375855,-1.9819575113720511,9,108,signal_flat,-0.031230813354029996,0.011541499979814906
19_momentum_decay_exit,121,2020-04-02 00:00:00+00:00,2020-04-02 12:00:00+00:00,6793.62451171875,6793.62451171875,LONG,0.5797995672193593,0.5797995672193593,0.0,0.0004638396537754875,0.00023191982688774374,-0.0006956384603493682,-0.019918636492571393,2,24,signal_flat,0.0,0.0
19_momentum_decay_exit,122,2020-04-04 00:00:00+00:00,2020-04-04 12:00:00+00:00,6867.52734375,6867.52734375,LONG,0.5512190650026022,0.5512190650026022,0.0,0.00044097525200208177,0.00022048762600104089,-0.0006613534947182975,-0.018003461603153352,2,24,signal_flat,0.0,0.0
19_momentum_decay_exit,123,2020-04-06 00:00:00+00:00,2020-04-09 00:00:00+00:00,7271.78125,7302.08935546875,LONG,0.6467801457224988,0.6467801457224988,0.003893171714287602,0.0005644592445405338,0.0002822296222702669,0.0030420762743070817,0.09716836893738247,7,84,signal_flat,-0.013114627068677276,0.008569754874364621
19_momentum_decay_exit,124,2020-04-23 00:00:00+00:00,2020-04-26 00:00:00+00:00,7429.724609375,7679.8671875,LONG,0.8038467139709713,0.8038467139709713,0.02890407472640999,0.0007335154653224107,0.00036675773266120536,0.027780613143736144,1.102841756988772,7,84,signal_flat,0.0,0.03366781291050325
19_momentum_decay_exit,125,2020-04-27 00:00:00+00:00,2020-04-28 00:00:00+00:00,7795.60107421875,7807.05859375,LONG,0.9265843452913557,0.9265843452913557,0.001361839598056802,0.0007412674762330845,0.00037063373811654227,0.00024949034923360536,0.011416601532136014,3,36,signal_flat,0.0,0.001469741643032707
19_momentum_decay_exit,126,2020-04-29 00:00:00+00:00,2020-05-03 00:00:00+00:00,8801.0380859375,8897.46875,LONG,0.6998299893989698,0.6998299893989698,0.010429314195368633,0.0006631905230655795,0.00033159526153278974,0.00942052684298278,0.32558611410874805,9,108,signal_flat,-0.01618949646720247,0.02131096262947496
19_momentum_decay_exit,127,2020-05-05 00:00:00+00:00,2020-05-05 12:00:00+00:00,9003.0703125,9003.0703125,LONG,0.8551232533308087,0.8551232533308087,0.0,0.000684098602664647,0.0003420493013323235,-0.0010258846591167936,-0.043323684630646286,2,24,signal_flat,0.0,0.0
19_momentum_decay_exit,128,2020-05-06 00:00:00+00:00,2020-05-09 00:00:00+00:00,9268.76171875,9593.896484375,LONG,0.8680001256448818,0.8680001256448818,0.03314996568859496,0.0007041399886672803,0.00035206999433364016,0.03205125874314896,1.3739249559605509,7,84,signal_flat,0.0,0.07366214135771076
19_momentum_decay_exit,129,2020-06-01 00:00:00+00:00,2020-06-02 00:00:00+00:00,10167.2685546875,9529.8037109375,LONG,0.784418007686408,0.784418007686408,-0.049181242731506813,0.0006275344061491264,0.0003137672030745632,-0.05009917563708721,-1.9407798244609036,3,36,signal_flat,-0.06269774820259899,0.0
19_momentum_decay_exit,130,2020-07-22 00:00:00+00:00,2020-08-02 00:00:00+00:00,9525.36328125,11053.6142578125,LONG,1.0,1.0,0.16097162455078706,0.0008,0.0004,0.15953525708681493,25.68016970040507,23,276,signal_flat,0.0,0.23455583017872095
19_momentum_decay_exit,131,2020-08-06 00:00:00+00:00,2020-08-06 12:00:00+00:00,11779.7734375,11779.7734375,LONG,0.7713492092834751,0.7713492092834751,0.0,0.0006170793674267801,0.00030853968371339003,-0.0009254048584832475,-0.035251771619048786,2,24,signal_flat,0.0,0.0
19_momentum_decay_exit,132,2020-08-10 00:00:00+00:00,2020-08-10 12:00:00+00:00,11878.111328125,11878.111328125,LONG,1.0,1.0,0.0,0.0008,0.0004,-0.0011996400000000573,-0.06282954669672962,2,24,signal_flat,0.0,0.0
19_momentum_decay_exit,133,2020-08-16 00:00:00+00:00,2020-08-16 12:00:00+00:00,11892.8037109375,11892.8037109375,LONG,1.0,1.0,0.0,0.0008,0.0004,-0.0011996400000000573,-0.08072710267196366,2,24,signal_flat,0.0,0.0
19_momentum_decay_exit,134,2020-08-17 00:00:00+00:00,2020-08-18 00:00:00+00:00,12254.40234375,11991.2333984375,LONG,1.0,1.0,-0.021475461465219614,0.0008,0.0004,-0.022662216188340523,-1.4355205490041423,3,36,signal_flat,-0.021475461465219614,0.0
19_momentum_decay_exit,135,2020-10-10 00:00:00+00:00,2020-10-15 00:00:00+00:00,11296.361328125,11495.349609375,LONG,1.0,1.0,0.017615254635541033,0.0008,0.0004,0.016397977775735928,1.5029738760989872,11,132,signal_flat,0.0,0.022927909757999076
19_momentum_decay_exit,136,2020-10-19 00:00:00+00:00,2020-10-19 12:00:00+00:00,11742.037109375,11742.037109375,LONG,1.0,1.0,0.0,0.0008,0.0004,-0.0011996400000000573,-0.0969692506894663,2,24,signal_flat,0.0,0.0
19_momentum_decay_exit,137,2020-10-20 00:00:00+00:00,2020-10-20 12:00:00+00:00,11916.3349609375,11916.3349609375,LONG,1.0,1.0,0.0,0.0008,0.0004,-0.0011996400000000573,-0.09848216003114653,2,24,signal_flat,0.0,0.0
19_momentum_decay_exit,138,2020-10-21 00:00:00+00:00,2020-10-28 00:00:00+00:00,12823.689453125,13271.28515625,LONG,1.0,1.0,0.03490381646881868,0.0008,0.0004,0.03364439835174404,1.9577479080230473,15,180,signal_flat,0.0,0.06476523779766108
19_momentum_decay_exit,139,2020-10-31 00:00:00+00:00,2020-10-31 12:00:00+00:00,13780.9951171875,13780.9951171875,LONG,1.0,1.0,0.0,0.0008,0.0004,-0.0011996400000000573,-0.061871147419859863,2,24,signal_flat,0.0,0.0
19_momentum_decay_exit,140,2020-11-03 00:00:00+00:00,2020-11-03 12:00:00+00:00,13950.30078125,13950.30078125,LONG,1.0,1.0,0.0,0.0008,0.0004,-0.0011996400000000573,-0.0623589335342735,2,24,signal_flat,0.0,0.0
19_momentum_decay_exit,141,2020-11-04 00:00:00+00:00,2020-11-07 00:00:00+00:00,14133.70703125,14833.75390625,LONG,1.0,1.0,0.051732779700439435,0.000804516476633502,0.000402258238316751,0.05043821393433956,3.422347222832973,7,84,signal_flat,0.0,0.10231863433740651
19_momentum_decay_exit,142,2020-11-11 00:00:00+00:00,2020-11-14 00:00:00+00:00,15701.33984375,16068.138671875,LONG,0.8584982105764905,0.8584982105764905,0.020687308537056026,0.0006969621951039302,0.0003484810975519651,0.019615375493322817,0.8316376726344581,7,84,signal_flat,0.0,0.03926217482932759
19_momentum_decay_exit,143,2020-11-16 00:00:00+00:00,2020-11-16 12:00:00+00:00,16716.111328125,16716.111328125,LONG,0.7370268790084307,0.7370268790084307,0.0,0.0005896215032067445,0.00029481075160337226,-0.0008842366997067197,-0.032184739374745815,2,24,signal_flat,0.0,0.0
19_momentum_decay_exit,144,2020-11-17 00:00:00+00:00,2020-11-22 00:00:00+00:00,17645.40625,18370.001953125,LONG,0.690213651246217,0.690213651246217,0.035584851236494686,0.0008419207637523946,0.0004209603818761973,0.034272672102913626,1.1682334696240269,11,132,signal_flat,0.0,0.056492106656654606
19_momentum_decay_exit,145,2020-11-24 00:00:00+00:00,2020-11-26 00:00:00+00:00,19107.46484375,17150.623046875,LONG,0.9357204957396498,0.9357204957396498,-0.09781649162473771,0.0007667949615794286,0.0003833974807897143,-0.09889975823963038,-4.570245251907329,5,60,signal_flat,-0.10241242429997599,0.0
19_momentum_decay_exit,146,2020-11-30 00:00:00+00:00,2020-12-01 00:00:00+00:00,19625.8359375,18802.998046875,LONG,0.6835022885919196,0.6835022885919196,-0.02865669432748641,0.0005468018308735357,0.00027340091543676787,-0.029464976740966597,-0.9945902776852115,3,36,signal_flat,-0.04192625951044282,0.0
19_momentum_decay_exit,147,2020-12-16 00:00:00+00:00,2020-12-23 00:00:00+00:00,21310.59765625,23241.345703125,LONG,0.8116630815365711,0.8116630815365711,0.0713986541026852,0.0006870398304551675,0.00034351991522758374,0.07029187853471264,2.8175982985659767,15,180,signal_flat,0.0,0.12009209766340945
19_momentum_decay_exit,148,2020-12-25 00:00:00+00:00,2020-12-26 00:00:00+00:00,24664.791015625,26437.037109375,LONG,0.6179413738238148,0.6179413738238148,0.04440111352380782,0.0004943530990590518,0.0002471765495295259,0.0436432589707203,1.331872283193353,3,36,signal_flat,0.0,0.07185327832809496
19_momentum_decay_exit,149,2020-12-28 00:00:00+00:00,2020-12-28 12:00:00+00:00,27084.80859375,27084.80859375,LONG,0.5635124292376991,0.5635124292376991,0.0,0.00045080994339015927,0.00022540497169507964,-0.000676100598432372,-0.01881537826733164,2,24,signal_flat,0.0,0.0
19_momentum_decay_exit,150,2020-12-29 00:00:00+00:00,2020-12-29 12:00:00+00:00,27362.4375,27362.4375,LONG,0.5619538929113203,0.5619538929113203,0.0,0.0004495631143290562,0.0002247815571645281,-0.0006742309863095874,-0.018711453556964467,2,24,signal_flat,0.0,0.0
19_momentum_decay_exit,151,2020-12-30 00:00:00+00:00,2021-01-04 00:00:00+00:00,28840.953125,31971.9140625,LONG,0.6149626529128039,0.6149626529128039,0.07784346733907754,0.0005746275035947951,0.00028731375179739753,0.07691280021341651,2.33585294907009,11,132,signal_flat,0.0,0.1366484074024512
19_momentum_decay_exit,152,2021-01-05 00:00:00+00:00,2021-01-05 12:00:00+00:00,33992.4296875,33992.4296875,LONG,0.5944123549665296,0.5944123549665296,0.0,0.00047552988397322365,0.00023776494198661182,-0.0007131676285826449,-0.020935222624983218,2,24,signal_flat,0.0,0.0
19_momentum_decay_exit,153,2021-01-06 00:00:00+00:00,2021-01-09 00:00:00+00:00,36824.36328125,40254.546875,LONG,0.5274619565514805,0.5274619565514805,0.0478337350865774,0.00042389768393397533,0.00021194884196698766,0.04716657326498375,1.2286370301004077,7,84,signal_flat,0.0,0.10789721096883365
19_momentum_decay_exit,154,2021-02-05 00:00:00+00:00,2021-02-07 00:00:00+00:00,38144.30859375,38903.44140625,LONG,0.6381861150041266,0.6381861150041266,0.012776892331983092,0.0005105488920033013,0.00025527444600165065,0.011999161005027847,0.37817809139651964,5,60,signal_flat,0.0,0.029406828078771152
19_momentum_decay_exit,155,2021-02-08 00:00:00+00:00,2021-02-12 00:00:00+00:00,46196.46484375,47504.8515625,LONG,0.4481360089854547,0.4481360089854547,0.014400828321759818,0.0003997144233209262,0.0001998572116604631,0.013791722671511408,0.3052294904381235,9,108,signal_flat,-0.027670542634020245,0.037077884493833535
19_momentum_decay_exit,156,2021-02-14 00:00:00+00:00,2021-02-15 00:00:00+00:00,48717.2890625,47945.05859375,LONG,0.5080751123504869,0.5080751123504869,-0.008053631261527583,0.00040646008988038946,0.00020323004494019473,-0.008660773356068074,-0.21731150997696902,3,36,signal_flat,-0.01585126109458379,0.0
19_momentum_decay_exit,157,2021-02-16 00:00:00+00:00,2021-02-16 12:00:00+00:00,49199.87109375,49199.87109375,LONG,0.5365172928396601,0.5365172928396601,0.0,0.0004292138342717281,0.00021460691713586405,-0.0006437171251176821,-0.017055989559935956,2,24,signal_flat,0.0,0.0
19_momentum_decay_exit,158,2021-02-17 00:00:00+00:00,2021-02-18 00:00:00+00:00,52149.0078125,51679.796875,LONG,0.5317909969579337,0.5317909969579337,-0.004784791939548283,0.000425432797566347,0.0002127163987831735,-0.005421312621733176,-0.1423782223393856,3,36,signal_flat,-0.008997504596578998,0.0
19_momentum_decay_exit,159,2021-02-19 00:00:00+00:00,2021-02-19 12:00:00+00:00,55888.1328125,55888.1328125,LONG,0.4922113626790669,0.4922113626790669,0.0,0.0003937690901432535,0.00019688454507162676,-0.0005905664172857206,-0.014355506367373282,2,24,signal_flat,0.0,0.0
19_momentum_decay_exit,160,2021-02-20 00:00:00+00:00,2021-02-21 00:00:00+00:00,56099.51953125,57539.9453125,LONG,0.5151302952852715,0.5151302952852715,0.013226618770210585,0.0004121042362282172,0.0002060521181141086,0.012604469885968195,0.32065632496262964,3,36,signal_flat,0.0,0.025676258785917394
19_momentum_decay_exit,161,2021-03-11 00:00:00+00:00,2021-03-15 00:00:00+00:00,57805.12109375,55907.19921875,LONG,0.6613695171710721,0.6613695171710721,-0.012442575614187601,0.0005389397246974236,0.0002694698623487118,-0.01325006778381832,-0.4327732492474289,9,108,signal_flat,-0.03283310957729668,0.05947509111129112
19_momentum_decay_exit,162,2021-04-10 00:00:00+00:00,2021-04-10 12:00:00+00:00,59793.234375,59793.234375,LONG,1.0,1.0,0.0,0.0008,0.0004,-0.0011996400000000573,-0.07121837317784446,2,24,signal_flat,0.0,0.0
19_momentum_decay_exit,163,2021-04-11 00:00:00+00:00,2021-04-12 00:00:00+00:00,60204.96484375,59893.453125,LONG,1.0,1.0,-0.005174186540237491,0.0008,0.0004,-0.006370722028313458,-0.36809390060713304,3,36,signal_flat,-0.005174186540237491,0.0
19_momentum_decay_exit,164,2021-04-13 00:00:00+00:00,2021-04-16 00:00:00+00:00,63503.45703125,61572.7890625,LONG,1.0,1.0,-0.030402564820997346,0.0008,0.0004,-0.03158217441906497,-1.7313912231577901,7,84,signal_flat,-0.030402564820997346,0.0
19_momentum_decay_exit,165,2021-05-08 00:00:00+00:00,2021-05-10 00:00:00+00:00,58803.77734375,55859.796875,LONG,0.5859055070721824,0.5859055070721824,-0.02999119650989046,0.0004798243894082207,0.00023991219470411034,-0.03069800576799875,-0.8882513523175443,5,60,signal_flat,-0.05006447887761245,0.0
19_momentum_decay_exit,166,2021-06-14 00:00:00+00:00,2021-06-18 00:00:00+00:00,40218.4765625,35787.24609375,LONG,0.4868627372210375,0.4868627372210375,-0.05602284900706889,0.0004224733700199493,0.00021123668500997464,-0.05663022333109313,-1.3616106658726392,9,108,signal_flat,-0.11017897363327067,0.004669320789865594
19_momentum_decay_exit,167,2021-07-25 00:00:00+00:00,2021-08-01 00:00:00+00:00,35350.1875,39974.89453125,LONG,0.8279095320899738,0.8279095320899738,0.10804273829730326,0.0007059998450205583,0.00035299992251027916,0.10686444489719049,4.369324006603239,15,180,signal_flat,0.0,0.19477575260385827
19_momentum_decay_exit,168,2021-08-06 00:00:00+00:00,2021-08-06 12:00:00+00:00,42816.5,42816.5,LONG,0.6265778631845229,0.6265778631845229,0.0,0.0005012622905476183,0.00025063114527380917,-0.00075175209988676,-0.023262041765744555,2,24,signal_flat,0.0,0.0
19_momentum_decay_exit,169,2021-08-07 00:00:00+00:00,2021-08-07 12:00:00+00:00,44555.80078125,44555.80078125,LONG,0.6007478763974752,0.6007478763974752,0.0,0.00048059830111798016,0.00024029915055899008,-0.0007207675283931181,-0.021383834819366117,2,24,signal_flat,0.0,0.0
19_momentum_decay_exit,170,2021-08-09 00:00:00+00:00,2021-08-09 12:00:00+00:00,46365.40234375,46365.40234375,LONG,0.6156764245472444,0.6156764245472444,0.0,0.0004925411396377955,0.0002462705698188977,-0.0007386752487711368,-0.022459713134390942,2,24,signal_flat,0.0,0.0
19_momentum_decay_exit,171,2021-08-13 00:00:00+00:00,2021-08-15 00:00:00+00:00,47793.3203125,47047.00390625,LONG,0.6266034797762309,0.6266034797762309,-0.009788131003451661,0.0005012827838209847,0.00025064139191049235,-0.01053280359933606,-0.32593794455014574,5,60,signal_flat,-0.01561549608543955,0.0
19_momentum_decay_exit,172,2021-08-20 00:00:00+00:00,2021-08-23 00:00:00+00:00,49339.17578125,49546.1484375,LONG,0.705064800630609,0.705064800630609,0.0038457833117364615,0.0006269343125587403,0.00031346715627937014,0.0029035270608115393,0.10110043998038666,7,84,signal_flat,-0.008789842693618932,0.004194894887738609
19_momentum_decay_exit,173,2021-09-03 00:00:00+00:00,2021-09-07 00:00:00+00:00,50025.375,46811.12890625,LONG,1.0,1.0,-0.05575523990293685,0.0007999999999999999,0.00039999999999999996,-0.05694607422635689,-2.903257051374568,9,108,signal_flat,-0.06425231382573349,0.052136743727558166
19_momentum_decay_exit,174,2021-10-04 00:00:00+00:00,2021-10-10 00:00:00+00:00,49112.90234375,54771.578125,LONG,0.6092710741781358,0.6092710741781358,0.07107774776978393,0.000540318038599145,0.0002701590192995725,0.07020930223067356,2.112532265346319,13,156,signal_flat,0.0,0.1272282145181587
19_momentum_decay_exit,175,2021-10-11 00:00:00+00:00,2021-10-11 12:00:00+00:00,57484.7890625,57484.7890625,LONG,0.6194416949565589,0.6194416949565589,0.0,0.0004955533559652471,0.00024777667798262355,-0.0007431918990630226,-0.0227352396093434,2,24,signal_flat,0.0,0.0
19_momentum_decay_exit,176,2021-10-15 00:00:00+00:00,2021-10-16 00:00:00+00:00,61593.94921875,60892.1796875,LONG,0.7283008702424686,0.7283008702424686,-0.008297882613499286,0.0005826406961939749,0.00029132034809698746,-0.009168026692736309,-0.3297500210121815,3,36,signal_flat,-0.01139348166745524,0.0
19_momentum_decay_exit,177,2021-10-18 00:00:00+00:00,2021-10-18 12:00:00+00:00,62026.078125,62026.078125,LONG,0.74294762032569,0.74294762032569,0.0,0.000594358096260552,0.000297179048130276,-0.0008913384347707387,-0.032703856142039175,2,24,signal_flat,0.0,0.0
19_momentum_decay_exit,178,2021-10-19 00:00:00+00:00,2021-10-21 00:00:00+00:00,64261.9921875,62210.171875,LONG,0.768856235561483,0.768856235561483,-0.030964456263795737,0.0007065626079859608,0.0003532813039929804,-0.032017200565616744,-1.2157006010381264,5,60,signal_flat,-0.031928986989903985,0.026934175102288238
19_momentum_decay_exit,179,2021-11-08 00:00:00+00:00,2021-11-12 00:00:00+00:00,67566.828125,64155.94140625,LONG,0.8612624836844216,0.8612624836844216,-0.04811171614120424,0.0007999999999999999,0.00039999999999999996,-0.04926119215957958,-2.0952631824743886,9,108,signal_flat,-0.05048167589634056,0.0
19_momentum_decay_exit,180,2021-12-24 00:00:00+00:00,2021-12-25 00:00:00+00:00,50822.1953125,50429.859375,LONG,0.8090985476472771,0.8090985476472771,-0.006246059133596882,0.0006472788381178216,0.0003236394190589108,-0.007213709513783861,-0.28824262580061927,3,36,signal_flat,-0.007719775485643066,0.0
19_momentum_decay_exit,181,2022-02-06 00:00:00+00:00,2022-02-10 00:00:00+00:00,42412.43359375,43565.11328125,LONG,1.0,1.0,0.027599087640482356,0.0008046387224037456,0.0004023193612018728,0.026350641231588368,1.3325573961552406,9,108,signal_flat,0.0,0.04541977712719314
19_momentum_decay_exit,182,2022-02-15 00:00:00+00:00,2022-02-15 12:00:00+00:00,44575.203125,44575.203125,LONG,0.8254810974242838,0.8254810974242838,0.0,0.000660384877939427,0.0003301924389697135,-0.0009903320060540288,-0.04037254077378129,2,24,signal_flat,0.0,0.0
19_momentum_decay_exit,183,2022-03-23 00:00:00+00:00,2022-03-26 00:00:00+00:00,42892.95703125,44500.828125,LONG,0.9028170147061765,0.9028170147061765,0.035036224786229475,0.0008,0.0004,0.03379803322210395,1.5069168800242707,7,84,signal_flat,0.0,0.037485666762927305
19_momentum_decay_exit,184,2022-03-27 00:00:00+00:00,2022-03-31 00:00:00+00:00,46820.4921875,45538.67578125,LONG,0.9562907877969475,0.9562907877969475,-0.027654647740664617,0.0007999999999999999,0.00039999999999999996,-0.028840450999372047,-1.3620409143087906,9,108,signal_flat,-0.027377251847690243,0.013781108465627412
19_momentum_decay_exit,185,2022-05-30 00:00:00+00:00,2022-06-01 00:00:00+00:00,31726.390625,29799.080078125,LONG,0.6986585088513079,0.6986585088513079,-0.04430610903931864,0.0005830278405629909,0.00029151392028149546,-0.04516168805136811,-1.558236069938497,5,60,signal_flat,-0.06074786664690135,0.0020777630413166825
19_momentum_decay_exit,186,2022-07-07 00:00:00+00:00,2022-07-11 00:00:00+00:00,21637.587890625,19970.556640625,LONG,1.0,1.0,-0.07704330346000732,0.0008,0.0004,-0.07817518072274621,-4.314645494100362,9,108,signal_flat,-0.0770433034600072,0.004322538045727464
19_momentum_decay_exit,187,2022-07-18 00:00:00+00:00,2022-07-23 00:00:00+00:00,22485.689453125,22465.478515625,LONG,0.7314837554162402,0.7314837554162402,-0.0009433423345891478,0.0006744972812980825,0.00033724864064904126,-0.0019568416819218948,-0.07069008605212554,11,132,signal_flat,-0.0008988355701582407,0.0401919693193753
19_momentum_decay_exit,188,2022-07-28 00:00:00+00:00,2022-07-28 12:00:00+00:00,23843.88671875,23843.88671875,LONG,0.7115845294114067,0.7115845294114067,0.0,0.0005692676235291254,0.0002846338117645627,-0.0008537191483783957,-0.030001270997802972,2,24,signal_flat,0.0,0.0
19_momentum_decay_exit,189,2022-08-10 00:00:00+00:00,2022-08-15 00:00:00+00:00,23947.642578125,24136.97265625,LONG,1.0,1.0,0.00790600066404612,0.0008,0.0004,0.006692310050061101,0.40291744027351056,11,132,signal_flat,0.0,0.01989447519503207
19_momentum_decay_exit,190,2022-09-10 00:00:00+00:00,2022-09-13 00:00:00+00:00,21680.5390625,20296.70703125,LONG,0.8752618827689456,0.8752618827689456,-0.06106102876266528,0.0007567967291700356,0.0003783983645850178,-0.06217737779544352,-2.6876242567682773,7,84,signal_flat,-0.06382830368104464,0.031821632952075074
19_momentum_decay_exit,191,2022-10-04 00:00:00+00:00,2022-10-06 00:00:00+00:00,20336.84375,19955.443359375,LONG,1.0,1.0,-0.01875415847776285,0.0008,0.0004,-0.019937352808776176,-1.1488121786424415,5,60,signal_flat,-0.01875415847776285,0.0
19_momentum_decay_exit,192,2022-10-26 00:00:00+00:00,2022-10-27 00:00:00+00:00,20770.44140625,20285.8359375,LONG,1.0,1.0,-0.0233314959115013,0.0008,0.0004,-0.024517137013954526,-1.812719961450424,3,36,signal_flat,-0.0233314959115013,0.0
19_momentum_decay_exit,193,2022-10-29 00:00:00+00:00,2022-11-01 00:00:00+00:00,20818.4765625,20485.2734375,LONG,1.0,1.0,-0.016005163682351053,0.0008,0.0004,-0.017185905682024605,-1.142044979736195,7,84,signal_flat,-0.016005163682350942,0.0
19_momentum_decay_exit,194,2022-11-04 00:00:00+00:00,2022-11-05 00:00:00+00:00,21147.23046875,21282.69140625,LONG,1.0,1.0,0.006405611254872046,0.0008,0.0004,0.005202127888119135,0.31058848017599017,3,36,signal_flat,0.0,0.006405611254872046
19_momentum_decay_exit,195,2022-12-08 00:00:00+00:00,2022-12-10 00:00:00+00:00,17233.474609375,17128.724609375,LONG,1.0,1.0,-0.006078286728261717,0.0008,0.0004,-0.007270789035710101,-0.5752504921235783,5,60,signal_flat,-0.006078286728261717,0.0
19_momentum_decay_exit,196,2022-12-13 00:00:00+00:00,2022-12-15 00:00:00+00:00,17781.318359375,17364.865234375,LONG,1.0,1.0,-0.023420823843493532,0.0008,0.0004,-0.024607569129437623,-1.848831084834784,5,60,signal_flat,-0.023420823843493532,0.0019307922256450727
19_momentum_decay_exit,197,2023-01-06 00:00:00+00:00,2023-01-18 00:00:00+00:00,16951.96875,20688.78125,LONG,1.0,1.0,0.22043531079539047,0.0008,0.0004,0.21895450566343655,44.19022809963386,25,300,signal_flat,0.0,0.24880083987294976
19_momentum_decay_exit,198,2023-01-20 00:00:00+00:00,2023-01-22 00:00:00+00:00,22676.552734375,22720.416015625,LONG,0.8020489931251394,0.8020489931251394,0.001577334101619865,0.0006416391945001116,0.0003208195972500558,0.0006126630572911296,0.02426725901994448,5,60,signal_flat,0.0,0.004457126566322689
19_momentum_decay_exit,199,2023-01-23 00:00:00+00:00,2023-01-23 12:00:00+00:00,22934.431640625,22934.431640625,LONG,0.7975087182349284,0.7975087182349284,0.0,0.0006380069745879428,0.0003190034872939714,-0.0009567814946258579,-0.037683075480212075,2,24,signal_flat,0.0,0.0
19_momentum_decay_exit,200,2023-01-25 00:00:00+00:00,2023-01-25 12:00:00+00:00,23117.859375,23117.859375,LONG,0.8165065349672593,0.8165065349672593,0.0,0.0006532052279738075,0.00032660261398690375,-0.0009795678361089744,-0.03949956525293375,2,24,signal_flat,0.0,0.0
19_momentum_decay_exit,201,2023-01-29 00:00:00+00:00,2023-01-30 00:00:00+00:00,23774.56640625,22840.138671875,LONG,1.0,1.0,-0.03930367092328346,0.0008,0.0004,-0.04047972872072958,-2.5544788604036994,3,36,signal_flat,-0.03930367092328346,0.0
19_momentum_decay_exit,202,2023-02-15 00:00:00+00:00,2023-02-23 00:00:00+00:00,24307.841796875,23947.4921875,LONG,1.0,1.0,-0.011598220592796804,0.0008347090356919727,0.00041735451784598635,-0.01283758255818912,-0.6871112911746726,17,204,signal_flat,-0.028154173176657027,0.021446027375907173
19_momentum_decay_exit,203,2023-03-14 00:00:00+00:00,2023-03-22 00:00:00+00:00,24746.07421875,27307.4375,LONG,0.7191007890843587,0.7191007890843587,0.0745348009637039,0.0005850904096298681,0.00029254520481493407,0.07358980182433195,2.613397868931137,17,204,signal_flat,-0.014956444322371198,0.13859742588589263
19_momentum_decay_exit,204,2023-03-23 00:00:00+00:00,2023-03-23 12:00:00+00:00,28333.97265625,28333.97265625,LONG,0.5602505167182577,0.5602505167182577,0.0,0.00044820041337460614,0.00022410020668730307,-0.0006721876230310064,-0.01859819989526858,2,24,signal_flat,0.0,0.0
19_momentum_decay_exit,205,2023-03-29 00:00:00+00:00,2023-03-29 12:00:00+00:00,28348.44140625,28348.44140625,LONG,0.7186576298516001,0.7186576298516001,0.0,0.0005749261038812801,0.00028746305194064006,-0.0008622032270578783,-0.030600591313020162,2,24,signal_flat,0.0,0.0
19_momentum_decay_exit,206,2023-03-31 00:00:00+00:00,2023-03-31 12:00:00+00:00,28478.484375,28478.484375,LONG,0.9480118464857639,0.9480118464857639,0.0,0.0007584094771886111,0.00037920473859430557,-0.00113729067425683,-0.053245557211875495,2,24,signal_flat,0.0,0.0
19_momentum_decay_exit,207,2023-04-10 00:00:00+00:00,2023-04-17 00:00:00+00:00,29652.98046875,29445.044921875,LONG,1.0,1.0,-0.007012298379049375,0.0008,0.0004,-0.008221125489841219,-0.6404094712693206,15,180,signal_flat,-0.007012298379049375,0.028082126546354003
19_momentum_decay_exit,208,2023-05-28 00:00:00+00:00,2023-06-01 00:00:00+00:00,28085.646484375,26819.97265625,LONG,1.0,1.0,-0.045064792395971276,0.0008,0.0004,-0.04621890431775699,-3.401963373235672,9,108,signal_flat,-0.045064792395971276,0.0
19_momentum_decay_exit,209,2023-06-20 00:00:00+00:00,2023-06-26 00:00:00+00:00,28327.48828125,30271.130859375,LONG,1.0,1.0,0.06864689402290058,0.0008052338216534297,0.00040261691082671484,0.06735218277226762,4.007069726084823,13,156,signal_flat,0.0,0.08359302615323538
19_momentum_decay_exit,210,2023-07-03 00:00:00+00:00,2023-07-03 12:00:00+00:00,31156.439453125,31156.439453125,LONG,1.0,1.0,0.0,0.0008,0.0004,-0.0011996400000000573,-0.07383632322444386,2,24,signal_flat,0.0,0.0
19_momentum_decay_exit,211,2023-07-13 00:00:00+00:00,2023-07-14 00:00:00+00:00,31476.048828125,30334.068359375,LONG,1.0,1.0,-0.036280934592069825,0.0008,0.0004,-0.037458806031314684,-3.695082003383743,3,36,signal_flat,-0.036280934592069825,0.0
19_momentum_decay_exit,212,2023-10-01 00:00:00+00:00,2023-10-08 00:00:00+00:00,27983.75,27935.08984375,LONG,1.0,1.0,-0.0017388718899363775,0.0008,0.0004,-0.0029371490697336355,-0.2922264133210637,15,180,signal_flat,-0.020291701098852033,0.0
19_momentum_decay_exit,213,2023-10-16 00:00:00+00:00,2023-10-26 00:00:00+00:00,28519.466796875,34156.6484375,LONG,1.0,1.0,0.19766083569425974,0.0008,0.0004,0.19621679536461345,17.146086073531972,21,252,signal_flat,-0.006701562878480671,0.20979892640491515
19_momentum_decay_exit,214,2023-10-29 00:00:00+00:00,2023-10-30 00:00:00+00:00,34538.48046875,34502.36328125,LONG,0.9583754310413444,0.9583754310413444,-0.0010021814703061738,0.0007667003448330755,0.0003833501724165378,-0.0021513250538485185,-0.10182158202078194,3,36,signal_flat,-0.0010457086417764438,0.0
19_momentum_decay_exit,215,2023-10-31 00:00:00+00:00,2023-10-31 12:00:00+00:00,34667.78125,34667.78125,LONG,1.0,1.0,0.0,0.0008,0.0004,-0.0011996400000000573,-0.06773985800938848,2,24,signal_flat,0.0,0.0
19_momentum_decay_exit,216,2023-11-01 00:00:00+00:00,2023-11-02 00:00:00+00:00,35437.25390625,34938.2421875,LONG,1.0,1.0,-0.014081557224217889,0.0008,0.0004,-0.015272748289883453,-0.8006598178512924,3,36,signal_flat,-0.014081557224217889,0.0
19_momentum_decay_exit,217,2023-11-07 00:00:00+00:00,2023-11-07 12:00:00+00:00,35443.5625,35443.5625,LONG,1.0,1.0,0.0,0.0008,0.0004,-0.0011996400000000573,-0.13498386049528377,2,24,signal_flat,0.0,0.0
19_momentum_decay_exit,218,2023-11-08 00:00:00+00:00,2023-11-08 12:00:00+00:00,35655.27734375,35655.27734375,LONG,1.0,1.0,0.0,0.0008,0.0004,-0.0011996400000000573,-0.14907806945183483,2,24,signal_flat,0.0,0.0
19_momentum_decay_exit,219,2023-11-09 00:00:00+00:00,2023-11-11 00:00:00+00:00,36693.125,37138.05078125,LONG,1.0,1.0,0.012125589773288592,0.0008,0.0004,0.010908528574766985,1.1593056828559416,5,60,signal_flat,0.0,0.01691989303173269
19_momentum_decay_exit,220,2023-11-15 00:00:00+00:00,2023-11-16 00:00:00+00:00,37880.58203125,36154.76953125,LONG,1.0,1.0,-0.04555929205565723,0.0008,0.0004,-0.04673159648042391,-3.1282024792496537,3,36,signal_flat,-0.04555929205565723,0.0
19_momentum_decay_exit,221,2023-12-01 00:00:00+00:00,2023-12-11 00:00:00+00:00,38688.75,41243.83203125,LONG,1.0,1.0,0.06604198975800468,0.0008,0.0004,0.06472381953905781,4.721521332399829,21,252,signal_flat,0.0,0.14158771122096225
19_momentum_decay_exit,222,2024-01-01 00:00:00+00:00,2024-01-03 00:00:00+00:00,44167.33203125,42848.17578125,LONG,1.0,1.0,-0.029867238733520374,0.0008,0.0004,-0.031059692509373016,-2.0510130685315153,5,60,signal_flat,-0.029867238733520263,0.017900939051301412
19_momentum_decay_exit,223,2024-01-08 00:00:00+00:00,2024-01-11 00:00:00+00:00,46970.50390625,46368.5859375,LONG,0.9544426483214005,0.9544426483214005,-0.012225072963377825,0.0008000000000000001,0.0004000000000000001,-0.013413460265051191,-0.6322499419201985,7,84,signal_flat,-0.017687130611972357,0.0
19_momentum_decay_exit,224,2024-02-07 00:00:00+00:00,2024-02-17 00:00:00+00:00,44318.22265625,51662.99609375,LONG,1.0,1.0,0.16572806843968024,0.0008,0.0004,0.16432288704643816,13.1715164345684,21,252,signal_flat,0.0,0.176947088550359
19_momentum_decay_exit,225,2024-02-20 00:00:00+00:00,2024-02-20 12:00:00+00:00,52284.875,52284.875,LONG,1.0,1.0,0.0,0.0008,0.0004,-0.0011996400000000573,-0.07067743699551529,2,24,signal_flat,0.0,0.0
19_momentum_decay_exit,226,2024-02-26 00:00:00+00:00,2024-03-05 00:00:00+00:00,54522.40234375,63801.19921875,LONG,1.0,1.0,0.17975943323588095,0.0008065394250223975,0.00040326971251119874,0.1783165452967621,13.068508424260806,17,204,signal_flat,0.0,0.253253912615478
19_momentum_decay_exit,227,2024-03-09 00:00:00+00:00,2024-03-09 12:00:00+00:00,68498.8828125,68498.8828125,LONG,0.5843730715835307,0.5843730715835307,0.0,0.00046749845726682456,0.00023374922863341228,-0.0007011247488210026,-0.02023408762565957,2,24,signal_flat,0.0,0.0
19_momentum_decay_exit,228,2024-03-10 00:00:00+00:00,2024-03-10 12:00:00+00:00,69019.7890625,69019.7890625,LONG,0.5790486376019877,0.5790486376019877,0.0,0.00046323891008159015,0.00023161945504079508,-0.0006947376580853648,-0.019867078985161442,2,24,signal_flat,0.0,0.0
19_momentum_decay_exit,229,2024-03-11 00:00:00+00:00,2024-03-11 12:00:00+00:00,72123.90625,72123.90625,LONG,0.5898193366474258,0.5898193366474258,0.0,0.00047185546931794066,0.00023592773465897033,-0.0007076579647110615,-0.020612968487486696,2,24,signal_flat,0.0,0.0
19_momentum_decay_exit,230,2024-03-13 00:00:00+00:00,2024-03-13 12:00:00+00:00,73083.5,73083.5,LONG,0.766151766426171,0.766151766426171,0.0,0.0006129214131409368,0.0003064607065704684,-0.0009191708038408519,-0.03477836509589965,2,24,signal_flat,0.0,0.0
19_momentum_decay_exit,231,2024-04-08 00:00:00+00:00,2024-04-09 00:00:00+00:00,71631.359375,69139.015625,LONG,1.0,1.0,-0.03479403115822832,0.0008,0.0004,-0.03597279473953352,-1.9244875729743833,3,36,signal_flat,-0.03479403115822832,0.0
19_momentum_decay_exit,232,2024-05-15 00:00:00+00:00,2024-05-19 00:00:00+00:00,66267.4921875,66278.3671875,LONG,0.832532808229042,0.832532808229042,-0.001400610671335012,0.0007803269589101765,0.0003901634794550883,-0.0025734823094162307,-0.10580852936971714,9,108,signal_flat,-0.01563225228621834,0.011836615308764564
19_momentum_decay_exit,233,2024-05-20 00:00:00+00:00,2024-05-23 00:00:00+00:00,71448.1953125,67929.5625,LONG,0.7803384118626905,0.7803384118626905,-0.03836639599849456,0.0006309175019381674,0.0003154587509690837,-0.03928248753091523,-1.5138404333240052,7,84,signal_flat,-0.04924732944072563,0.0
19_momentum_decay_exit,234,2024-07-15 00:00:00+00:00,2024-07-23 00:00:00+00:00,64870.15234375,65927.671875,LONG,0.8131397280944802,0.8131397280944802,0.017618556599027224,0.0008696820661599862,0.0004348410330799931,0.01627844585996896,0.6536966413162278,17,204,signal_flat,-0.013813532188911792,0.05062992724829685
19_momentum_decay_exit,235,2024-07-28 00:00:00+00:00,2024-07-29 00:00:00+00:00,68255.8671875,66819.9140625,LONG,1.0,1.0,-0.021037797689324123,0.0008,0.0004,-0.022224815010710608,-1.2953701832596662,3,36,signal_flat,-0.021037797689324123,0.0
19_momentum_decay_exit,236,2024-08-23 00:00:00+00:00,2024-08-26 00:00:00+00:00,64094.35546875,62880.66015625,LONG,0.9240978253150695,0.9240978253150695,-0.019214856784081302,0.0008005811550867538,0.0004002905775433769,-0.020405763337880467,-0.9312556649323807,7,84,signal_flat,-0.018936071727747583,0.0037318028748509757
19_momentum_decay_exit,237,2024-09-18 00:00:00+00:00,2024-09-22 00:00:00+00:00,61649.6796875,63648.7109375,LONG,0.9535976510766843,0.9535976510766843,0.03139303823770234,0.0008,0.0004,0.030158665216082126,1.420284746520496,9,108,signal_flat,0.0,0.03242565509071604
19_momentum_decay_exit,238,2024-09-24 00:00:00+00:00,2024-09-24 12:00:00+00:00,64301.96875,64301.96875,LONG,1.0,1.0,0.0,0.0008,0.0004,-0.0011996400000000573,-0.07925340807908168,2,24,signal_flat,0.0,0.0
19_momentum_decay_exit,239,2024-09-26 00:00:00+00:00,2024-09-28 00:00:00+00:00,65181.01953125,65887.6484375,LONG,1.0,1.0,0.010841022606454143,0.0008,0.0004,0.009629269500581517,0.5542233707405484,5,60,signal_flat,0.0,0.01084102260645392
19_momentum_decay_exit,240,2024-10-14 00:00:00+00:00,2024-10-21 00:00:00+00:00,66046.125,67367.8515625,LONG,1.0,1.0,0.020012174257005855,0.0008,0.0004,0.018773692935060593,1.1752752095164278,15,180,signal_flat,0.0,0.04475021244622601
19_momentum_decay_exit,241,2024-10-28 00:00:00+00:00,2024-11-01 00:00:00+00:00,69907.7578125,69482.46875,LONG,1.0,1.0,-0.006083574639036193,0.0008,0.0004,-0.007282201499695384,-0.5473684326590398,9,108,signal_flat,-0.006083574639036082,0.04023493905417541
19_momentum_decay_exit,242,2024-11-06 00:00:00+00:00,2024-11-08 00:00:00+00:00,75639.078125,76545.4765625,LONG,0.8872249220693148,0.8872249220693148,0.01119811940357418,0.000763575054928565,0.0003817875274642825,0.01004503585889105,0.4401324182253921,5,60,signal_flat,0.0,0.011983203126855857
19_momentum_decay_exit,243,2024-11-09 00:00:00+00:00,2024-11-09 12:00:00+00:00,76778.8671875,76778.8671875,LONG,1.0,1.0,0.0,0.0008,0.0004,-0.0011996400000000573,-0.059847266985822385,2,24,signal_flat,0.0,0.0
19_momentum_decay_exit,244,2024-11-10 00:00:00+00:00,2024-11-16 00:00:00+00:00,80474.1875,90558.4765625,LONG,0.8996322024234006,0.8996322024234006,0.1109545994169363,0.0007718762594682825,0.00038593812973414124,0.10967806955450432,4.872848671793888,13,156,signal_flat,0.0,0.13161761108181436
19_momentum_decay_exit,245,2024-11-19 00:00:00+00:00,2024-11-19 12:00:00+00:00,92343.7890625,92343.7890625,LONG,0.6817544744316365,0.6817544744316365,0.0,0.0005454035795453092,0.0002727017897726546,-0.0008179380452191243,-0.027538896898902335,2,24,signal_flat,0.0,0.0
19_momentum_decay_exit,246,2024-11-20 00:00:00+00:00,2024-11-20 12:00:00+00:00,94339.4921875,94339.4921875,LONG,0.8172121110967326,0.8172121110967326,0.0,0.0006537696888773861,0.00032688484443869307,-0.0009804141124875043,-0.039567852696580766,2,24,signal_flat,0.0,0.0
19_momentum_decay_exit,247,2024-11-21 00:00:00+00:00,2024-11-21 12:00:00+00:00,98504.7265625,98504.7265625,LONG,0.7315165085810517,0.7315165085810517,0.0,0.0005852132068648413,0.0002926066034324207,-0.0008776271683923476,-0.03170533341148906,2,24,signal_flat,0.0,0.0
19_momentum_decay_exit,248,2024-11-22 00:00:00+00:00,2024-11-22 12:00:00+00:00,98997.6640625,98997.6640625,LONG,0.7380595596408955,0.7380595596408955,0.0,0.0005904476477127164,0.0002952238238563582,-0.0008854753680801464,-0.03227498345404341,2,24,signal_flat,0.0,0.0
19_momentum_decay_exit,249,2024-12-06 00:00:00+00:00,2024-12-09 00:00:00+00:00,99920.7109375,97432.71875,LONG,1.0,1.0,-0.024899664585615433,0.0008,0.0004,-0.026092258138456725,-1.3916587729904242,7,84,signal_flat,-0.024899664585615544,0.013163484078117849
19_momentum_decay_exit,250,2024-12-13 00:00:00+00:00,2024-12-14 00:00:00+00:00,101459.2578125,101372.96875,LONG,1.0,1.0,-0.0008504799301751742,0.0008,0.0004,-0.0020496096422171206,-0.11450175471047522,3,36,signal_flat,-0.0008504799301751742,0.0
19_momentum_decay_exit,251,2024-12-15 00:00:00+00:00,2024-12-18 00:00:00+00:00,104298.6953125,100041.5390625,LONG,1.0,1.0,-0.04081696551663161,0.0008,0.0004,-0.0420027049296503,-2.25031692240173,7,84,signal_flat,-0.04081696551663183,0.017659916497337447
19_momentum_decay_exit,252,2025-01-17 00:00:00+00:00,2025-01-24 00:00:00+00:00,104462.0390625,104819.484375,LONG,1.0,1.0,0.002614967882573982,0.000870784880365768,0.000435392440182884,0.0013094902001895559,0.06528405810187515,15,180,signal_flat,-0.032283781915096066,0.01612285742854702
19_momentum_decay_exit,253,2025-04-21 00:00:00+00:00,2025-04-21 12:00:00+00:00,87518.90625,87518.90625,LONG,0.882985944150539,0.882985944150539,0.0,0.0007063887553204312,0.0003531943776602156,-0.0010593024538767537,-0.04619254627506645,2,24,signal_flat,0.0,0.0
19_momentum_decay_exit,254,2025-04-22 00:00:00+00:00,2025-04-27 00:00:00+00:00,93441.890625,93754.84375,LONG,0.8068919858784289,0.8068919858784289,0.0028172865059012953,0.0008,0.0004,0.0016088585152735924,0.06411082852151162,11,132,signal_flat,0.0,0.013683470726542746
19_momentum_decay_exit,255,2025-04-28 00:00:00+00:00,2025-04-29 00:00:00+00:00,94978.75,94284.7890625,LONG,1.0,1.0,-0.007306486319308303,0.0008,0.0004,-0.008501742427516779,-0.696705106947597,3,36,signal_flat,-0.007306486319308303,0.0
19_momentum_decay_exit,256,2025-05-01 00:00:00+00:00,2025-05-01 12:00:00+00:00,96492.3359375,96492.3359375,LONG,1.0,1.0,0.0,0.0008,0.0004,-0.0011996400000000573,-0.09420854995564967,2,24,signal_flat,0.0,0.0
19_momentum_decay_exit,257,2025-05-02 00:00:00+00:00,2025-05-02 12:00:00+00:00,96910.0703125,96910.0703125,LONG,1.0,1.0,0.0,0.0008,0.0004,-0.0011996400000000573,-0.09469290866944897,2,24,signal_flat,0.0,0.0
19_momentum_decay_exit,258,2025-05-07 00:00:00+00:00,2025-05-11 00:00:00+00:00,97032.3203125,104106.359375,LONG,1.0,1.0,0.07290394622861252,0.0008,0.0004,0.07161320185170283,7.930114302944544,9,108,signal_flat,0.0,0.07898407239791316
19_momentum_decay_exit,259,2025-05-18 00:00:00+00:00,2025-05-18 12:00:00+00:00,106446.0078125,106446.0078125,LONG,1.0,1.0,0.0,0.0008,0.0004,-0.0011996400000000573,-0.08924821196133281,2,24,signal_flat,0.0,0.0
19_momentum_decay_exit,260,2025-05-20 00:00:00+00:00,2025-05-20 12:00:00+00:00,106791.0859375,106791.0859375,LONG,1.0,1.0,0.0,0.0008,0.0004,-0.0011996400000000573,-0.09277539219262397,2,24,signal_flat,0.0,0.0
19_momentum_decay_exit,261,2025-05-21 00:00:00+00:00,2025-05-23 00:00:00+00:00,109678.078125,107287.796875,LONG,1.0,1.0,-0.021793609906947897,0.0008,0.0004,-0.022991082061265544,-1.5648720658718316,5,60,signal_flat,-0.021793609906947897,0.018191448638679386
19_momentum_decay_exit,262,2025-07-02 00:00:00+00:00,2025-07-03 00:00:00+00:00,108859.3203125,109647.9765625,LONG,1.0,1.0,0.007244728772290987,0.0008,0.0004,0.0060407419350276825,0.49221620376863384,3,36,signal_flat,0.0,0.007244728772290987
19_momentum_decay_exit,263,2025-07-09 00:00:00+00:00,2025-07-18 00:00:00+00:00,111326.5546875,118003.2265625,LONG,1.0,1.0,0.059973758226343765,0.0008,0.0004,0.05869524118031366,5.816942878377954,19,228,signal_flat,0.0,0.07655988691489624
19_momentum_decay_exit,264,2025-07-22 00:00:00+00:00,2025-07-22 12:00:00+00:00,119995.4140625,119995.4140625,LONG,1.0,1.0,0.0,0.0008,0.0004,-0.0011996400000000573,-0.10007849886456677,2,24,signal_flat,0.0,0.0
19_momentum_decay_exit,265,2025-08-12 00:00:00+00:00,2025-08-14 00:00:00+00:00,120172.90625,118359.578125,LONG,1.0,1.0,-0.015089325718957602,0.0008,0.0004,-0.016295735591503324,-1.4644038100821317,5,60,signal_flat,-0.015089325718957602,0.026388279596092357
19_momentum_decay_exit,266,2025-09-12 00:00:00+00:00,2025-09-13 00:00:00+00:00,116101.578125,115950.5078125,LONG,1.0,1.0,-0.0013011908618274504,0.0008,0.0004,-0.002500050147310473,-0.30094477685503657,3,36,signal_flat,-0.0013011908618274504,0.0
19_momentum_decay_exit,267,2025-09-16 00:00:00+00:00,2025-09-18 00:00:00+00:00,116843.1875,117137.203125,LONG,1.0,1.0,0.002516326636501809,0.0008,0.0004,0.0013170996991187511,0.187032507338074,5,60,signal_flat,-0.0032066883445814875,0.002516326636501587
19_momentum_decay_exit,268,2025-10-01 00:00:00+00:00,2025-10-08 00:00:00+00:00,118648.9296875,123354.8671875,LONG,1.0,1.0,0.039662705027298406,0.0008,0.0004,0.03842510408231803,2.7962912610434474,15,180,signal_flat,0.0,0.05144253368804752
19_momentum_decay_exit,269,2026-01-03 00:00:00+00:00,2026-01-07 00:00:00+00:00,90603.1875,91308.0546875,LONG,1.0,1.0,0.00777971732506666,0.0008,0.0004,0.00655472169109661,0.9325983364963834,9,108,signal_flat,0.0,0.03619483241138721
19_momentum_decay_exit,270,2026-01-13 00:00:00+00:00,2026-01-15 00:00:00+00:00,95321.78125,95551.1875,LONG,1.0,1.0,0.002406650893339135,0.0008,0.0004,0.0011954543199759193,0.09668626555008754,5,60,signal_flat,0.0,0.016864423365986925
19_momentum_decay_exit,271,2026-03-04 00:00:00+00:00,2026-03-07 00:00:00+00:00,72710.578125,67272.59375,LONG,0.867157618851336,0.867157618851336,-0.06227297671691079,0.0006937260950810689,0.00034686304754053443,-0.06325426938690648,-2.7088566418711704,7,84,signal_flat,-0.07478945313364604,0.0
19_momentum_decay_exit,272,2026-03-15 00:00:00+00:00,2026-03-19 00:00:00+00:00,72789.9140625,69912.7890625,LONG,0.9045278202708192,0.9045278202708192,-0.03944745995889376,0.0008140763871767663,0.00040703819358838315,-0.0406315161027091,-1.8150270022646646,9,108,signal_flat,-0.039526423915401177,0.028454105238008953
19_momentum_decay_exit,273,2026-04-07 00:00:00+00:00,2026-04-12 00:00:00+00:00,71940.703125,70753.40625,LONG,1.0,1.0,-0.01650382639348158,0.0008,0.0004,-0.017702845926612976,-1.1282065210479721,11,132,signal_flat,-0.01650382639348158,0.01547900234676769
19_momentum_decay_exit,274,2026-04-13 00:00:00+00:00,2026-04-15 00:00:00+00:00,74484.640625,74143.4296875,LONG,1.0,1.0,-0.0045809570219700335,0.0008,0.0004,-0.005775408888980427,-0.332629262969162,5,60,signal_flat,-0.0045809570219699225,0.0
20_cross_asset_risk_on_filter,1,2015-07-20 12:00:00+00:00,2015-07-24 00:00:00+00:00,278.9809875488281,288.27801513671875,LONG,0.844521038645269,0.844521038645269,0.029549848855203065,0.0007041837257781075,0.00035209186288905374,0.028483026894333685,1.1879406591955102,8,96,signal_flat,-0.011283850430048203,0.03332495045478123
20_cross_asset_risk_on_filter,2,2015-07-28 00:00:00+00:00,2015-08-06 00:00:00+00:00,294.427001953125,278.5769958496094,LONG,1.0,1.0,-0.0538333984260011,0.0008,0.0004,-0.05497518878788732,-4.680061530191403,19,228,signal_flat,-0.05383339842600121,0.0
20_cross_asset_risk_on_filter,3,2015-10-30 00:00:00+00:00,2015-11-12 00:00:00+00:00,328.0150146484375,338.1520080566406,LONG,0.8967461182078869,0.8967461182078869,0.0778197165947534,0.0007173968945663095,0.00035869844728315476,0.07668059763051116,3.3958862017116784,27,324,signal_flat,-0.05161653887705664,0.25470777221084906
20_cross_asset_risk_on_filter,4,2015-11-16 00:00:00+00:00,2015-11-17 00:00:00+00:00,330.7510070800781,335.093994140625,LONG,0.4180455073616962,0.4180455073616962,0.005489223586103931,0.000334436405889357,0.0001672182029446785,0.004986255044451049,0.10294284893384067,3,36,signal_flat,0.0,0.013130684314123231
20_cross_asset_risk_on_filter,5,2015-11-18 00:00:00+00:00,2015-12-11 00:00:00+00:00,334.5899963378906,451.93798828125,LONG,0.5101878412100067,0.5101878412100067,0.3588718151544419,0.001045118729428471,0.0005225593647142355,0.3568201098527808,8.990369901810029,47,564,signal_flat,-0.04346814461532422,0.3507217586531002
20_cross_asset_risk_on_filter,6,2015-12-15 00:00:00+00:00,2015-12-17 00:00:00+00:00,465.3210144042969,456.0780029296875,LONG,0.7680428862202549,0.7680428862202549,-0.01531181571560647,0.0006144343089762039,0.0003072171544881019,-0.01621859735543507,-0.6151724773436885,5,60,signal_flat,-0.022322275599520713,0.0
20_cross_asset_risk_on_filter,7,2015-12-23 00:00:00+00:00,2015-12-24 00:00:00+00:00,442.4010009765625,454.9849853515625,LONG,0.8899307929825186,0.8899307929825186,0.025313855911272443,0.0007119446343860149,0.00035597231719300745,0.024232707523428543,1.0650164328437985,3,36,signal_flat,0.0,0.028444746614998406
20_cross_asset_risk_on_filter,8,2015-12-28 00:00:00+00:00,2015-12-29 00:00:00+00:00,422.2789916992187,432.9830017089844,LONG,0.9770228007755883,0.9770228007755883,0.024765763973217725,0.0007816182406204707,0.00039080912031023534,0.02357916222911771,1.1377090255090114,3,36,signal_flat,0.0,0.02534819448794634
20_cross_asset_risk_on_filter,9,2015-12-30 00:00:00+00:00,2015-12-31 00:00:00+00:00,426.6199951171875,430.5669860839844,LONG,1.0,1.0,0.009251772096881439,0.0008,0.0004,0.008046581033623434,0.43280709861603245,3,36,signal_flat,0.0,0.009251772096881439
20_cross_asset_risk_on_filter,10,2016-03-23 00:00:00+00:00,2016-03-30 00:00:00+00:00,418.0409851074219,414.8160095214844,LONG,1.0,1.0,-0.007714496187757103,0.0008,0.0004,-0.008907320031463661,-1.12026217123906,15,180,signal_flat,-0.007714496187757325,0.02086883786950655
20_cross_asset_risk_on_filter,11,2016-04-14 00:00:00+00:00,2016-04-19 00:00:00+00:00,424.2820129394531,435.5090026855469,LONG,1.0,1.0,0.026461149432926767,0.0008,0.0004,0.02523954282436458,7.552486091626033,11,132,signal_flat,0.0,0.026461149432926545
20_cross_asset_risk_on_filter,12,2016-04-22 00:00:00+00:00,2016-04-26 00:00:00+00:00,445.7369995117187,466.0889892578125,LONG,1.0,1.0,0.04565918864350116,0.0008,0.0004,0.04441104707632171,6.114679364526551,9,108,signal_flat,0.0,0.04565918864350138
20_cross_asset_risk_on_filter,13,2016-05-20 00:00:00+00:00,2016-05-22 00:00:00+00:00,442.6759948730469,439.322998046875,LONG,1.0,1.0,-0.007574381409892084,0.0008,0.0004,-0.00877017031702032,-1.2757747592254307,5,60,signal_flat,-0.007574381409892084,0.001156587242436613
20_cross_asset_risk_on_filter,14,2016-05-23 00:00:00+00:00,2016-06-08 00:00:00+00:00,444.1549987792969,581.64501953125,LONG,1.0,1.0,0.3075640659650756,0.0008188894242951777,0.00040944471214758886,0.3059666044645677,38.74742852499866,33,396,signal_flat,0.0,0.31831677885864385
20_cross_asset_risk_on_filter,15,2016-09-13 12:00:00+00:00,2016-09-22 00:00:00+00:00,609.2410278320312,596.2979736328125,LONG,1.0,1.0,-0.021244554466852583,0.0008,0.0004,-0.02241954625160103,-2.1688975761840426,18,216,signal_flat,-0.021244554466852472,0.0023685095030407943
20_cross_asset_risk_on_filter,16,2016-09-27 00:00:00+00:00,2016-11-01 00:00:00+00:00,606.166015625,729.7930297851562,LONG,1.0,1.0,0.20394910135746813,0.0008,0.0004,0.20253330661353308,41.54347780948642,71,852,signal_flat,-0.0023722680654858497,0.20394910135746902
20_cross_asset_risk_on_filter,17,2016-11-07 00:00:00+00:00,2017-01-05 00:00:00+00:00,703.1309814453125,1013.3800048828124,LONG,1.0,1.0,0.46642565686708526,0.0008193521707239733,0.00040967608536198667,0.4645852230635088,23.207109755134592,119,1428,signal_flat,-0.0015643964139888666,0.6422686682005656
20_cross_asset_risk_on_filter,18,2017-03-07 00:00:00+00:00,2017-03-16 00:00:00+00:00,1223.5400390625,1187.81005859375,LONG,1.0,1.0,-0.041833604520160494,0.0008724746234019806,0.0004362373117009903,-0.04310929276267961,-2.361038208793603,19,228,signal_flat,-0.08730410525937726,0.02130698257250141
20_cross_asset_risk_on_filter,19,2017-05-01 00:00:00+00:00,2017-05-17 00:00:00+00:00,1421.5999755859375,1839.0899658203125,LONG,1.0,1.0,0.2731193635720228,0.0008882747401050676,0.0004441373700525338,0.2714494723290697,16.293721875016534,33,396,signal_flat,0.0,0.3003446665980294
20_cross_asset_risk_on_filter,20,2017-05-18 00:00:00+00:00,2017-05-22 00:00:00+00:00,1888.6500244140625,2173.39990234375,LONG,0.654587419489139,0.654587419489139,0.08946208046289916,0.0005236699355913113,0.00026183496779565564,0.08862065045193934,2.8648423071833937,9,108,signal_flat,0.0,0.1507690012701155
20_cross_asset_risk_on_filter,21,2017-05-23 00:00:00+00:00,2017-05-25 00:00:00+00:00,2320.419921875,2304.97998046875,LONG,0.5137275282999574,0.5137275282999574,-0.0008793370861530647,0.0004109820226399659,0.00020549101131998296,-0.001502839636642328,-0.038127963825967365,5,60,signal_flat,-0.006653942788843903,0.05310244475213688
20_cross_asset_risk_on_filter,22,2017-05-25 12:00:00+00:00,2017-05-26 00:00:00+00:00,2304.97998046875,2202.419921875,LONG,0.46534938585108804,0.46534938585108804,-0.020705715747582065,0.0003722795086808704,0.0001861397543404352,-0.021258275817320982,-0.48854583658752887,2,24,signal_flat,-0.04449498887747083,0.0
20_cross_asset_risk_on_filter,23,2017-06-15 00:00:00+00:00,2017-06-23 00:00:00+00:00,2464.580078125,2744.909912109375,LONG,0.5407674099800727,0.5407674099800727,0.06223487790161508,0.000541185188140737,0.0002705925940703685,0.06137694276342498,1.6391318774082986,17,204,signal_flat,0.0,0.11374344719918539
20_cross_asset_risk_on_filter,24,2017-06-26 00:00:00+00:00,2017-07-09 00:00:00+00:00,2478.449951171875,2518.43994140625,LONG,0.6554269623701661,0.6554269623701661,0.005882437056897283,0.0008656690778464447,0.00043283453892322234,0.0045649244886663,0.14775971166050247,27,324,signal_flat,-0.017712644277118827,0.05249656437902073
20_cross_asset_risk_on_filter,25,2017-10-11 00:00:00+00:00,2017-11-08 00:00:00+00:00,4826.47998046875,7459.68994140625,LONG,1.0,1.0,0.4215997412523922,0.001277457361607356,0.000638728680803678,0.4189268453458128,24.17546441805615,57,684,signal_flat,0.0,0.5455756517365191
20_cross_asset_risk_on_filter,26,2017-11-10 00:00:00+00:00,2017-11-14 00:00:00+00:00,6618.14013671875,6635.75,LONG,0.5661215946367912,0.5661215946367912,0.0015175553659576568,0.0004573428150243374,0.0002286714075121687,0.0008340571171028266,0.023318663094531494,9,108,signal_flat,-0.10094532583156013,0.0026608477483798243
20_cross_asset_risk_on_filter,27,2017-11-15 00:00:00+00:00,2017-11-17 00:00:00+00:00,7315.5400390625,7708.990234375,LONG,0.4421671776137525,0.4421671776137525,0.024591344003113358,0.000353733742091002,0.000176866871045501,0.024045879675462345,0.5250797925179964,5,60,signal_flat,0.0,0.07602308228430132
20_cross_asset_risk_on_filter,28,2017-11-20 00:00:00+00:00,2017-11-21 00:00:00+00:00,8200.6396484375,8071.259765625,LONG,0.43174006834741047,0.43174006834741047,-0.006811478353263789,0.0003453920546779284,0.0001726960273389642,-0.007327734858587509,-0.15623928276970764,3,36,signal_flat,-0.015776803805438666,0.0
20_cross_asset_risk_on_filter,29,2017-11-30 00:00:00+00:00,2017-12-22 00:00:00+00:00,10233.599609375,13831.7998046875,LONG,0.6601641108946998,0.6601641108946998,0.2592915399359328,0.0006590072930086604,0.0003295036465043302,0.2580545555415197,8.413207006998096,45,540,signal_flat,0.0,0.9052338507325841
20_cross_asset_risk_on_filter,30,2018-03-04 00:00:00+00:00,2018-03-06 00:00:00+00:00,11512.599609375,10779.900390625,LONG,0.5247714708046128,0.5247714708046128,-0.03769372973166385,0.0004708553751681544,0.0002354276875840772,-0.03838744044879472,-0.9948497754244411,5,60,signal_flat,-0.0636432468435143,0.005272501204946822
20_cross_asset_risk_on_filter,31,2019-04-24 00:00:00+00:00,2019-05-13 00:00:00+00:00,5464.86669921875,7814.9150390625,LONG,1.0,1.0,0.396676371807551,0.0008000000000000001,0.0004000000000000001,0.395069306246568,25.974960210517693,39,468,signal_flat,-0.04654296037177108,0.43002848361876955
20_cross_asset_risk_on_filter,32,2019-05-16 00:00:00+00:00,2019-05-16 12:00:00+00:00,7884.9091796875,7884.9091796875,LONG,0.5154695804293811,0.5154695804293811,0.0,0.00041237566434350483,0.00020618783217175242,-0.0006184678413154732,-0.01574411660284936,2,24,signal_flat,0.0,0.0
20_cross_asset_risk_on_filter,33,2019-05-17 00:00:00+00:00,2019-05-23 00:00:00+00:00,7343.8955078125,7881.8466796875,LONG,0.4966491266281208,0.4966491266281208,0.04150336444095837,0.000403757467505852,0.000201878733752926,0.040878445290663645,1.0026334283914224,13,156,signal_flat,-0.009897676229553398,0.11625899965545905
20_cross_asset_risk_on_filter,34,2019-05-28 00:00:00+00:00,2019-05-30 00:00:00+00:00,8719.9619140625,8319.47265625,LONG,0.5839497074571899,0.5839497074571899,-0.027837667093681517,0.00048663390136757123,0.00024331695068378561,-0.028555899857232947,-0.8235110469960266,5,60,signal_flat,-0.04592786777733959,0.0
20_cross_asset_risk_on_filter,35,2020-05-27 00:00:00+00:00,2020-05-29 00:00:00+00:00,9181.017578125,9439.1240234375,LONG,0.881015657821099,0.881015657821099,0.024469943899599,0.00073324454728993,0.000366622273644965,0.023339450746180157,1.015482380330563,5,60,signal_flat,0.0,0.037548495632866885
20_cross_asset_risk_on_filter,36,2020-06-03 00:00:00+00:00,2020-06-04 00:00:00+00:00,9656.7177734375,9800.63671875,LONG,0.6814904852816931,0.6814904852816931,0.01015659711543293,0.0005451923882253544,0.0002725961941126772,0.00933482275305808,0.3141694898220121,3,36,signal_flat,0.0,0.014903505382374727
20_cross_asset_risk_on_filter,37,2020-06-05 00:00:00+00:00,2020-06-11 00:00:00+00:00,9665.533203125,9321.78125,LONG,0.7320774248820848,0.7320774248820848,-0.03627915697064976,0.0007513640787523804,0.0003756820393761902,-0.037394135194351086,-1.3519438124819432,13,156,signal_flat,-0.03556471701052766,0.021164018491122816
20_cross_asset_risk_on_filter,38,2020-10-13 12:00:00+00:00,2020-10-21 00:00:00+00:00,11425.8994140625,12823.689453125,LONG,1.0,1.0,0.1223352305501797,0.0008,0.0004,0.12103645097667992,10.22127895189125,16,192,signal_flat,-0.009082555641945933,0.1223352305501797
20_cross_asset_risk_on_filter,39,2020-10-22 00:00:00+00:00,2020-11-03 00:00:00+00:00,12965.8916015625,13950.30078125,LONG,1.0,1.0,0.07592298392876184,0.0008,0.0004,0.07465075396153642,4.572629512061696,25,300,signal_flat,-0.0026494544392426933,0.07592298392876207
20_cross_asset_risk_on_filter,40,2020-11-04 00:00:00+00:00,2020-11-05 00:00:00+00:00,14133.70703125,15579.8486328125,LONG,1.0,1.0,0.10231863433740651,0.0008,0.0004,0.10105760315680401,6.856987599919334,3,36,signal_flat,0.0,0.10231863433740651
20_cross_asset_risk_on_filter,41,2020-11-09 00:00:00+00:00,2020-12-08 00:00:00+00:00,15332.3154296875,18321.14453125,LONG,0.760028935783291,0.760028935783291,0.15698318777433706,0.0010938848331262616,0.0005469424165631308,0.15507698588886631,5.820705308685758,59,708,signal_flat,-0.0027010327388199418,0.2800307968814082
20_cross_asset_risk_on_filter,42,2020-12-09 00:00:00+00:00,2020-12-17 00:00:00+00:00,18553.916015625,22805.162109375,LONG,0.6405506875378949,0.6405506875378949,0.20344814750751117,0.0008226130733335443,0.0004113065366667722,0.202007832342201,6.39027935535482,17,204,signal_flat,-0.026679635626954967,0.22912931642947254
20_cross_asset_risk_on_filter,43,2021-01-08 00:00:00+00:00,2021-01-20 00:00:00+00:00,40797.609375,35547.75,LONG,0.48672885600368193,0.48672885600368193,-0.06310237986898404,0.0004936598348548493,0.00024682991742742467,-0.06379896451077605,-1.5335532414771886,25,300,signal_flat,-0.16850615864057594,0.0
20_cross_asset_risk_on_filter,44,2021-01-22 00:00:00+00:00,2021-04-06 00:00:00+00:00,33005.76171875,58192.359375,LONG,0.4200472955937373,0.4200472955937373,0.41825449781824275,0.001646544538510989,0.0008232722692554945,0.4147659083814663,8.60397974377953,149,1788,signal_flat,-0.07796259530917604,0.8555271185487856
20_cross_asset_risk_on_filter,45,2021-09-15 12:00:00+00:00,2021-09-20 00:00:00+00:00,48176.34765625,42843.80078125,LONG,0.7783296085655852,0.7783296085655852,-0.0857113998988811,0.0006562665004014214,0.0003281332502007107,-0.08664467571695933,-3.3304549724246386,10,120,signal_flat,-0.11068806861510183,0.0021175458490110266
20_cross_asset_risk_on_filter,46,2021-10-11 12:00:00+00:00,2021-10-13 00:00:00+00:00,57484.7890625,57401.09765625,LONG,0.6194416949565589,0.6194416949565589,-0.0006498447686129616,0.0004991802080470673,0.00024959010402353366,-0.0013924513078240608,-0.04259695802340686,4,48,signal_flat,-0.025114999851183484,0.0
20_cross_asset_risk_on_filter,47,2021-10-15 00:00:00+00:00,2021-10-20 00:00:00+00:00,61593.94921875,65992.8359375,LONG,0.7283008702424686,0.7283008702424686,0.05331071397325249,0.0006204119954231386,0.0003102059977115693,0.05234105828175406,1.882571424217453,11,132,signal_flat,-0.01139348166745524,0.07141751380687444
20_cross_asset_risk_on_filter,48,2021-11-03 00:00:00+00:00,2021-11-04 00:00:00+00:00,62970.046875,61452.23046875,LONG,0.8528784125466506,0.8528784125466506,-0.020557597005913975,0.0006823027300373205,0.00034115136501866025,-0.021570269357978678,-0.9085332464236137,3,36,signal_flat,-0.024103783966732184,0.0
20_cross_asset_risk_on_filter,49,2023-02-07 00:00:00+00:00,2023-02-08 00:00:00+00:00,23264.291015625,22939.3984375,LONG,1.0,1.0,-0.013965290320121615,0.0008,0.0004,-0.01515655114592962,-1.0487408951286146,3,36,signal_flat,-0.013965290320121615,0.0
20_cross_asset_risk_on_filter,50,2023-02-09 00:00:00+00:00,2023-03-03 00:00:00+00:00,21819.0390625,22362.6796875,LONG,1.0,1.0,0.027906712344686113,0.0009912706387195974,0.0004956353193597987,0.026350488191244636,1.5359041270394995,45,540,signal_flat,-0.007693073387383564,0.13795792593695944
20_cross_asset_risk_on_filter,51,2023-06-25 00:00:00+00:00,2023-07-12 00:00:00+00:00,30480.26171875,30391.646484375,LONG,1.0,1.0,-0.002889775636036873,0.0008007027528156155,0.00040035137640780777,-0.004091513325635399,-0.21601279574680168,35,420,signal_flat,-0.018730935888709777,0.022184118385015328
20_cross_asset_risk_on_filter,52,2023-08-01 00:00:00+00:00,2023-08-02 00:00:00+00:00,29675.732421875,29151.958984375,LONG,1.0,1.0,-0.01764989082843693,0.0008,0.0004,-0.018838940893940004,-2.906369140640607,3,36,signal_flat,-0.01764989082843693,0.0
20_cross_asset_risk_on_filter,53,2023-12-11 00:00:00+00:00,2023-12-14 00:00:00+00:00,41243.83203125,43023.97265625,LONG,0.9898528470006099,0.9898528470006099,0.04283298314322814,0.0007999999999999999,0.00039999999999999996,0.04158543513656876,2.032871936890732,7,84,signal_flat,0.0,0.04316137801286768
20_cross_asset_risk_on_filter,54,2024-01-08 00:00:00+00:00,2024-01-12 00:00:00+00:00,46970.50390625,42853.16796875,LONG,0.9544426483214005,0.9544426483214005,-0.0871128802444916,0.0008000000000000001,0.0004000000000000001,-0.08825301622278625,-4.159848635517316,9,108,signal_flat,-0.08765790432476361,0.0
20_cross_asset_risk_on_filter,55,2024-01-16 00:00:00+00:00,2024-01-17 00:00:00+00:00,43154.9453125,42742.65234375,LONG,0.8891562373022119,0.8891562373022119,-0.008494805452892606,0.0007113249898417696,0.0003556624949208848,-0.009556976396530192,-0.4196591790146297,3,36,signal_flat,-0.009553782672285682,0.0
20_cross_asset_risk_on_filter,56,2024-02-11 12:00:00+00:00,2024-02-20 00:00:00+00:00,48293.91796875,52284.875,LONG,1.0,1.0,0.08263891601904105,0.0008,0.0004,0.08134641845719304,5.644005105680986,18,216,signal_flat,0.0,0.08263891601904128
20_cross_asset_risk_on_filter,57,2024-02-21 00:00:00+00:00,2024-02-23 00:00:00+00:00,51839.1796875,50731.94921875,LONG,1.0,1.0,-0.02135895041983049,0.0008,0.0004,-0.022539595709817672,-1.4506789810645804,5,60,signal_flat,-0.021358950419830602,0.0
20_cross_asset_risk_on_filter,58,2024-05-25 00:00:00+00:00,2024-05-28 00:00:00+00:00,69265.9453125,68296.21875,LONG,0.8457265901992166,0.8457265901992166,-0.012266991644738212,0.0006992212781314893,0.00034961063906574464,-0.01330975955372371,-0.5559021184607977,7,84,signal_flat,-0.0140000480485033,0.0018567475607207395
20_cross_asset_risk_on_filter,59,2024-05-29 00:00:00+00:00,2024-06-05 00:00:00+00:00,67578.09375,71082.8203125,LONG,1.0,1.0,0.05186187369335182,0.0008,0.0004,0.050604588344623336,2.803856008129214,15,180,signal_flat,-0.0012826595526749252,0.051861873693352045
20_cross_asset_risk_on_filter,60,2024-06-07 00:00:00+00:00,2024-06-14 12:00:00+00:00,69342.5859375,66011.09375,LONG,1.0,1.0,-0.048043956573854074,0.0008,0.0004,-0.04918596112178997,-4.249522833156728,16,192,signal_flat,-0.048043956573854185,0.0044043100768591525
20_cross_asset_risk_on_filter,61,2024-06-15 00:00:00+00:00,2024-06-18 00:00:00+00:00,66191.0,65140.74609375,LONG,1.0,1.0,-0.015867019779879366,0.0008,0.0004,-0.01705985096953344,-1.4776635319619655,7,84,signal_flat,-0.015867019779879477,0.006768999939568809
20_cross_asset_risk_on_filter,62,2024-11-06 00:00:00+00:00,2024-11-07 00:00:00+00:00,75639.078125,75904.859375,LONG,0.8872249220693148,0.8872249220693148,0.003117538640926343,0.0007097799376554519,0.00035488996882772594,0.0020514925401589057,0.0898880188538394,3,36,signal_flat,0.0,0.003513808689745934
20_cross_asset_risk_on_filter,63,2024-11-11 00:00:00+00:00,2024-11-22 00:00:00+00:00,88701.484375,98997.6640625,LONG,0.7302135095014608,0.7302135095014608,0.08788196581491792,0.0007559425221302515,0.00037797126106512574,0.08665533070501485,3.124951500167179,23,276,signal_flat,-0.01635885462035147,0.1160767461790293
20_cross_asset_risk_on_filter,64,2024-11-25 00:00:00+00:00,2024-12-10 00:00:00+00:00,93102.296875,96675.4296875,LONG,0.9592154985284673,0.9592154985284673,0.03695280480535312,0.0008416135961363464,0.0004208067980681732,0.03564006780268114,1.6883125265884398,31,372,signal_flat,-0.011997304040733403,0.08736324476420165
20_cross_asset_risk_on_filter,65,2024-12-13 00:00:00+00:00,2024-12-27 00:00:00+00:00,101459.2578125,94164.859375,LONG,1.0,1.0,-0.07131549476804311,0.0008315109589262287,0.00041575547946311436,-0.07248412003536264,-4.049336401304138,29,348,signal_flat,-0.07189485311414645,0.046140133990052234
20_cross_asset_risk_on_filter,66,2025-06-01 00:00:00+00:00,2025-06-02 00:00:00+00:00,105652.1015625,105881.53125,LONG,1.0,1.0,0.0021715582000447764,0.0008,0.0004,0.0009706152651247635,0.0715178967904597,3,36,signal_flat,0.0,0.0021715582000447764
20_cross_asset_risk_on_filter,67,2025-06-24 00:00:00+00:00,2025-06-25 00:00:00+00:00,106045.6328125,107361.2578125,LONG,1.0,1.0,0.012406215749838134,0.0008,0.0004,0.011199132020388358,0.9206253406039054,3,36,signal_flat,0.0,0.012406215749838134
20_cross_asset_risk_on_filter,68,2025-06-27 00:00:00+00:00,2025-06-29 12:00:00+00:00,107088.4296875,108385.5703125,LONG,1.0,1.0,0.01211279900905482,0.0008,0.0004,0.010898628010851397,1.0414716585160564,6,72,signal_flat,0.0,0.012112799009055042
20_cross_asset_risk_on_filter,69,2025-07-08 12:00:00+00:00,2025-07-11 00:00:00+00:00,108950.2734375,117516.9921875,LONG,1.0,1.0,0.07862962138332175,0.0008,0.0004,0.07734407379013719,8.211805021814294,6,72,signal_flat,0.0,0.07862962138332175
20_cross_asset_risk_on_filter,70,2025-07-15 00:00:00+00:00,2025-07-16 00:00:00+00:00,117777.1875,118738.5078125,LONG,1.0,1.0,0.00816219450392297,0.0008,0.0004,0.006957657187220745,0.505218026888495,3,36,signal_flat,0.0,0.00816219450392297
20_cross_asset_risk_on_filter,71,2025-07-17 00:00:00+00:00,2025-07-18 00:00:00+00:00,119289.84375,118003.2265625,LONG,1.0,1.0,-0.01078563897020779,0.0008,0.0004,-0.01197880758682579,-0.9955270707469849,3,36,signal_flat,-0.01078563897020779,0.0
20_cross_asset_risk_on_filter,72,2025-07-25 00:00:00+00:00,2025-08-02 00:00:00+00:00,117635.8828125,112526.9140625,LONG,1.0,1.0,-0.043430360089558695,0.0008,0.0004,-0.04458194242591962,-5.636439735850938,17,204,signal_flat,-0.043430360089558695,0.015408643448437509
20_cross_asset_risk_on_filter,73,2025-08-14 00:00:00+00:00,2025-08-19 00:00:00+00:00,118359.578125,112831.1796875,LONG,1.0,1.0,-0.046708500698282696,0.0008,0.0004,-0.047869439649373735,-3.281524282345997,11,132,signal_flat,-0.046708500698282585,0.0
