timestamp,btc_close,gold_close
2015-01-02T00:00:00.000000+0000,315.0320129394531,1186.0
2015-01-02T12:00:00.000000+0000,315.0320129394531,1186.0
2015-01-03T00:00:00.000000+0000,281.0820007324219,1186.0
2015-01-03T12:00:00.000000+0000,281.0820007324219,1186.0
2015-01-04T00:00:00.000000+0000,264.19500732421875,1186.0
2015-01-04T12:00:00.000000+0000,264.19500732421875,1186.0
2015-01-05T00:00:00.000000+0000,274.4739990234375,1203.9000244140625
2015-01-05T12:00:00.000000+0000,274.4739990234375,1203.9000244140625
2015-01-06T00:00:00.000000+0000,286.1889953613281,1219.300048828125
2015-01-06T12:00:00.000000+0000,286.1889953613281,1219.300048828125
2015-01-07T00:00:00.000000+0000,294.3370056152344,1210.5999755859375
2015-01-07T12:00:00.000000+0000,294.3370056152344,1210.5999755859375
2015-01-08T00:00:00.000000+0000,283.3489990234375,1208.4000244140625
2015-01-08T12:00:00.000000+0000,283.3489990234375,1208.4000244140625
2015-01-09T00:00:00.000000+0000,290.4079895019531,1216.0
2015-01-09T12:00:00.000000+0000,290.4079895019531,1216.0
2015-01-10T00:00:00.000000+0000,274.7959899902344,1216.0
2015-01-10T12:00:00.000000+0000,274.7959899902344,1216.0
2015-01-11T00:00:00.000000+0000,265.6600036621094,1216.0
2015-01-11T12:00:00.000000+0000,265.6600036621094,1216.0
2015-01-12T00:00:00.000000+0000,267.7959899902344,1232.699951171875
2015-01-12T12:00:00.000000+0000,267.7959899902344,1232.699951171875
2015-01-13T00:00:00.000000+0000,225.86099243164062,1234.300048828125
2015-01-13T12:00:00.000000+0000,225.86099243164062,1234.300048828125
2015-01-14T00:00:00.000000+0000,178.10299682617188,1234.4000244140625
2015-01-14T12:00:00.000000+0000,178.10299682617188,1234.4000244140625
2015-01-15T00:00:00.000000+0000,209.843994140625,1264.699951171875
2015-01-15T12:00:00.000000+0000,209.843994140625,1264.699951171875
2015-01-16T00:00:00.000000+0000,208.0970001220703,1276.9000244140625
2015-01-16T12:00:00.000000+0000,208.0970001220703,1276.9000244140625
2015-01-17T00:00:00.000000+0000,199.25999450683594,1276.9000244140625
2015-01-17T12:00:00.000000+0000,199.25999450683594,1276.9000244140625
2015-01-18T00:00:00.000000+0000,210.33900451660156,1276.9000244140625
2015-01-18T12:00:00.000000+0000,210.33900451660156,1276.9000244140625
2015-01-19T00:00:00.000000+0000,214.86099243164062,1276.9000244140625
2015-01-19T12:00:00.000000+0000,214.86099243164062,1276.9000244140625
2015-01-20T00:00:00.000000+0000,211.31500244140625,1294.199951171875
2015-01-20T12:00:00.000000+0000,211.31500244140625,1294.199951171875
2015-01-21T00:00:00.000000+0000,226.89700317382812,1293.699951171875
2015-01-21T12:00:00.000000+0000,226.89700317382812,1293.699951171875
2015-01-22T00:00:00.000000+0000,233.406005859375,1300.699951171875
2015-01-22T12:00:00.000000+0000,233.406005859375,1300.699951171875
2015-01-23T00:00:00.000000+0000,232.87899780273438,1292.5999755859375
2015-01-23T12:00:00.000000+0000,232.87899780273438,1292.5999755859375
2015-01-24T00:00:00.000000+0000,247.8470001220703,1292.5999755859375
2015-01-24T12:00:00.000000+0000,247.8470001220703,1292.5999755859375
2015-01-25T00:00:00.000000+0000,253.71800231933594,1292.5999755859375
2015-01-25T12:00:00.000000+0000,253.71800231933594,1292.5999755859375
2015-01-26T00:00:00.000000+0000,273.4729919433594,1279.4000244140625
2015-01-26T12:00:00.000000+0000,273.4729919433594,1279.4000244140625
2015-01-27T00:00:00.000000+0000,263.4750061035156,1291.699951171875
2015-01-27T12:00:00.000000+0000,263.4750061035156,1291.699951171875
2015-01-28T00:00:00.000000+0000,233.9149932861328,1285.9000244140625
2015-01-28T12:00:00.000000+0000,233.9149932861328,1285.9000244140625
2015-01-29T00:00:00.000000+0000,233.51300048828125,1254.5999755859375
2015-01-29T12:00:00.000000+0000,233.51300048828125,1254.5999755859375
2015-01-30T00:00:00.000000+0000,226.4250030517578,1278.5
2015-01-30T12:00:00.000000+0000,226.4250030517578,1278.5
2015-01-31T00:00:00.000000+0000,217.46400451660156,1278.5
2015-01-31T12:00:00.000000+0000,217.46400451660156,1278.5
2015-02-01T00:00:00.000000+0000,226.9720001220703,1278.5
2015-02-01T12:00:00.000000+0000,226.9720001220703,1278.5
2015-02-02T00:00:00.000000+0000,238.22900390625,1276.199951171875
2015-02-02T12:00:00.000000+0000,238.22900390625,1276.199951171875
2015-02-03T00:00:00.000000+0000,227.26800537109375,1259.699951171875
2015-02-03T12:00:00.000000+0000,227.26800537109375,1259.699951171875
2015-02-04T00:00:00.000000+0000,226.85299682617188,1263.800048828125
2015-02-04T12:00:00.000000+0000,226.85299682617188,1263.800048828125
2015-02-05T00:00:00.000000+0000,217.11099243164062,1262.0
2015-02-05T12:00:00.000000+0000,217.11099243164062,1262.0
2015-02-06T00:00:00.000000+0000,222.26600646972656,1233.9000244140625
2015-02-06T12:00:00.000000+0000,222.26600646972656,1233.9000244140625
2015-02-07T00:00:00.000000+0000,227.75399780273438,1233.9000244140625
2015-02-07T12:00:00.000000+0000,227.75399780273438,1233.9000244140625
2015-02-08T00:00:00.000000+0000,223.41200256347656,1233.9000244140625
2015-02-08T12:00:00.000000+0000,223.41200256347656,1233.9000244140625
2015-02-09T00:00:00.000000+0000,220.11000061035156,1240.800048828125
2015-02-09T12:00:00.000000+0000,220.11000061035156,1240.800048828125
2015-02-10T00:00:00.000000+0000,219.83900451660156,1231.5999755859375
2015-02-10T12:00:00.000000+0000,219.83900451660156,1231.5999755859375
2015-02-11T00:00:00.000000+0000,219.18499755859375,1219.0
2015-02-11T12:00:00.000000+0000,219.18499755859375,1219.0
2015-02-12T00:00:00.000000+0000,221.76400756835938,1220.0999755859375
2015-02-12T12:00:00.000000+0000,221.76400756835938,1220.0999755859375
2015-02-13T00:00:00.000000+0000,235.427001953125,1226.5
2015-02-13T12:00:00.000000+0000,235.427001953125,1226.5
2015-02-14T00:00:00.000000+0000,257.3210144042969,1226.5
2015-02-14T12:00:00.000000+0000,257.3210144042969,1226.5
2015-02-15T00:00:00.000000+0000,234.8249969482422,1226.5
2015-02-15T12:00:00.000000+0000,234.8249969482422,1226.5
2015-02-16T00:00:00.000000+0000,233.84300231933594,1226.5
2015-02-16T12:00:00.000000+0000,233.84300231933594,1226.5
2015-02-17T00:00:00.000000+0000,243.61000061035156,1208.0999755859375
2015-02-17T12:00:00.000000+0000,243.61000061035156,1208.0999755859375
2015-02-18T00:00:00.000000+0000,236.3260040283203,1199.699951171875
2015-02-18T12:00:00.000000+0000,236.3260040283203,1199.699951171875
2015-02-19T00:00:00.000000+0000,240.2830047607422,1207.0999755859375
2015-02-19T12:00:00.000000+0000,240.2830047607422,1207.0999755859375
2015-02-20T00:00:00.000000+0000,243.7790069580078,1204.4000244140625
2015-02-20T12:00:00.000000+0000,243.7790069580078,1204.4000244140625
2015-02-21T00:00:00.000000+0000,244.53399658203125,1204.4000244140625
2015-02-21T12:00:00.000000+0000,244.53399658203125,1204.4000244140625
2015-02-22T00:00:00.000000+0000,235.9770050048828,1204.4000244140625
2015-02-22T12:00:00.000000+0000,235.9770050048828,1204.4000244140625
2015-02-23T00:00:00.000000+0000,238.89199829101562,1200.300048828125
2015-02-23T12:00:00.000000+0000,238.89199829101562,1200.300048828125
2015-02-24T00:00:00.000000+0000,238.73500061035156,1196.9000244140625
2015-02-24T12:00:00.000000+0000,238.73500061035156,1196.9000244140625
2015-02-25T00:00:00.000000+0000,237.47000122070312,1201.0
2015-02-25T12:00:00.000000+0000,237.47000122070312,1201.0
2015-02-26T00:00:00.000000+0000,236.42599487304688,1209.5999755859375
2015-02-26T12:00:00.000000+0000,236.42599487304688,1209.5999755859375
2015-02-27T00:00:00.000000+0000,253.8280029296875,1212.5999755859375
2015-02-27T12:00:00.000000+0000,253.8280029296875,1212.5999755859375
2015-02-28T00:00:00.000000+0000,254.26300048828125,1212.5999755859375
2015-02-28T12:00:00.000000+0000,254.26300048828125,1212.5999755859375
2015-03-01T00:00:00.000000+0000,260.2019958496094,1212.5999755859375
2015-03-01T12:00:00.000000+0000,260.2019958496094,1212.5999755859375
2015-03-02T00:00:00.000000+0000,275.6700134277344,1207.699951171875
2015-03-02T12:00:00.000000+0000,275.6700134277344,1207.699951171875
2015-03-03T00:00:00.000000+0000,281.7019958496094,1204.0
2015-03-03T12:00:00.000000+0000,281.7019958496094,1204.0
2015-03-04T00:00:00.000000+0000,273.0920104980469,1200.5999755859375
2015-03-04T12:00:00.000000+0000,273.0920104980469,1200.5999755859375
2015-03-05T00:00:00.000000+0000,276.1780090332031,1195.9000244140625
2015-03-05T12:00:00.000000+0000,276.1780090332031,1195.9000244140625
2015-03-06T00:00:00.000000+0000,272.7229919433594,1164.0999755859375
2015-03-06T12:00:00.000000+0000,272.7229919433594,1164.0999755859375
2015-03-07T00:00:00.000000+0000,276.260986328125,1164.0999755859375
2015-03-07T12:00:00.000000+0000,276.260986328125,1164.0999755859375
2015-03-08T00:00:00.000000+0000,274.35400390625,1164.0999755859375
2015-03-08T12:00:00.000000+0000,274.35400390625,1164.0999755859375
2015-03-09T00:00:00.000000+0000,289.60699462890625,1166.4000244140625
2015-03-09T12:00:00.000000+0000,289.60699462890625,1166.4000244140625
2015-03-10T00:00:00.000000+0000,291.760009765625,1160.0999755859375
2015-03-10T12:00:00.000000+0000,291.760009765625,1160.0999755859375
2015-03-11T00:00:00.000000+0000,296.3789978027344,1150.699951171875
2015-03-11T12:00:00.000000+0000,296.3789978027344,1150.699951171875
2015-03-12T00:00:00.000000+0000,294.35400390625,1152.0999755859375
2015-03-12T12:00:00.000000+0000,294.35400390625,1152.0999755859375
2015-03-13T00:00:00.000000+0000,285.3370056152344,1152.5999755859375
2015-03-13T12:00:00.000000+0000,285.3370056152344,1152.5999755859375
2015-03-14T00:00:00.000000+0000,281.885009765625,1152.5999755859375
2015-03-14T12:00:00.000000+0000,281.885009765625,1152.5999755859375
2015-03-15T00:00:00.000000+0000,286.39300537109375,1152.5999755859375
2015-03-15T12:00:00.000000+0000,286.39300537109375,1152.5999755859375
2015-03-16T00:00:00.000000+0000,290.5929870605469,1153.300048828125
2015-03-16T12:00:00.000000+0000,290.5929870605469,1153.300048828125
2015-03-17T00:00:00.000000+0000,285.5050048828125,1148.300048828125
2015-03-17T12:00:00.000000+0000,285.5050048828125,1148.300048828125
2015-03-18T00:00:00.000000+0000,256.29901123046875,1151.4000244140625
2015-03-18T12:00:00.000000+0000,256.29901123046875,1151.4000244140625
2015-03-19T00:00:00.000000+0000,260.9280090332031,1169.0999755859375
2015-03-19T12:00:00.000000+0000,260.9280090332031,1169.0999755859375
2015-03-20T00:00:00.000000+0000,261.7489929199219,1184.800048828125
2015-03-20T12:00:00.000000+0000,261.7489929199219,1184.800048828125
2015-03-21T00:00:00.000000+0000,260.0249938964844,1184.800048828125
2015-03-21T12:00:00.000000+0000,260.0249938964844,1184.800048828125
2015-03-22T00:00:00.000000+0000,267.9599914550781,1184.800048828125
2015-03-22T12:00:00.000000+0000,267.9599914550781,1184.800048828125
2015-03-23T00:00:00.000000+0000,266.739990234375,1188.0
2015-03-23T12:00:00.000000+0000,266.739990234375,1188.0
2015-03-24T00:00:00.000000+0000,245.59500122070312,1191.699951171875
2015-03-24T12:00:00.000000+0000,245.59500122070312,1191.699951171875
2015-03-25T00:00:00.000000+0000,246.19700622558594,1197.300048828125
2015-03-25T12:00:00.000000+0000,246.19700622558594,1197.300048828125
2015-03-26T00:00:00.000000+0000,248.53199768066406,1205.0999755859375
2015-03-26T12:00:00.000000+0000,248.53199768066406,1205.0999755859375
2015-03-27T00:00:00.000000+0000,247.0290069580078,1199.800048828125
2015-03-27T12:00:00.000000+0000,247.0290069580078,1199.800048828125
2015-03-28T00:00:00.000000+0000,252.79800415039062,1199.800048828125
2015-03-28T12:00:00.000000+0000,252.79800415039062,1199.800048828125
2015-03-29T00:00:00.000000+0000,242.71299743652344,1199.800048828125
2015-03-29T12:00:00.000000+0000,242.71299743652344,1199.800048828125
2015-03-30T00:00:00.000000+0000,247.5260009765625,1184.800048828125
2015-03-30T12:00:00.000000+0000,247.5260009765625,1184.800048828125
2015-03-31T00:00:00.000000+0000,244.2239990234375,1183.0999755859375
2015-03-31T12:00:00.000000+0000,244.2239990234375,1183.0999755859375
2015-04-01T00:00:00.000000+0000,247.27200317382812,1208.0999755859375
2015-04-01T12:00:00.000000+0000,247.27200317382812,1208.0999755859375
2015-04-02T00:00:00.000000+0000,253.0050048828125,1200.9000244140625
2015-04-02T12:00:00.000000+0000,253.0050048828125,1200.9000244140625
2015-04-03T00:00:00.000000+0000,254.32200622558594,1200.9000244140625
2015-04-03T12:00:00.000000+0000,254.32200622558594,1200.9000244140625
2015-04-04T00:00:00.000000+0000,253.69700622558594,1200.9000244140625
2015-04-04T12:00:00.000000+0000,253.69700622558594,1200.9000244140625
2015-04-05T00:00:00.000000+0000,260.5979919433594,1200.9000244140625
2015-04-05T12:00:00.000000+0000,260.5979919433594,1200.9000244140625
2015-04-06T00:00:00.000000+0000,255.49200439453125,1218.5999755859375
2015-04-06T12:00:00.000000+0000,255.49200439453125,1218.5999755859375
2015-04-07T00:00:00.000000+0000,253.17999267578125,1210.5999755859375
2015-04-07T12:00:00.000000+0000,253.17999267578125,1210.5999755859375
2015-04-08T00:00:00.000000+0000,245.02200317382812,1203.0999755859375
2015-04-08T12:00:00.000000+0000,245.02200317382812,1203.0999755859375
2015-04-09T00:00:00.000000+0000,243.67599487304688,1193.5999755859375
2015-04-09T12:00:00.000000+0000,243.67599487304688,1193.5999755859375
2015-04-10T00:00:00.000000+0000,236.07200622558594,1204.5999755859375
2015-04-10T12:00:00.000000+0000,236.07200622558594,1204.5999755859375
2015-04-11T00:00:00.000000+0000,236.552001953125,1204.5999755859375
2015-04-11T12:00:00.000000+0000,236.552001953125,1204.5999755859375
2015-04-12T00:00:00.000000+0000,236.1529998779297,1204.5999755859375
2015-04-12T12:00:00.000000+0000,236.1529998779297,1204.5999755859375
2015-04-13T00:00:00.000000+0000,224.58700561523438,1199.300048828125
2015-04-13T12:00:00.000000+0000,224.58700561523438,1199.300048828125
2015-04-14T00:00:00.000000+0000,219.15899658203125,1192.800048828125
2015-04-14T12:00:00.000000+0000,219.15899658203125,1192.800048828125
2015-04-15T00:00:00.000000+0000,223.83299255371094,1201.5
2015-04-15T12:00:00.000000+0000,223.83299255371094,1201.5
2015-04-16T00:00:00.000000+0000,228.572998046875,1198.0
2015-04-16T12:00:00.000000+0000,228.572998046875,1198.0
2015-04-17T00:00:00.000000+0000,222.8820037841797,1202.9000244140625
2015-04-17T12:00:00.000000+0000,222.8820037841797,1202.9000244140625
2015-04-18T00:00:00.000000+0000,223.3560028076172,1202.9000244140625
2015-04-18T12:00:00.000000+0000,223.3560028076172,1202.9000244140625
2015-04-19T00:00:00.000000+0000,222.60000610351562,1202.9000244140625
2015-04-19T12:00:00.000000+0000,222.60000610351562,1202.9000244140625
2015-04-20T00:00:00.000000+0000,224.62600708007812,1193.5
2015-04-20T12:00:00.000000+0000,224.62600708007812,1193.5
2015-04-21T00:00:00.000000+0000,235.2689971923828,1202.9000244140625
2015-04-21T12:00:00.000000+0000,235.2689971923828,1202.9000244140625
2015-04-22T00:00:00.000000+0000,234.17599487304688,1186.9000244140625
2015-04-22T12:00:00.000000+0000,234.17599487304688,1186.9000244140625
2015-04-23T00:00:00.000000+0000,236.46200561523438,1194.4000244140625
2015-04-23T12:00:00.000000+0000,236.46200561523438,1194.4000244140625
2015-04-24T00:00:00.000000+0000,231.26800537109375,1175.199951171875
2015-04-24T12:00:00.000000+0000,231.26800537109375,1175.199951171875
2015-04-25T00:00:00.000000+0000,226.38999938964844,1175.199951171875
2015-04-25T12:00:00.000000+0000,226.38999938964844,1175.199951171875
2015-04-26T00:00:00.000000+0000,219.42999267578125,1175.199951171875
2015-04-26T12:00:00.000000+0000,219.42999267578125,1175.199951171875
2015-04-27T00:00:00.000000+0000,229.28599548339844,1203.300048828125
2015-04-27T12:00:00.000000+0000,229.28599548339844,1203.300048828125
2015-04-28T00:00:00.000000+0000,225.85499572753906,1214.0
2015-04-28T12:00:00.000000+0000,225.85499572753906,1214.0
2015-04-29T00:00:00.000000+0000,225.80799865722656,1209.800048828125
2015-04-29T12:00:00.000000+0000,225.80799865722656,1209.800048828125
2015-04-30T00:00:00.000000+0000,236.14500427246094,1182.4000244140625
2015-04-30T12:00:00.000000+0000,236.14500427246094,1182.4000244140625
2015-05-01T00:00:00.000000+0000,232.07899475097656,1174.5
2015-05-01T12:00:00.000000+0000,232.07899475097656,1174.5
2015-05-02T00:00:00.000000+0000,234.92999267578125,1174.5
2015-05-02T12:00:00.000000+0000,234.92999267578125,1174.5
2015-05-03T00:00:00.000000+0000,240.35800170898438,1174.5
2015-05-03T12:00:00.000000+0000,240.35800170898438,1174.5
2015-05-04T00:00:00.000000+0000,239.01800537109375,1186.800048828125
2015-05-04T12:00:00.000000+0000,239.01800537109375,1186.800048828125
2015-05-05T00:00:00.000000+0000,236.12100219726562,1193.199951171875
2015-05-05T12:00:00.000000+0000,236.12100219726562,1193.199951171875
2015-05-06T00:00:00.000000+0000,229.78199768066406,1190.300048828125
2015-05-06T12:00:00.000000+0000,229.78199768066406,1190.300048828125
2015-05-07T00:00:00.000000+0000,237.33399963378906,1182.4000244140625
2015-05-07T12:00:00.000000+0000,237.33399963378906,1182.4000244140625
2015-05-08T00:00:00.000000+0000,243.86300659179688,1189.0999755859375
2015-05-08T12:00:00.000000+0000,243.86300659179688,1189.0999755859375
2015-05-09T00:00:00.000000+0000,241.83200073242188,1189.0999755859375
2015-05-09T12:00:00.000000+0000,241.83200073242188,1189.0999755859375
2015-05-10T00:00:00.000000+0000,240.29600524902344,1189.0999755859375
2015-05-10T12:00:00.000000+0000,240.29600524902344,1189.0999755859375
2015-05-11T00:00:00.000000+0000,242.1580047607422,1183.199951171875
2015-05-11T12:00:00.000000+0000,242.1580047607422,1183.199951171875
2015-05-12T00:00:00.000000+0000,241.11199951171875,1192.5999755859375
2015-05-12T12:00:00.000000+0000,241.11199951171875,1192.5999755859375
2015-05-13T00:00:00.000000+0000,236.3769989013672,1218.4000244140625
2015-05-13T12:00:00.000000+0000,236.3769989013672,1218.4000244140625
2015-05-14T00:00:00.000000+0000,236.9290008544922,1225.4000244140625
2015-05-14T12:00:00.000000+0000,236.9290008544922,1225.4000244140625
2015-05-15T00:00:00.000000+0000,237.60499572753906,1225.5
2015-05-15T12:00:00.000000+0000,237.60499572753906,1225.5
2015-05-16T00:00:00.000000+0000,236.1529998779297,1225.5
2015-05-16T12:00:00.000000+0000,236.1529998779297,1225.5
2015-05-17T00:00:00.000000+0000,236.802001953125,1225.5
2015-05-17T12:00:00.000000+0000,236.802001953125,1225.5
2015-05-18T00:00:00.000000+0000,233.1280059814453,1227.800048828125
2015-05-18T12:00:00.000000+0000,233.1280059814453,1227.800048828125
2015-05-19T00:00:00.000000+0000,231.94700622558594,1206.9000244140625
2015-05-19T12:00:00.000000+0000,231.94700622558594,1206.9000244140625
2015-05-20T00:00:00.000000+0000,234.01800537109375,1208.9000244140625
2015-05-20T12:00:00.000000+0000,234.01800537109375,1208.9000244140625
2015-05-21T00:00:00.000000+0000,235.343994140625,1204.4000244140625
2015-05-21T12:00:00.000000+0000,235.343994140625,1204.4000244140625
2015-05-22T00:00:00.000000+0000,240.34800720214844,1204.300048828125
2015-05-22T12:00:00.000000+0000,240.34800720214844,1204.300048828125
2015-05-23T00:00:00.000000+0000,238.8719940185547,1204.300048828125
2015-05-23T12:00:00.000000+0000,238.8719940185547,1204.300048828125
2015-05-24T00:00:00.000000+0000,240.9530029296875,1204.300048828125
2015-05-24T12:00:00.000000+0000,240.9530029296875,1204.300048828125
2015-05-25T00:00:00.000000+0000,237.11000061035156,1204.300048828125
2015-05-25T12:00:00.000000+0000,237.11000061035156,1204.300048828125
2015-05-26T00:00:00.000000+0000,237.11599731445312,1187.199951171875
2015-05-26T12:00:00.000000+0000,237.11599731445312,1187.199951171875
2015-05-27T00:00:00.000000+0000,237.2830047607422,1185.9000244140625
2015-05-27T12:00:00.000000+0000,237.2830047607422,1185.9000244140625
2015-05-28T00:00:00.000000+0000,237.4080047607422,1188.0999755859375
2015-05-28T12:00:00.000000+0000,237.4080047607422,1188.0999755859375
2015-05-29T00:00:00.000000+0000,237.0959930419922,1189.4000244140625
2015-05-29T12:00:00.000000+0000,237.0959930419922,1189.4000244140625
2015-05-30T00:00:00.000000+0000,233.34500122070312,1189.4000244140625
2015-05-30T12:00:00.000000+0000,233.34500122070312,1189.4000244140625
2015-05-31T00:00:00.000000+0000,230.19000244140625,1189.4000244140625
2015-05-31T12:00:00.000000+0000,230.19000244140625,1189.4000244140625
2015-06-01T00:00:00.000000+0000,222.92599487304688,1188.300048828125
2015-06-01T12:00:00.000000+0000,222.92599487304688,1188.300048828125
2015-06-02T00:00:00.000000+0000,225.80299377441406,1194.0999755859375
2015-06-02T12:00:00.000000+0000,225.80299377441406,1194.0999755859375
2015-06-03T00:00:00.000000+0000,225.87399291992188,1184.699951171875
2015-06-03T12:00:00.000000+0000,225.87399291992188,1184.699951171875
2015-06-04T00:00:00.000000+0000,224.32400512695312,1174.9000244140625
2015-06-04T12:00:00.000000+0000,224.32400512695312,1174.9000244140625
2015-06-05T00:00:00.000000+0000,224.95199584960938,1167.800048828125
2015-06-05T12:00:00.000000+0000,224.95199584960938,1167.800048828125
2015-06-06T00:00:00.000000+0000,225.61900329589844,1167.800048828125
2015-06-06T12:00:00.000000+0000,225.61900329589844,1167.800048828125
2015-06-07T00:00:00.000000+0000,222.88099670410156,1167.800048828125
2015-06-07T12:00:00.000000+0000,222.88099670410156,1167.800048828125
2015-06-08T00:00:00.000000+0000,228.48899841308594,1173.199951171875
2015-06-08T12:00:00.000000+0000,228.48899841308594,1173.199951171875
2015-06-09T00:00:00.000000+0000,229.04800415039062,1177.300048828125
2015-06-09T12:00:00.000000+0000,229.04800415039062,1177.300048828125
2015-06-10T00:00:00.000000+0000,228.80299377441406,1186.0999755859375
2015-06-10T12:00:00.000000+0000,228.80299377441406,1186.0999755859375
2015-06-11T00:00:00.000000+0000,229.7050018310547,1179.9000244140625
2015-06-11T12:00:00.000000+0000,229.7050018310547,1179.9000244140625
2015-06-12T00:00:00.000000+0000,229.98199462890625,1178.800048828125
2015-06-12T12:00:00.000000+0000,229.98199462890625,1178.800048828125
2015-06-13T00:00:00.000000+0000,232.40199279785156,1178.800048828125
2015-06-13T12:00:00.000000+0000,232.40199279785156,1178.800048828125
2015-06-14T00:00:00.000000+0000,233.54299926757812,1178.800048828125
2015-06-14T12:00:00.000000+0000,233.54299926757812,1178.800048828125
2015-06-15T00:00:00.000000+0000,236.822998046875,1185.300048828125
2015-06-15T12:00:00.000000+0000,236.822998046875,1185.300048828125
2015-06-16T00:00:00.000000+0000,250.89500427246094,1180.5
2015-06-16T12:00:00.000000+0000,250.89500427246094,1180.5
2015-06-17T00:00:00.000000+0000,249.28399658203125,1176.4000244140625
2015-06-17T12:00:00.000000+0000,249.28399658203125,1176.4000244140625
2015-06-18T00:00:00.000000+0000,249.0070037841797,1201.5
2015-06-18T12:00:00.000000+0000,249.0070037841797,1201.5
2015-06-19T00:00:00.000000+0000,244.6060028076172,1201.5
2015-06-19T12:00:00.000000+0000,244.6060028076172,1201.5
2015-06-20T00:00:00.000000+0000,245.21200561523438,1201.5
2015-06-20T12:00:00.000000+0000,245.21200561523438,1201.5
2015-06-21T00:00:00.000000+0000,243.94400024414062,1201.5
2015-06-21T12:00:00.000000+0000,243.94400024414062,1201.5
2015-06-22T00:00:00.000000+0000,246.99000549316406,1183.699951171875
2015-06-22T12:00:00.000000+0000,246.99000549316406,1183.699951171875
2015-06-23T00:00:00.000000+0000,244.29600524902344,1176.199951171875
2015-06-23T12:00:00.000000+0000,244.29600524902344,1176.199951171875
2015-06-24T00:00:00.000000+0000,240.51499938964844,1172.5999755859375
2015-06-24T12:00:00.000000+0000,240.51499938964844,1172.5999755859375
2015-06-25T00:00:00.000000+0000,242.7989959716797,1171.5
2015-06-25T12:00:00.000000+0000,242.7989959716797,1171.5
2015-06-26T00:00:00.000000+0000,243.593994140625,1172.9000244140625
2015-06-26T12:00:00.000000+0000,243.593994140625,1172.9000244140625
2015-06-27T00:00:00.000000+0000,250.99000549316406,1172.9000244140625
2015-06-27T12:00:00.000000+0000,250.99000549316406,1172.9000244140625
2015-06-28T00:00:00.000000+0000,249.01100158691406,1172.9000244140625
2015-06-28T12:00:00.000000+0000,249.01100158691406,1172.9000244140625
2015-06-29T00:00:00.000000+0000,257.0639953613281,1178.5
2015-06-29T12:00:00.000000+0000,257.0639953613281,1178.5
2015-06-30T00:00:00.000000+0000,263.0719909667969,1171.5
2015-06-30T12:00:00.000000+0000,263.0719909667969,1171.5
2015-07-01T00:00:00.000000+0000,258.6210021972656,1169.0
2015-07-01T12:00:00.000000+0000,258.6210021972656,1169.0
2015-07-02T00:00:00.000000+0000,255.41200256347656,1163.0
2015-07-02T12:00:00.000000+0000,255.41200256347656,1163.0
2015-07-03T00:00:00.000000+0000,256.33599853515625,1163.0
2015-07-03T12:00:00.000000+0000,256.33599853515625,1163.0
2015-07-04T00:00:00.000000+0000,260.885986328125,1163.0
2015-07-04T12:00:00.000000+0000,260.885986328125,1163.0
2015-07-05T00:00:00.000000+0000,271.9129943847656,1163.0
2015-07-05T12:00:00.000000+0000,271.9129943847656,1163.0
2015-07-06T00:00:00.000000+0000,269.0299987792969,1172.9000244140625
2015-07-06T12:00:00.000000+0000,269.0299987792969,1172.9000244140625
2015-07-07T00:00:00.000000+0000,266.2070007324219,1152.4000244140625
2015-07-07T12:00:00.000000+0000,266.2070007324219,1152.4000244140625
2015-07-08T00:00:00.000000+0000,270.7850036621094,1163.300048828125
2015-07-08T12:00:00.000000+0000,270.7850036621094,1163.300048828125
2015-07-09T00:00:00.000000+0000,269.2279968261719,1159.0
2015-07-09T12:00:00.000000+0000,269.2279968261719,1159.0
2015-07-10T00:00:00.000000+0000,284.8940124511719,1157.699951171875
2015-07-10T12:00:00.000000+0000,284.8940124511719,1157.699951171875
2015-07-11T00:00:00.000000+0000,293.114990234375,1157.699951171875
2015-07-11T12:00:00.000000+0000,293.114990234375,1157.699951171875
2015-07-12T00:00:00.000000+0000,310.86700439453125,1157.699951171875
2015-07-12T12:00:00.000000+0000,310.86700439453125,1157.699951171875
2015-07-13T00:00:00.000000+0000,292.0539855957031,1155.199951171875
2015-07-13T12:00:00.000000+0000,292.0539855957031,1155.199951171875
2015-07-14T00:00:00.000000+0000,287.4639892578125,1153.300048828125
2015-07-14T12:00:00.000000+0000,287.4639892578125,1153.300048828125
2015-07-15T00:00:00.000000+0000,285.8290100097656,1147.199951171875
2015-07-15T12:00:00.000000+0000,285.8290100097656,1147.199951171875
2015-07-16T00:00:00.000000+0000,278.0889892578125,1143.800048828125
2015-07-16T12:00:00.000000+0000,278.0889892578125,1143.800048828125
2015-07-17T00:00:00.000000+0000,279.47198486328125,1131.800048828125
2015-07-17T12:00:00.000000+0000,279.47198486328125,1131.800048828125
2015-07-18T00:00:00.000000+0000,274.9010009765625,1131.800048828125
2015-07-18T12:00:00.000000+0000,274.9010009765625,1131.800048828125
2015-07-19T00:00:00.000000+0000,273.614013671875,1131.800048828125
2015-07-19T12:00:00.000000+0000,273.614013671875,1131.800048828125
2015-07-20T00:00:00.000000+0000,278.9809875488281,1106.699951171875
2015-07-20T12:00:00.000000+0000,278.9809875488281,1106.699951171875
2015-07-21T00:00:00.000000+0000,275.8330078125,1103.4000244140625
2015-07-21T12:00:00.000000+0000,275.8330078125,1103.4000244140625
2015-07-22T00:00:00.000000+0000,277.22198486328125,1091.4000244140625
2015-07-22T12:00:00.000000+0000,277.22198486328125,1091.4000244140625
2015-07-23T00:00:00.000000+0000,276.04901123046875,1094.0
2015-07-23T12:00:00.000000+0000,276.04901123046875,1094.0
2015-07-24T00:00:00.000000+0000,288.27801513671875,1085.5999755859375
2015-07-24T12:00:00.000000+0000,288.27801513671875,1085.5999755859375
2015-07-25T00:00:00.000000+0000,288.6969909667969,1085.5999755859375
2015-07-25T12:00:00.000000+0000,288.6969909667969,1085.5999755859375
2015-07-26T00:00:00.000000+0000,292.6860046386719,1085.5999755859375
2015-07-26T12:00:00.000000+0000,292.6860046386719,1085.5999755859375
2015-07-27T00:00:00.000000+0000,293.6239929199219,1096.5
2015-07-27T12:00:00.000000+0000,293.6239929199219,1096.5
2015-07-28T00:00:00.000000+0000,294.427001953125,1096.300048828125
2015-07-28T12:00:00.000000+0000,294.427001953125,1096.300048828125
2015-07-29T00:00:00.000000+0000,289.5899963378906,1092.699951171875
2015-07-29T12:00:00.000000+0000,289.5899963378906,1092.699951171875
2015-07-30T00:00:00.000000+0000,287.72198486328125,1088.4000244140625
2015-07-30T12:00:00.000000+0000,287.72198486328125,1088.4000244140625
2015-07-31T00:00:00.000000+0000,284.6499938964844,1094.9000244140625
2015-07-31T12:00:00.000000+0000,284.6499938964844,1094.9000244140625
2015-08-01T00:00:00.000000+0000,281.60101318359375,1094.9000244140625
2015-08-01T12:00:00.000000+0000,281.60101318359375,1094.9000244140625
2015-08-02T00:00:00.000000+0000,282.614013671875,1094.9000244140625
2015-08-02T12:00:00.000000+0000,282.614013671875,1094.9000244140625
2015-08-03T00:00:00.000000+0000,281.22698974609375,1089.4000244140625
2015-08-03T12:00:00.000000+0000,281.22698974609375,1089.4000244140625
2015-08-04T00:00:00.000000+0000,285.2179870605469,1090.699951171875
2015-08-04T12:00:00.000000+0000,285.2179870605469,1090.699951171875
2015-08-05T00:00:00.000000+0000,281.8819885253906,1085.699951171875
2015-08-05T12:00:00.000000+0000,281.8819885253906,1085.699951171875
2015-08-06T00:00:00.000000+0000,278.5769958496094,1090.199951171875
2015-08-06T12:00:00.000000+0000,278.5769958496094,1090.199951171875
2015-08-07T00:00:00.000000+0000,279.5849914550781,1094.0999755859375
2015-08-07T12:00:00.000000+0000,279.5849914550781,1094.0999755859375
2015-08-08T00:00:00.000000+0000,260.99700927734375,1094.0999755859375
2015-08-08T12:00:00.000000+0000,260.99700927734375,1094.0999755859375
2015-08-09T00:00:00.000000+0000,265.0830078125,1094.0999755859375
2015-08-09T12:00:00.000000+0000,265.0830078125,1094.0999755859375
2015-08-10T00:00:00.000000+0000,264.4700012207031,1104.199951171875
2015-08-10T12:00:00.000000+0000,264.4700012207031,1104.199951171875
2015-08-11T00:00:00.000000+0000,270.385986328125,1107.5999755859375
2015-08-11T12:00:00.000000+0000,270.385986328125,1107.5999755859375
2015-08-12T00:00:00.000000+0000,266.3760070800781,1123.199951171875
2015-08-12T12:00:00.000000+0000,266.3760070800781,1123.199951171875
2015-08-13T00:00:00.000000+0000,264.0799865722656,1115.699951171875
2015-08-13T12:00:00.000000+0000,264.0799865722656,1115.699951171875
2015-08-14T00:00:00.000000+0000,265.67999267578125,1112.9000244140625
2015-08-14T12:00:00.000000+0000,265.67999267578125,1112.9000244140625
2015-08-15T00:00:00.000000+0000,261.5509948730469,1112.9000244140625
2015-08-15T12:00:00.000000+0000,261.5509948730469,1112.9000244140625
2015-08-16T00:00:00.000000+0000,258.5069885253906,1112.9000244140625
2015-08-16T12:00:00.000000+0000,258.5069885253906,1112.9000244140625
2015-08-17T00:00:00.000000+0000,257.97601318359375,1118.5999755859375
2015-08-17T12:00:00.000000+0000,257.97601318359375,1118.5999755859375
2015-08-18T00:00:00.000000+0000,211.07899475097656,1117.0999755859375
2015-08-18T12:00:00.000000+0000,211.07899475097656,1117.0999755859375
2015-08-19T00:00:00.000000+0000,226.6840057373047,1128.0999755859375
2015-08-19T12:00:00.000000+0000,226.6840057373047,1128.0999755859375
2015-08-20T00:00:00.000000+0000,235.35000610351562,1153.0
2015-08-20T12:00:00.000000+0000,235.35000610351562,1153.0
2015-08-21T00:00:00.000000+0000,232.56900024414062,1159.5999755859375
2015-08-21T12:00:00.000000+0000,232.56900024414062,1159.5999755859375
2015-08-22T00:00:00.000000+0000,230.38999938964844,1159.5999755859375
2015-08-22T12:00:00.000000+0000,230.38999938964844,1159.5999755859375
2015-08-23T00:00:00.000000+0000,228.16900634765625,1159.5999755859375
2015-08-23T12:00:00.000000+0000,228.16900634765625,1159.5999755859375
2015-08-24T00:00:00.000000+0000,210.4949951171875,1153.4000244140625
2015-08-24T12:00:00.000000+0000,210.4949951171875,1153.4000244140625
2015-08-25T00:00:00.000000+0000,221.60899353027344,1138.199951171875
2015-08-25T12:00:00.000000+0000,221.60899353027344,1138.199951171875
2015-08-26T00:00:00.000000+0000,225.83099365234375,1124.5999755859375
2015-08-26T12:00:00.000000+0000,225.83099365234375,1124.5999755859375
2015-08-27T00:00:00.000000+0000,224.7689971923828,1122.4000244140625
2015-08-27T12:00:00.000000+0000,224.7689971923828,1122.4000244140625
2015-08-28T00:00:00.000000+0000,231.39599609375,1133.0999755859375
2015-08-28T12:00:00.000000+0000,231.39599609375,1133.0999755859375
2015-08-29T00:00:00.000000+0000,229.77999877929688,1133.0999755859375
2015-08-29T12:00:00.000000+0000,229.77999877929688,1133.0999755859375
2015-08-30T00:00:00.000000+0000,228.76100158691406,1133.0999755859375
2015-08-30T12:00:00.000000+0000,228.76100158691406,1133.0999755859375
2015-08-31T00:00:00.000000+0000,230.05599975585938,1131.5999755859375
2015-08-31T12:00:00.000000+0000,230.05599975585938,1131.5999755859375
2015-09-01T00:00:00.000000+0000,228.12100219726562,1138.699951171875
2015-09-01T12:00:00.000000+0000,228.12100219726562,1138.699951171875
2015-09-02T00:00:00.000000+0000,229.28399658203125,1132.5
2015-09-02T12:00:00.000000+0000,229.28399658203125,1132.5
2015-09-03T00:00:00.000000+0000,227.18299865722656,1123.699951171875
2015-09-03T12:00:00.000000+0000,227.18299865722656,1123.699951171875
2015-09-04T00:00:00.000000+0000,230.29800415039062,1120.5999755859375
2015-09-04T12:00:00.000000+0000,230.29800415039062,1120.5999755859375
2015-09-05T00:00:00.000000+0000,235.0189971923828,1120.5999755859375
2015-09-05T12:00:00.000000+0000,235.0189971923828,1120.5999755859375
2015-09-06T00:00:00.000000+0000,239.83999633789062,1120.5999755859375
2015-09-06T12:00:00.000000+0000,239.83999633789062,1120.5999755859375
2015-09-07T00:00:00.000000+0000,239.8470001220703,1120.5999755859375
2015-09-07T12:00:00.000000+0000,239.8470001220703,1120.5999755859375
2015-09-08T00:00:00.000000+0000,243.60699462890625,1120.4000244140625
2015-09-08T12:00:00.000000+0000,243.60699462890625,1120.4000244140625
2015-09-09T00:00:00.000000+0000,238.16799926757812,1102.199951171875
2015-09-09T12:00:00.000000+0000,238.16799926757812,1102.199951171875
2015-09-10T00:00:00.000000+0000,238.4770050048828,1109.5
2015-09-10T12:00:00.000000+0000,238.4770050048828,1109.5
2015-09-11T00:00:00.000000+0000,240.10699462890625,1103.5
2015-09-11T12:00:00.000000+0000,240.10699462890625,1103.5
2015-09-12T00:00:00.000000+0000,235.22900390625,1103.5
2015-09-12T12:00:00.000000+0000,235.22900390625,1103.5
2015-09-13T00:00:00.000000+0000,230.51199340820312,1103.5
2015-09-13T12:00:00.000000+0000,230.51199340820312,1103.5
2015-09-14T00:00:00.000000+0000,230.6439971923828,1107.699951171875
2015-09-14T12:00:00.000000+0000,230.6439971923828,1107.699951171875
2015-09-15T00:00:00.000000+0000,230.3040008544922,1102.800048828125
2015-09-15T12:00:00.000000+0000,230.3040008544922,1102.800048828125
2015-09-16T00:00:00.000000+0000,229.09100341796875,1119.199951171875
2015-09-16T12:00:00.000000+0000,229.09100341796875,1119.199951171875
2015-09-17T00:00:00.000000+0000,229.80999755859375,1117.300048828125
2015-09-17T12:00:00.000000+0000,229.80999755859375,1117.300048828125
2015-09-18T00:00:00.000000+0000,232.97500610351562,1138.0999755859375
2015-09-18T12:00:00.000000+0000,232.97500610351562,1138.0999755859375
2015-09-19T00:00:00.000000+0000,231.4929962158203,1138.0999755859375
2015-09-19T12:00:00.000000+0000,231.4929962158203,1138.0999755859375
2015-09-20T00:00:00.000000+0000,231.21200561523438,1138.0999755859375
2015-09-20T12:00:00.000000+0000,231.21200561523438,1138.0999755859375
2015-09-21T00:00:00.000000+0000,227.0850067138672,1133.0999755859375
2015-09-21T12:00:00.000000+0000,227.0850067138672,1133.0999755859375
2015-09-22T00:00:00.000000+0000,230.6179962158203,1125.0
2015-09-22T12:00:00.000000+0000,230.6179962158203,1125.0
2015-09-23T00:00:00.000000+0000,230.2830047607422,1131.5999755859375
2015-09-23T12:00:00.000000+0000,230.2830047607422,1131.5999755859375
2015-09-24T00:00:00.000000+0000,234.5290069580078,1153.800048828125
2015-09-24T12:00:00.000000+0000,234.5290069580078,1153.800048828125
2015-09-25T00:00:00.000000+0000,235.1439971923828,1146.0
2015-09-25T12:00:00.000000+0000,235.1439971923828,1146.0
2015-09-26T00:00:00.000000+0000,234.33999633789062,1146.0
2015-09-26T12:00:00.000000+0000,234.33999633789062,1146.0
2015-09-27T00:00:00.000000+0000,232.7570037841797,1146.0
2015-09-27T12:00:00.000000+0000,232.7570037841797,1146.0
2015-09-28T00:00:00.000000+0000,239.14199829101562,1132.0
2015-09-28T12:00:00.000000+0000,239.14199829101562,1132.0
2015-09-29T00:00:00.000000+0000,236.68699645996094,1127.0999755859375
2015-09-29T12:00:00.000000+0000,236.68699645996094,1127.0999755859375
2015-09-30T00:00:00.000000+0000,236.05999755859375,1115.5
2015-09-30T12:00:00.000000+0000,236.05999755859375,1115.5
2015-10-01T00:00:00.000000+0000,237.5489959716797,1114.199951171875
2015-10-01T12:00:00.000000+0000,237.5489959716797,1114.199951171875
2015-10-02T00:00:00.000000+0000,237.29299926757812,1137.0999755859375
2015-10-02T12:00:00.000000+0000,237.29299926757812,1137.0999755859375
2015-10-03T00:00:00.000000+0000,238.72999572753906,1137.0999755859375
2015-10-03T12:00:00.000000+0000,238.72999572753906,1137.0999755859375
2015-10-04T00:00:00.000000+0000,238.25900268554688,1137.0999755859375
2015-10-04T12:00:00.000000+0000,238.25900268554688,1137.0999755859375
2015-10-05T00:00:00.000000+0000,240.38299560546875,1138.0999755859375
2015-10-05T12:00:00.000000+0000,240.38299560546875,1138.0999755859375
2015-10-06T00:00:00.000000+0000,246.06300354003906,1146.800048828125
2015-10-06T12:00:00.000000+0000,246.06300354003906,1146.800048828125
2015-10-07T00:00:00.000000+0000,242.968994140625,1149.0
2015-10-07T12:00:00.000000+0000,242.968994140625,1149.0
2015-10-08T00:00:00.000000+0000,242.3040008544922,1144.699951171875
2015-10-08T12:00:00.000000+0000,242.3040008544922,1144.699951171875
2015-10-09T00:00:00.000000+0000,243.93099975585938,1156.300048828125
2015-10-09T12:00:00.000000+0000,243.93099975585938,1156.300048828125
2015-10-10T00:00:00.000000+0000,244.9409942626953,1156.300048828125
2015-10-10T12:00:00.000000+0000,244.9409942626953,1156.300048828125
2015-10-11T00:00:00.000000+0000,247.0500030517578,1156.300048828125
2015-10-11T12:00:00.000000+0000,247.0500030517578,1156.300048828125
2015-10-12T00:00:00.000000+0000,245.30799865722656,1164.9000244140625
2015-10-12T12:00:00.000000+0000,245.30799865722656,1164.9000244140625
2015-10-13T00:00:00.000000+0000,249.50799560546875,1165.800048828125
2015-10-13T12:00:00.000000+0000,249.50799560546875,1165.800048828125
2015-10-14T00:00:00.000000+0000,251.98899841308594,1180.0999755859375
2015-10-14T12:00:00.000000+0000,251.98899841308594,1180.0999755859375
2015-10-15T00:00:00.000000+0000,254.32000732421875,1187.9000244140625
2015-10-15T12:00:00.000000+0000,254.32000732421875,1187.9000244140625
2015-10-16T00:00:00.000000+0000,262.8689880371094,1183.5999755859375
2015-10-16T12:00:00.000000+0000,262.8689880371094,1183.5999755859375
2015-10-17T00:00:00.000000+0000,270.6400146484375,1183.5999755859375
2015-10-17T12:00:00.000000+0000,270.6400146484375,1183.5999755859375
2015-10-18T00:00:00.000000+0000,261.64300537109375,1183.5999755859375
2015-10-18T12:00:00.000000+0000,261.64300537109375,1183.5999755859375
2015-10-19T00:00:00.000000+0000,263.43701171875,1173.300048828125
2015-10-19T12:00:00.000000+0000,263.43701171875,1173.300048828125
2015-10-20T00:00:00.000000+0000,269.4630126953125,1178.0
2015-10-20T12:00:00.000000+0000,269.4630126953125,1178.0
2015-10-21T00:00:00.000000+0000,266.2720031738281,1167.5999755859375
2015-10-21T12:00:00.000000+0000,266.2720031738281,1167.5999755859375
2015-10-22T00:00:00.000000+0000,274.02301025390625,1166.5999755859375
2015-10-22T12:00:00.000000+0000,274.02301025390625,1166.5999755859375
2015-10-23T00:00:00.000000+0000,276.4960021972656,1163.300048828125
2015-10-23T12:00:00.000000+0000,276.4960021972656,1163.300048828125
2015-10-24T00:00:00.000000+0000,281.65399169921875,1163.300048828125
2015-10-24T12:00:00.000000+0000,281.65399169921875,1163.300048828125
2015-10-25T00:00:00.000000+0000,283.67999267578125,1163.300048828125
2015-10-25T12:00:00.000000+0000,283.67999267578125,1163.300048828125
2015-10-26T00:00:00.000000+0000,285.29998779296875,1167.0
2015-10-26T12:00:00.000000+0000,285.29998779296875,1167.0
2015-10-27T00:00:00.000000+0000,293.7879943847656,1166.800048828125
2015-10-27T12:00:00.000000+0000,293.7879943847656,1166.800048828125
2015-10-28T00:00:00.000000+0000,304.6180114746094,1177.0999755859375
2015-10-28T12:00:00.000000+0000,304.6180114746094,1177.0999755859375
2015-10-29T00:00:00.000000+0000,313.8550109863281,1147.199951171875
2015-10-29T12:00:00.000000+0000,313.8550109863281,1147.199951171875
2015-10-30T00:00:00.000000+0000,328.0150146484375,1141.5
2015-10-30T12:00:00.000000+0000,328.0150146484375,1141.5
2015-10-31T00:00:00.000000+0000,314.1659851074219,1141.5
2015-10-31T12:00:00.000000+0000,314.1659851074219,1141.5
2015-11-01T00:00:00.000000+0000,325.4309997558594,1141.5
2015-11-01T12:00:00.000000+0000,325.4309997558594,1141.5
2015-11-02T00:00:00.000000+0000,361.1889953613281,1135.800048828125
2015-11-02T12:00:00.000000+0000,361.1889953613281,1135.800048828125
2015-11-03T00:00:00.000000+0000,403.4169921875,1114.199951171875
2015-11-03T12:00:00.000000+0000,403.4169921875,1114.199951171875
2015-11-04T00:00:00.000000+0000,411.56298828125,1106.5
2015-11-04T12:00:00.000000+0000,411.56298828125,1106.5
2015-11-05T00:00:00.000000+0000,386.35400390625,1104.4000244140625
2015-11-05T12:00:00.000000+0000,386.35400390625,1104.4000244140625
2015-11-06T00:00:00.000000+0000,374.4700012207031,1087.5999755859375
2015-11-06T12:00:00.000000+0000,374.4700012207031,1087.5999755859375
2015-11-07T00:00:00.000000+0000,386.48199462890625,1087.5999755859375
2015-11-07T12:00:00.000000+0000,386.48199462890625,1087.5999755859375
2015-11-08T00:00:00.000000+0000,373.3680114746094,1087.5999755859375
2015-11-08T12:00:00.000000+0000,373.3680114746094,1087.5999755859375
2015-11-09T00:00:00.000000+0000,380.2569885253906,1087.9000244140625
2015-11-09T12:00:00.000000+0000,380.2569885253906,1087.9000244140625
2015-11-10T00:00:00.000000+0000,336.8190002441406,1088.199951171875
2015-11-10T12:00:00.000000+0000,336.8190002441406,1088.199951171875
2015-11-11T00:00:00.000000+0000,311.0840148925781,1084.699951171875
2015-11-11T12:00:00.000000+0000,311.0840148925781,1084.699951171875
2015-11-12T00:00:00.000000+0000,338.1520080566406,1080.800048828125
2015-11-12T12:00:00.000000+0000,338.1520080566406,1080.800048828125
2015-11-13T00:00:00.000000+0000,336.75299072265625,1080.800048828125
2015-11-13T12:00:00.000000+0000,336.75299072265625,1080.800048828125
2015-11-14T00:00:00.000000+0000,332.906005859375,1080.800048828125
2015-11-14T12:00:00.000000+0000,332.906005859375,1080.800048828125
2015-11-15T00:00:00.000000+0000,320.1659851074219,1080.800048828125
2015-11-15T12:00:00.000000+0000,320.1659851074219,1080.800048828125
2015-11-16T00:00:00.000000+0000,330.7510070800781,1083.699951171875
2015-11-16T12:00:00.000000+0000,330.7510070800781,1083.699951171875
2015-11-17T00:00:00.000000+0000,335.093994140625,1068.699951171875
2015-11-17T12:00:00.000000+0000,335.093994140625,1068.699951171875
2015-11-18T00:00:00.000000+0000,334.5899963378906,1068.800048828125
2015-11-18T12:00:00.000000+0000,334.5899963378906,1068.800048828125
2015-11-19T00:00:00.000000+0000,326.14898681640625,1078.0
2015-11-19T12:00:00.000000+0000,326.14898681640625,1078.0
2015-11-20T00:00:00.000000+0000,322.0220031738281,1076.4000244140625
2015-11-20T12:00:00.000000+0000,322.0220031738281,1076.4000244140625
2015-11-21T00:00:00.000000+0000,326.927001953125,1076.4000244140625
2015-11-21T12:00:00.000000+0000,326.927001953125,1076.4000244140625
2015-11-22T00:00:00.000000+0000,324.5360107421875,1076.4000244140625
2015-11-22T12:00:00.000000+0000,324.5360107421875,1076.4000244140625
2015-11-23T00:00:00.000000+0000,323.0459899902344,1066.800048828125
2015-11-23T12:00:00.000000+0000,323.0459899902344,1066.800048828125
2015-11-24T00:00:00.000000+0000,320.0459899902344,1074.300048828125
2015-11-24T12:00:00.000000+0000,320.0459899902344,1074.300048828125
2015-11-25T00:00:00.000000+0000,328.20599365234375,1070.5
2015-11-25T12:00:00.000000+0000,328.20599365234375,1070.5
2015-11-26T00:00:00.000000+0000,352.6839904785156,1070.5
2015-11-26T12:00:00.000000+0000,352.6839904785156,1070.5
2015-11-27T00:00:00.000000+0000,358.0419921875,1056.199951171875
2015-11-27T12:00:00.000000+0000,358.0419921875,1056.199951171875
2015-11-28T00:00:00.000000+0000,357.3810119628906,1056.199951171875
2015-11-28T12:00:00.000000+0000,357.3810119628906,1056.199951171875
2015-11-29T00:00:00.000000+0000,371.29400634765625,1056.199951171875
2015-11-29T12:00:00.000000+0000,371.29400634765625,1056.199951171875
2015-11-30T00:00:00.000000+0000,377.3210144042969,1065.800048828125
2015-11-30T12:00:00.000000+0000,377.3210144042969,1065.800048828125
2015-12-01T00:00:00.000000+0000,362.4880065917969,1063.800048828125
2015-12-01T12:00:00.000000+0000,362.4880065917969,1063.800048828125
2015-12-02T00:00:00.000000+0000,359.18701171875,1054.199951171875
2015-12-02T12:00:00.000000+0000,359.18701171875,1054.199951171875
2015-12-03T00:00:00.000000+0000,361.0459899902344,1061.699951171875
2015-12-03T12:00:00.000000+0000,361.0459899902344,1061.699951171875
2015-12-04T00:00:00.000000+0000,363.1830139160156,1084.5
2015-12-04T12:00:00.000000+0000,363.1830139160156,1084.5
2015-12-05T00:00:00.000000+0000,388.9490051269531,1084.5
2015-12-05T12:00:00.000000+0000,388.9490051269531,1084.5
2015-12-06T00:00:00.000000+0000,388.7829895019531,1084.5
2015-12-06T12:00:00.000000+0000,388.7829895019531,1084.5
2015-12-07T00:00:00.000000+0000,395.5360107421875,1076.4000244140625
2015-12-07T12:00:00.000000+0000,395.5360107421875,1076.4000244140625
2015-12-08T00:00:00.000000+0000,415.56298828125,1076.300048828125
2015-12-08T12:00:00.000000+0000,415.56298828125,1076.300048828125
2015-12-09T00:00:00.000000+0000,417.56298828125,1077.5999755859375
2015-12-09T12:00:00.000000+0000,417.56298828125,1077.5999755859375
2015-12-10T00:00:00.000000+0000,415.47900390625,1073.0999755859375
2015-12-10T12:00:00.000000+0000,415.47900390625,1073.0999755859375
2015-12-11T00:00:00.000000+0000,451.93798828125,1076.9000244140625
2015-12-11T12:00:00.000000+0000,451.93798828125,1076.9000244140625
2015-12-12T00:00:00.000000+0000,434.99700927734375,1076.9000244140625
2015-12-12T12:00:00.000000+0000,434.99700927734375,1076.9000244140625
2015-12-13T00:00:00.000000+0000,433.7550048828125,1076.9000244140625
2015-12-13T12:00:00.000000+0000,433.7550048828125,1076.9000244140625
2015-12-14T00:00:00.000000+0000,444.1820068359375,1064.699951171875
2015-12-14T12:00:00.000000+0000,444.1820068359375,1064.699951171875
2015-12-15T00:00:00.000000+0000,465.3210144042969,1062.9000244140625
2015-12-15T12:00:00.000000+0000,465.3210144042969,1062.9000244140625
2015-12-16T00:00:00.000000+0000,454.9339904785156,1078.0
2015-12-16T12:00:00.000000+0000,454.9339904785156,1078.0
2015-12-17T00:00:00.000000+0000,456.0780029296875,1050.800048828125
2015-12-17T12:00:00.000000+0000,456.0780029296875,1050.800048828125
2015-12-18T00:00:00.000000+0000,463.6159973144531,1066.199951171875
2015-12-18T12:00:00.000000+0000,463.6159973144531,1066.199951171875
2015-12-19T00:00:00.000000+0000,462.3219909667969,1066.199951171875
2015-12-19T12:00:00.000000+0000,462.3219909667969,1066.199951171875
2015-12-20T00:00:00.000000+0000,442.68499755859375,1066.199951171875
2015-12-20T12:00:00.000000+0000,442.68499755859375,1066.199951171875
2015-12-21T00:00:00.000000+0000,438.6390075683594,1081.9000244140625
2015-12-21T12:00:00.000000+0000,438.6390075683594,1081.9000244140625
2015-12-22T00:00:00.000000+0000,436.5719909667969,1074.800048828125
2015-12-22T12:00:00.000000+0000,436.5719909667969,1074.800048828125
2015-12-23T00:00:00.000000+0000,442.4010009765625,1069.4000244140625
2015-12-23T12:00:00.000000+0000,442.4010009765625,1069.4000244140625
2015-12-24T00:00:00.000000+0000,454.9849853515625,1077.199951171875
2015-12-24T12:00:00.000000+0000,454.9849853515625,1077.199951171875
2015-12-25T00:00:00.000000+0000,455.65301513671875,1077.199951171875
2015-12-25T12:00:00.000000+0000,455.65301513671875,1077.199951171875
2015-12-26T00:00:00.000000+0000,417.27398681640625,1077.199951171875
2015-12-26T12:00:00.000000+0000,417.27398681640625,1077.199951171875
2015-12-27T00:00:00.000000+0000,422.822998046875,1077.199951171875
2015-12-27T12:00:00.000000+0000,422.822998046875,1077.199951171875
2015-12-28T00:00:00.000000+0000,422.27899169921875,1070.5
2015-12-28T12:00:00.000000+0000,422.27899169921875,1070.5
2015-12-29T00:00:00.000000+0000,432.9830017089844,1077.5
2015-12-29T12:00:00.000000+0000,432.9830017089844,1077.5
2015-12-30T00:00:00.000000+0000,426.6199951171875,1060.0999755859375
2015-12-30T12:00:00.000000+0000,426.6199951171875,1060.0999755859375
2015-12-31T00:00:00.000000+0000,430.5669860839844,1060.300048828125
2015-12-31T12:00:00.000000+0000,430.5669860839844,1060.300048828125
2016-01-01T00:00:00.000000+0000,434.3340148925781,1060.300048828125
2016-01-01T12:00:00.000000+0000,434.3340148925781,1060.300048828125
2016-01-02T00:00:00.000000+0000,433.43798828125,1060.300048828125
2016-01-02T12:00:00.000000+0000,433.43798828125,1060.300048828125
2016-01-03T00:00:00.000000+0000,430.010986328125,1060.300048828125
2016-01-03T12:00:00.000000+0000,430.010986328125,1060.300048828125
2016-01-04T00:00:00.000000+0000,433.09100341796875,1075.0999755859375
2016-01-04T12:00:00.000000+0000,433.09100341796875,1075.0999755859375
2016-01-05T00:00:00.000000+0000,431.9599914550781,1078.4000244140625
2016-01-05T12:00:00.000000+0000,431.9599914550781,1078.4000244140625
2016-01-06T00:00:00.000000+0000,429.1050109863281,1091.9000244140625
2016-01-06T12:00:00.000000+0000,429.1050109863281,1091.9000244140625
2016-01-07T00:00:00.000000+0000,458.0480041503906,1107.699951171875
2016-01-07T12:00:00.000000+0000,458.0480041503906,1107.699951171875
2016-01-08T00:00:00.000000+0000,453.2300109863281,1097.800048828125
2016-01-08T12:00:00.000000+0000,453.2300109863281,1097.800048828125
2016-01-09T00:00:00.000000+0000,447.6109924316406,1097.800048828125
2016-01-09T12:00:00.000000+0000,447.6109924316406,1097.800048828125
2016-01-10T00:00:00.000000+0000,447.9909973144531,1097.800048828125
2016-01-10T12:00:00.000000+0000,447.9909973144531,1097.800048828125
2016-01-11T00:00:00.000000+0000,448.4280090332031,1096.5
2016-01-11T12:00:00.000000+0000,448.4280090332031,1096.5
2016-01-12T00:00:00.000000+0000,435.69000244140625,1085.5999755859375
2016-01-12T12:00:00.000000+0000,435.69000244140625,1085.5999755859375
2016-01-13T00:00:00.000000+0000,432.3710021972656,1087.5
2016-01-13T12:00:00.000000+0000,432.3710021972656,1087.5
2016-01-14T00:00:00.000000+0000,430.3059997558594,1073.9000244140625
2016-01-14T12:00:00.000000+0000,430.3059997558594,1073.9000244140625
2016-01-15T00:00:00.000000+0000,364.33099365234375,1091.5
2016-01-15T12:00:00.000000+0000,364.33099365234375,1091.5
2016-01-16T00:00:00.000000+0000,387.5360107421875,1091.5
2016-01-16T12:00:00.000000+0000,387.5360107421875,1091.5
2016-01-17T00:00:00.000000+0000,382.29901123046875,1091.5
2016-01-17T12:00:00.000000+0000,382.29901123046875,1091.5
2016-01-18T00:00:00.000000+0000,387.1679992675781,1091.5
2016-01-18T12:00:00.000000+0000,387.1679992675781,1091.5
2016-01-19T00:00:00.000000+0000,380.14898681640625,1089.9000244140625
2016-01-19T12:00:00.000000+0000,380.14898681640625,1089.9000244140625
2016-01-20T00:00:00.000000+0000,420.2300109863281,1107.0999755859375
2016-01-20T12:00:00.000000+0000,420.2300109863281,1107.0999755859375
2016-01-21T00:00:00.000000+0000,410.2619934082031,1099.0999755859375
2016-01-21T12:00:00.000000+0000,410.2619934082031,1099.0999755859375
2016-01-22T00:00:00.000000+0000,382.49200439453125,1097.199951171875
2016-01-22T12:00:00.000000+0000,382.49200439453125,1097.199951171875
2016-01-23T00:00:00.000000+0000,387.4909973144531,1097.199951171875
2016-01-23T12:00:00.000000+0000,387.4909973144531,1097.199951171875
2016-01-24T00:00:00.000000+0000,402.97100830078125,1097.199951171875
2016-01-24T12:00:00.000000+0000,402.97100830078125,1097.199951171875
2016-01-25T00:00:00.000000+0000,391.72601318359375,1106.199951171875
2016-01-25T12:00:00.000000+0000,391.72601318359375,1106.199951171875
2016-01-26T00:00:00.000000+0000,392.15301513671875,1121.699951171875
2016-01-26T12:00:00.000000+0000,392.15301513671875,1121.699951171875
2016-01-27T00:00:00.000000+0000,394.97198486328125,1116.0999755859375
2016-01-27T12:00:00.000000+0000,394.97198486328125,1116.0999755859375
2016-01-28T00:00:00.000000+0000,380.28900146484375,1115.5999755859375
2016-01-28T12:00:00.000000+0000,380.28900146484375,1115.5999755859375
2016-01-29T00:00:00.000000+0000,379.4739990234375,1116.4000244140625
2016-01-29T12:00:00.000000+0000,379.4739990234375,1116.4000244140625
2016-01-30T00:00:00.000000+0000,378.2550048828125,1116.4000244140625
2016-01-30T12:00:00.000000+0000,378.2550048828125,1116.4000244140625
2016-01-31T00:00:00.000000+0000,368.7669982910156,1116.4000244140625
2016-01-31T12:00:00.000000+0000,368.7669982910156,1116.4000244140625
2016-02-01T00:00:00.000000+0000,373.0559997558594,1127.9000244140625
2016-02-01T12:00:00.000000+0000,373.0559997558594,1127.9000244140625
2016-02-02T00:00:00.000000+0000,374.447998046875,1127.300048828125
2016-02-02T12:00:00.000000+0000,374.447998046875,1127.300048828125
2016-02-03T00:00:00.000000+0000,369.9490051269531,1141.300048828125
2016-02-03T12:00:00.000000+0000,369.9490051269531,1141.300048828125
2016-02-04T00:00:00.000000+0000,389.593994140625,1157.5999755859375
2016-02-04T12:00:00.000000+0000,389.593994140625,1157.5999755859375
2016-02-05T00:00:00.000000+0000,386.54901123046875,1157.800048828125
2016-02-05T12:00:00.000000+0000,386.54901123046875,1157.800048828125
2016-02-06T00:00:00.000000+0000,376.5220031738281,1157.800048828125
2016-02-06T12:00:00.000000+0000,376.5220031738281,1157.800048828125
2016-02-07T00:00:00.000000+0000,376.6199951171875,1157.800048828125
2016-02-07T12:00:00.000000+0000,376.6199951171875,1157.800048828125
2016-02-08T00:00:00.000000+0000,373.4469909667969,1197.9000244140625
2016-02-08T12:00:00.000000+0000,373.4469909667969,1197.9000244140625
2016-02-09T00:00:00.000000+0000,376.02899169921875,1198.699951171875
2016-02-09T12:00:00.000000+0000,376.02899169921875,1198.699951171875
2016-02-10T00:00:00.000000+0000,381.64898681640625,1194.699951171875
2016-02-10T12:00:00.000000+0000,381.64898681640625,1194.699951171875
2016-02-11T00:00:00.000000+0000,379.65399169921875,1247.9000244140625
2016-02-11T12:00:00.000000+0000,379.65399169921875,1247.9000244140625
2016-02-12T00:00:00.000000+0000,384.26300048828125,1239.0999755859375
2016-02-12T12:00:00.000000+0000,384.26300048828125,1239.0999755859375
2016-02-13T00:00:00.000000+0000,391.8599853515625,1239.0999755859375
2016-02-13T12:00:00.000000+0000,391.8599853515625,1239.0999755859375
2016-02-14T00:00:00.000000+0000,407.2300109863281,1239.0999755859375
2016-02-14T12:00:00.000000+0000,407.2300109863281,1239.0999755859375
2016-02-15T00:00:00.000000+0000,400.18499755859375,1239.0999755859375
2016-02-15T12:00:00.000000+0000,400.18499755859375,1239.0999755859375
2016-02-16T00:00:00.000000+0000,407.4880065917969,1207.9000244140625
2016-02-16T12:00:00.000000+0000,407.4880065917969,1207.9000244140625
2016-02-17T00:00:00.000000+0000,416.3219909667969,1211.0999755859375
2016-02-17T12:00:00.000000+0000,416.3219909667969,1211.0999755859375
2016-02-18T00:00:00.000000+0000,422.37298583984375,1226.0999755859375
2016-02-18T12:00:00.000000+0000,422.37298583984375,1226.0999755859375
2016-02-19T00:00:00.000000+0000,420.7850036621094,1230.4000244140625
2016-02-19T12:00:00.000000+0000,420.7850036621094,1230.4000244140625
2016-02-20T00:00:00.000000+0000,437.16400146484375,1230.4000244140625
2016-02-20T12:00:00.000000+0000,437.16400146484375,1230.4000244140625
2016-02-21T00:00:00.000000+0000,438.7980041503906,1230.4000244140625
2016-02-21T12:00:00.000000+0000,438.7980041503906,1230.4000244140625
2016-02-22T00:00:00.000000+0000,437.74798583984375,1209.5
2016-02-22T12:00:00.000000+0000,437.74798583984375,1209.5
2016-02-23T00:00:00.000000+0000,420.7359924316406,1222.300048828125
2016-02-23T12:00:00.000000+0000,420.7359924316406,1222.300048828125
2016-02-24T00:00:00.000000+0000,424.9549865722656,1238.699951171875
2016-02-24T12:00:00.000000+0000,424.9549865722656,1238.699951171875
2016-02-25T00:00:00.000000+0000,424.54400634765625,1238.199951171875
2016-02-25T12:00:00.000000+0000,424.54400634765625,1238.199951171875
2016-02-26T00:00:00.000000+0000,432.1520080566406,1219.800048828125
2016-02-26T12:00:00.000000+0000,432.1520080566406,1219.800048828125
2016-02-27T00:00:00.000000+0000,432.5190124511719,1219.800048828125
2016-02-27T12:00:00.000000+0000,432.5190124511719,1219.800048828125
2016-02-28T00:00:00.000000+0000,433.5039978027344,1219.800048828125
2016-02-28T12:00:00.000000+0000,433.5039978027344,1219.800048828125
2016-02-29T00:00:00.000000+0000,437.6969909667969,1233.9000244140625
2016-02-29T12:00:00.000000+0000,437.6969909667969,1233.9000244140625
2016-03-01T00:00:00.000000+0000,435.12298583984375,1230.300048828125
2016-03-01T12:00:00.000000+0000,435.12298583984375,1230.300048828125
2016-03-02T00:00:00.000000+0000,423.989013671875,1241.0999755859375
2016-03-02T12:00:00.000000+0000,423.989013671875,1241.0999755859375
2016-03-03T00:00:00.000000+0000,421.6510009765625,1257.4000244140625
2016-03-03T12:00:00.000000+0000,421.6510009765625,1257.4000244140625
2016-03-04T00:00:00.000000+0000,410.9389953613281,1269.9000244140625
2016-03-04T12:00:00.000000+0000,410.9389953613281,1269.9000244140625
2016-03-05T00:00:00.000000+0000,400.57000732421875,1269.9000244140625
2016-03-05T12:00:00.000000+0000,400.57000732421875,1269.9000244140625
2016-03-06T00:00:00.000000+0000,407.7070007324219,1269.9000244140625
2016-03-06T12:00:00.000000+0000,407.7070007324219,1269.9000244140625
2016-03-07T00:00:00.000000+0000,414.3210144042969,1263.199951171875
2016-03-07T12:00:00.000000+0000,414.3210144042969,1263.199951171875
2016-03-08T00:00:00.000000+0000,413.97198486328125,1262.0999755859375
2016-03-08T12:00:00.000000+0000,413.97198486328125,1262.0999755859375
2016-03-09T00:00:00.000000+0000,414.8599853515625,1256.5999755859375
2016-03-09T12:00:00.000000+0000,414.8599853515625,1256.5999755859375
2016-03-10T00:00:00.000000+0000,417.1310119628906,1272.0
2016-03-10T12:00:00.000000+0000,417.1310119628906,1272.0
2016-03-11T00:00:00.000000+0000,421.69000244140625,1258.699951171875
2016-03-11T12:00:00.000000+0000,421.69000244140625,1258.699951171875
2016-03-12T00:00:00.000000+0000,411.6239929199219,1258.699951171875
2016-03-12T12:00:00.000000+0000,411.6239929199219,1258.699951171875
2016-03-13T00:00:00.000000+0000,414.06500244140625,1258.699951171875
2016-03-13T12:00:00.000000+0000,414.06500244140625,1258.699951171875
2016-03-14T00:00:00.000000+0000,416.43798828125,1244.4000244140625
2016-03-14T12:00:00.000000+0000,416.43798828125,1244.4000244140625
2016-03-15T00:00:00.000000+0000,416.8299865722656,1230.4000244140625
2016-03-15T12:00:00.000000+0000,416.8299865722656,1230.4000244140625
2016-03-16T00:00:00.000000+0000,417.010986328125,1229.300048828125
2016-03-16T12:00:00.000000+0000,417.010986328125,1229.300048828125
2016-03-17T00:00:00.000000+0000,420.6210021972656,1264.5
2016-03-17T12:00:00.000000+0000,420.6210021972656,1264.5
2016-03-18T00:00:00.000000+0000,409.5480041503906,1253.800048828125
2016-03-18T12:00:00.000000+0000,409.5480041503906,1253.800048828125
2016-03-19T00:00:00.000000+0000,410.4440002441406,1253.800048828125
2016-03-19T12:00:00.000000+0000,410.4440002441406,1253.800048828125
2016-03-20T00:00:00.000000+0000,413.7550048828125,1253.800048828125
2016-03-20T12:00:00.000000+0000,413.7550048828125,1253.800048828125
2016-03-21T00:00:00.000000+0000,413.3070068359375,1243.800048828125
2016-03-21T12:00:00.000000+0000,413.3070068359375,1243.800048828125
2016-03-22T00:00:00.000000+0000,418.0889892578125,1248.199951171875
2016-03-22T12:00:00.000000+0000,418.0889892578125,1248.199951171875
2016-03-23T00:00:00.000000+0000,418.0409851074219,1223.699951171875
2016-03-23T12:00:00.000000+0000,418.0409851074219,1223.699951171875
2016-03-24T00:00:00.000000+0000,416.3940124511719,1221.4000244140625
2016-03-24T12:00:00.000000+0000,416.3940124511719,1221.4000244140625
2016-03-25T00:00:00.000000+0000,417.177001953125,1221.4000244140625
2016-03-25T12:00:00.000000+0000,417.177001953125,1221.4000244140625
2016-03-26T00:00:00.000000+0000,417.94500732421875,1221.4000244140625
2016-03-26T12:00:00.000000+0000,417.94500732421875,1221.4000244140625
2016-03-27T00:00:00.000000+0000,426.7650146484375,1221.4000244140625
2016-03-27T12:00:00.000000+0000,426.7650146484375,1221.4000244140625
2016-03-28T00:00:00.000000+0000,424.2309875488281,1219.9000244140625
2016-03-28T12:00:00.000000+0000,424.2309875488281,1219.9000244140625
2016-03-29T00:00:00.000000+0000,416.5159912109375,1235.5999755859375
2016-03-29T12:00:00.000000+0000,416.5159912109375,1235.5999755859375
2016-03-30T00:00:00.000000+0000,414.8160095214844,1226.9000244140625
2016-03-30T12:00:00.000000+0000,414.8160095214844,1226.9000244140625
2016-03-31T00:00:00.000000+0000,416.72900390625,1234.199951171875
2016-03-31T12:00:00.000000+0000,416.72900390625,1234.199951171875
2016-04-01T00:00:00.000000+0000,417.9599914550781,1222.199951171875
2016-04-01T12:00:00.000000+0000,417.9599914550781,1222.199951171875
2016-04-02T00:00:00.000000+0000,420.87298583984375,1222.199951171875
2016-04-02T12:00:00.000000+0000,420.87298583984375,1222.199951171875
2016-04-03T00:00:00.000000+0000,420.90399169921875,1222.199951171875
2016-04-03T12:00:00.000000+0000,420.90399169921875,1222.199951171875
2016-04-04T00:00:00.000000+0000,421.4440002441406,1218.0
2016-04-04T12:00:00.000000+0000,421.4440002441406,1218.0
2016-04-05T00:00:00.000000+0000,424.0299987792969,1228.4000244140625
2016-04-05T12:00:00.000000+0000,424.0299987792969,1228.4000244140625
2016-04-06T00:00:00.000000+0000,423.4129943847656,1222.5
2016-04-06T12:00:00.000000+0000,423.4129943847656,1222.5
2016-04-07T00:00:00.000000+0000,422.7449951171875,1236.199951171875
2016-04-07T12:00:00.000000+0000,422.7449951171875,1236.199951171875
2016-04-08T00:00:00.000000+0000,420.3489990234375,1242.5
2016-04-08T12:00:00.000000+0000,420.3489990234375,1242.5
2016-04-09T00:00:00.000000+0000,419.4110107421875,1242.5
2016-04-09T12:00:00.000000+0000,419.4110107421875,1242.5
2016-04-10T00:00:00.000000+0000,421.5639953613281,1242.5
2016-04-10T12:00:00.000000+0000,421.5639953613281,1242.5
2016-04-11T00:00:00.000000+0000,422.4830017089844,1256.699951171875
2016-04-11T12:00:00.000000+0000,422.4830017089844,1256.699951171875
2016-04-12T00:00:00.000000+0000,425.19000244140625,1259.4000244140625
2016-04-12T12:00:00.000000+0000,425.19000244140625,1259.4000244140625
2016-04-13T00:00:00.000000+0000,423.7340087890625,1246.800048828125
2016-04-13T12:00:00.000000+0000,423.7340087890625,1246.800048828125
2016-04-14T00:00:00.000000+0000,424.2820129394531,1225.0
2016-04-14T12:00:00.000000+0000,424.2820129394531,1225.0
2016-04-15T00:00:00.000000+0000,429.7130126953125,1233.0999755859375
2016-04-15T12:00:00.000000+0000,429.7130126953125,1233.0999755859375
2016-04-16T00:00:00.000000+0000,430.5719909667969,1233.0999755859375
2016-04-16T12:00:00.000000+0000,430.5719909667969,1233.0999755859375
2016-04-17T00:00:00.000000+0000,427.39898681640625,1233.0999755859375
2016-04-17T12:00:00.000000+0000,427.39898681640625,1233.0999755859375
2016-04-18T00:00:00.000000+0000,428.59100341796875,1233.5999755859375
2016-04-18T12:00:00.000000+0000,428.59100341796875,1233.5999755859375
2016-04-19T00:00:00.000000+0000,435.5090026855469,1253.0
2016-04-19T12:00:00.000000+0000,435.5090026855469,1253.0
2016-04-20T00:00:00.000000+0000,441.3890075683594,1253.199951171875
2016-04-20T12:00:00.000000+0000,441.3890075683594,1253.199951171875
2016-04-21T00:00:00.000000+0000,449.42498779296875,1249.0
2016-04-21T12:00:00.000000+0000,449.42498779296875,1249.0
2016-04-22T00:00:00.000000+0000,445.73699951171875,1228.699951171875
2016-04-22T12:00:00.000000+0000,445.73699951171875,1228.699951171875
2016-04-23T00:00:00.000000+0000,450.2820129394531,1228.699951171875
2016-04-23T12:00:00.000000+0000,450.2820129394531,1228.699951171875
2016-04-24T00:00:00.000000+0000,458.55499267578125,1228.699951171875
2016-04-24T12:00:00.000000+0000,458.55499267578125,1228.699951171875
2016-04-25T00:00:00.000000+0000,461.4259948730469,1238.9000244140625
2016-04-25T12:00:00.000000+0000,461.4259948730469,1238.9000244140625
2016-04-26T00:00:00.000000+0000,466.0889892578125,1242.199951171875
2016-04-26T12:00:00.000000+0000,466.0889892578125,1242.199951171875
2016-04-27T00:00:00.000000+0000,444.68701171875,1249.199951171875
2016-04-27T12:00:00.000000+0000,444.68701171875,1249.199951171875
2016-04-28T00:00:00.000000+0000,449.010986328125,1265.5
2016-04-28T12:00:00.000000+0000,449.010986328125,1265.5
2016-04-29T00:00:00.000000+0000,455.09698486328125,1289.199951171875
2016-04-29T12:00:00.000000+0000,455.09698486328125,1289.199951171875
2016-04-30T00:00:00.000000+0000,448.3179931640625,1289.199951171875
2016-04-30T12:00:00.000000+0000,448.3179931640625,1289.199951171875
2016-05-01T00:00:00.000000+0000,451.875,1289.199951171875
2016-05-01T12:00:00.000000+0000,451.875,1289.199951171875
2016-05-02T00:00:00.000000+0000,444.66900634765625,1294.699951171875
2016-05-02T12:00:00.000000+0000,444.66900634765625,1294.699951171875
2016-05-03T00:00:00.000000+0000,450.3039855957031,1290.699951171875
2016-05-03T12:00:00.000000+0000,450.3039855957031,1290.699951171875
2016-05-04T00:00:00.000000+0000,446.72198486328125,1273.300048828125
2016-05-04T12:00:00.000000+0000,446.72198486328125,1273.300048828125
2016-05-05T00:00:00.000000+0000,447.97601318359375,1271.4000244140625
2016-05-05T12:00:00.000000+0000,447.97601318359375,1271.4000244140625
2016-05-06T00:00:00.000000+0000,459.6029968261719,1292.9000244140625
2016-05-06T12:00:00.000000+0000,459.6029968261719,1292.9000244140625
2016-05-07T00:00:00.000000+0000,458.5360107421875,1292.9000244140625
2016-05-07T12:00:00.000000+0000,458.5360107421875,1292.9000244140625
2016-05-08T00:00:00.000000+0000,458.5480041503906,1292.9000244140625
2016-05-08T12:00:00.000000+0000,458.5480041503906,1292.9000244140625
2016-05-09T00:00:00.000000+0000,460.4830017089844,1265.5999755859375
2016-05-09T12:00:00.000000+0000,460.4830017089844,1265.5999755859375
2016-05-10T00:00:00.000000+0000,450.8949890136719,1263.9000244140625
2016-05-10T12:00:00.000000+0000,450.8949890136719,1263.9000244140625
2016-05-11T00:00:00.000000+0000,452.7279968261719,1274.5999755859375
2016-05-11T12:00:00.000000+0000,452.7279968261719,1274.5999755859375
2016-05-12T00:00:00.000000+0000,454.7659912109375,1270.300048828125
2016-05-12T12:00:00.000000+0000,454.7659912109375,1270.300048828125
2016-05-13T00:00:00.000000+0000,455.6700134277344,1271.9000244140625
2016-05-13T12:00:00.000000+0000,455.6700134277344,1271.9000244140625
2016-05-14T00:00:00.000000+0000,455.6709899902344,1271.9000244140625
2016-05-14T12:00:00.000000+0000,455.6709899902344,1271.9000244140625
2016-05-15T00:00:00.000000+0000,457.5679931640625,1271.9000244140625
2016-05-15T12:00:00.000000+0000,457.5679931640625,1271.9000244140625
2016-05-16T00:00:00.000000+0000,454.1629943847656,1273.4000244140625
2016-05-16T12:00:00.000000+0000,454.1629943847656,1273.4000244140625
2016-05-17T00:00:00.000000+0000,453.7829895019531,1276.199951171875
2016-05-17T12:00:00.000000+0000,453.7829895019531,1276.199951171875
2016-05-18T00:00:00.000000+0000,454.6189880371094,1273.699951171875
2016-05-18T12:00:00.000000+0000,454.6189880371094,1273.699951171875
2016-05-19T00:00:00.000000+0000,438.7149963378906,1254.199951171875
2016-05-19T12:00:00.000000+0000,438.7149963378906,1254.199951171875
2016-05-20T00:00:00.000000+0000,442.6759948730469,1252.4000244140625
2016-05-20T12:00:00.000000+0000,442.6759948730469,1252.4000244140625
2016-05-21T00:00:00.000000+0000,443.18798828125,1252.4000244140625
2016-05-21T12:00:00.000000+0000,443.18798828125,1252.4000244140625
2016-05-22T00:00:00.000000+0000,439.322998046875,1252.4000244140625
2016-05-22T12:00:00.000000+0000,439.322998046875,1252.4000244140625
2016-05-23T00:00:00.000000+0000,444.1549987792969,1251.0999755859375
2016-05-23T12:00:00.000000+0000,444.1549987792969,1251.0999755859375
2016-05-24T00:00:00.000000+0000,445.9809875488281,1228.9000244140625
2016-05-24T12:00:00.000000+0000,445.9809875488281,1228.9000244140625
2016-05-25T00:00:00.000000+0000,449.5989990234375,1223.5
2016-05-25T12:00:00.000000+0000,449.5989990234375,1223.5
2016-05-26T00:00:00.000000+0000,453.3840026855469,1220.0999755859375
2016-05-26T12:00:00.000000+0000,453.3840026855469,1220.0999755859375
2016-05-27T00:00:00.000000+0000,473.4639892578125,1213.800048828125
2016-05-27T12:00:00.000000+0000,473.4639892578125,1213.800048828125
2016-05-28T00:00:00.000000+0000,530.0399780273438,1213.800048828125
2016-05-28T12:00:00.000000+0000,530.0399780273438,1213.800048828125
2016-05-29T00:00:00.000000+0000,526.2329711914062,1213.800048828125
2016-05-29T12:00:00.000000+0000,526.2329711914062,1213.800048828125
2016-05-30T00:00:00.000000+0000,533.864013671875,1213.800048828125
2016-05-30T12:00:00.000000+0000,533.864013671875,1213.800048828125
2016-05-31T00:00:00.000000+0000,531.385986328125,1214.800048828125
2016-05-31T12:00:00.000000+0000,531.385986328125,1214.800048828125
2016-06-01T00:00:00.000000+0000,536.9199829101562,1211.9000244140625
2016-06-01T12:00:00.000000+0000,536.9199829101562,1211.9000244140625
2016-06-02T00:00:00.000000+0000,537.9719848632812,1209.800048828125
2016-06-02T12:00:00.000000+0000,537.9719848632812,1209.800048828125
2016-06-03T00:00:00.000000+0000,569.1939697265625,1240.0999755859375
2016-06-03T12:00:00.000000+0000,569.1939697265625,1240.0999755859375
2016-06-04T00:00:00.000000+0000,572.7269897460938,1240.0999755859375
2016-06-04T12:00:00.000000+0000,572.7269897460938,1240.0999755859375
2016-06-05T00:00:00.000000+0000,574.9769897460938,1240.0999755859375
2016-06-05T12:00:00.000000+0000,574.9769897460938,1240.0999755859375
2016-06-06T00:00:00.000000+0000,585.5369873046875,1244.5999755859375
2016-06-06T12:00:00.000000+0000,585.5369873046875,1244.5999755859375
2016-06-07T00:00:00.000000+0000,576.5969848632812,1244.4000244140625
2016-06-07T12:00:00.000000+0000,576.5969848632812,1244.4000244140625
2016-06-08T00:00:00.000000+0000,581.64501953125,1259.800048828125
2016-06-08T12:00:00.000000+0000,581.64501953125,1259.800048828125
2016-06-09T00:00:00.000000+0000,574.6300048828125,1270.199951171875
2016-06-09T12:00:00.000000+0000,574.6300048828125,1270.199951171875
2016-06-10T00:00:00.000000+0000,577.469970703125,1273.4000244140625
2016-06-10T12:00:00.000000+0000,577.469970703125,1273.4000244140625
2016-06-11T00:00:00.000000+0000,606.7269897460938,1273.4000244140625
2016-06-11T12:00:00.000000+0000,606.7269897460938,1273.4000244140625
2016-06-12T00:00:00.000000+0000,672.7839965820312,1273.4000244140625
2016-06-12T12:00:00.000000+0000,672.7839965820312,1273.4000244140625
2016-06-13T00:00:00.000000+0000,704.3759765625,1284.4000244140625
2016-06-13T12:00:00.000000+0000,704.3759765625,1284.4000244140625
2016-06-14T00:00:00.000000+0000,685.5590209960938,1285.5999755859375
2016-06-14T12:00:00.000000+0000,685.5590209960938,1285.5999755859375
2016-06-15T00:00:00.000000+0000,694.468994140625,1285.800048828125
2016-06-15T12:00:00.000000+0000,694.468994140625,1285.800048828125
2016-06-16T00:00:00.000000+0000,766.3079833984375,1296.0999755859375
2016-06-16T12:00:00.000000+0000,766.3079833984375,1296.0999755859375
2016-06-17T00:00:00.000000+0000,748.9089965820312,1292.5
2016-06-17T12:00:00.000000+0000,748.9089965820312,1292.5
2016-06-18T00:00:00.000000+0000,756.2269897460938,1292.5
2016-06-18T12:00:00.000000+0000,756.2269897460938,1292.5
2016-06-19T00:00:00.000000+0000,763.781005859375,1292.5
2016-06-19T12:00:00.000000+0000,763.781005859375,1292.5
2016-06-20T00:00:00.000000+0000,737.2260131835938,1290.0
2016-06-20T12:00:00.000000+0000,737.2260131835938,1290.0
2016-06-21T00:00:00.000000+0000,666.6519775390625,1270.5
2016-06-21T12:00:00.000000+0000,666.6519775390625,1270.5
2016-06-22T00:00:00.000000+0000,596.1160278320312,1268.0
2016-06-22T12:00:00.000000+0000,596.1160278320312,1268.0
2016-06-23T00:00:00.000000+0000,623.9769897460938,1261.199951171875
2016-06-23T12:00:00.000000+0000,623.9769897460938,1261.199951171875
2016-06-24T00:00:00.000000+0000,665.2990112304688,1320.0
2016-06-24T12:00:00.000000+0000,665.2990112304688,1320.0
2016-06-25T00:00:00.000000+0000,665.1229858398438,1320.0
2016-06-25T12:00:00.000000+0000,665.1229858398438,1320.0
2016-06-26T00:00:00.000000+0000,629.3670043945312,1320.0
2016-06-26T12:00:00.000000+0000,629.3670043945312,1320.0
2016-06-27T00:00:00.000000+0000,655.2750244140625,1322.5
2016-06-27T12:00:00.000000+0000,655.2750244140625,1322.5
2016-06-28T00:00:00.000000+0000,647.0009765625,1315.300048828125
2016-06-28T12:00:00.000000+0000,647.0009765625,1315.300048828125
2016-06-29T00:00:00.000000+0000,639.8900146484375,1323.9000244140625
2016-06-29T12:00:00.000000+0000,639.8900146484375,1323.9000244140625
2016-06-30T00:00:00.000000+0000,673.3369750976562,1318.4000244140625
2016-06-30T12:00:00.000000+0000,673.3369750976562,1318.4000244140625
2016-07-01T00:00:00.000000+0000,676.2960205078125,1336.699951171875
2016-07-01T12:00:00.000000+0000,676.2960205078125,1336.699951171875
2016-07-02T00:00:00.000000+0000,703.7020263671875,1336.699951171875
2016-07-02T12:00:00.000000+0000,703.7020263671875,1336.699951171875
2016-07-03T00:00:00.000000+0000,658.6640014648438,1336.699951171875
2016-07-03T12:00:00.000000+0000,658.6640014648438,1336.699951171875
2016-07-04T00:00:00.000000+0000,683.6619873046875,1336.699951171875
2016-07-04T12:00:00.000000+0000,683.6619873046875,1336.699951171875
2016-07-05T00:00:00.000000+0000,670.6270141601562,1356.4000244140625
2016-07-05T12:00:00.000000+0000,670.6270141601562,1356.4000244140625
2016-07-06T00:00:00.000000+0000,677.3309936523438,1364.9000244140625
2016-07-06T12:00:00.000000+0000,677.3309936523438,1364.9000244140625
2016-07-07T00:00:00.000000+0000,640.56201171875,1360.0999755859375
2016-07-07T12:00:00.000000+0000,640.56201171875,1360.0999755859375
2016-07-08T00:00:00.000000+0000,666.5230102539062,1356.5999755859375
2016-07-08T12:00:00.000000+0000,666.5230102539062,1356.5999755859375
2016-07-09T00:00:00.000000+0000,650.9600219726562,1356.5999755859375
2016-07-09T12:00:00.000000+0000,650.9600219726562,1356.5999755859375
2016-07-10T00:00:00.000000+0000,649.3599853515625,1356.5999755859375
2016-07-10T12:00:00.000000+0000,649.3599853515625,1356.5999755859375
2016-07-11T00:00:00.000000+0000,647.6589965820312,1355.0
2016-07-11T12:00:00.000000+0000,647.6589965820312,1355.0
2016-07-12T00:00:00.000000+0000,664.551025390625,1334.0999755859375
2016-07-12T12:00:00.000000+0000,664.551025390625,1334.0999755859375
2016-07-13T00:00:00.000000+0000,654.468017578125,1342.4000244140625
2016-07-13T12:00:00.000000+0000,654.468017578125,1342.4000244140625
2016-07-14T00:00:00.000000+0000,658.0780029296875,1331.300048828125
2016-07-14T12:00:00.000000+0000,658.0780029296875,1331.300048828125
2016-07-15T00:00:00.000000+0000,663.2550048828125,1326.5
2016-07-15T12:00:00.000000+0000,663.2550048828125,1326.5
2016-07-16T00:00:00.000000+0000,660.7670288085938,1326.5
2016-07-16T12:00:00.000000+0000,660.7670288085938,1326.5
2016-07-17T00:00:00.000000+0000,679.458984375,1326.5
2016-07-17T12:00:00.000000+0000,679.458984375,1326.5
2016-07-18T00:00:00.000000+0000,673.1060180664062,1328.4000244140625
2016-07-18T12:00:00.000000+0000,673.1060180664062,1328.4000244140625
2016-07-19T00:00:00.000000+0000,672.864013671875,1331.5
2016-07-19T12:00:00.000000+0000,672.864013671875,1331.5
2016-07-20T00:00:00.000000+0000,665.6849975585938,1318.800048828125
2016-07-20T12:00:00.000000+0000,665.6849975585938,1318.800048828125
2016-07-21T00:00:00.000000+0000,665.0120239257812,1330.5
2016-07-21T12:00:00.000000+0000,665.0120239257812,1330.5
2016-07-22T00:00:00.000000+0000,650.6190185546875,1323.0999755859375
2016-07-22T12:00:00.000000+0000,650.6190185546875,1323.0999755859375
2016-07-23T00:00:00.000000+0000,655.5560302734375,1323.0999755859375
2016-07-23T12:00:00.000000+0000,655.5560302734375,1323.0999755859375
2016-07-24T00:00:00.000000+0000,661.2849731445312,1323.0999755859375
2016-07-24T12:00:00.000000+0000,661.2849731445312,1323.0999755859375
2016-07-25T00:00:00.000000+0000,654.0969848632812,1319.300048828125
2016-07-25T12:00:00.000000+0000,654.0969848632812,1319.300048828125
2016-07-26T00:00:00.000000+0000,651.7839965820312,1320.699951171875
2016-07-26T12:00:00.000000+0000,651.7839965820312,1320.699951171875
2016-07-27T00:00:00.000000+0000,654.3519897460938,1326.5999755859375
2016-07-27T12:00:00.000000+0000,654.3519897460938,1326.5999755859375
2016-07-28T00:00:00.000000+0000,655.0349731445312,1332.300048828125
2016-07-28T12:00:00.000000+0000,655.0349731445312,1332.300048828125
2016-07-29T00:00:00.000000+0000,656.9920043945312,1349.0
2016-07-29T12:00:00.000000+0000,656.9920043945312,1349.0
2016-07-30T00:00:00.000000+0000,655.0469970703125,1349.0
2016-07-30T12:00:00.000000+0000,655.0469970703125,1349.0
2016-07-31T00:00:00.000000+0000,624.6810302734375,1349.0
2016-07-31T12:00:00.000000+0000,624.6810302734375,1349.0
2016-08-01T00:00:00.000000+0000,606.27197265625,1351.4000244140625
2016-08-01T12:00:00.000000+0000,606.27197265625,1351.4000244140625
2016-08-02T00:00:00.000000+0000,547.4650268554688,1364.4000244140625
2016-08-02T12:00:00.000000+0000,547.4650268554688,1364.4000244140625
2016-08-03T00:00:00.000000+0000,566.35498046875,1356.0999755859375
2016-08-03T12:00:00.000000+0000,566.35498046875,1356.0999755859375
2016-08-04T00:00:00.000000+0000,578.2890014648438,1358.800048828125
2016-08-04T12:00:00.000000+0000,578.2890014648438,1358.800048828125
2016-08-05T00:00:00.000000+0000,575.0430297851562,1336.4000244140625
2016-08-05T12:00:00.000000+0000,575.0430297851562,1336.4000244140625
2016-08-06T00:00:00.000000+0000,587.7780151367188,1336.4000244140625
2016-08-06T12:00:00.000000+0000,587.7780151367188,1336.4000244140625
2016-08-07T00:00:00.000000+0000,592.6900024414062,1336.4000244140625
2016-08-07T12:00:00.000000+0000,592.6900024414062,1336.4000244140625
2016-08-08T00:00:00.000000+0000,591.0540161132812,1333.4000244140625
2016-08-08T12:00:00.000000+0000,591.0540161132812,1333.4000244140625
2016-08-09T00:00:00.000000+0000,587.801025390625,1339.0
2016-08-09T12:00:00.000000+0000,587.801025390625,1339.0
2016-08-10T00:00:00.000000+0000,592.10302734375,1344.300048828125
2016-08-10T12:00:00.000000+0000,592.10302734375,1344.300048828125
2016-08-11T00:00:00.000000+0000,589.1199951171875,1342.5
2016-08-11T12:00:00.000000+0000,589.1199951171875,1342.5
2016-08-12T00:00:00.000000+0000,587.5590209960938,1335.800048828125
2016-08-12T12:00:00.000000+0000,587.5590209960938,1335.800048828125
2016-08-13T00:00:00.000000+0000,585.5880126953125,1335.800048828125
2016-08-13T12:00:00.000000+0000,585.5880126953125,1335.800048828125
2016-08-14T00:00:00.000000+0000,570.4730224609375,1335.800048828125
2016-08-14T12:00:00.000000+0000,570.4730224609375,1335.800048828125
2016-08-15T00:00:00.000000+0000,567.239990234375,1340.300048828125
2016-08-15T12:00:00.000000+0000,567.239990234375,1340.300048828125
2016-08-16T00:00:00.000000+0000,577.4390258789062,1350.5
2016-08-16T12:00:00.000000+0000,577.4390258789062,1350.5
2016-08-17T00:00:00.000000+0000,573.2160034179688,1342.699951171875
2016-08-17T12:00:00.000000+0000,573.2160034179688,1342.699951171875
2016-08-18T00:00:00.000000+0000,574.3179931640625,1351.199951171875
2016-08-18T12:00:00.000000+0000,574.3179931640625,1351.199951171875
2016-08-19T00:00:00.000000+0000,575.6300048828125,1340.4000244140625
2016-08-19T12:00:00.000000+0000,575.6300048828125,1340.4000244140625
2016-08-20T00:00:00.000000+0000,581.697021484375,1340.4000244140625
2016-08-20T12:00:00.000000+0000,581.697021484375,1340.4000244140625
2016-08-21T00:00:00.000000+0000,581.3079833984375,1340.4000244140625
2016-08-21T12:00:00.000000+0000,581.3079833984375,1340.4000244140625
2016-08-22T00:00:00.000000+0000,586.7529907226562,1337.699951171875
2016-08-22T12:00:00.000000+0000,586.7529907226562,1337.699951171875
2016-08-23T00:00:00.000000+0000,583.4149780273438,1340.5999755859375
2016-08-23T12:00:00.000000+0000,583.4149780273438,1340.5999755859375
2016-08-24T00:00:00.000000+0000,580.1820068359375,1324.4000244140625
2016-08-24T12:00:00.000000+0000,580.1820068359375,1324.4000244140625
2016-08-25T00:00:00.000000+0000,577.760986328125,1320.0999755859375
2016-08-25T12:00:00.000000+0000,577.760986328125,1320.0999755859375
2016-08-26T00:00:00.000000+0000,579.6510009765625,1321.5
2016-08-26T12:00:00.000000+0000,579.6510009765625,1321.5
2016-08-27T00:00:00.000000+0000,569.947021484375,1321.5
2016-08-27T12:00:00.000000+0000,569.947021484375,1321.5
2016-08-28T00:00:00.000000+0000,573.9119873046875,1321.5
2016-08-28T12:00:00.000000+0000,573.9119873046875,1321.5
2016-08-29T00:00:00.000000+0000,574.1069946289062,1322.9000244140625
2016-08-29T12:00:00.000000+0000,574.1069946289062,1322.9000244140625
2016-08-30T00:00:00.000000+0000,577.5029907226562,1311.699951171875
2016-08-30T12:00:00.000000+0000,577.5029907226562,1311.699951171875
2016-08-31T00:00:00.000000+0000,575.4719848632812,1306.9000244140625
2016-08-31T12:00:00.000000+0000,575.4719848632812,1306.9000244140625
2016-09-01T00:00:00.000000+0000,572.302978515625,1312.199951171875
2016-09-01T12:00:00.000000+0000,572.302978515625,1312.199951171875
2016-09-02T00:00:00.000000+0000,575.5369873046875,1322.0999755859375
2016-09-02T12:00:00.000000+0000,575.5369873046875,1322.0999755859375
2016-09-03T00:00:00.000000+0000,598.2119750976562,1322.0999755859375
2016-09-03T12:00:00.000000+0000,598.2119750976562,1322.0999755859375
2016-09-04T00:00:00.000000+0000,608.6339721679688,1322.0999755859375
2016-09-04T12:00:00.000000+0000,608.6339721679688,1322.0999755859375
2016-09-05T00:00:00.000000+0000,606.5900268554688,1322.0999755859375
2016-09-05T12:00:00.000000+0000,606.5900268554688,1322.0999755859375
2016-09-06T00:00:00.000000+0000,610.4359741210938,1349.4000244140625
2016-09-06T12:00:00.000000+0000,610.4359741210938,1349.4000244140625
2016-09-07T00:00:00.000000+0000,614.5440063476562,1344.300048828125
2016-09-07T12:00:00.000000+0000,614.5440063476562,1344.300048828125
2016-09-08T00:00:00.000000+0000,626.3159790039062,1336.800048828125
2016-09-08T12:00:00.000000+0000,626.3159790039062,1336.800048828125
2016-09-09T00:00:00.000000+0000,622.8610229492188,1330.0999755859375
2016-09-09T12:00:00.000000+0000,622.8610229492188,1330.0999755859375
2016-09-10T00:00:00.000000+0000,623.5089721679688,1330.0999755859375
2016-09-10T12:00:00.000000+0000,623.5089721679688,1330.0999755859375
2016-09-11T00:00:00.000000+0000,606.718994140625,1330.0999755859375
2016-09-11T12:00:00.000000+0000,606.718994140625,1330.0999755859375
2016-09-12T00:00:00.000000+0000,608.2429809570312,1321.0
2016-09-12T12:00:00.000000+0000,608.2429809570312,1321.0
2016-09-13T00:00:00.000000+0000,609.2410278320312,1319.0
2016-09-13T12:00:00.000000+0000,609.2410278320312,1319.0
2016-09-14T00:00:00.000000+0000,610.6840209960938,1321.5
2016-09-14T12:00:00.000000+0000,610.6840209960938,1321.5
2016-09-15T00:00:00.000000+0000,607.155029296875,1313.5
2016-09-15T12:00:00.000000+0000,607.155029296875,1313.5
2016-09-16T00:00:00.000000+0000,606.9730224609375,1305.800048828125
2016-09-16T12:00:00.000000+0000,606.9730224609375,1305.800048828125
2016-09-17T00:00:00.000000+0000,605.9840087890625,1305.800048828125
2016-09-17T12:00:00.000000+0000,605.9840087890625,1305.800048828125
2016-09-18T00:00:00.000000+0000,609.8740234375,1305.800048828125
2016-09-18T12:00:00.000000+0000,609.8740234375,1305.800048828125
2016-09-19T00:00:00.000000+0000,609.2269897460938,1313.5
2016-09-19T12:00:00.000000+0000,609.2269897460938,1313.5
2016-09-20T00:00:00.000000+0000,608.31201171875,1313.699951171875
2016-09-20T12:00:00.000000+0000,608.31201171875,1313.699951171875
2016-09-21T00:00:00.000000+0000,597.1489868164062,1326.9000244140625
2016-09-21T12:00:00.000000+0000,597.1489868164062,1326.9000244140625
2016-09-22T00:00:00.000000+0000,596.2979736328125,1340.4000244140625
2016-09-22T12:00:00.000000+0000,596.2979736328125,1340.4000244140625
2016-09-23T00:00:00.000000+0000,602.8419799804688,1337.199951171875
2016-09-23T12:00:00.000000+0000,602.8419799804688,1337.199951171875
2016-09-24T00:00:00.000000+0000,602.625,1337.199951171875
2016-09-24T12:00:00.000000+0000,602.625,1337.199951171875
2016-09-25T00:00:00.000000+0000,600.8259887695312,1337.199951171875
2016-09-25T12:00:00.000000+0000,600.8259887695312,1337.199951171875
2016-09-26T00:00:00.000000+0000,608.0430297851562,1339.699951171875
2016-09-26T12:00:00.000000+0000,608.0430297851562,1339.699951171875
2016-09-27T00:00:00.000000+0000,606.166015625,1325.9000244140625
2016-09-27T12:00:00.000000+0000,606.166015625,1325.9000244140625
2016-09-28T00:00:00.000000+0000,604.72802734375,1319.4000244140625
2016-09-28T12:00:00.000000+0000,604.72802734375,1319.4000244140625
2016-09-29T00:00:00.000000+0000,605.6929931640625,1321.699951171875
2016-09-29T12:00:00.000000+0000,605.6929931640625,1321.699951171875
2016-09-30T00:00:00.000000+0000,609.7349853515625,1313.300048828125
2016-09-30T12:00:00.000000+0000,609.7349853515625,1313.300048828125
2016-10-01T00:00:00.000000+0000,613.9829711914062,1313.300048828125
2016-10-01T12:00:00.000000+0000,613.9829711914062,1313.300048828125
2016-10-02T00:00:00.000000+0000,610.8920288085938,1313.300048828125
2016-10-02T12:00:00.000000+0000,610.8920288085938,1313.300048828125
2016-10-03T00:00:00.000000+0000,612.1329956054688,1309.0
2016-10-03T12:00:00.000000+0000,612.1329956054688,1309.0
2016-10-04T00:00:00.000000+0000,610.2039794921875,1266.300048828125
2016-10-04T12:00:00.000000+0000,610.2039794921875,1266.300048828125
2016-10-05T00:00:00.000000+0000,612.510986328125,1265.199951171875
2016-10-05T12:00:00.000000+0000,612.510986328125,1265.199951171875
2016-10-06T00:00:00.000000+0000,613.02099609375,1249.800048828125
2016-10-06T12:00:00.000000+0000,613.02099609375,1249.800048828125
2016-10-07T00:00:00.000000+0000,617.1209716796875,1248.9000244140625
2016-10-07T12:00:00.000000+0000,617.1209716796875,1248.9000244140625
2016-10-08T00:00:00.000000+0000,619.1079711914062,1248.9000244140625
2016-10-08T12:00:00.000000+0000,619.1079711914062,1248.9000244140625
2016-10-09T00:00:00.000000+0000,616.7520141601562,1248.9000244140625
2016-10-09T12:00:00.000000+0000,616.7520141601562,1248.9000244140625
2016-10-10T00:00:00.000000+0000,618.9940185546875,1248.9000244140625
2016-10-10T12:00:00.000000+0000,618.9940185546875,1248.9000244140625
2016-10-11T00:00:00.000000+0000,641.072021484375,1253.0
2016-10-11T12:00:00.000000+0000,641.072021484375,1253.0
2016-10-12T00:00:00.000000+0000,636.1920166015625,1251.0999755859375
2016-10-12T12:00:00.000000+0000,636.1920166015625,1251.0999755859375
2016-10-13T00:00:00.000000+0000,636.7860107421875,1255.0
2016-10-13T12:00:00.000000+0000,636.7860107421875,1255.0
2016-10-14T00:00:00.000000+0000,640.3779907226562,1253.0999755859375
2016-10-14T12:00:00.000000+0000,640.3779907226562,1253.0999755859375
2016-10-15T00:00:00.000000+0000,638.64599609375,1253.0999755859375
2016-10-15T12:00:00.000000+0000,638.64599609375,1253.0999755859375
2016-10-16T00:00:00.000000+0000,641.6309814453125,1253.0999755859375
2016-10-16T12:00:00.000000+0000,641.6309814453125,1253.0999755859375
2016-10-17T00:00:00.000000+0000,639.1929931640625,1254.4000244140625
2016-10-17T12:00:00.000000+0000,639.1929931640625,1254.4000244140625
2016-10-18T00:00:00.000000+0000,637.9600219726562,1260.800048828125
2016-10-18T12:00:00.000000+0000,637.9600219726562,1260.800048828125
2016-10-19T00:00:00.000000+0000,630.52001953125,1267.9000244140625
2016-10-19T12:00:00.000000+0000,630.52001953125,1267.9000244140625
2016-10-20T00:00:00.000000+0000,630.8569946289062,1265.5999755859375
2016-10-20T12:00:00.000000+0000,630.8569946289062,1265.5999755859375
2016-10-21T00:00:00.000000+0000,632.8280029296875,1265.9000244140625
2016-10-21T12:00:00.000000+0000,632.8280029296875,1265.9000244140625
2016-10-22T00:00:00.000000+0000,657.2940063476562,1265.9000244140625
2016-10-22T12:00:00.000000+0000,657.2940063476562,1265.9000244140625
2016-10-23T00:00:00.000000+0000,657.0709838867188,1265.9000244140625
2016-10-23T12:00:00.000000+0000,657.0709838867188,1265.9000244140625
2016-10-24T00:00:00.000000+0000,653.760986328125,1262.0
2016-10-24T12:00:00.000000+0000,653.760986328125,1262.0
2016-10-25T00:00:00.000000+0000,657.5880126953125,1271.9000244140625
2016-10-25T12:00:00.000000+0000,657.5880126953125,1271.9000244140625
2016-10-26T00:00:00.000000+0000,678.3040161132812,1264.800048828125
2016-10-26T12:00:00.000000+0000,678.3040161132812,1264.800048828125
2016-10-27T00:00:00.000000+0000,688.31298828125,1267.9000244140625
2016-10-27T12:00:00.000000+0000,688.31298828125,1267.9000244140625
2016-10-28T00:00:00.000000+0000,689.6510009765625,1275.5
2016-10-28T12:00:00.000000+0000,689.6510009765625,1275.5
2016-10-29T00:00:00.000000+0000,714.47900390625,1275.5
2016-10-29T12:00:00.000000+0000,714.47900390625,1275.5
2016-10-30T00:00:00.000000+0000,701.864013671875,1275.5
2016-10-30T12:00:00.000000+0000,701.864013671875,1275.5
2016-10-31T00:00:00.000000+0000,700.9719848632812,1271.5
2016-10-31T12:00:00.000000+0000,700.9719848632812,1271.5
2016-11-01T00:00:00.000000+0000,729.7930297851562,1286.4000244140625
2016-11-01T12:00:00.000000+0000,729.7930297851562,1286.4000244140625
2016-11-02T00:00:00.000000+0000,740.8289794921875,1306.800048828125
2016-11-02T12:00:00.000000+0000,740.8289794921875,1306.800048828125
2016-11-03T00:00:00.000000+0000,688.7000122070312,1302.0999755859375
2016-11-03T12:00:00.000000+0000,688.7000122070312,1302.0999755859375
2016-11-04T00:00:00.000000+0000,703.2349853515625,1303.300048828125
2016-11-04T12:00:00.000000+0000,703.2349853515625,1303.300048828125
2016-11-05T00:00:00.000000+0000,703.4180297851562,1303.300048828125
2016-11-05T12:00:00.000000+0000,703.4180297851562,1303.300048828125
2016-11-06T00:00:00.000000+0000,711.52197265625,1303.300048828125
2016-11-06T12:00:00.000000+0000,711.52197265625,1303.300048828125
2016-11-07T00:00:00.000000+0000,703.1309814453125,1278.300048828125
2016-11-07T12:00:00.000000+0000,703.1309814453125,1278.300048828125
2016-11-08T00:00:00.000000+0000,709.8480224609375,1273.4000244140625
2016-11-08T12:00:00.000000+0000,709.8480224609375,1273.4000244140625
2016-11-09T00:00:00.000000+0000,723.2730102539062,1272.5999755859375
2016-11-09T12:00:00.000000+0000,723.2730102539062,1272.5999755859375
2016-11-10T00:00:00.000000+0000,715.5339965820312,1265.5
2016-11-10T12:00:00.000000+0000,715.5339965820312,1265.5
2016-11-11T00:00:00.000000+0000,716.4110107421875,1265.5
2016-11-11T12:00:00.000000+0000,716.4110107421875,1265.5
2016-11-12T00:00:00.000000+0000,705.0540161132812,1265.5
2016-11-12T12:00:00.000000+0000,705.0540161132812,1265.5
2016-11-13T00:00:00.000000+0000,702.031005859375,1265.5
2016-11-13T12:00:00.000000+0000,702.031005859375,1265.5
2016-11-14T00:00:00.000000+0000,705.02099609375,1221.199951171875
2016-11-14T12:00:00.000000+0000,705.02099609375,1221.199951171875
2016-11-15T00:00:00.000000+0000,711.6190185546875,1224.0
2016-11-15T12:00:00.000000+0000,711.6190185546875,1224.0
2016-11-16T00:00:00.000000+0000,744.197998046875,1223.4000244140625
2016-11-16T12:00:00.000000+0000,744.197998046875,1223.4000244140625
2016-11-17T00:00:00.000000+0000,740.9769897460938,1216.5
2016-11-17T12:00:00.000000+0000,740.9769897460938,1216.5
2016-11-18T00:00:00.000000+0000,751.5850219726562,1208.5
2016-11-18T12:00:00.000000+0000,751.5850219726562,1208.5
2016-11-19T00:00:00.000000+0000,751.6160278320312,1208.5
2016-11-19T12:00:00.000000+0000,751.6160278320312,1208.5
2016-11-20T00:00:00.000000+0000,731.0260009765625,1208.5
2016-11-20T12:00:00.000000+0000,731.0260009765625,1208.5
2016-11-21T00:00:00.000000+0000,739.2479858398438,1209.5999755859375
2016-11-21T12:00:00.000000+0000,739.2479858398438,1209.5999755859375
2016-11-22T00:00:00.000000+0000,751.3469848632812,1211.0
2016-11-22T12:00:00.000000+0000,751.3469848632812,1211.0
2016-11-23T00:00:00.000000+0000,744.593994140625,1189.0999755859375
2016-11-23T12:00:00.000000+0000,744.593994140625,1189.0999755859375
2016-11-24T00:00:00.000000+0000,740.2890014648438,1189.0999755859375
2016-11-24T12:00:00.000000+0000,740.2890014648438,1189.0999755859375
2016-11-25T00:00:00.000000+0000,741.6489868164062,1178.199951171875
2016-11-25T12:00:00.000000+0000,741.6489868164062,1178.199951171875
2016-11-26T00:00:00.000000+0000,735.3820190429688,1178.199951171875
2016-11-26T12:00:00.000000+0000,735.3820190429688,1178.199951171875
2016-11-27T00:00:00.000000+0000,732.0349731445312,1178.199951171875
2016-11-27T12:00:00.000000+0000,732.0349731445312,1178.199951171875
2016-11-28T00:00:00.000000+0000,735.81298828125,1190.5999755859375
2016-11-28T12:00:00.000000+0000,735.81298828125,1190.5999755859375
2016-11-29T00:00:00.000000+0000,735.60400390625,1187.9000244140625
2016-11-29T12:00:00.000000+0000,735.60400390625,1187.9000244140625
2016-11-30T00:00:00.000000+0000,745.6909790039062,1170.800048828125
2016-11-30T12:00:00.000000+0000,745.6909790039062,1170.800048828125
2016-12-01T00:00:00.000000+0000,756.7739868164062,1166.9000244140625
2016-12-01T12:00:00.000000+0000,756.7739868164062,1166.9000244140625
2016-12-02T00:00:00.000000+0000,777.9439697265625,1175.0999755859375
2016-12-02T12:00:00.000000+0000,777.9439697265625,1175.0999755859375
2016-12-03T00:00:00.000000+0000,771.155029296875,1175.0999755859375
2016-12-03T12:00:00.000000+0000,771.155029296875,1175.0999755859375
2016-12-04T00:00:00.000000+0000,773.8720092773438,1175.0999755859375
2016-12-04T12:00:00.000000+0000,773.8720092773438,1175.0999755859375
2016-12-05T00:00:00.000000+0000,758.7000122070312,1174.0
2016-12-05T12:00:00.000000+0000,758.7000122070312,1174.0
2016-12-06T00:00:00.000000+0000,764.2239990234375,1167.5999755859375
2016-12-06T12:00:00.000000+0000,764.2239990234375,1167.5999755859375
2016-12-07T00:00:00.000000+0000,768.1320190429688,1175.0
2016-12-07T12:00:00.000000+0000,768.1320190429688,1175.0
2016-12-08T00:00:00.000000+0000,770.8099975585938,1169.800048828125
2016-12-08T12:00:00.000000+0000,770.8099975585938,1169.800048828125
2016-12-09T00:00:00.000000+0000,772.7940063476562,1159.4000244140625
2016-12-09T12:00:00.000000+0000,772.7940063476562,1159.4000244140625
2016-12-10T00:00:00.000000+0000,774.6500244140625,1159.4000244140625
2016-12-10T12:00:00.000000+0000,774.6500244140625,1159.4000244140625
2016-12-11T00:00:00.000000+0000,769.7310180664062,1159.4000244140625
2016-12-11T12:00:00.000000+0000,769.7310180664062,1159.4000244140625
2016-12-12T00:00:00.000000+0000,780.0869750976562,1163.5
2016-12-12T12:00:00.000000+0000,780.0869750976562,1163.5
2016-12-13T00:00:00.000000+0000,780.5560302734375,1156.699951171875
2016-12-13T12:00:00.000000+0000,780.5560302734375,1156.699951171875
2016-12-14T00:00:00.000000+0000,781.4810180664062,1161.300048828125
2016-12-14T12:00:00.000000+0000,781.4810180664062,1161.300048828125
2016-12-15T00:00:00.000000+0000,778.0880126953125,1127.800048828125
2016-12-15T12:00:00.000000+0000,778.0880126953125,1127.800048828125
2016-12-16T00:00:00.000000+0000,784.906982421875,1135.300048828125
2016-12-16T12:00:00.000000+0000,784.906982421875,1135.300048828125
2016-12-17T00:00:00.000000+0000,790.8289794921875,1135.300048828125
2016-12-17T12:00:00.000000+0000,790.8289794921875,1135.300048828125
2016-12-18T00:00:00.000000+0000,790.530029296875,1135.300048828125
2016-12-18T12:00:00.000000+0000,790.530029296875,1135.300048828125
2016-12-19T00:00:00.000000+0000,792.7139892578125,1140.5
2016-12-19T12:00:00.000000+0000,792.7139892578125,1140.5
2016-12-20T00:00:00.000000+0000,800.8759765625,1131.5
2016-12-20T12:00:00.000000+0000,800.8759765625,1131.5
2016-12-21T00:00:00.000000+0000,834.281005859375,1131.0999755859375
2016-12-21T12:00:00.000000+0000,834.281005859375,1131.0999755859375
2016-12-22T00:00:00.000000+0000,864.5399780273438,1128.800048828125
2016-12-22T12:00:00.000000+0000,864.5399780273438,1128.800048828125
2016-12-23T00:00:00.000000+0000,921.9840087890625,1131.9000244140625
2016-12-23T12:00:00.000000+0000,921.9840087890625,1131.9000244140625
2016-12-24T00:00:00.000000+0000,898.822021484375,1131.9000244140625
2016-12-24T12:00:00.000000+0000,898.822021484375,1131.9000244140625
2016-12-25T00:00:00.000000+0000,896.1829833984375,1131.9000244140625
2016-12-25T12:00:00.000000+0000,896.1829833984375,1131.9000244140625
2016-12-26T00:00:00.000000+0000,907.6099853515625,1131.9000244140625
2016-12-26T12:00:00.000000+0000,907.6099853515625,1131.9000244140625
2016-12-27T00:00:00.000000+0000,933.197998046875,1137.300048828125
2016-12-27T12:00:00.000000+0000,933.197998046875,1137.300048828125
2016-12-28T00:00:00.000000+0000,975.9210205078125,1139.4000244140625
2016-12-28T12:00:00.000000+0000,975.9210205078125,1139.4000244140625
2016-12-29T00:00:00.000000+0000,973.4970092773438,1156.4000244140625
2016-12-29T12:00:00.000000+0000,973.4970092773438,1156.4000244140625
2016-12-30T00:00:00.000000+0000,961.2379760742188,1150.0
2016-12-30T12:00:00.000000+0000,961.2379760742188,1150.0
2016-12-31T00:00:00.000000+0000,963.7429809570312,1150.0
2016-12-31T12:00:00.000000+0000,963.7429809570312,1150.0
2017-01-01T00:00:00.000000+0000,998.3250122070312,1150.0
2017-01-01T12:00:00.000000+0000,998.3250122070312,1150.0
2017-01-02T00:00:00.000000+0000,1021.75,1150.0
2017-01-02T12:00:00.000000+0000,1021.75,1150.0
2017-01-03T00:00:00.000000+0000,1043.8399658203125,1160.4000244140625
2017-01-03T12:00:00.000000+0000,1043.8399658203125,1160.4000244140625
2017-01-04T00:00:00.000000+0000,1154.72998046875,1163.800048828125
2017-01-04T12:00:00.000000+0000,1154.72998046875,1163.800048828125
2017-01-05T00:00:00.000000+0000,1013.3800048828125,1179.699951171875
2017-01-05T12:00:00.000000+0000,1013.3800048828125,1179.699951171875
2017-01-06T00:00:00.000000+0000,902.2009887695312,1171.9000244140625
2017-01-06T12:00:00.000000+0000,902.2009887695312,1171.9000244140625
2017-01-07T00:00:00.000000+0000,908.5850219726562,1171.9000244140625
2017-01-07T12:00:00.000000+0000,908.5850219726562,1171.9000244140625
2017-01-08T00:00:00.000000+0000,911.198974609375,1171.9000244140625
2017-01-08T12:00:00.000000+0000,911.198974609375,1171.9000244140625
2017-01-09T00:00:00.000000+0000,902.8280029296875,1183.5
2017-01-09T12:00:00.000000+0000,902.8280029296875,1183.5
2017-01-10T00:00:00.000000+0000,907.6790161132812,1184.199951171875
2017-01-10T12:00:00.000000+0000,907.6790161132812,1184.199951171875
2017-01-11T00:00:00.000000+0000,777.7570190429688,1195.5999755859375
2017-01-11T12:00:00.000000+0000,777.7570190429688,1195.5999755859375
2017-01-12T00:00:00.000000+0000,804.833984375,1198.9000244140625
2017-01-12T12:00:00.000000+0000,804.833984375,1198.9000244140625
2017-01-13T00:00:00.000000+0000,823.9840087890625,1195.300048828125
2017-01-13T12:00:00.000000+0000,823.9840087890625,1195.300048828125
2017-01-14T00:00:00.000000+0000,818.4119873046875,1195.300048828125
2017-01-14T12:00:00.000000+0000,818.4119873046875,1195.300048828125
2017-01-15T00:00:00.000000+0000,821.7979736328125,1195.300048828125
2017-01-15T12:00:00.000000+0000,821.7979736328125,1195.300048828125
2017-01-16T00:00:00.000000+0000,831.5339965820312,1195.300048828125
2017-01-16T12:00:00.000000+0000,831.5339965820312,1195.300048828125
2017-01-17T00:00:00.000000+0000,907.93798828125,1212.0
2017-01-17T12:00:00.000000+0000,907.93798828125,1212.0
2017-01-18T00:00:00.000000+0000,886.6179809570312,1211.300048828125
2017-01-18T12:00:00.000000+0000,886.6179809570312,1211.300048828125
2017-01-19T00:00:00.000000+0000,899.072998046875,1200.9000244140625
2017-01-19T12:00:00.000000+0000,899.072998046875,1200.9000244140625
2017-01-20T00:00:00.000000+0000,895.0260009765625,1204.300048828125
2017-01-20T12:00:00.000000+0000,895.0260009765625,1204.300048828125
2017-01-21T00:00:00.000000+0000,921.7890014648438,1204.300048828125
2017-01-21T12:00:00.000000+0000,921.7890014648438,1204.300048828125
2017-01-22T00:00:00.000000+0000,924.6729736328125,1204.300048828125
2017-01-22T12:00:00.000000+0000,924.6729736328125,1204.300048828125
2017-01-23T00:00:00.000000+0000,921.0120239257812,1215.0
2017-01-23T12:00:00.000000+0000,921.0120239257812,1215.0
2017-01-24T00:00:00.000000+0000,892.68701171875,1210.300048828125
2017-01-24T12:00:00.000000+0000,892.68701171875,1210.300048828125
2017-01-25T00:00:00.000000+0000,901.5419921875,1197.300048828125
2017-01-25T12:00:00.000000+0000,901.5419921875,1197.300048828125
2017-01-26T00:00:00.000000+0000,917.5859985351562,1189.5
2017-01-26T12:00:00.000000+0000,917.5859985351562,1189.5
2017-01-27T00:00:00.000000+0000,919.75,1188.0999755859375
2017-01-27T12:00:00.000000+0000,919.75,1188.0999755859375
2017-01-28T00:00:00.000000+0000,921.5900268554688,1188.0999755859375
2017-01-28T12:00:00.000000+0000,921.5900268554688,1188.0999755859375
2017-01-29T00:00:00.000000+0000,919.4959716796875,1188.0999755859375
2017-01-29T12:00:00.000000+0000,919.4959716796875,1188.0999755859375
2017-01-30T00:00:00.000000+0000,920.3820190429688,1193.199951171875
2017-01-30T12:00:00.000000+0000,920.3820190429688,1193.199951171875
2017-01-31T00:00:00.000000+0000,970.4030151367188,1208.5999755859375
2017-01-31T12:00:00.000000+0000,970.4030151367188,1208.5999755859375
2017-02-01T00:00:00.000000+0000,989.0230102539062,1205.5999755859375
2017-02-01T12:00:00.000000+0000,989.0230102539062,1205.5999755859375
2017-02-02T00:00:00.000000+0000,1011.7999877929688,1216.699951171875
2017-02-02T12:00:00.000000+0000,1011.7999877929688,1216.699951171875
2017-02-03T00:00:00.000000+0000,1029.9100341796875,1218.5
2017-02-03T12:00:00.000000+0000,1029.9100341796875,1218.5
2017-02-04T00:00:00.000000+0000,1042.9000244140625,1218.5
2017-02-04T12:00:00.000000+0000,1042.9000244140625,1218.5
2017-02-05T00:00:00.000000+0000,1027.3399658203125,1218.5
2017-02-05T12:00:00.000000+0000,1027.3399658203125,1218.5
2017-02-06T00:00:00.000000+0000,1038.1500244140625,1230.0
2017-02-06T12:00:00.000000+0000,1038.1500244140625,1230.0
2017-02-07T00:00:00.000000+0000,1061.3499755859375,1234.199951171875
2017-02-07T12:00:00.000000+0000,1061.3499755859375,1234.199951171875
2017-02-08T00:00:00.000000+0000,1063.0699462890625,1237.5999755859375
2017-02-08T12:00:00.000000+0000,1063.0699462890625,1237.5999755859375
2017-02-09T00:00:00.000000+0000,994.3829956054688,1235.0999755859375
2017-02-09T12:00:00.000000+0000,994.3829956054688,1235.0999755859375
2017-02-10T00:00:00.000000+0000,988.6740112304688,1234.4000244140625
2017-02-10T12:00:00.000000+0000,988.6740112304688,1234.4000244140625
2017-02-11T00:00:00.000000+0000,1004.4500122070312,1234.4000244140625
2017-02-11T12:00:00.000000+0000,1004.4500122070312,1234.4000244140625
2017-02-12T00:00:00.000000+0000,999.1810302734375,1234.4000244140625
2017-02-12T12:00:00.000000+0000,999.1810302734375,1234.4000244140625
2017-02-13T00:00:00.000000+0000,990.6420288085938,1224.4000244140625
2017-02-13T12:00:00.000000+0000,990.6420288085938,1224.4000244140625
2017-02-14T00:00:00.000000+0000,1004.5499877929688,1223.9000244140625
2017-02-14T12:00:00.000000+0000,1004.5499877929688,1223.9000244140625
2017-02-15T00:00:00.000000+0000,1007.47998046875,1231.699951171875
2017-02-15T12:00:00.000000+0000,1007.47998046875,1231.699951171875
2017-02-16T00:00:00.000000+0000,1027.43994140625,1240.0
2017-02-16T12:00:00.000000+0000,1027.43994140625,1240.0
2017-02-17T00:00:00.000000+0000,1046.2099609375,1237.5999755859375
2017-02-17T12:00:00.000000+0000,1046.2099609375,1237.5999755859375
2017-02-18T00:00:00.000000+0000,1054.4200439453125,1237.5999755859375
2017-02-18T12:00:00.000000+0000,1054.4200439453125,1237.5999755859375
2017-02-19T00:00:00.000000+0000,1047.8699951171875,1237.5999755859375
2017-02-19T12:00:00.000000+0000,1047.8699951171875,1237.5999755859375
2017-02-20T00:00:00.000000+0000,1079.97998046875,1237.5999755859375
2017-02-20T12:00:00.000000+0000,1079.97998046875,1237.5999755859375
2017-02-21T00:00:00.000000+0000,1115.300048828125,1237.5
2017-02-21T12:00:00.000000+0000,1115.300048828125,1237.5
2017-02-22T00:00:00.000000+0000,1117.43994140625,1232.0
2017-02-22T12:00:00.000000+0000,1117.43994140625,1232.0
2017-02-23T00:00:00.000000+0000,1166.719970703125,1250.199951171875
2017-02-23T12:00:00.000000+0000,1166.719970703125,1250.199951171875
2017-02-24T00:00:00.000000+0000,1173.6800537109375,1256.9000244140625
2017-02-24T12:00:00.000000+0000,1173.6800537109375,1256.9000244140625
2017-02-25T00:00:00.000000+0000,1143.8399658203125,1256.9000244140625
2017-02-25T12:00:00.000000+0000,1143.8399658203125,1256.9000244140625
2017-02-26T00:00:00.000000+0000,1165.199951171875,1256.9000244140625
2017-02-26T12:00:00.000000+0000,1165.199951171875,1256.9000244140625
2017-02-27T00:00:00.000000+0000,1179.969970703125,1257.4000244140625
2017-02-27T12:00:00.000000+0000,1179.969970703125,1257.4000244140625
2017-02-28T00:00:00.000000+0000,1179.969970703125,1252.5999755859375
2017-02-28T12:00:00.000000+0000,1179.969970703125,1252.5999755859375
2017-03-01T00:00:00.000000+0000,1222.5,1248.9000244140625
2017-03-01T12:00:00.000000+0000,1222.5,1248.9000244140625
2017-03-02T00:00:00.000000+0000,1251.010009765625,1231.9000244140625
2017-03-02T12:00:00.000000+0000,1251.010009765625,1231.9000244140625
2017-03-03T00:00:00.000000+0000,1274.989990234375,1225.5
2017-03-03T12:00:00.000000+0000,1274.989990234375,1225.5
2017-03-04T00:00:00.000000+0000,1255.1500244140625,1225.5
2017-03-04T12:00:00.000000+0000,1255.1500244140625,1225.5
2017-03-05T00:00:00.000000+0000,1267.1199951171875,1225.5
2017-03-05T12:00:00.000000+0000,1267.1199951171875,1225.5
2017-03-06T00:00:00.000000+0000,1272.8299560546875,1224.5
2017-03-06T12:00:00.000000+0000,1272.8299560546875,1224.5
2017-03-07T00:00:00.000000+0000,1223.5400390625,1215.0999755859375
2017-03-07T12:00:00.000000+0000,1223.5400390625,1215.0999755859375
2017-03-08T00:00:00.000000+0000,1150.0,1208.5
2017-03-08T12:00:00.000000+0000,1150.0,1208.5
2017-03-09T00:00:00.000000+0000,1188.489990234375,1202.4000244140625
2017-03-09T12:00:00.000000+0000,1188.489990234375,1202.4000244140625
2017-03-10T00:00:00.000000+0000,1116.719970703125,1200.699951171875
2017-03-10T12:00:00.000000+0000,1116.719970703125,1200.699951171875
2017-03-11T00:00:00.000000+0000,1175.8299560546875,1200.699951171875
2017-03-11T12:00:00.000000+0000,1175.8299560546875,1200.699951171875
2017-03-12T00:00:00.000000+0000,1221.3800048828125,1200.699951171875
2017-03-12T12:00:00.000000+0000,1221.3800048828125,1200.699951171875
2017-03-13T00:00:00.000000+0000,1231.9200439453125,1202.4000244140625
2017-03-13T12:00:00.000000+0000,1231.9200439453125,1202.4000244140625
2017-03-14T00:00:00.000000+0000,1240.0,1201.9000244140625
2017-03-14T12:00:00.000000+0000,1240.0,1201.9000244140625
2017-03-15T00:00:00.000000+0000,1249.6099853515625,1200.0999755859375
2017-03-15T12:00:00.000000+0000,1249.6099853515625,1200.0999755859375
2017-03-16T00:00:00.000000+0000,1187.81005859375,1226.5
2017-03-16T12:00:00.000000+0000,1187.81005859375,1226.5
2017-03-17T00:00:00.000000+0000,1100.22998046875,1229.800048828125
2017-03-17T12:00:00.000000+0000,1100.22998046875,1229.800048828125
2017-03-18T00:00:00.000000+0000,973.8179931640625,1229.800048828125
2017-03-18T12:00:00.000000+0000,973.8179931640625,1229.800048828125
2017-03-19T00:00:00.000000+0000,1036.739990234375,1229.800048828125
2017-03-19T12:00:00.000000+0000,1036.739990234375,1229.800048828125
2017-03-20T00:00:00.000000+0000,1054.22998046875,1233.5999755859375
2017-03-20T12:00:00.000000+0000,1054.22998046875,1233.5999755859375
2017-03-21T00:00:00.000000+0000,1120.5400390625,1246.0999755859375
2017-03-21T12:00:00.000000+0000,1120.5400390625,1246.0999755859375
2017-03-22T00:00:00.000000+0000,1049.1400146484375,1249.300048828125
2017-03-22T12:00:00.000000+0000,1049.1400146484375,1249.300048828125
2017-03-23T00:00:00.000000+0000,1038.5899658203125,1246.9000244140625
2017-03-23T12:00:00.000000+0000,1038.5899658203125,1246.9000244140625
2017-03-24T00:00:00.000000+0000,937.52001953125,1248.199951171875
2017-03-24T12:00:00.000000+0000,937.52001953125,1248.199951171875
2017-03-25T00:00:00.000000+0000,972.7789916992188,1248.199951171875
2017-03-25T12:00:00.000000+0000,972.7789916992188,1248.199951171875
2017-03-26T00:00:00.000000+0000,966.7249755859375,1248.199951171875
2017-03-26T12:00:00.000000+0000,966.7249755859375,1248.199951171875
2017-03-27T00:00:00.000000+0000,1045.77001953125,1255.4000244140625
2017-03-27T12:00:00.000000+0000,1045.77001953125,1255.4000244140625
2017-03-28T00:00:00.000000+0000,1047.1500244140625,1255.300048828125
2017-03-28T12:00:00.000000+0000,1047.1500244140625,1255.300048828125
2017-03-29T00:00:00.000000+0000,1039.969970703125,1253.4000244140625
2017-03-29T12:00:00.000000+0000,1039.969970703125,1253.4000244140625
2017-03-30T00:00:00.000000+0000,1026.4300537109375,1245.0
2017-03-30T12:00:00.000000+0000,1026.4300537109375,1245.0
2017-03-31T00:00:00.000000+0000,1071.7900390625,1247.300048828125
2017-03-31T12:00:00.000000+0000,1071.7900390625,1247.300048828125
2017-04-01T00:00:00.000000+0000,1080.5,1247.300048828125
2017-04-01T12:00:00.000000+0000,1080.5,1247.300048828125
2017-04-02T00:00:00.000000+0000,1102.1700439453125,1247.300048828125
2017-04-02T12:00:00.000000+0000,1102.1700439453125,1247.300048828125
2017-04-03T00:00:00.000000+0000,1143.81005859375,1250.800048828125
2017-04-03T12:00:00.000000+0000,1143.81005859375,1250.800048828125
2017-04-04T00:00:00.000000+0000,1133.25,1255.0
2017-04-04T12:00:00.000000+0000,1133.25,1255.0
2017-04-05T00:00:00.000000+0000,1124.780029296875,1245.4000244140625
2017-04-05T12:00:00.000000+0000,1124.780029296875,1245.4000244140625
2017-04-06T00:00:00.000000+0000,1182.6800537109375,1250.300048828125
2017-04-06T12:00:00.000000+0000,1182.6800537109375,1250.300048828125
2017-04-07T00:00:00.000000+0000,1176.9000244140625,1254.300048828125
2017-04-07T12:00:00.000000+0000,1176.9000244140625,1254.300048828125
2017-04-08T00:00:00.000000+0000,1175.949951171875,1254.300048828125
2017-04-08T12:00:00.000000+0000,1175.949951171875,1254.300048828125
2017-04-09T00:00:00.000000+0000,1187.8699951171875,1254.300048828125
2017-04-09T12:00:00.000000+0000,1187.8699951171875,1254.300048828125
2017-04-10T00:00:00.000000+0000,1187.1300048828125,1251.0999755859375
2017-04-10T12:00:00.000000+0000,1187.1300048828125,1251.0999755859375
2017-04-11T00:00:00.000000+0000,1205.010009765625,1271.199951171875
2017-04-11T12:00:00.000000+0000,1205.010009765625,1271.199951171875
2017-04-12T00:00:00.000000+0000,1200.3699951171875,1275.300048828125
2017-04-12T12:00:00.000000+0000,1200.3699951171875,1275.300048828125
2017-04-13T00:00:00.000000+0000,1169.280029296875,1285.9000244140625
2017-04-13T12:00:00.000000+0000,1169.280029296875,1285.9000244140625
2017-04-14T00:00:00.000000+0000,1167.5400390625,1285.9000244140625
2017-04-14T12:00:00.000000+0000,1167.5400390625,1285.9000244140625
2017-04-15T00:00:00.000000+0000,1172.52001953125,1285.9000244140625
2017-04-15T12:00:00.000000+0000,1172.52001953125,1285.9000244140625
2017-04-16T00:00:00.000000+0000,1182.93994140625,1285.9000244140625
2017-04-16T12:00:00.000000+0000,1182.93994140625,1285.9000244140625
2017-04-17T00:00:00.000000+0000,1193.9100341796875,1289.4000244140625
2017-04-17T12:00:00.000000+0000,1193.9100341796875,1289.4000244140625
2017-04-18T00:00:00.000000+0000,1211.6700439453125,1291.699951171875
2017-04-18T12:00:00.000000+0000,1211.6700439453125,1291.699951171875
2017-04-19T00:00:00.000000+0000,1210.2900390625,1281.4000244140625
2017-04-19T12:00:00.000000+0000,1210.2900390625,1281.4000244140625
2017-04-20T00:00:00.000000+0000,1229.0799560546875,1281.9000244140625
2017-04-20T12:00:00.000000+0000,1229.0799560546875,1281.9000244140625
2017-04-21T00:00:00.000000+0000,1222.050048828125,1287.4000244140625
2017-04-21T12:00:00.000000+0000,1222.050048828125,1287.4000244140625
2017-04-22T00:00:00.000000+0000,1231.7099609375,1287.4000244140625
2017-04-22T12:00:00.000000+0000,1231.7099609375,1287.4000244140625
2017-04-23T00:00:00.000000+0000,1207.2099609375,1287.4000244140625
2017-04-23T12:00:00.000000+0000,1207.2099609375,1287.4000244140625
2017-04-24T00:00:00.000000+0000,1250.1500244140625,1275.800048828125
2017-04-24T12:00:00.000000+0000,1250.1500244140625,1275.800048828125
2017-04-25T00:00:00.000000+0000,1265.489990234375,1265.5999755859375
2017-04-25T12:00:00.000000+0000,1265.489990234375,1265.5999755859375
2017-04-26T00:00:00.000000+0000,1281.0799560546875,1262.0999755859375
2017-04-26T12:00:00.000000+0000,1281.0799560546875,1262.0999755859375
2017-04-27T00:00:00.000000+0000,1317.72998046875,1263.699951171875
2017-04-27T12:00:00.000000+0000,1317.72998046875,1263.699951171875
2017-04-28T00:00:00.000000+0000,1316.47998046875,1266.0999755859375
2017-04-28T12:00:00.000000+0000,1316.47998046875,1266.0999755859375
2017-04-29T00:00:00.000000+0000,1321.7900390625,1266.0999755859375
2017-04-29T12:00:00.000000+0000,1321.7900390625,1266.0999755859375
2017-04-30T00:00:00.000000+0000,1347.8900146484375,1266.0999755859375
2017-04-30T12:00:00.000000+0000,1347.8900146484375,1266.0999755859375
2017-05-01T00:00:00.000000+0000,1421.5999755859375,1253.300048828125
2017-05-01T12:00:00.000000+0000,1421.5999755859375,1253.300048828125
2017-05-02T00:00:00.000000+0000,1452.8199462890625,1255.0999755859375
2017-05-02T12:00:00.000000+0000,1452.8199462890625,1255.0999755859375
2017-05-03T00:00:00.000000+0000,1490.0899658203125,1246.4000244140625
2017-05-03T12:00:00.000000+0000,1490.0899658203125,1246.4000244140625
2017-05-04T00:00:00.000000+0000,1537.6700439453125,1226.5
2017-05-04T12:00:00.000000+0000,1537.6700439453125,1226.5
2017-05-05T00:00:00.000000+0000,1555.449951171875,1224.800048828125
2017-05-05T12:00:00.000000+0000,1555.449951171875,1224.800048828125
2017-05-06T00:00:00.000000+0000,1578.800048828125,1224.800048828125
2017-05-06T12:00:00.000000+0000,1578.800048828125,1224.800048828125
2017-05-07T00:00:00.000000+0000,1596.7099609375,1224.800048828125
2017-05-07T12:00:00.000000+0000,1596.7099609375,1224.800048828125
2017-05-08T00:00:00.000000+0000,1723.3499755859375,1225.300048828125
2017-05-08T12:00:00.000000+0000,1723.3499755859375,1225.300048828125
2017-05-09T00:00:00.000000+0000,1755.3599853515625,1214.300048828125
2017-05-09T12:00:00.000000+0000,1755.3599853515625,1214.300048828125
2017-05-10T00:00:00.000000+0000,1787.1300048828125,1217.300048828125
2017-05-10T12:00:00.000000+0000,1787.1300048828125,1217.300048828125
2017-05-11T00:00:00.000000+0000,1848.5699462890625,1222.699951171875
2017-05-11T12:00:00.000000+0000,1848.5699462890625,1222.699951171875
2017-05-12T00:00:00.000000+0000,1724.239990234375,1226.199951171875
2017-05-12T12:00:00.000000+0000,1724.239990234375,1226.199951171875
2017-05-13T00:00:00.000000+0000,1804.9100341796875,1226.199951171875
2017-05-13T12:00:00.000000+0000,1804.9100341796875,1226.199951171875
2017-05-14T00:00:00.000000+0000,1808.9100341796875,1226.199951171875
2017-05-14T12:00:00.000000+0000,1808.9100341796875,1226.199951171875
2017-05-15T00:00:00.000000+0000,1738.4300537109375,1228.5999755859375
2017-05-15T12:00:00.000000+0000,1738.4300537109375,1228.5999755859375
2017-05-16T00:00:00.000000+0000,1734.449951171875,1235.0
2017-05-16T12:00:00.000000+0000,1734.449951171875,1235.0
2017-05-17T00:00:00.000000+0000,1839.0899658203125,1257.5
2017-05-17T12:00:00.000000+0000,1839.0899658203125,1257.5
2017-05-18T00:00:00.000000+0000,1888.6500244140625,1251.699951171875
2017-05-18T12:00:00.000000+0000,1888.6500244140625,1251.699951171875
2017-05-19T00:00:00.000000+0000,1987.7099609375,1252.699951171875
2017-05-19T12:00:00.000000+0000,1987.7099609375,1252.699951171875
2017-05-20T00:00:00.000000+0000,2084.72998046875,1252.699951171875
2017-05-20T12:00:00.000000+0000,2084.72998046875,1252.699951171875
2017-05-21T00:00:00.000000+0000,2041.199951171875,1252.699951171875
2017-05-21T12:00:00.000000+0000,2041.199951171875,1252.699951171875
2017-05-22T00:00:00.000000+0000,2173.39990234375,1260.699951171875
2017-05-22T12:00:00.000000+0000,2173.39990234375,1260.699951171875
2017-05-23T00:00:00.000000+0000,2320.419921875,1254.800048828125
2017-05-23T12:00:00.000000+0000,2320.419921875,1254.800048828125
2017-05-24T00:00:00.000000+0000,2443.639892578125,1252.4000244140625
2017-05-24T12:00:00.000000+0000,2443.639892578125,1252.4000244140625
2017-05-25T00:00:00.000000+0000,2304.97998046875,1255.800048828125
2017-05-25T12:00:00.000000+0000,2304.97998046875,1255.800048828125
2017-05-26T00:00:00.000000+0000,2202.419921875,1267.5999755859375
2017-05-26T12:00:00.000000+0000,2202.419921875,1267.5999755859375
2017-05-27T00:00:00.000000+0000,2038.8699951171875,1267.5999755859375
2017-05-27T12:00:00.000000+0000,2038.8699951171875,1267.5999755859375
2017-05-28T00:00:00.000000+0000,2155.800048828125,1267.5999755859375
2017-05-28T12:00:00.000000+0000,2155.800048828125,1267.5999755859375
2017-05-29T00:00:00.000000+0000,2255.610107421875,1267.5999755859375
2017-05-29T12:00:00.000000+0000,2255.610107421875,1267.5999755859375
2017-05-30T00:00:00.000000+0000,2175.469970703125,1262.0999755859375
2017-05-30T12:00:00.000000+0000,2175.469970703125,1262.0999755859375
2017-05-31T00:00:00.000000+0000,2286.409912109375,1272.0
2017-05-31T12:00:00.000000+0000,2286.409912109375,1272.0
2017-06-01T00:00:00.000000+0000,2407.8798828125,1267.0
2017-06-01T12:00:00.000000+0000,2407.8798828125,1267.0
2017-06-02T00:00:00.000000+0000,2488.550048828125,1276.800048828125
2017-06-02T12:00:00.000000+0000,2488.550048828125,1276.800048828125
2017-06-03T00:00:00.000000+0000,2515.35009765625,1276.800048828125
2017-06-03T12:00:00.000000+0000,2515.35009765625,1276.800048828125
2017-06-04T00:00:00.000000+0000,2511.81005859375,1276.800048828125
2017-06-04T12:00:00.000000+0000,2511.81005859375,1276.800048828125
2017-06-05T00:00:00.000000+0000,2686.81005859375,1279.300048828125
2017-06-05T12:00:00.000000+0000,2686.81005859375,1279.300048828125
2017-06-06T00:00:00.000000+0000,2863.199951171875,1294.4000244140625
2017-06-06T12:00:00.000000+0000,2863.199951171875,1294.4000244140625
2017-06-07T00:00:00.000000+0000,2732.159912109375,1290.0999755859375
2017-06-07T12:00:00.000000+0000,2732.159912109375,1290.0999755859375
2017-06-08T00:00:00.000000+0000,2805.6201171875,1276.300048828125
2017-06-08T12:00:00.000000+0000,2805.6201171875,1276.300048828125
2017-06-09T00:00:00.000000+0000,2823.81005859375,1268.5
2017-06-09T12:00:00.000000+0000,2823.81005859375,1268.5
2017-06-10T00:00:00.000000+0000,2947.7099609375,1268.5
2017-06-10T12:00:00.000000+0000,2947.7099609375,1268.5
2017-06-11T00:00:00.000000+0000,2958.110107421875,1268.5
2017-06-11T12:00:00.000000+0000,2958.110107421875,1268.5
2017-06-12T00:00:00.000000+0000,2659.6298828125,1266.0999755859375
2017-06-12T12:00:00.000000+0000,2659.6298828125,1266.0999755859375
2017-06-13T00:00:00.000000+0000,2717.02001953125,1265.800048828125
2017-06-13T12:00:00.000000+0000,2717.02001953125,1265.800048828125
2017-06-14T00:00:00.000000+0000,2506.3701171875,1272.800048828125
2017-06-14T12:00:00.000000+0000,2506.3701171875,1272.800048828125
2017-06-15T00:00:00.000000+0000,2464.580078125,1252.199951171875
2017-06-15T12:00:00.000000+0000,2464.580078125,1252.199951171875
2017-06-16T00:00:00.000000+0000,2518.56005859375,1254.0
2017-06-16T12:00:00.000000+0000,2518.56005859375,1254.0
2017-06-17T00:00:00.000000+0000,2655.8798828125,1254.0
2017-06-17T12:00:00.000000+0000,2655.8798828125,1254.0
2017-06-18T00:00:00.000000+0000,2548.2900390625,1254.0
2017-06-18T12:00:00.000000+0000,2548.2900390625,1254.0
2017-06-19T00:00:00.000000+0000,2589.60009765625,1244.199951171875
2017-06-19T12:00:00.000000+0000,2589.60009765625,1244.199951171875
2017-06-20T00:00:00.000000+0000,2721.7900390625,1241.0
2017-06-20T12:00:00.000000+0000,2721.7900390625,1241.0
2017-06-21T00:00:00.000000+0000,2689.10009765625,1243.4000244140625
2017-06-21T12:00:00.000000+0000,2689.10009765625,1243.4000244140625
2017-06-22T00:00:00.000000+0000,2705.409912109375,1247.5999755859375
2017-06-22T12:00:00.000000+0000,2705.409912109375,1247.5999755859375
2017-06-23T00:00:00.000000+0000,2744.909912109375,1256.199951171875
2017-06-23T12:00:00.000000+0000,2744.909912109375,1256.199951171875
2017-06-24T00:00:00.000000+0000,2608.719970703125,1256.199951171875
2017-06-24T12:00:00.000000+0000,2608.719970703125,1256.199951171875
2017-06-25T00:00:00.000000+0000,2589.409912109375,1256.199951171875
2017-06-25T12:00:00.000000+0000,2589.409912109375,1256.199951171875
2017-06-26T00:00:00.000000+0000,2478.449951171875,1246.300048828125
2017-06-26T12:00:00.000000+0000,2478.449951171875,1246.300048828125
2017-06-27T00:00:00.000000+0000,2552.449951171875,1246.4000244140625
2017-06-27T12:00:00.000000+0000,2552.449951171875,1246.4000244140625
2017-06-28T00:00:00.000000+0000,2574.7900390625,1248.0
2017-06-28T12:00:00.000000+0000,2574.7900390625,1248.0
2017-06-29T00:00:00.000000+0000,2539.320068359375,1244.199951171875
2017-06-29T12:00:00.000000+0000,2539.320068359375,1244.199951171875
2017-06-30T00:00:00.000000+0000,2480.840087890625,1240.699951171875
2017-06-30T12:00:00.000000+0000,2480.840087890625,1240.699951171875
2017-07-01T00:00:00.000000+0000,2434.550048828125,1240.699951171875
2017-07-01T12:00:00.000000+0000,2434.550048828125,1240.699951171875
2017-07-02T00:00:00.000000+0000,2506.469970703125,1240.699951171875
2017-07-02T12:00:00.000000+0000,2506.469970703125,1240.699951171875
2017-07-03T00:00:00.000000+0000,2564.06005859375,1217.9000244140625
2017-07-03T12:00:00.000000+0000,2564.06005859375,1217.9000244140625
2017-07-04T00:00:00.000000+0000,2601.639892578125,1217.9000244140625
2017-07-04T12:00:00.000000+0000,2601.639892578125,1217.9000244140625
2017-07-05T00:00:00.000000+0000,2601.989990234375,1220.4000244140625
2017-07-05T12:00:00.000000+0000,2601.989990234375,1220.4000244140625
2017-07-06T00:00:00.000000+0000,2608.56005859375,1222.199951171875
2017-07-06T12:00:00.000000+0000,2608.56005859375,1222.199951171875
2017-07-07T00:00:00.000000+0000,2518.659912109375,1208.5999755859375
2017-07-07T12:00:00.000000+0000,2518.659912109375,1208.5999755859375
2017-07-08T00:00:00.000000+0000,2571.340087890625,1208.5999755859375
2017-07-08T12:00:00.000000+0000,2571.340087890625,1208.5999755859375
2017-07-09T00:00:00.000000+0000,2518.43994140625,1208.5999755859375
2017-07-09T12:00:00.000000+0000,2518.43994140625,1208.5999755859375
2017-07-10T00:00:00.000000+0000,2372.56005859375,1212.0999755859375
2017-07-10T12:00:00.000000+0000,2372.56005859375,1212.0999755859375
2017-07-11T00:00:00.000000+0000,2337.7900390625,1213.5999755859375
2017-07-11T12:00:00.000000+0000,2337.7900390625,1213.5999755859375
2017-07-12T00:00:00.000000+0000,2398.840087890625,1218.0999755859375
2017-07-12T12:00:00.000000+0000,2398.840087890625,1218.0999755859375
2017-07-13T00:00:00.000000+0000,2357.89990234375,1216.300048828125
2017-07-13T12:00:00.000000+0000,2357.89990234375,1216.300048828125
2017-07-14T00:00:00.000000+0000,2233.340087890625,1226.5999755859375
2017-07-14T12:00:00.000000+0000,2233.340087890625,1226.5999755859375
2017-07-15T00:00:00.000000+0000,1998.8599853515625,1226.5999755859375
2017-07-15T12:00:00.000000+0000,1998.8599853515625,1226.5999755859375
2017-07-16T00:00:00.000000+0000,1929.8199462890625,1226.5999755859375
2017-07-16T12:00:00.000000+0000,1929.8199462890625,1226.5999755859375
2017-07-17T00:00:00.000000+0000,2228.409912109375,1232.800048828125
2017-07-17T12:00:00.000000+0000,2228.409912109375,1232.800048828125
2017-07-18T00:00:00.000000+0000,2318.8798828125,1241.0999755859375
2017-07-18T12:00:00.000000+0000,2318.8798828125,1241.0999755859375
2017-07-19T00:00:00.000000+0000,2273.429931640625,1241.199951171875
2017-07-19T12:00:00.000000+0000,2273.429931640625,1241.199951171875
2017-07-20T00:00:00.000000+0000,2817.60009765625,1244.800048828125
2017-07-20T12:00:00.000000+0000,2817.60009765625,1244.800048828125
2017-07-21T00:00:00.000000+0000,2667.760009765625,1254.300048828125
2017-07-21T12:00:00.000000+0000,2667.760009765625,1254.300048828125
2017-07-22T00:00:00.000000+0000,2810.1201171875,1254.300048828125
2017-07-22T12:00:00.000000+0000,2810.1201171875,1254.300048828125
2017-07-23T00:00:00.000000+0000,2730.39990234375,1254.300048828125
2017-07-23T12:00:00.000000+0000,2730.39990234375,1254.300048828125
2017-07-24T00:00:00.000000+0000,2754.860107421875,1253.9000244140625
2017-07-24T12:00:00.000000+0000,2754.860107421875,1253.9000244140625
2017-07-25T00:00:00.000000+0000,2576.47998046875,1251.699951171875
2017-07-25T12:00:00.000000+0000,2576.47998046875,1251.699951171875
2017-07-26T00:00:00.000000+0000,2529.449951171875,1249.0
2017-07-26T12:00:00.000000+0000,2529.449951171875,1249.0
2017-07-27T00:00:00.000000+0000,2671.780029296875,1259.5999755859375
2017-07-27T12:00:00.000000+0000,2671.780029296875,1259.5999755859375
2017-07-28T00:00:00.000000+0000,2809.010009765625,1268.4000244140625
2017-07-28T12:00:00.000000+0000,2809.010009765625,1268.4000244140625
2017-07-29T00:00:00.000000+0000,2726.449951171875,1268.4000244140625
2017-07-29T12:00:00.000000+0000,2726.449951171875,1268.4000244140625
2017-07-30T00:00:00.000000+0000,2757.179931640625,1268.4000244140625
2017-07-30T12:00:00.000000+0000,2757.179931640625,1268.4000244140625
2017-07-31T00:00:00.000000+0000,2875.340087890625,1266.5999755859375
2017-07-31T12:00:00.000000+0000,2875.340087890625,1266.5999755859375
2017-08-01T00:00:00.000000+0000,2718.260009765625,1272.5999755859375
2017-08-01T12:00:00.000000+0000,2718.260009765625,1272.5999755859375
2017-08-02T00:00:00.000000+0000,2710.669921875,1271.800048828125
2017-08-02T12:00:00.000000+0000,2710.669921875,1271.800048828125
2017-08-03T00:00:00.000000+0000,2804.72998046875,1267.800048828125
2017-08-03T12:00:00.000000+0000,2804.72998046875,1267.800048828125
2017-08-04T00:00:00.000000+0000,2895.889892578125,1258.300048828125
2017-08-04T12:00:00.000000+0000,2895.889892578125,1258.300048828125
2017-08-05T00:00:00.000000+0000,3252.909912109375,1258.300048828125
2017-08-05T12:00:00.000000+0000,3252.909912109375,1258.300048828125
2017-08-06T00:00:00.000000+0000,3213.93994140625,1258.300048828125
2017-08-06T12:00:00.000000+0000,3213.93994140625,1258.300048828125
2017-08-07T00:00:00.000000+0000,3378.93994140625,1258.199951171875
2017-08-07T12:00:00.000000+0000,3378.93994140625,1258.199951171875
2017-08-08T00:00:00.000000+0000,3419.93994140625,1256.4000244140625
2017-08-08T12:00:00.000000+0000,3419.93994140625,1256.4000244140625
2017-08-09T00:00:00.000000+0000,3342.469970703125,1273.0
2017-08-09T12:00:00.000000+0000,3342.469970703125,1273.0
2017-08-10T00:00:00.000000+0000,3381.280029296875,1283.699951171875
2017-08-10T12:00:00.000000+0000,3381.280029296875,1283.699951171875
2017-08-11T00:00:00.000000+0000,3650.6201171875,1287.699951171875
2017-08-11T12:00:00.000000+0000,3650.6201171875,1287.699951171875
2017-08-12T00:00:00.000000+0000,3884.7099609375,1287.699951171875
2017-08-12T12:00:00.000000+0000,3884.7099609375,1287.699951171875
2017-08-13T00:00:00.000000+0000,4073.260009765625,1287.699951171875
2017-08-13T12:00:00.000000+0000,4073.260009765625,1287.699951171875
2017-08-14T00:00:00.000000+0000,4325.1298828125,1284.199951171875
2017-08-14T12:00:00.000000+0000,4325.1298828125,1284.199951171875
2017-08-15T00:00:00.000000+0000,4181.93017578125,1273.699951171875
2017-08-15T12:00:00.000000+0000,4181.93017578125,1273.699951171875
2017-08-16T00:00:00.000000+0000,4376.6298828125,1276.9000244140625
2017-08-16T12:00:00.000000+0000,4376.6298828125,1276.9000244140625
2017-08-17T00:00:00.000000+0000,4331.68994140625,1286.4000244140625
2017-08-17T12:00:00.000000+0000,4331.68994140625,1286.4000244140625
2017-08-18T00:00:00.000000+0000,4160.6201171875,1285.699951171875
2017-08-18T12:00:00.000000+0000,4160.6201171875,1285.699951171875
2017-08-19T00:00:00.000000+0000,4193.7001953125,1285.699951171875
2017-08-19T12:00:00.000000+0000,4193.7001953125,1285.699951171875
2017-08-20T00:00:00.000000+0000,4087.659912109375,1285.699951171875
2017-08-20T12:00:00.000000+0000,4087.659912109375,1285.699951171875
2017-08-21T00:00:00.000000+0000,4001.739990234375,1290.800048828125
2017-08-21T12:00:00.000000+0000,4001.739990234375,1290.800048828125
2017-08-22T00:00:00.000000+0000,4100.52001953125,1285.0999755859375
2017-08-22T12:00:00.000000+0000,4100.52001953125,1285.0999755859375
2017-08-23T00:00:00.000000+0000,4151.52001953125,1288.9000244140625
2017-08-23T12:00:00.000000+0000,4151.52001953125,1288.9000244140625
2017-08-24T00:00:00.000000+0000,4334.68017578125,1286.5
2017-08-24T12:00:00.000000+0000,4334.68017578125,1286.5
2017-08-25T00:00:00.000000+0000,4371.60009765625,1292.5
2017-08-25T12:00:00.000000+0000,4371.60009765625,1292.5
2017-08-26T00:00:00.000000+0000,4352.39990234375,1292.5
2017-08-26T12:00:00.000000+0000,4352.39990234375,1292.5
2017-08-27T00:00:00.000000+0000,4382.8798828125,1292.5
2017-08-27T12:00:00.000000+0000,4382.8798828125,1292.5
2017-08-28T00:00:00.000000+0000,4382.66015625,1309.699951171875
2017-08-28T12:00:00.000000+0000,4382.66015625,1309.699951171875
2017-08-29T00:00:00.000000+0000,4579.02001953125,1313.0999755859375
2017-08-29T12:00:00.000000+0000,4579.02001953125,1313.0999755859375
2017-08-30T00:00:00.000000+0000,4565.2998046875,1308.0999755859375
2017-08-30T12:00:00.000000+0000,4565.2998046875,1308.0999755859375
2017-08-31T00:00:00.000000+0000,4703.39013671875,1316.199951171875
2017-08-31T12:00:00.000000+0000,4703.39013671875,1316.199951171875
2017-09-01T00:00:00.000000+0000,4892.009765625,1324.5
2017-09-01T12:00:00.000000+0000,4892.009765625,1324.5
2017-09-02T00:00:00.000000+0000,4578.77001953125,1324.5
2017-09-02T12:00:00.000000+0000,4578.77001953125,1324.5
2017-09-03T00:00:00.000000+0000,4582.9599609375,1324.5
2017-09-03T12:00:00.000000+0000,4582.9599609375,1324.5
2017-09-04T00:00:00.000000+0000,4236.31005859375,1324.5
2017-09-04T12:00:00.000000+0000,4236.31005859375,1324.5
2017-09-05T00:00:00.000000+0000,4376.52978515625,1339.199951171875
2017-09-05T12:00:00.000000+0000,4376.52978515625,1339.199951171875
2017-09-06T00:00:00.000000+0000,4597.1201171875,1333.9000244140625
2017-09-06T12:00:00.000000+0000,4597.1201171875,1333.9000244140625
2017-09-07T00:00:00.000000+0000,4599.8798828125,1345.0999755859375
2017-09-07T12:00:00.000000+0000,4599.8798828125,1345.0999755859375
2017-09-08T00:00:00.000000+0000,4228.75,1346.0
2017-09-08T12:00:00.000000+0000,4228.75,1346.0
2017-09-09T00:00:00.000000+0000,4226.06005859375,1346.0
2017-09-09T12:00:00.000000+0000,4226.06005859375,1346.0
2017-09-10T00:00:00.000000+0000,4122.93994140625,1346.0
2017-09-10T12:00:00.000000+0000,4122.93994140625,1346.0
2017-09-11T00:00:00.000000+0000,4161.27001953125,1331.0
2017-09-11T12:00:00.000000+0000,4161.27001953125,1331.0
2017-09-12T00:00:00.000000+0000,4130.81005859375,1328.0
2017-09-12T12:00:00.000000+0000,4130.81005859375,1328.0
2017-09-13T00:00:00.000000+0000,3882.590087890625,1323.4000244140625
2017-09-13T12:00:00.000000+0000,3882.590087890625,1323.4000244140625
2017-09-14T00:00:00.000000+0000,3154.949951171875,1324.699951171875
2017-09-14T12:00:00.000000+0000,3154.949951171875,1324.699951171875
2017-09-15T00:00:00.000000+0000,3637.52001953125,1320.4000244140625
2017-09-15T12:00:00.000000+0000,3637.52001953125,1320.4000244140625
2017-09-16T00:00:00.000000+0000,3625.0400390625,1320.4000244140625
2017-09-16T12:00:00.000000+0000,3625.0400390625,1320.4000244140625
2017-09-17T00:00:00.000000+0000,3582.8798828125,1320.4000244140625
2017-09-17T12:00:00.000000+0000,3582.8798828125,1320.4000244140625
2017-09-18T00:00:00.000000+0000,4065.199951171875,1306.300048828125
2017-09-18T12:00:00.000000+0000,4065.199951171875,1306.300048828125
2017-09-19T00:00:00.000000+0000,3924.969970703125,1306.199951171875
2017-09-19T12:00:00.000000+0000,3924.969970703125,1306.199951171875
2017-09-20T00:00:00.000000+0000,3905.949951171875,1312.0
2017-09-20T12:00:00.000000+0000,3905.949951171875,1312.0
2017-09-21T00:00:00.000000+0000,3631.0400390625,1290.5999755859375
2017-09-21T12:00:00.000000+0000,3631.0400390625,1290.5999755859375
2017-09-22T00:00:00.000000+0000,3630.699951171875,1293.300048828125
2017-09-22T12:00:00.000000+0000,3630.699951171875,1293.300048828125
2017-09-23T00:00:00.000000+0000,3792.39990234375,1293.300048828125
2017-09-23T12:00:00.000000+0000,3792.39990234375,1293.300048828125
2017-09-24T00:00:00.000000+0000,3682.840087890625,1293.300048828125
2017-09-24T12:00:00.000000+0000,3682.840087890625,1293.300048828125
2017-09-25T00:00:00.000000+0000,3926.070068359375,1306.800048828125
2017-09-25T12:00:00.000000+0000,3926.070068359375,1306.800048828125
2017-09-26T00:00:00.000000+0000,3892.35009765625,1297.0
2017-09-26T12:00:00.000000+0000,3892.35009765625,1297.0
2017-09-27T00:00:00.000000+0000,4200.669921875,1283.4000244140625
2017-09-27T12:00:00.000000+0000,4200.669921875,1283.4000244140625
2017-09-28T00:00:00.000000+0000,4174.72998046875,1285.5
2017-09-28T12:00:00.000000+0000,4174.72998046875,1285.5
2017-09-29T00:00:00.000000+0000,4163.06982421875,1281.5
2017-09-29T12:00:00.000000+0000,4163.06982421875,1281.5
2017-09-30T00:00:00.000000+0000,4338.7099609375,1281.5
2017-09-30T12:00:00.000000+0000,4338.7099609375,1281.5
2017-10-01T00:00:00.000000+0000,4403.740234375,1281.5
2017-10-01T12:00:00.000000+0000,4403.740234375,1281.5
2017-10-02T00:00:00.000000+0000,4409.31982421875,1272.699951171875
2017-10-02T12:00:00.000000+0000,4409.31982421875,1272.699951171875
2017-10-03T00:00:00.000000+0000,4317.47998046875,1271.5
2017-10-03T12:00:00.000000+0000,4317.47998046875,1271.5
2017-10-04T00:00:00.000000+0000,4229.35986328125,1273.699951171875
2017-10-04T12:00:00.000000+0000,4229.35986328125,1273.699951171875
2017-10-05T00:00:00.000000+0000,4328.41015625,1269.9000244140625
2017-10-05T12:00:00.000000+0000,4328.41015625,1269.9000244140625
2017-10-06T00:00:00.000000+0000,4370.81005859375,1271.5999755859375
2017-10-06T12:00:00.000000+0000,4370.81005859375,1271.5999755859375
2017-10-07T00:00:00.000000+0000,4426.89013671875,1271.5999755859375
2017-10-07T12:00:00.000000+0000,4426.89013671875,1271.5999755859375
2017-10-08T00:00:00.000000+0000,4610.47998046875,1271.5999755859375
2017-10-08T12:00:00.000000+0000,4610.47998046875,1271.5999755859375
2017-10-09T00:00:00.000000+0000,4772.02001953125,1281.800048828125
2017-10-09T12:00:00.000000+0000,4772.02001953125,1281.800048828125
2017-10-10T00:00:00.000000+0000,4781.990234375,1290.5999755859375
2017-10-10T12:00:00.000000+0000,4781.990234375,1290.5999755859375
2017-10-11T00:00:00.000000+0000,4826.47998046875,1285.800048828125
2017-10-11T12:00:00.000000+0000,4826.47998046875,1285.800048828125
2017-10-12T00:00:00.000000+0000,5446.91015625,1293.300048828125
2017-10-12T12:00:00.000000+0000,5446.91015625,1293.300048828125
2017-10-13T00:00:00.000000+0000,5647.2099609375,1301.5
2017-10-13T12:00:00.000000+0000,5647.2099609375,1301.5
2017-10-14T00:00:00.000000+0000,5831.7900390625,1301.5
2017-10-14T12:00:00.000000+0000,5831.7900390625,1301.5
2017-10-15T00:00:00.000000+0000,5678.18994140625,1301.5
2017-10-15T12:00:00.000000+0000,5678.18994140625,1301.5
2017-10-16T00:00:00.000000+0000,5725.58984375,1299.9000244140625
2017-10-16T12:00:00.000000+0000,5725.58984375,1299.9000244140625
2017-10-17T00:00:00.000000+0000,5605.509765625,1283.0
2017-10-17T12:00:00.000000+0000,5605.509765625,1283.0
2017-10-18T00:00:00.000000+0000,5590.68994140625,1279.9000244140625
2017-10-18T12:00:00.000000+0000,5590.68994140625,1279.9000244140625
2017-10-19T00:00:00.000000+0000,5708.52001953125,1286.9000244140625
2017-10-19T12:00:00.000000+0000,5708.52001953125,1286.9000244140625
2017-10-20T00:00:00.000000+0000,6011.4501953125,1277.4000244140625
2017-10-20T12:00:00.000000+0000,6011.4501953125,1277.4000244140625
2017-10-21T00:00:00.000000+0000,6031.60009765625,1277.4000244140625
2017-10-21T12:00:00.000000+0000,6031.60009765625,1277.4000244140625
2017-10-22T00:00:00.000000+0000,6008.419921875,1277.4000244140625
2017-10-22T12:00:00.000000+0000,6008.419921875,1277.4000244140625
2017-10-23T00:00:00.000000+0000,5930.31982421875,1277.699951171875
2017-10-23T12:00:00.000000+0000,5930.31982421875,1277.699951171875
2017-10-24T00:00:00.000000+0000,5526.64013671875,1275.0
2017-10-24T12:00:00.000000+0000,5526.64013671875,1275.0
2017-10-25T00:00:00.000000+0000,5750.7998046875,1275.4000244140625
2017-10-25T12:00:00.000000+0000,5750.7998046875,1275.4000244140625
2017-10-26T00:00:00.000000+0000,5904.830078125,1266.300048828125
2017-10-26T12:00:00.000000+0000,5904.830078125,1266.300048828125
2017-10-27T00:00:00.000000+0000,5780.89990234375,1268.5
2017-10-27T12:00:00.000000+0000,5780.89990234375,1268.5
2017-10-28T00:00:00.000000+0000,5753.08984375,1268.5
2017-10-28T12:00:00.000000+0000,5753.08984375,1268.5
2017-10-29T00:00:00.000000+0000,6153.85009765625,1268.5
2017-10-29T12:00:00.000000+0000,6153.85009765625,1268.5
2017-10-30T00:00:00.000000+0000,6130.52978515625,1274.0999755859375
2017-10-30T12:00:00.000000+0000,6130.52978515625,1274.0999755859375
2017-10-31T00:00:00.000000+0000,6468.39990234375,1267.0
2017-10-31T12:00:00.000000+0000,6468.39990234375,1267.0
2017-11-01T00:00:00.000000+0000,6767.31005859375,1274.0999755859375
2017-11-01T12:00:00.000000+0000,6767.31005859375,1274.0999755859375
2017-11-02T00:00:00.000000+0000,7078.5,1274.9000244140625
2017-11-02T12:00:00.000000+0000,7078.5,1274.9000244140625
2017-11-03T00:00:00.000000+0000,7207.759765625,1266.5
2017-11-03T12:00:00.000000+0000,7207.759765625,1266.5
2017-11-04T00:00:00.000000+0000,7379.9501953125,1266.5
2017-11-04T12:00:00.000000+0000,7379.9501953125,1266.5
2017-11-05T00:00:00.000000+0000,7407.41015625,1266.5
2017-11-05T12:00:00.000000+0000,7407.41015625,1266.5
2017-11-06T00:00:00.000000+0000,7022.759765625,1279.4000244140625
2017-11-06T12:00:00.000000+0000,7022.759765625,1279.4000244140625
2017-11-07T00:00:00.000000+0000,7144.3798828125,1273.699951171875
2017-11-07T12:00:00.000000+0000,7144.3798828125,1273.699951171875
2017-11-08T00:00:00.000000+0000,7459.68994140625,1281.5999755859375
2017-11-08T12:00:00.000000+0000,7459.68994140625,1281.5999755859375
2017-11-09T00:00:00.000000+0000,7143.580078125,1285.5999755859375
2017-11-09T12:00:00.000000+0000,7143.580078125,1285.5999755859375
2017-11-10T00:00:00.000000+0000,6618.14013671875,1272.4000244140625
2017-11-10T12:00:00.000000+0000,6618.14013671875,1272.4000244140625
2017-11-11T00:00:00.000000+0000,6357.60009765625,1272.4000244140625
2017-11-11T12:00:00.000000+0000,6357.60009765625,1272.4000244140625
2017-11-12T00:00:00.000000+0000,5950.06982421875,1272.4000244140625
2017-11-12T12:00:00.000000+0000,5950.06982421875,1272.4000244140625
2017-11-13T00:00:00.000000+0000,6559.490234375,1277.300048828125
2017-11-13T12:00:00.000000+0000,6559.490234375,1277.300048828125
2017-11-14T00:00:00.000000+0000,6635.75,1281.5
2017-11-14T12:00:00.000000+0000,6635.75,1281.5
2017-11-15T00:00:00.000000+0000,7315.5400390625,1276.5
2017-11-15T12:00:00.000000+0000,7315.5400390625,1276.5
2017-11-16T00:00:00.000000+0000,7871.68994140625,1277.4000244140625
2017-11-16T12:00:00.000000+0000,7871.68994140625,1277.4000244140625
2017-11-17T00:00:00.000000+0000,7708.990234375,1295.800048828125
2017-11-17T12:00:00.000000+0000,7708.990234375,1295.800048828125
2017-11-18T00:00:00.000000+0000,7790.14990234375,1295.800048828125
2017-11-18T12:00:00.000000+0000,7790.14990234375,1295.800048828125
2017-11-19T00:00:00.000000+0000,8036.490234375,1295.800048828125
2017-11-19T12:00:00.000000+0000,8036.490234375,1295.800048828125
2017-11-20T00:00:00.000000+0000,8200.6396484375,1274.5999755859375
2017-11-20T12:00:00.000000+0000,8200.6396484375,1274.5999755859375
2017-11-21T00:00:00.000000+0000,8071.259765625,1281.0999755859375
2017-11-21T12:00:00.000000+0000,8071.259765625,1281.0999755859375
2017-11-22T00:00:00.000000+0000,8253.5498046875,1291.5999755859375
2017-11-22T12:00:00.000000+0000,8253.5498046875,1291.5999755859375
2017-11-23T00:00:00.000000+0000,8038.77001953125,1291.5999755859375
2017-11-23T12:00:00.000000+0000,8038.77001953125,1291.5999755859375
2017-11-24T00:00:00.000000+0000,8253.6904296875,1286.699951171875
2017-11-24T12:00:00.000000+0000,8253.6904296875,1286.699951171875
2017-11-25T00:00:00.000000+0000,8790.919921875,1286.699951171875
2017-11-25T12:00:00.000000+0000,8790.919921875,1286.699951171875
2017-11-26T00:00:00.000000+0000,9330.5498046875,1286.699951171875
2017-11-26T12:00:00.000000+0000,9330.5498046875,1286.699951171875
2017-11-27T00:00:00.000000+0000,9818.349609375,1293.800048828125
2017-11-27T12:00:00.000000+0000,9818.349609375,1293.800048828125
2017-11-28T00:00:00.000000+0000,10058.7998046875,1294.699951171875
2017-11-28T12:00:00.000000+0000,10058.7998046875,1294.699951171875
2017-11-29T00:00:00.000000+0000,9888.6103515625,1282.0999755859375
2017-11-29T12:00:00.000000+0000,9888.6103515625,1282.0999755859375
2017-11-30T00:00:00.000000+0000,10233.599609375,1273.199951171875
2017-11-30T12:00:00.000000+0000,10233.599609375,1273.199951171875
2017-12-01T00:00:00.000000+0000,10975.599609375,1278.800048828125
2017-12-01T12:00:00.000000+0000,10975.599609375,1278.800048828125
2017-12-02T00:00:00.000000+0000,11074.599609375,1278.800048828125
2017-12-02T12:00:00.000000+0000,11074.599609375,1278.800048828125
2017-12-03T00:00:00.000000+0000,11323.2001953125,1278.800048828125
2017-12-03T12:00:00.000000+0000,11323.2001953125,1278.800048828125
2017-12-04T00:00:00.000000+0000,11657.2001953125,1274.300048828125
2017-12-04T12:00:00.000000+0000,11657.2001953125,1274.300048828125
2017-12-05T00:00:00.000000+0000,11916.7001953125,1261.5999755859375
2017-12-05T12:00:00.000000+0000,11916.7001953125,1261.5999755859375
2017-12-06T00:00:00.000000+0000,14291.5,1262.800048828125
2017-12-06T12:00:00.000000+0000,14291.5,1262.800048828125
2017-12-07T00:00:00.000000+0000,17899.69921875,1249.800048828125
2017-12-07T12:00:00.000000+0000,17899.69921875,1249.800048828125
2017-12-08T00:00:00.000000+0000,16569.400390625,1245.199951171875
2017-12-08T12:00:00.000000+0000,16569.400390625,1245.199951171875
2017-12-09T00:00:00.000000+0000,15178.2001953125,1245.199951171875
2017-12-09T12:00:00.000000+0000,15178.2001953125,1245.199951171875
2017-12-10T00:00:00.000000+0000,15455.400390625,1245.199951171875
2017-12-10T12:00:00.000000+0000,15455.400390625,1245.199951171875
2017-12-11T00:00:00.000000+0000,16936.80078125,1243.699951171875
2017-12-11T12:00:00.000000+0000,16936.80078125,1243.699951171875
2017-12-12T00:00:00.000000+0000,17415.400390625,1238.5
2017-12-12T12:00:00.000000+0000,17415.400390625,1238.5
2017-12-13T00:00:00.000000+0000,16408.19921875,1245.4000244140625
2017-12-13T12:00:00.000000+0000,16408.19921875,1245.4000244140625
2017-12-14T00:00:00.000000+0000,16564.0,1253.800048828125
2017-12-14T12:00:00.000000+0000,16564.0,1253.800048828125
2017-12-15T00:00:00.000000+0000,17706.900390625,1254.300048828125
2017-12-15T12:00:00.000000+0000,17706.900390625,1254.300048828125
2017-12-16T00:00:00.000000+0000,19497.400390625,1254.300048828125
2017-12-16T12:00:00.000000+0000,19497.400390625,1254.300048828125
2017-12-17T00:00:00.000000+0000,19140.80078125,1254.300048828125
2017-12-17T12:00:00.000000+0000,19140.80078125,1254.300048828125
2017-12-18T00:00:00.000000+0000,19114.19921875,1262.199951171875
2017-12-18T12:00:00.000000+0000,19114.19921875,1262.199951171875
2017-12-19T00:00:00.000000+0000,17776.69921875,1260.699951171875
2017-12-19T12:00:00.000000+0000,17776.69921875,1260.699951171875
2017-12-20T00:00:00.000000+0000,16624.599609375,1266.0999755859375
2017-12-20T12:00:00.000000+0000,16624.599609375,1266.0999755859375
2017-12-21T00:00:00.000000+0000,15802.900390625,1267.300048828125
2017-12-21T12:00:00.000000+0000,15802.900390625,1267.300048828125
2017-12-22T00:00:00.000000+0000,13831.7998046875,1275.4000244140625
2017-12-22T12:00:00.000000+0000,13831.7998046875,1275.4000244140625
2017-12-23T00:00:00.000000+0000,14699.2001953125,1275.4000244140625
2017-12-23T12:00:00.000000+0000,14699.2001953125,1275.4000244140625
2017-12-24T00:00:00.000000+0000,13925.7998046875,1275.4000244140625
2017-12-24T12:00:00.000000+0000,13925.7998046875,1275.4000244140625
2017-12-25T00:00:00.000000+0000,14026.599609375,1275.4000244140625
2017-12-25T12:00:00.000000+0000,14026.599609375,1275.4000244140625
2017-12-26T00:00:00.000000+0000,16099.7998046875,1284.0999755859375
2017-12-26T12:00:00.000000+0000,16099.7998046875,1284.0999755859375
2017-12-27T00:00:00.000000+0000,15838.5,1287.0
2017-12-27T12:00:00.000000+0000,15838.5,1287.0
2017-12-28T00:00:00.000000+0000,14606.5,1294.0999755859375
2017-12-28T12:00:00.000000+0000,14606.5,1294.0999755859375
2017-12-29T00:00:00.000000+0000,14656.2001953125,1306.300048828125
2017-12-29T12:00:00.000000+0000,14656.2001953125,1306.300048828125
2017-12-30T00:00:00.000000+0000,12952.2001953125,1306.300048828125
2017-12-30T12:00:00.000000+0000,12952.2001953125,1306.300048828125
2017-12-31T00:00:00.000000+0000,14156.400390625,1306.300048828125
2017-12-31T12:00:00.000000+0000,14156.400390625,1306.300048828125
2018-01-01T00:00:00.000000+0000,13657.2001953125,1306.300048828125
2018-01-01T12:00:00.000000+0000,13657.2001953125,1306.300048828125
2018-01-02T00:00:00.000000+0000,14982.099609375,1313.699951171875
2018-01-02T12:00:00.000000+0000,14982.099609375,1313.699951171875
2018-01-03T00:00:00.000000+0000,15201.0,1316.199951171875
2018-01-03T12:00:00.000000+0000,15201.0,1316.199951171875
2018-01-04T00:00:00.000000+0000,15599.2001953125,1319.4000244140625
2018-01-04T12:00:00.000000+0000,15599.2001953125,1319.4000244140625
2018-01-05T00:00:00.000000+0000,17429.5,1320.300048828125
2018-01-05T12:00:00.000000+0000,17429.5,1320.300048828125
2018-01-06T00:00:00.000000+0000,17527.0,1320.300048828125
2018-01-06T12:00:00.000000+0000,17527.0,1320.300048828125
2018-01-07T00:00:00.000000+0000,16477.599609375,1320.300048828125
2018-01-07T12:00:00.000000+0000,16477.599609375,1320.300048828125
2018-01-08T00:00:00.000000+0000,15170.099609375,1318.5999755859375
2018-01-08T12:00:00.000000+0000,15170.099609375,1318.5999755859375
2018-01-09T00:00:00.000000+0000,14595.400390625,1311.699951171875
2018-01-09T12:00:00.000000+0000,14595.400390625,1311.699951171875
2018-01-10T00:00:00.000000+0000,14973.2998046875,1317.4000244140625
2018-01-10T12:00:00.000000+0000,14973.2998046875,1317.4000244140625
2018-01-11T00:00:00.000000+0000,13405.7998046875,1320.5999755859375
2018-01-11T12:00:00.000000+0000,13405.7998046875,1320.5999755859375
2018-01-12T00:00:00.000000+0000,13980.599609375,1333.4000244140625
2018-01-12T12:00:00.000000+0000,13980.599609375,1333.4000244140625
2018-01-13T00:00:00.000000+0000,14360.2001953125,1333.4000244140625
2018-01-13T12:00:00.000000+0000,14360.2001953125,1333.4000244140625
2018-01-14T00:00:00.000000+0000,13772.0,1333.4000244140625
2018-01-14T12:00:00.000000+0000,13772.0,1333.4000244140625
2018-01-15T00:00:00.000000+0000,13819.7998046875,1333.4000244140625
2018-01-15T12:00:00.000000+0000,13819.7998046875,1333.4000244140625
2018-01-16T00:00:00.000000+0000,11490.5,1335.4000244140625
2018-01-16T12:00:00.000000+0000,11490.5,1335.4000244140625
2018-01-17T00:00:00.000000+0000,11188.599609375,1338.0
2018-01-17T12:00:00.000000+0000,11188.599609375,1338.0
2018-01-18T00:00:00.000000+0000,11474.900390625,1326.0
2018-01-18T12:00:00.000000+0000,11474.900390625,1326.0
2018-01-19T00:00:00.000000+0000,11607.400390625,1331.9000244140625
2018-01-19T12:00:00.000000+0000,11607.400390625,1331.9000244140625
2018-01-20T00:00:00.000000+0000,12899.2001953125,1331.9000244140625
2018-01-20T12:00:00.000000+0000,12899.2001953125,1331.9000244140625
2018-01-21T00:00:00.000000+0000,11600.099609375,1331.9000244140625
2018-01-21T12:00:00.000000+0000,11600.099609375,1331.9000244140625
2018-01-22T00:00:00.000000+0000,10931.400390625,1330.9000244140625
2018-01-22T12:00:00.000000+0000,10931.400390625,1330.9000244140625
2018-01-23T00:00:00.000000+0000,10868.400390625,1335.699951171875
2018-01-23T12:00:00.000000+0000,10868.400390625,1335.699951171875
2018-01-24T00:00:00.000000+0000,11359.400390625,1355.9000244140625
2018-01-24T12:00:00.000000+0000,11359.400390625,1355.9000244140625
2018-01-25T00:00:00.000000+0000,11259.400390625,1362.4000244140625
2018-01-25T12:00:00.000000+0000,11259.400390625,1362.4000244140625
2018-01-26T00:00:00.000000+0000,11171.400390625,1351.5999755859375
2018-01-26T12:00:00.000000+0000,11171.400390625,1351.5999755859375
2018-01-27T00:00:00.000000+0000,11440.7001953125,1351.5999755859375
2018-01-27T12:00:00.000000+0000,11440.7001953125,1351.5999755859375
2018-01-28T00:00:00.000000+0000,11786.2998046875,1351.5999755859375
2018-01-28T12:00:00.000000+0000,11786.2998046875,1351.5999755859375
2018-01-29T00:00:00.000000+0000,11296.400390625,1351.5999755859375
2018-01-29T12:00:00.000000+0000,11296.400390625,1351.5999755859375
2018-01-30T00:00:00.000000+0000,10106.2998046875,1335.4000244140625
2018-01-30T12:00:00.000000+0000,10106.2998046875,1335.4000244140625
2018-01-31T00:00:00.000000+0000,10221.099609375,1339.0
2018-01-31T12:00:00.000000+0000,10221.099609375,1339.0
2018-02-01T00:00:00.000000+0000,9170.5400390625,1344.300048828125
2018-02-01T12:00:00.000000+0000,9170.5400390625,1344.300048828125
2018-02-02T00:00:00.000000+0000,8830.75,1333.699951171875
2018-02-02T12:00:00.000000+0000,8830.75,1333.699951171875
2018-02-03T00:00:00.000000+0000,9174.91015625,1333.699951171875
2018-02-03T12:00:00.000000+0000,9174.91015625,1333.699951171875
2018-02-04T00:00:00.000000+0000,8277.009765625,1333.699951171875
2018-02-04T12:00:00.000000+0000,8277.009765625,1333.699951171875
2018-02-05T00:00:00.000000+0000,6955.27001953125,1333.0
2018-02-05T12:00:00.000000+0000,6955.27001953125,1333.0
2018-02-06T00:00:00.000000+0000,7754.0,1326.0999755859375
2018-02-06T12:00:00.000000+0000,7754.0,1326.0999755859375
2018-02-07T00:00:00.000000+0000,7621.2998046875,1311.5999755859375
2018-02-07T12:00:00.000000+0000,7621.2998046875,1311.5999755859375
2018-02-08T00:00:00.000000+0000,8265.58984375,1316.9000244140625
2018-02-08T12:00:00.000000+0000,8265.58984375,1316.9000244140625
2018-02-09T00:00:00.000000+0000,8736.98046875,1313.0999755859375
2018-02-09T12:00:00.000000+0000,8736.98046875,1313.0999755859375
2018-02-10T00:00:00.000000+0000,8621.900390625,1313.0999755859375
2018-02-10T12:00:00.000000+0000,8621.900390625,1313.0999755859375
2018-02-11T00:00:00.000000+0000,8129.97021484375,1313.0999755859375
2018-02-11T12:00:00.000000+0000,8129.97021484375,1313.0999755859375
2018-02-12T00:00:00.000000+0000,8926.5703125,1324.199951171875
2018-02-12T12:00:00.000000+0000,8926.5703125,1324.199951171875
2018-02-13T00:00:00.000000+0000,8598.3095703125,1328.0999755859375
2018-02-13T12:00:00.000000+0000,8598.3095703125,1328.0999755859375
2018-02-14T00:00:00.000000+0000,9494.6298828125,1355.5
2018-02-14T12:00:00.000000+0000,9494.6298828125,1355.5
2018-02-15T00:00:00.000000+0000,10166.400390625,1352.0999755859375
2018-02-15T12:00:00.000000+0000,10166.400390625,1352.0999755859375
2018-02-16T00:00:00.000000+0000,10233.900390625,1353.199951171875
2018-02-16T12:00:00.000000+0000,10233.900390625,1353.199951171875
2018-02-17T00:00:00.000000+0000,11112.7001953125,1353.199951171875
2018-02-17T12:00:00.000000+0000,11112.7001953125,1353.199951171875
2018-02-18T00:00:00.000000+0000,10551.7998046875,1353.199951171875
2018-02-18T12:00:00.000000+0000,10551.7998046875,1353.199951171875
2018-02-19T00:00:00.000000+0000,11225.2998046875,1353.199951171875
2018-02-19T12:00:00.000000+0000,11225.2998046875,1353.199951171875
2018-02-20T00:00:00.000000+0000,11403.7001953125,1328.800048828125
2018-02-20T12:00:00.000000+0000,11403.7001953125,1328.800048828125
2018-02-21T00:00:00.000000+0000,10690.400390625,1330.0
2018-02-21T12:00:00.000000+0000,10690.400390625,1330.0
2018-02-22T00:00:00.000000+0000,10005.0,1330.5999755859375
2018-02-22T12:00:00.000000+0000,10005.0,1330.5999755859375
2018-02-23T00:00:00.000000+0000,10301.099609375,1328.199951171875
2018-02-23T12:00:00.000000+0000,10301.099609375,1328.199951171875
2018-02-24T00:00:00.000000+0000,9813.0703125,1328.199951171875
2018-02-24T12:00:00.000000+0000,9813.0703125,1328.199951171875
2018-02-25T00:00:00.000000+0000,9664.73046875,1328.199951171875
2018-02-25T12:00:00.000000+0000,9664.73046875,1328.199951171875
2018-02-26T00:00:00.000000+0000,10366.7001953125,1330.699951171875
2018-02-26T12:00:00.000000+0000,10366.7001953125,1330.699951171875
2018-02-27T00:00:00.000000+0000,10725.599609375,1315.5
2018-02-27T12:00:00.000000+0000,10725.599609375,1315.5
2018-02-28T00:00:00.000000+0000,10397.900390625,1315.5
2018-02-28T12:00:00.000000+0000,10397.900390625,1315.5
2018-03-01T00:00:00.000000+0000,10951.0,1302.9000244140625
2018-03-01T12:00:00.000000+0000,10951.0,1302.9000244140625
2018-03-02T00:00:00.000000+0000,11086.400390625,1321.0999755859375
2018-03-02T12:00:00.000000+0000,11086.400390625,1321.0999755859375
2018-03-03T00:00:00.000000+0000,11489.7001953125,1321.0999755859375
2018-03-03T12:00:00.000000+0000,11489.7001953125,1321.0999755859375
2018-03-04T00:00:00.000000+0000,11512.599609375,1321.0999755859375
2018-03-04T12:00:00.000000+0000,11512.599609375,1321.0999755859375
2018-03-05T00:00:00.000000+0000,11573.2998046875,1318.0999755859375
2018-03-05T12:00:00.000000+0000,11573.2998046875,1318.0999755859375
2018-03-06T00:00:00.000000+0000,10779.900390625,1333.5999755859375
2018-03-06T12:00:00.000000+0000,10779.900390625,1333.5999755859375
2018-03-07T00:00:00.000000+0000,9965.5703125,1326.0
2018-03-07T12:00:00.000000+0000,9965.5703125,1326.0
2018-03-08T00:00:00.000000+0000,9395.009765625,1319.9000244140625
2018-03-08T12:00:00.000000+0000,9395.009765625,1319.9000244140625
2018-03-09T00:00:00.000000+0000,9337.5498046875,1322.4000244140625
2018-03-09T12:00:00.000000+0000,9337.5498046875,1322.4000244140625
2018-03-10T00:00:00.000000+0000,8866.0,1322.4000244140625
2018-03-10T12:00:00.000000+0000,8866.0,1322.4000244140625
2018-03-11T00:00:00.000000+0000,9578.6298828125,1322.4000244140625
2018-03-11T12:00:00.000000+0000,9578.6298828125,1322.4000244140625
2018-03-12T00:00:00.000000+0000,9205.1201171875,1319.4000244140625
2018-03-12T12:00:00.000000+0000,9205.1201171875,1319.4000244140625
2018-03-13T00:00:00.000000+0000,9194.849609375,1325.9000244140625
2018-03-13T12:00:00.000000+0000,9194.849609375,1325.9000244140625
2018-03-14T00:00:00.000000+0000,8269.8095703125,1324.4000244140625
2018-03-14T12:00:00.000000+0000,8269.8095703125,1324.4000244140625
2018-03-15T00:00:00.000000+0000,8300.8603515625,1316.800048828125
2018-03-15T12:00:00.000000+0000,8300.8603515625,1316.800048828125
2018-03-16T00:00:00.000000+0000,8338.349609375,1311.300048828125
2018-03-16T12:00:00.000000+0000,8338.349609375,1311.300048828125
2018-03-17T00:00:00.000000+0000,7916.8798828125,1311.300048828125
2018-03-17T12:00:00.000000+0000,7916.8798828125,1311.300048828125
2018-03-18T00:00:00.000000+0000,8223.6796875,1311.300048828125
2018-03-18T12:00:00.000000+0000,8223.6796875,1311.300048828125
2018-03-19T00:00:00.000000+0000,8630.650390625,1316.800048828125
2018-03-19T12:00:00.000000+0000,8630.650390625,1316.800048828125
2018-03-20T00:00:00.000000+0000,8913.4697265625,1311.0999755859375
2018-03-20T12:00:00.000000+0000,8913.4697265625,1311.0999755859375
2018-03-21T00:00:00.000000+0000,8929.2802734375,1320.699951171875
2018-03-21T12:00:00.000000+0000,8929.2802734375,1320.699951171875
2018-03-22T00:00:00.000000+0000,8728.4697265625,1326.5999755859375
2018-03-22T12:00:00.000000+0000,8728.4697265625,1326.5999755859375
2018-03-23T00:00:00.000000+0000,8879.6201171875,1349.300048828125
2018-03-23T12:00:00.000000+0000,8879.6201171875,1349.300048828125
2018-03-24T00:00:00.000000+0000,8668.1201171875,1349.300048828125
2018-03-24T12:00:00.000000+0000,8668.1201171875,1349.300048828125
2018-03-25T00:00:00.000000+0000,8495.7802734375,1349.300048828125
2018-03-25T12:00:00.000000+0000,8495.7802734375,1349.300048828125
2018-03-26T00:00:00.000000+0000,8209.400390625,1354.4000244140625
2018-03-26T12:00:00.000000+0000,8209.400390625,1354.4000244140625
2018-03-27T00:00:00.000000+0000,7833.0400390625,1341.300048828125
2018-03-27T12:00:00.000000+0000,7833.0400390625,1341.300048828125
2018-03-28T00:00:00.000000+0000,7954.47998046875,1324.199951171875
2018-03-28T12:00:00.000000+0000,7954.47998046875,1324.199951171875
2018-03-29T00:00:00.000000+0000,7165.7001953125,1322.800048828125
2018-03-29T12:00:00.000000+0000,7165.7001953125,1322.800048828125
2018-03-30T00:00:00.000000+0000,6890.52001953125,1322.800048828125
2018-03-30T12:00:00.000000+0000,6890.52001953125,1322.800048828125
2018-03-31T00:00:00.000000+0000,6973.52978515625,1322.800048828125
2018-03-31T12:00:00.000000+0000,6973.52978515625,1322.800048828125
2018-04-01T00:00:00.000000+0000,6844.22998046875,1322.800048828125
2018-04-01T12:00:00.000000+0000,6844.22998046875,1322.800048828125
2018-04-02T00:00:00.000000+0000,7083.7998046875,1342.0999755859375
2018-04-02T12:00:00.000000+0000,7083.7998046875,1342.0999755859375
2018-04-03T00:00:00.000000+0000,7456.10986328125,1332.800048828125
2018-04-03T12:00:00.000000+0000,7456.10986328125,1332.800048828125
2018-04-04T00:00:00.000000+0000,6853.83984375,1335.800048828125
2018-04-04T12:00:00.000000+0000,6853.83984375,1335.800048828125
2018-04-05T00:00:00.000000+0000,6811.47021484375,1324.300048828125
2018-04-05T12:00:00.000000+0000,6811.47021484375,1324.300048828125
2018-04-06T00:00:00.000000+0000,6636.31982421875,1331.9000244140625
2018-04-06T12:00:00.000000+0000,6636.31982421875,1331.9000244140625
2018-04-07T00:00:00.000000+0000,6911.08984375,1331.9000244140625
2018-04-07T12:00:00.000000+0000,6911.08984375,1331.9000244140625
2018-04-08T00:00:00.000000+0000,7023.52001953125,1331.9000244140625
2018-04-08T12:00:00.000000+0000,7023.52001953125,1331.9000244140625
2018-04-09T00:00:00.000000+0000,6770.72998046875,1336.300048828125
2018-04-09T12:00:00.000000+0000,6770.72998046875,1336.300048828125
2018-04-10T00:00:00.000000+0000,6834.759765625,1342.0
2018-04-10T12:00:00.000000+0000,6834.759765625,1342.0
2018-04-11T00:00:00.000000+0000,6968.31982421875,1356.5
2018-04-11T12:00:00.000000+0000,6968.31982421875,1356.5
2018-04-12T00:00:00.000000+0000,7889.25,1338.4000244140625
2018-04-12T12:00:00.000000+0000,7889.25,1338.4000244140625
2018-04-13T00:00:00.000000+0000,7895.9599609375,1344.800048828125
2018-04-13T12:00:00.000000+0000,7895.9599609375,1344.800048828125
2018-04-14T00:00:00.000000+0000,7986.240234375,1344.800048828125
2018-04-14T12:00:00.000000+0000,7986.240234375,1344.800048828125
2018-04-15T00:00:00.000000+0000,8329.1103515625,1344.800048828125
2018-04-15T12:00:00.000000+0000,8329.1103515625,1344.800048828125
2018-04-16T00:00:00.000000+0000,8058.669921875,1347.5
2018-04-16T12:00:00.000000+0000,8058.669921875,1347.5
2018-04-17T00:00:00.000000+0000,7902.08984375,1347.199951171875
2018-04-17T12:00:00.000000+0000,7902.08984375,1347.199951171875
2018-04-18T00:00:00.000000+0000,8163.419921875,1351.199951171875
2018-04-18T12:00:00.000000+0000,8163.419921875,1351.199951171875
2018-04-19T00:00:00.000000+0000,8294.3095703125,1346.800048828125
2018-04-19T12:00:00.000000+0000,8294.3095703125,1346.800048828125
2018-04-20T00:00:00.000000+0000,8845.830078125,1336.699951171875
2018-04-20T12:00:00.000000+0000,8845.830078125,1336.699951171875
2018-04-21T00:00:00.000000+0000,8895.580078125,1336.699951171875
2018-04-21T12:00:00.000000+0000,8895.580078125,1336.699951171875
2018-04-22T00:00:00.000000+0000,8802.4599609375,1336.699951171875
2018-04-22T12:00:00.000000+0000,8802.4599609375,1336.699951171875
2018-04-23T00:00:00.000000+0000,8930.8798828125,1322.5
2018-04-23T12:00:00.000000+0000,8930.8798828125,1322.5
2018-04-24T00:00:00.000000+0000,9697.5,1331.4000244140625
2018-04-24T12:00:00.000000+0000,9697.5,1331.4000244140625
2018-04-25T00:00:00.000000+0000,8845.740234375,1321.199951171875
2018-04-25T12:00:00.000000+0000,8845.740234375,1321.199951171875
2018-04-26T00:00:00.000000+0000,9281.509765625,1316.300048828125
2018-04-26T12:00:00.000000+0000,9281.509765625,1316.300048828125
2018-04-27T00:00:00.000000+0000,8987.0498046875,1320.300048828125
2018-04-27T12:00:00.000000+0000,8987.0498046875,1320.300048828125
2018-04-28T00:00:00.000000+0000,9348.48046875,1320.300048828125
2018-04-28T12:00:00.000000+0000,9348.48046875,1320.300048828125
2018-04-29T00:00:00.000000+0000,9419.080078125,1320.300048828125
2018-04-29T12:00:00.000000+0000,9419.080078125,1320.300048828125
2018-04-30T00:00:00.000000+0000,9240.5498046875,1316.199951171875
2018-04-30T12:00:00.000000+0000,9240.5498046875,1316.199951171875
2018-05-01T00:00:00.000000+0000,9119.009765625,1303.800048828125
2018-05-01T12:00:00.000000+0000,9119.009765625,1303.800048828125
2018-05-02T00:00:00.000000+0000,9235.919921875,1302.5999755859375
2018-05-02T12:00:00.000000+0000,9235.919921875,1302.5999755859375
2018-05-03T00:00:00.000000+0000,9743.8603515625,1310.699951171875
2018-05-03T12:00:00.000000+0000,9743.8603515625,1310.699951171875
2018-05-04T00:00:00.000000+0000,9700.759765625,1312.699951171875
2018-05-04T12:00:00.000000+0000,9700.759765625,1312.699951171875
2018-05-05T00:00:00.000000+0000,9858.150390625,1312.699951171875
2018-05-05T12:00:00.000000+0000,9858.150390625,1312.699951171875
2018-05-06T00:00:00.000000+0000,9654.7998046875,1312.699951171875
2018-05-06T12:00:00.000000+0000,9654.7998046875,1312.699951171875
2018-05-07T00:00:00.000000+0000,9373.009765625,1312.199951171875
2018-05-07T12:00:00.000000+0000,9373.009765625,1312.199951171875
2018-05-08T00:00:00.000000+0000,9234.8203125,1312.0
2018-05-08T12:00:00.000000+0000,9234.8203125,1312.0
2018-05-09T00:00:00.000000+0000,9325.1796875,1311.300048828125
2018-05-09T12:00:00.000000+0000,9325.1796875,1311.300048828125
2018-05-10T00:00:00.000000+0000,9043.9404296875,1320.800048828125
2018-05-10T12:00:00.000000+0000,9043.9404296875,1320.800048828125
2018-05-11T00:00:00.000000+0000,8441.490234375,1319.0
2018-05-11T12:00:00.000000+0000,8441.490234375,1319.0
2018-05-12T00:00:00.000000+0000,8504.8896484375,1319.0
2018-05-12T12:00:00.000000+0000,8504.8896484375,1319.0
2018-05-13T00:00:00.000000+0000,8723.9404296875,1319.0
2018-05-13T12:00:00.000000+0000,8723.9404296875,1319.0
2018-05-14T00:00:00.000000+0000,8716.7900390625,1316.5
2018-05-14T12:00:00.000000+0000,8716.7900390625,1316.5
2018-05-15T00:00:00.000000+0000,8510.3798828125,1288.9000244140625
2018-05-15T12:00:00.000000+0000,8510.3798828125,1288.9000244140625
2018-05-16T00:00:00.000000+0000,8368.830078125,1290.199951171875
2018-05-16T12:00:00.000000+0000,8368.830078125,1290.199951171875
2018-05-17T00:00:00.000000+0000,8094.31982421875,1288.199951171875
2018-05-17T12:00:00.000000+0000,8094.31982421875,1288.199951171875
2018-05-18T00:00:00.000000+0000,8250.9697265625,1290.199951171875
2018-05-18T12:00:00.000000+0000,8250.9697265625,1290.199951171875
2018-05-19T00:00:00.000000+0000,8247.1796875,1290.199951171875
2018-05-19T12:00:00.000000+0000,8247.1796875,1290.199951171875
2018-05-20T00:00:00.000000+0000,8513.25,1290.199951171875
2018-05-20T12:00:00.000000+0000,8513.25,1290.199951171875
2018-05-21T00:00:00.000000+0000,8418.990234375,1290.199951171875
2018-05-21T12:00:00.000000+0000,8418.990234375,1290.199951171875
2018-05-22T00:00:00.000000+0000,8041.77978515625,1291.699951171875
2018-05-22T12:00:00.000000+0000,8041.77978515625,1291.699951171875
2018-05-23T00:00:00.000000+0000,7557.81982421875,1289.300048828125
2018-05-23T12:00:00.000000+0000,7557.81982421875,1289.300048828125
2018-05-24T00:00:00.000000+0000,7587.33984375,1303.699951171875
2018-05-24T12:00:00.000000+0000,7587.33984375,1303.699951171875
2018-05-25T00:00:00.000000+0000,7480.14013671875,1303.300048828125
2018-05-25T12:00:00.000000+0000,7480.14013671875,1303.300048828125
2018-05-26T00:00:00.000000+0000,7355.8798828125,1303.300048828125
2018-05-26T12:00:00.000000+0000,7355.8798828125,1303.300048828125
2018-05-27T00:00:00.000000+0000,7368.22021484375,1303.300048828125
2018-05-27T12:00:00.000000+0000,7368.22021484375,1303.300048828125
2018-05-28T00:00:00.000000+0000,7135.990234375,1303.300048828125
2018-05-28T12:00:00.000000+0000,7135.990234375,1303.300048828125
2018-05-29T00:00:00.000000+0000,7472.58984375,1298.699951171875
2018-05-29T12:00:00.000000+0000,7472.58984375,1298.699951171875
2018-05-30T00:00:00.000000+0000,7406.52001953125,1301.5
2018-05-30T12:00:00.000000+0000,7406.52001953125,1301.5
2018-05-31T00:00:00.000000+0000,7494.169921875,1300.0999755859375
2018-05-31T12:00:00.000000+0000,7494.169921875,1300.0999755859375
2018-06-01T00:00:00.000000+0000,7541.4501953125,1294.800048828125
2018-06-01T12:00:00.000000+0000,7541.4501953125,1294.800048828125
2018-06-02T00:00:00.000000+0000,7643.4501953125,1294.800048828125
2018-06-02T12:00:00.000000+0000,7643.4501953125,1294.800048828125
2018-06-03T00:00:00.000000+0000,7720.25,1294.800048828125
2018-06-03T12:00:00.000000+0000,7720.25,1294.800048828125
2018-06-04T00:00:00.000000+0000,7514.47021484375,1293.0999755859375
2018-06-04T12:00:00.000000+0000,7514.47021484375,1293.0999755859375
2018-06-05T00:00:00.000000+0000,7633.759765625,1297.5
2018-06-05T12:00:00.000000+0000,7633.759765625,1297.5
2018-06-06T00:00:00.000000+0000,7653.97998046875,1297.0999755859375
2018-06-06T12:00:00.000000+0000,7653.97998046875,1297.0999755859375
2018-06-07T00:00:00.000000+0000,7678.240234375,1298.699951171875
2018-06-07T12:00:00.000000+0000,7678.240234375,1298.699951171875
2018-06-08T00:00:00.000000+0000,7624.919921875,1298.0999755859375
2018-06-08T12:00:00.000000+0000,7624.919921875,1298.0999755859375
2018-06-09T00:00:00.000000+0000,7531.97998046875,1298.0999755859375
2018-06-09T12:00:00.000000+0000,7531.97998046875,1298.0999755859375
2018-06-10T00:00:00.000000+0000,6786.02001953125,1298.0999755859375
2018-06-10T12:00:00.000000+0000,6786.02001953125,1298.0999755859375
2018-06-11T00:00:00.000000+0000,6906.919921875,1298.9000244140625
2018-06-11T12:00:00.000000+0000,6906.919921875,1298.9000244140625
2018-06-12T00:00:00.000000+0000,6582.35986328125,1295.0999755859375
2018-06-12T12:00:00.000000+0000,6582.35986328125,1295.0999755859375
2018-06-13T00:00:00.000000+0000,6349.89990234375,1296.9000244140625
2018-06-13T12:00:00.000000+0000,6349.89990234375,1296.9000244140625
2018-06-14T00:00:00.000000+0000,6675.35009765625,1304.0
2018-06-14T12:00:00.000000+0000,6675.35009765625,1304.0
2018-06-15T00:00:00.000000+0000,6456.580078125,1274.5999755859375
2018-06-15T12:00:00.000000+0000,6456.580078125,1274.5999755859375
2018-06-16T00:00:00.000000+0000,6550.16015625,1274.5999755859375
2018-06-16T12:00:00.000000+0000,6550.16015625,1274.5999755859375
2018-06-17T00:00:00.000000+0000,6499.27001953125,1274.5999755859375
2018-06-17T12:00:00.000000+0000,6499.27001953125,1274.5999755859375
2018-06-18T00:00:00.000000+0000,6734.81982421875,1276.199951171875
2018-06-18T12:00:00.000000+0000,6734.81982421875,1276.199951171875
2018-06-19T00:00:00.000000+0000,6769.93994140625,1275.5999755859375
2018-06-19T12:00:00.000000+0000,6769.93994140625,1275.5999755859375
2018-06-20T00:00:00.000000+0000,6776.5498046875,1271.199951171875
2018-06-20T12:00:00.000000+0000,6776.5498046875,1271.199951171875
2018-06-21T00:00:00.000000+0000,6729.740234375,1267.199951171875
2018-06-21T12:00:00.000000+0000,6729.740234375,1267.199951171875
2018-06-22T00:00:00.000000+0000,6083.68994140625,1267.4000244140625
2018-06-22T12:00:00.000000+0000,6083.68994140625,1267.4000244140625
2018-06-23T00:00:00.000000+0000,6162.47998046875,1267.4000244140625
2018-06-23T12:00:00.000000+0000,6162.47998046875,1267.4000244140625
2018-06-24T00:00:00.000000+0000,6173.22998046875,1267.4000244140625
2018-06-24T12:00:00.000000+0000,6173.22998046875,1267.4000244140625
2018-06-25T00:00:00.000000+0000,6249.18017578125,1265.5999755859375
2018-06-25T12:00:00.000000+0000,6249.18017578125,1265.5999755859375
2018-06-26T00:00:00.000000+0000,6093.669921875,1256.5999755859375
2018-06-26T12:00:00.000000+0000,6093.669921875,1256.5999755859375
2018-06-27T00:00:00.000000+0000,6157.1298828125,1252.800048828125
2018-06-27T12:00:00.000000+0000,6157.1298828125,1252.800048828125
2018-06-28T00:00:00.000000+0000,5903.43994140625,1247.800048828125
2018-06-28T12:00:00.000000+0000,5903.43994140625,1247.800048828125
2018-06-29T00:00:00.000000+0000,6218.2998046875,1251.300048828125
2018-06-29T12:00:00.000000+0000,6218.2998046875,1251.300048828125
2018-06-30T00:00:00.000000+0000,6404.0,1251.300048828125
2018-06-30T12:00:00.000000+0000,6404.0,1251.300048828125
2018-07-01T00:00:00.000000+0000,6385.81982421875,1251.300048828125
2018-07-01T12:00:00.000000+0000,6385.81982421875,1251.300048828125
2018-07-02T00:00:00.000000+0000,6614.18017578125,1239.800048828125
2018-07-02T12:00:00.000000+0000,6614.18017578125,1239.800048828125
2018-07-03T00:00:00.000000+0000,6529.58984375,1251.5999755859375
2018-07-03T12:00:00.000000+0000,6529.58984375,1251.5999755859375
2018-07-04T00:00:00.000000+0000,6597.5498046875,1251.5999755859375
2018-07-04T12:00:00.000000+0000,6597.5498046875,1251.5999755859375
2018-07-05T00:00:00.000000+0000,6639.14013671875,1257.300048828125
2018-07-05T12:00:00.000000+0000,6639.14013671875,1257.300048828125
2018-07-06T00:00:00.000000+0000,6673.5,1254.300048828125
2018-07-06T12:00:00.000000+0000,6673.5,1254.300048828125
2018-07-07T00:00:00.000000+0000,6856.93017578125,1254.300048828125
2018-07-07T12:00:00.000000+0000,6856.93017578125,1254.300048828125
2018-07-08T00:00:00.000000+0000,6773.8798828125,1254.300048828125
2018-07-08T12:00:00.000000+0000,6773.8798828125,1254.300048828125
2018-07-09T00:00:00.000000+0000,6741.75,1258.0999755859375
2018-07-09T12:00:00.000000+0000,6741.75,1258.0999755859375
2018-07-10T00:00:00.000000+0000,6329.9501953125,1253.800048828125
2018-07-10T12:00:00.000000+0000,6329.9501953125,1253.800048828125
2018-07-11T00:00:00.000000+0000,6394.7099609375,1242.800048828125
2018-07-11T12:00:00.000000+0000,6394.7099609375,1242.800048828125
2018-07-12T00:00:00.000000+0000,6228.81005859375,1245.0
2018-07-12T12:00:00.000000+0000,6228.81005859375,1245.0
2018-07-13T00:00:00.000000+0000,6238.0498046875,1239.5999755859375
2018-07-13T12:00:00.000000+0000,6238.0498046875,1239.5999755859375
2018-07-14T00:00:00.000000+0000,6276.1201171875,1239.5999755859375
2018-07-14T12:00:00.000000+0000,6276.1201171875,1239.5999755859375
2018-07-15T00:00:00.000000+0000,6359.64013671875,1239.5999755859375
2018-07-15T12:00:00.000000+0000,6359.64013671875,1239.5999755859375
2018-07-16T00:00:00.000000+0000,6741.75,1238.0999755859375
2018-07-16T12:00:00.000000+0000,6741.75,1238.0999755859375
2018-07-17T00:00:00.000000+0000,7321.0400390625,1225.699951171875
2018-07-17T12:00:00.000000+0000,7321.0400390625,1225.699951171875
2018-07-18T00:00:00.000000+0000,7370.77978515625,1226.300048828125
2018-07-18T12:00:00.000000+0000,7370.77978515625,1226.300048828125
2018-07-19T00:00:00.000000+0000,7466.85986328125,1222.4000244140625
2018-07-19T12:00:00.000000+0000,7466.85986328125,1222.4000244140625
2018-07-20T00:00:00.000000+0000,7354.1298828125,1229.5
2018-07-20T12:00:00.000000+0000,7354.1298828125,1229.5
2018-07-21T00:00:00.000000+0000,7419.2900390625,1229.5
2018-07-21T12:00:00.000000+0000,7419.2900390625,1229.5
2018-07-22T00:00:00.000000+0000,7418.490234375,1229.5
2018-07-22T12:00:00.000000+0000,7418.490234375,1229.5
2018-07-23T00:00:00.000000+0000,7711.10986328125,1224.0
2018-07-23T12:00:00.000000+0000,7711.10986328125,1224.0
2018-07-24T00:00:00.000000+0000,8424.26953125,1223.9000244140625
2018-07-24T12:00:00.000000+0000,8424.26953125,1223.9000244140625
2018-07-25T00:00:00.000000+0000,8181.39013671875,1231.4000244140625
2018-07-25T12:00:00.000000+0000,8181.39013671875,1231.4000244140625
2018-07-26T00:00:00.000000+0000,7951.580078125,1225.300048828125
2018-07-26T12:00:00.000000+0000,7951.580078125,1225.300048828125
2018-07-27T00:00:00.000000+0000,8165.009765625,1222.5999755859375
2018-07-27T12:00:00.000000+0000,8165.009765625,1222.5999755859375
2018-07-28T00:00:00.000000+0000,8192.150390625,1222.5999755859375
2018-07-28T12:00:00.000000+0000,8192.150390625,1222.5999755859375
2018-07-29T00:00:00.000000+0000,8218.4599609375,1222.5999755859375
2018-07-29T12:00:00.000000+0000,8218.4599609375,1222.5999755859375
2018-07-30T00:00:00.000000+0000,8180.47998046875,1221.300048828125
2018-07-30T12:00:00.000000+0000,8180.47998046875,1221.300048828125
2018-07-31T00:00:00.000000+0000,7780.43994140625,1223.699951171875
2018-07-31T12:00:00.000000+0000,7780.43994140625,1223.699951171875
2018-08-01T00:00:00.000000+0000,7624.91015625,1217.9000244140625
2018-08-01T12:00:00.000000+0000,7624.91015625,1217.9000244140625
2018-08-02T00:00:00.000000+0000,7567.14990234375,1210.5999755859375
2018-08-02T12:00:00.000000+0000,7567.14990234375,1210.5999755859375
2018-08-03T00:00:00.000000+0000,7434.39013671875,1214.199951171875
2018-08-03T12:00:00.000000+0000,7434.39013671875,1214.199951171875
2018-08-04T00:00:00.000000+0000,7032.85009765625,1214.199951171875
2018-08-04T12:00:00.000000+0000,7032.85009765625,1214.199951171875
2018-08-05T00:00:00.000000+0000,7068.47998046875,1214.199951171875
2018-08-05T12:00:00.000000+0000,7068.47998046875,1214.199951171875
2018-08-06T00:00:00.000000+0000,6951.7998046875,1208.5999755859375
2018-08-06T12:00:00.000000+0000,6951.7998046875,1208.5999755859375
2018-08-07T00:00:00.000000+0000,6753.1201171875,1209.5999755859375
2018-08-07T12:00:00.000000+0000,6753.1201171875,1209.5999755859375
2018-08-08T00:00:00.000000+0000,6305.7998046875,1212.5999755859375
2018-08-08T12:00:00.000000+0000,6305.7998046875,1212.5999755859375
2018-08-09T00:00:00.000000+0000,6568.22998046875,1211.9000244140625
2018-08-09T12:00:00.000000+0000,6568.22998046875,1211.9000244140625
2018-08-10T00:00:00.000000+0000,6184.7099609375,1211.0999755859375
2018-08-10T12:00:00.000000+0000,6184.7099609375,1211.0999755859375
2018-08-11T00:00:00.000000+0000,6295.72998046875,1211.0999755859375
2018-08-11T12:00:00.000000+0000,6295.72998046875,1211.0999755859375
2018-08-12T00:00:00.000000+0000,6322.68994140625,1211.0999755859375
2018-08-12T12:00:00.000000+0000,6322.68994140625,1211.0999755859375
2018-08-13T00:00:00.000000+0000,6297.56982421875,1191.300048828125
2018-08-13T12:00:00.000000+0000,6297.56982421875,1191.300048828125
2018-08-14T00:00:00.000000+0000,6199.7099609375,1193.0
2018-08-14T12:00:00.000000+0000,6199.7099609375,1193.0
2018-08-15T00:00:00.000000+0000,6308.52001953125,1177.5
2018-08-15T12:00:00.000000+0000,6308.52001953125,1177.5
2018-08-16T00:00:00.000000+0000,6334.72998046875,1176.199951171875
2018-08-16T12:00:00.000000+0000,6334.72998046875,1176.199951171875
2018-08-17T00:00:00.000000+0000,6580.6298828125,1176.5
2018-08-17T12:00:00.000000+0000,6580.6298828125,1176.5
2018-08-18T00:00:00.000000+0000,6423.759765625,1176.5
2018-08-18T12:00:00.000000+0000,6423.759765625,1176.5
2018-08-19T00:00:00.000000+0000,6506.06982421875,1176.5
2018-08-19T12:00:00.000000+0000,6506.06982421875,1176.5
2018-08-20T00:00:00.000000+0000,6308.52978515625,1186.800048828125
2018-08-20T12:00:00.000000+0000,6308.52978515625,1186.800048828125
2018-08-21T00:00:00.000000+0000,6488.759765625,1192.5999755859375
2018-08-21T12:00:00.000000+0000,6488.759765625,1192.5999755859375
2018-08-22T00:00:00.000000+0000,6376.7099609375,1196.300048828125
2018-08-22T12:00:00.000000+0000,6376.7099609375,1196.300048828125
2018-08-23T00:00:00.000000+0000,6534.8798828125,1187.0
2018-08-23T12:00:00.000000+0000,6534.8798828125,1187.0
2018-08-24T00:00:00.000000+0000,6719.9599609375,1206.300048828125
2018-08-24T12:00:00.000000+0000,6719.9599609375,1206.300048828125
2018-08-25T00:00:00.000000+0000,6763.18994140625,1206.300048828125
2018-08-25T12:00:00.000000+0000,6763.18994140625,1206.300048828125
2018-08-26T00:00:00.000000+0000,6707.259765625,1206.300048828125
2018-08-26T12:00:00.000000+0000,6707.259765625,1206.300048828125
2018-08-27T00:00:00.000000+0000,6884.64013671875,1209.0
2018-08-27T12:00:00.000000+0000,6884.64013671875,1209.0
2018-08-28T00:00:00.000000+0000,7096.27978515625,1207.4000244140625
2018-08-28T12:00:00.000000+0000,7096.27978515625,1207.4000244140625
2018-08-29T00:00:00.000000+0000,7047.16015625,1204.5
2018-08-29T12:00:00.000000+0000,7047.16015625,1204.5
2018-08-30T00:00:00.000000+0000,6978.22998046875,1197.699951171875
2018-08-30T12:00:00.000000+0000,6978.22998046875,1197.699951171875
2018-08-31T00:00:00.000000+0000,7037.580078125,1200.300048828125
2018-08-31T12:00:00.000000+0000,7037.580078125,1200.300048828125
2018-09-01T00:00:00.000000+0000,7193.25,1200.300048828125
2018-09-01T12:00:00.000000+0000,7193.25,1200.300048828125
2018-09-02T00:00:00.000000+0000,7272.72021484375,1200.300048828125
2018-09-02T12:00:00.000000+0000,7272.72021484375,1200.300048828125
2018-09-03T00:00:00.000000+0000,7260.06005859375,1200.300048828125
2018-09-03T12:00:00.000000+0000,7260.06005859375,1200.300048828125
2018-09-04T00:00:00.000000+0000,7361.66015625,1192.699951171875
2018-09-04T12:00:00.000000+0000,7361.66015625,1192.699951171875
2018-09-05T00:00:00.000000+0000,6792.830078125,1194.9000244140625
2018-09-05T12:00:00.000000+0000,6792.830078125,1194.9000244140625
2018-09-06T00:00:00.000000+0000,6529.169921875,1197.9000244140625
2018-09-06T12:00:00.000000+0000,6529.169921875,1197.9000244140625
2018-09-07T00:00:00.000000+0000,6467.06982421875,1193.5999755859375
2018-09-07T12:00:00.000000+0000,6467.06982421875,1193.5999755859375
2018-09-08T00:00:00.000000+0000,6225.97998046875,1193.5999755859375
2018-09-08T12:00:00.000000+0000,6225.97998046875,1193.5999755859375
2018-09-09T00:00:00.000000+0000,6300.85986328125,1193.5999755859375
2018-09-09T12:00:00.000000+0000,6300.85986328125,1193.5999755859375
2018-09-10T00:00:00.000000+0000,6329.7001953125,1193.0
2018-09-10T12:00:00.000000+0000,6329.7001953125,1193.0
2018-09-11T00:00:00.000000+0000,6321.2001953125,1195.4000244140625
2018-09-11T12:00:00.000000+0000,6321.2001953125,1195.4000244140625
2018-09-12T00:00:00.000000+0000,6351.7998046875,1204.699951171875
2018-09-12T12:00:00.000000+0000,6351.7998046875,1204.699951171875
2018-09-13T00:00:00.000000+0000,6517.31005859375,1202.0
2018-09-13T12:00:00.000000+0000,6517.31005859375,1202.0
2018-09-14T00:00:00.000000+0000,6512.7099609375,1195.0
2018-09-14T12:00:00.000000+0000,6512.7099609375,1195.0
2018-09-15T00:00:00.000000+0000,6543.2001953125,1195.0
2018-09-15T12:00:00.000000+0000,6543.2001953125,1195.0
2018-09-16T00:00:00.000000+0000,6517.18017578125,1195.0
2018-09-16T12:00:00.000000+0000,6517.18017578125,1195.0
2018-09-17T00:00:00.000000+0000,6281.2001953125,1199.699951171875
2018-09-17T12:00:00.000000+0000,6281.2001953125,1199.699951171875
2018-09-18T00:00:00.000000+0000,6371.2998046875,1196.800048828125
2018-09-18T12:00:00.000000+0000,6371.2998046875,1196.800048828125
2018-09-19T00:00:00.000000+0000,6398.5400390625,1202.199951171875
2018-09-19T12:00:00.000000+0000,6398.5400390625,1202.199951171875
2018-09-20T00:00:00.000000+0000,6519.669921875,1206.199951171875
2018-09-20T12:00:00.000000+0000,6519.669921875,1206.199951171875
2018-09-21T00:00:00.000000+0000,6734.9501953125,1196.199951171875
2018-09-21T12:00:00.000000+0000,6734.9501953125,1196.199951171875
2018-09-22T00:00:00.000000+0000,6721.97998046875,1196.199951171875
2018-09-22T12:00:00.000000+0000,6721.97998046875,1196.199951171875
2018-09-23T00:00:00.000000+0000,6710.6298828125,1196.199951171875
2018-09-23T12:00:00.000000+0000,6710.6298828125,1196.199951171875
2018-09-24T00:00:00.000000+0000,6595.41015625,1199.300048828125
2018-09-24T12:00:00.000000+0000,6595.41015625,1199.300048828125
2018-09-25T00:00:00.000000+0000,6446.47021484375,1200.0
2018-09-25T12:00:00.000000+0000,6446.47021484375,1200.0
2018-09-26T00:00:00.000000+0000,6495.0,1194.0
2018-09-26T12:00:00.000000+0000,6495.0,1194.0
2018-09-27T00:00:00.000000+0000,6676.75,1182.300048828125
2018-09-27T12:00:00.000000+0000,6676.75,1182.300048828125
2018-09-28T00:00:00.000000+0000,6644.1298828125,1191.5
2018-09-28T12:00:00.000000+0000,6644.1298828125,1191.5
2018-09-29T00:00:00.000000+0000,6601.9599609375,1191.5
2018-09-29T12:00:00.000000+0000,6601.9599609375,1191.5
2018-09-30T00:00:00.000000+0000,6625.56005859375,1191.5
2018-09-30T12:00:00.000000+0000,6625.56005859375,1191.5
2018-10-01T00:00:00.000000+0000,6589.6201171875,1187.0999755859375
2018-10-01T12:00:00.000000+0000,6589.6201171875,1187.0999755859375
2018-10-02T00:00:00.000000+0000,6556.10009765625,1202.4000244140625
2018-10-02T12:00:00.000000+0000,6556.10009765625,1202.4000244140625
2018-10-03T00:00:00.000000+0000,6502.58984375,1198.300048828125
2018-10-03T12:00:00.000000+0000,6502.58984375,1198.300048828125
2018-10-04T00:00:00.000000+0000,6576.68994140625,1197.199951171875
2018-10-04T12:00:00.000000+0000,6576.68994140625,1197.199951171875
2018-10-05T00:00:00.000000+0000,6622.47998046875,1201.199951171875
2018-10-05T12:00:00.000000+0000,6622.47998046875,1201.199951171875
2018-10-06T00:00:00.000000+0000,6588.31005859375,1201.199951171875
2018-10-06T12:00:00.000000+0000,6588.31005859375,1201.199951171875
2018-10-07T00:00:00.000000+0000,6602.9501953125,1201.199951171875
2018-10-07T12:00:00.000000+0000,6602.9501953125,1201.199951171875
2018-10-08T00:00:00.000000+0000,6652.22998046875,1184.4000244140625
2018-10-08T12:00:00.000000+0000,6652.22998046875,1184.4000244140625
2018-10-09T00:00:00.000000+0000,6642.64013671875,1187.199951171875
2018-10-09T12:00:00.000000+0000,6642.64013671875,1187.199951171875
2018-10-10T00:00:00.000000+0000,6585.52978515625,1189.300048828125
2018-10-10T12:00:00.000000+0000,6585.52978515625,1189.300048828125
2018-10-11T00:00:00.000000+0000,6256.240234375,1223.5
2018-10-11T12:00:00.000000+0000,6256.240234375,1223.5
2018-10-12T00:00:00.000000+0000,6274.580078125,1218.0999755859375
2018-10-12T12:00:00.000000+0000,6274.580078125,1218.0999755859375
2018-10-13T00:00:00.000000+0000,6285.990234375,1218.0999755859375
2018-10-13T12:00:00.000000+0000,6285.990234375,1218.0999755859375
2018-10-14T00:00:00.000000+0000,6290.93017578125,1218.0999755859375
2018-10-14T12:00:00.000000+0000,6290.93017578125,1218.0999755859375
2018-10-15T00:00:00.000000+0000,6596.5400390625,1226.4000244140625
2018-10-15T12:00:00.000000+0000,6596.5400390625,1226.4000244140625
2018-10-16T00:00:00.000000+0000,6596.10986328125,1227.300048828125
2018-10-16T12:00:00.000000+0000,6596.10986328125,1227.300048828125
2018-10-17T00:00:00.000000+0000,6544.43017578125,1223.699951171875
2018-10-17T12:00:00.000000+0000,6544.43017578125,1223.699951171875
2018-10-18T00:00:00.000000+0000,6476.7099609375,1226.5
2018-10-18T12:00:00.000000+0000,6476.7099609375,1226.5
2018-10-19T00:00:00.000000+0000,6465.41015625,1225.300048828125
2018-10-19T12:00:00.000000+0000,6465.41015625,1225.300048828125
2018-10-20T00:00:00.000000+0000,6489.18994140625,1225.300048828125
2018-10-20T12:00:00.000000+0000,6489.18994140625,1225.300048828125
2018-10-21T00:00:00.000000+0000,6482.35009765625,1225.300048828125
2018-10-21T12:00:00.000000+0000,6482.35009765625,1225.300048828125
2018-10-22T00:00:00.000000+0000,6487.16015625,1221.199951171875
2018-10-22T12:00:00.000000+0000,6487.16015625,1221.199951171875
2018-10-23T00:00:00.000000+0000,6475.740234375,1233.4000244140625
2018-10-23T12:00:00.000000+0000,6475.740234375,1233.4000244140625
2018-10-24T00:00:00.000000+0000,6495.83984375,1227.800048828125
2018-10-24T12:00:00.000000+0000,6495.83984375,1227.800048828125
2018-10-25T00:00:00.000000+0000,6476.2900390625,1229.0999755859375
2018-10-25T12:00:00.000000+0000,6476.2900390625,1229.0999755859375
2018-10-26T00:00:00.000000+0000,6474.75,1232.5
2018-10-26T12:00:00.000000+0000,6474.75,1232.5
2018-10-27T00:00:00.000000+0000,6480.3798828125,1232.5
2018-10-27T12:00:00.000000+0000,6480.3798828125,1232.5
2018-10-28T00:00:00.000000+0000,6486.39013671875,1232.5
2018-10-28T12:00:00.000000+0000,6486.39013671875,1232.5
2018-10-29T00:00:00.000000+0000,6332.6298828125,1224.5
2018-10-29T12:00:00.000000+0000,6332.6298828125,1224.5
2018-10-30T00:00:00.000000+0000,6334.27001953125,1222.5999755859375
2018-10-30T12:00:00.000000+0000,6334.27001953125,1222.5999755859375
2018-10-31T00:00:00.000000+0000,6317.60986328125,1212.300048828125
2018-10-31T12:00:00.000000+0000,6317.60986328125,1212.300048828125
2018-11-01T00:00:00.000000+0000,6377.77978515625,1236.0
2018-11-01T12:00:00.000000+0000,6377.77978515625,1236.0
2018-11-02T00:00:00.000000+0000,6388.43994140625,1230.9000244140625
2018-11-02T12:00:00.000000+0000,6388.43994140625,1230.9000244140625
2018-11-03T00:00:00.000000+0000,6361.259765625,1230.9000244140625
2018-11-03T12:00:00.000000+0000,6361.259765625,1230.9000244140625
2018-11-04T00:00:00.000000+0000,6376.1298828125,1230.9000244140625
2018-11-04T12:00:00.000000+0000,6376.1298828125,1230.9000244140625
2018-11-05T00:00:00.000000+0000,6419.66015625,1229.800048828125
2018-11-05T12:00:00.000000+0000,6419.66015625,1229.800048828125
2018-11-06T00:00:00.000000+0000,6461.009765625,1223.800048828125
2018-11-06T12:00:00.000000+0000,6461.009765625,1223.800048828125
2018-11-07T00:00:00.000000+0000,6530.14013671875,1226.199951171875
2018-11-07T12:00:00.000000+0000,6530.14013671875,1226.199951171875
2018-11-08T00:00:00.000000+0000,6453.72021484375,1222.9000244140625
2018-11-08T12:00:00.000000+0000,6453.72021484375,1222.9000244140625
2018-11-09T00:00:00.000000+0000,6385.6201171875,1206.4000244140625
2018-11-09T12:00:00.000000+0000,6385.6201171875,1206.4000244140625
2018-11-10T00:00:00.000000+0000,6409.22021484375,1206.4000244140625
2018-11-10T12:00:00.000000+0000,6409.22021484375,1206.4000244140625
2018-11-11T00:00:00.000000+0000,6411.27001953125,1206.4000244140625
2018-11-11T12:00:00.000000+0000,6411.27001953125,1206.4000244140625
2018-11-12T00:00:00.000000+0000,6371.27001953125,1201.300048828125
2018-11-12T12:00:00.000000+0000,6371.27001953125,1201.300048828125
2018-11-13T00:00:00.000000+0000,6359.490234375,1199.199951171875
2018-11-13T12:00:00.000000+0000,6359.490234375,1199.199951171875
2018-11-14T00:00:00.000000+0000,5738.35009765625,1207.9000244140625
2018-11-14T12:00:00.000000+0000,5738.35009765625,1207.9000244140625
2018-11-15T00:00:00.000000+0000,5648.02978515625,1212.800048828125
2018-11-15T12:00:00.000000+0000,5648.02978515625,1212.800048828125
2018-11-16T00:00:00.000000+0000,5575.5498046875,1220.800048828125
2018-11-16T12:00:00.000000+0000,5575.5498046875,1220.800048828125
2018-11-17T00:00:00.000000+0000,5554.330078125,1220.800048828125
2018-11-17T12:00:00.000000+0000,5554.330078125,1220.800048828125
2018-11-18T00:00:00.000000+0000,5623.5400390625,1220.800048828125
2018-11-18T12:00:00.000000+0000,5623.5400390625,1220.800048828125
2018-11-19T00:00:00.000000+0000,4871.490234375,1223.0999755859375
2018-11-19T12:00:00.000000+0000,4871.490234375,1223.0999755859375
2018-11-20T00:00:00.000000+0000,4451.8701171875,1219.0
2018-11-20T12:00:00.000000+0000,4451.8701171875,1219.0
2018-11-21T00:00:00.000000+0000,4602.169921875,1225.800048828125
2018-11-21T12:00:00.000000+0000,4602.169921875,1225.800048828125
2018-11-22T00:00:00.000000+0000,4365.93994140625,1225.800048828125
2018-11-22T12:00:00.000000+0000,4365.93994140625,1225.800048828125
2018-11-23T00:00:00.000000+0000,4347.10986328125,1221.0
2018-11-23T12:00:00.000000+0000,4347.10986328125,1221.0
2018-11-24T00:00:00.000000+0000,3880.760009765625,1221.0
2018-11-24T12:00:00.000000+0000,3880.760009765625,1221.0
2018-11-25T00:00:00.000000+0000,4009.969970703125,1221.0
2018-11-25T12:00:00.000000+0000,4009.969970703125,1221.0
2018-11-26T00:00:00.000000+0000,3779.1298828125,1220.199951171875
2018-11-26T12:00:00.000000+0000,3779.1298828125,1220.199951171875
2018-11-27T00:00:00.000000+0000,3820.719970703125,1211.199951171875
2018-11-27T12:00:00.000000+0000,3820.719970703125,1211.199951171875
2018-11-28T00:00:00.000000+0000,4257.419921875,1221.4000244140625
2018-11-28T12:00:00.000000+0000,4257.419921875,1221.4000244140625
2018-11-29T00:00:00.000000+0000,4278.8466796875,1224.0999755859375
2018-11-29T12:00:00.000000+0000,4278.8466796875,1224.0999755859375
2018-11-30T00:00:00.000000+0000,4017.2685546875,1220.199951171875
2018-11-30T12:00:00.000000+0000,4017.2685546875,1220.199951171875
2018-12-01T00:00:00.000000+0000,4214.671875,1220.199951171875
2018-12-01T12:00:00.000000+0000,4214.671875,1220.199951171875
2018-12-02T00:00:00.000000+0000,4139.8779296875,1220.199951171875
2018-12-02T12:00:00.000000+0000,4139.8779296875,1220.199951171875
2018-12-03T00:00:00.000000+0000,3894.130859375,1233.9000244140625
2018-12-03T12:00:00.000000+0000,3894.130859375,1233.9000244140625
2018-12-04T00:00:00.000000+0000,3956.893798828125,1241.0999755859375
2018-12-04T12:00:00.000000+0000,3956.893798828125,1241.0999755859375
2018-12-05T00:00:00.000000+0000,3753.994873046875,1241.0999755859375
2018-12-05T12:00:00.000000+0000,3753.994873046875,1241.0999755859375
2018-12-06T00:00:00.000000+0000,3521.101806640625,1238.0999755859375
2018-12-06T12:00:00.000000+0000,3521.101806640625,1238.0999755859375
2018-12-07T00:00:00.000000+0000,3419.937255859375,1246.800048828125
2018-12-07T12:00:00.000000+0000,3419.937255859375,1246.800048828125
2018-12-08T00:00:00.000000+0000,3476.11474609375,1246.800048828125
2018-12-08T12:00:00.000000+0000,3476.11474609375,1246.800048828125
2018-12-09T00:00:00.000000+0000,3614.234375,1246.800048828125
2018-12-09T12:00:00.000000+0000,3614.234375,1246.800048828125
2018-12-10T00:00:00.000000+0000,3502.656005859375,1243.699951171875
2018-12-10T12:00:00.000000+0000,3502.656005859375,1243.699951171875
2018-12-11T00:00:00.000000+0000,3424.588134765625,1241.9000244140625
2018-12-11T12:00:00.000000+0000,3424.588134765625,1241.9000244140625
2018-12-12T00:00:00.000000+0000,3486.9501953125,1244.4000244140625
2018-12-12T12:00:00.000000+0000,3486.9501953125,1244.4000244140625
2018-12-13T00:00:00.000000+0000,3313.67724609375,1242.699951171875
2018-12-13T12:00:00.000000+0000,3313.67724609375,1242.699951171875
2018-12-14T00:00:00.000000+0000,3242.48486328125,1237.0
2018-12-14T12:00:00.000000+0000,3242.48486328125,1237.0
2018-12-15T00:00:00.000000+0000,3236.76171875,1237.0
2018-12-15T12:00:00.000000+0000,3236.76171875,1237.0
2018-12-16T00:00:00.000000+0000,3252.839111328125,1237.0
2018-12-16T12:00:00.000000+0000,3252.839111328125,1237.0
2018-12-17T00:00:00.000000+0000,3545.86474609375,1247.4000244140625
2018-12-17T12:00:00.000000+0000,3545.86474609375,1247.4000244140625
2018-12-18T00:00:00.000000+0000,3696.05908203125,1249.199951171875
2018-12-18T12:00:00.000000+0000,3696.05908203125,1249.199951171875
2018-12-19T00:00:00.000000+0000,3745.95068359375,1252.0999755859375
2018-12-19T12:00:00.000000+0000,3745.95068359375,1252.0999755859375
2018-12-20T00:00:00.000000+0000,4134.44140625,1263.5999755859375
2018-12-20T12:00:00.000000+0000,4134.44140625,1263.5999755859375
2018-12-21T00:00:00.000000+0000,3896.543701171875,1253.800048828125
2018-12-21T12:00:00.000000+0000,3896.543701171875,1253.800048828125
2018-12-22T00:00:00.000000+0000,4014.1826171875,1253.800048828125
2018-12-22T12:00:00.000000+0000,4014.1826171875,1253.800048828125
2018-12-23T00:00:00.000000+0000,3998.980224609375,1253.800048828125
2018-12-23T12:00:00.000000+0000,3998.980224609375,1253.800048828125
2018-12-24T00:00:00.000000+0000,4078.59912109375,1267.5
2018-12-24T12:00:00.000000+0000,4078.59912109375,1267.5
2018-12-25T00:00:00.000000+0000,3815.49072265625,1267.5
2018-12-25T12:00:00.000000+0000,3815.49072265625,1267.5
2018-12-26T00:00:00.000000+0000,3857.297607421875,1269.199951171875
2018-12-26T12:00:00.000000+0000,3857.297607421875,1269.199951171875
2018-12-27T00:00:00.000000+0000,3654.83349609375,1277.300048828125
2018-12-27T12:00:00.000000+0000,3654.83349609375,1277.300048828125
2018-12-28T00:00:00.000000+0000,3923.918701171875,1279.9000244140625
2018-12-28T12:00:00.000000+0000,3923.918701171875,1279.9000244140625
2018-12-29T00:00:00.000000+0000,3820.40869140625,1279.9000244140625
2018-12-29T12:00:00.000000+0000,3820.40869140625,1279.9000244140625
2018-12-30T00:00:00.000000+0000,3865.95263671875,1279.9000244140625
2018-12-30T12:00:00.000000+0000,3865.95263671875,1279.9000244140625
2018-12-31T00:00:00.000000+0000,3742.700439453125,1278.300048828125
2018-12-31T12:00:00.000000+0000,3742.700439453125,1278.300048828125
2019-01-01T00:00:00.000000+0000,3843.52001953125,1278.300048828125
2019-01-01T12:00:00.000000+0000,3843.52001953125,1278.300048828125
2019-01-02T00:00:00.000000+0000,3943.409423828125,1281.0
2019-01-02T12:00:00.000000+0000,3943.409423828125,1281.0
2019-01-03T00:00:00.000000+0000,3836.7412109375,1291.800048828125
2019-01-03T12:00:00.000000+0000,3836.7412109375,1291.800048828125
2019-01-04T00:00:00.000000+0000,3857.717529296875,1282.699951171875
2019-01-04T12:00:00.000000+0000,3857.717529296875,1282.699951171875
2019-01-05T00:00:00.000000+0000,3845.194580078125,1282.699951171875
2019-01-05T12:00:00.000000+0000,3845.194580078125,1282.699951171875
2019-01-06T00:00:00.000000+0000,4076.632568359375,1282.699951171875
2019-01-06T12:00:00.000000+0000,4076.632568359375,1282.699951171875
2019-01-07T00:00:00.000000+0000,4025.248291015625,1286.800048828125
2019-01-07T12:00:00.000000+0000,4025.248291015625,1286.800048828125
2019-01-08T00:00:00.000000+0000,4030.847900390625,1283.199951171875
2019-01-08T12:00:00.000000+0000,4030.847900390625,1283.199951171875
2019-01-09T00:00:00.000000+0000,4035.29638671875,1289.300048828125
2019-01-09T12:00:00.000000+0000,4035.29638671875,1289.300048828125
2019-01-10T00:00:00.000000+0000,3678.924560546875,1284.699951171875
2019-01-10T12:00:00.000000+0000,3678.924560546875,1284.699951171875
2019-01-11T00:00:00.000000+0000,3687.365478515625,1287.0999755859375
2019-01-11T12:00:00.000000+0000,3687.365478515625,1287.0999755859375
2019-01-12T00:00:00.000000+0000,3661.301025390625,1287.0999755859375
2019-01-12T12:00:00.000000+0000,3661.301025390625,1287.0999755859375
2019-01-13T00:00:00.000000+0000,3552.953125,1287.0999755859375
2019-01-13T12:00:00.000000+0000,3552.953125,1287.0999755859375
2019-01-14T00:00:00.000000+0000,3706.05224609375,1289.0999755859375
2019-01-14T12:00:00.000000+0000,3706.05224609375,1289.0999755859375
2019-01-15T00:00:00.000000+0000,3630.67529296875,1286.199951171875
2019-01-15T12:00:00.000000+0000,3630.67529296875,1286.199951171875
2019-01-16T00:00:00.000000+0000,3655.0068359375,1291.5999755859375
2019-01-16T12:00:00.000000+0000,3655.0068359375,1291.5999755859375
2019-01-17T00:00:00.000000+0000,3678.56396484375,1291.0
2019-01-17T12:00:00.000000+0000,3678.56396484375,1291.0
2019-01-18T00:00:00.000000+0000,3657.83935546875,1281.300048828125
2019-01-18T12:00:00.000000+0000,3657.83935546875,1281.300048828125
2019-01-19T00:00:00.000000+0000,3728.568359375,1281.300048828125
2019-01-19T12:00:00.000000+0000,3728.568359375,1281.300048828125
2019-01-20T00:00:00.000000+0000,3601.013671875,1281.300048828125
2019-01-20T12:00:00.000000+0000,3601.013671875,1281.300048828125
2019-01-21T00:00:00.000000+0000,3576.032470703125,1281.300048828125
2019-01-21T12:00:00.000000+0000,3576.032470703125,1281.300048828125
2019-01-22T00:00:00.000000+0000,3604.5771484375,1282.5
2019-01-22T12:00:00.000000+0000,3604.5771484375,1282.5
2019-01-23T00:00:00.000000+0000,3585.123046875,1283.0999755859375
2019-01-23T12:00:00.000000+0000,3585.123046875,1283.0999755859375
2019-01-24T00:00:00.000000+0000,3600.865478515625,1279.0999755859375
2019-01-24T12:00:00.000000+0000,3600.865478515625,1279.0999755859375
2019-01-25T00:00:00.000000+0000,3599.765869140625,1297.4000244140625
2019-01-25T12:00:00.000000+0000,3599.765869140625,1297.4000244140625
2019-01-26T00:00:00.000000+0000,3602.46044921875,1297.4000244140625
2019-01-26T12:00:00.000000+0000,3602.46044921875,1297.4000244140625
2019-01-27T00:00:00.000000+0000,3583.9658203125,1297.4000244140625
2019-01-27T12:00:00.000000+0000,3583.9658203125,1297.4000244140625
2019-01-28T00:00:00.000000+0000,3470.450439453125,1302.4000244140625
2019-01-28T12:00:00.000000+0000,3470.450439453125,1302.4000244140625
2019-01-29T00:00:00.000000+0000,3448.116943359375,1308.199951171875
2019-01-29T12:00:00.000000+0000,3448.116943359375,1308.199951171875
2019-01-30T00:00:00.000000+0000,3486.181640625,1309.9000244140625
2019-01-30T12:00:00.000000+0000,3486.181640625,1309.9000244140625
2019-01-31T00:00:00.000000+0000,3457.792724609375,1319.699951171875
2019-01-31T12:00:00.000000+0000,3457.792724609375,1319.699951171875
2019-02-01T00:00:00.000000+0000,3487.9453125,1316.9000244140625
2019-02-01T12:00:00.000000+0000,3487.9453125,1316.9000244140625
2019-02-02T00:00:00.000000+0000,3521.060791015625,1316.9000244140625
2019-02-02T12:00:00.000000+0000,3521.060791015625,1316.9000244140625
2019-02-03T00:00:00.000000+0000,3464.013427734375,1316.9000244140625
2019-02-03T12:00:00.000000+0000,3464.013427734375,1316.9000244140625
2019-02-04T00:00:00.000000+0000,3459.154052734375,1314.300048828125
2019-02-04T12:00:00.000000+0000,3459.154052734375,1314.300048828125
2019-02-05T00:00:00.000000+0000,3466.357421875,1314.199951171875
2019-02-05T12:00:00.000000+0000,3466.357421875,1314.199951171875
2019-02-06T00:00:00.000000+0000,3413.767822265625,1309.5
2019-02-06T12:00:00.000000+0000,3413.767822265625,1309.5
2019-02-07T00:00:00.000000+0000,3399.4716796875,1309.4000244140625
2019-02-07T12:00:00.000000+0000,3399.4716796875,1309.4000244140625
2019-02-08T00:00:00.000000+0000,3666.7802734375,1313.699951171875
2019-02-08T12:00:00.000000+0000,3666.7802734375,1313.699951171875
2019-02-09T00:00:00.000000+0000,3671.20361328125,1313.699951171875
2019-02-09T12:00:00.000000+0000,3671.20361328125,1313.699951171875
2019-02-10T00:00:00.000000+0000,3690.188232421875,1313.699951171875
2019-02-10T12:00:00.000000+0000,3690.188232421875,1313.699951171875
2019-02-11T00:00:00.000000+0000,3648.4306640625,1307.0
2019-02-11T12:00:00.000000+0000,3648.4306640625,1307.0
2019-02-12T00:00:00.000000+0000,3653.528564453125,1309.199951171875
2019-02-12T12:00:00.000000+0000,3653.528564453125,1309.199951171875
2019-02-13T00:00:00.000000+0000,3632.070556640625,1310.800048828125
2019-02-13T12:00:00.000000+0000,3632.070556640625,1310.800048828125
2019-02-14T00:00:00.000000+0000,3616.880859375,1309.800048828125
2019-02-14T12:00:00.000000+0000,3616.880859375,1309.800048828125
2019-02-15T00:00:00.000000+0000,3620.810791015625,1318.0999755859375
2019-02-15T12:00:00.000000+0000,3620.810791015625,1318.0999755859375
2019-02-16T00:00:00.000000+0000,3629.78759765625,1318.0999755859375
2019-02-16T12:00:00.000000+0000,3629.78759765625,1318.0999755859375
2019-02-17T00:00:00.000000+0000,3673.836181640625,1318.0999755859375
2019-02-17T12:00:00.000000+0000,3673.836181640625,1318.0999755859375
2019-02-18T00:00:00.000000+0000,3915.71435546875,1318.0999755859375
2019-02-18T12:00:00.000000+0000,3915.71435546875,1318.0999755859375
2019-02-19T00:00:00.000000+0000,3947.094482421875,1340.0999755859375
2019-02-19T12:00:00.000000+0000,3947.094482421875,1340.0999755859375
2019-02-20T00:00:00.000000+0000,3999.820556640625,1343.300048828125
2019-02-20T12:00:00.000000+0000,3999.820556640625,1343.300048828125
2019-02-21T00:00:00.000000+0000,3954.1181640625,1323.5
2019-02-21T12:00:00.000000+0000,3954.1181640625,1323.5
2019-02-22T00:00:00.000000+0000,4005.526611328125,1329.199951171875
2019-02-22T12:00:00.000000+0000,4005.526611328125,1329.199951171875
2019-02-23T00:00:00.000000+0000,4142.52685546875,1329.199951171875
2019-02-23T12:00:00.000000+0000,4142.52685546875,1329.199951171875
2019-02-24T00:00:00.000000+0000,3810.427490234375,1329.199951171875
2019-02-24T12:00:00.000000+0000,3810.427490234375,1329.199951171875
2019-02-25T00:00:00.000000+0000,3882.6962890625,1325.9000244140625
2019-02-25T12:00:00.000000+0000,3882.6962890625,1325.9000244140625
2019-02-26T00:00:00.000000+0000,3854.35791015625,1325.0999755859375
2019-02-26T12:00:00.000000+0000,3854.35791015625,1325.0999755859375
2019-02-27T00:00:00.000000+0000,3851.04736328125,1317.699951171875
2019-02-27T12:00:00.000000+0000,3851.04736328125,1317.699951171875
2019-02-28T00:00:00.000000+0000,3854.785400390625,1312.800048828125
2019-02-28T12:00:00.000000+0000,3854.785400390625,1312.800048828125
2019-03-01T00:00:00.000000+0000,3859.583740234375,1296.4000244140625
2019-03-01T12:00:00.000000+0000,3859.583740234375,1296.4000244140625
2019-03-02T00:00:00.000000+0000,3864.4150390625,1296.4000244140625
2019-03-02T12:00:00.000000+0000,3864.4150390625,1296.4000244140625
2019-03-03T00:00:00.000000+0000,3847.17578125,1296.4000244140625
2019-03-03T12:00:00.000000+0000,3847.17578125,1296.4000244140625
2019-03-04T00:00:00.000000+0000,3761.55712890625,1284.800048828125
2019-03-04T12:00:00.000000+0000,3761.55712890625,1284.800048828125
2019-03-05T00:00:00.000000+0000,3896.375,1282.0
2019-03-05T12:00:00.000000+0000,3896.375,1282.0
2019-03-06T00:00:00.000000+0000,3903.942626953125,1284.9000244140625
2019-03-06T12:00:00.000000+0000,3903.942626953125,1284.9000244140625
2019-03-07T00:00:00.000000+0000,3911.484375,1283.800048828125
2019-03-07T12:00:00.000000+0000,3911.484375,1283.800048828125
2019-03-08T00:00:00.000000+0000,3901.131591796875,1297.0
2019-03-08T12:00:00.000000+0000,3901.131591796875,1297.0
2019-03-09T00:00:00.000000+0000,3963.313720703125,1297.0
2019-03-09T12:00:00.000000+0000,3963.313720703125,1297.0
2019-03-10T00:00:00.000000+0000,3951.599853515625,1297.0
2019-03-10T12:00:00.000000+0000,3951.599853515625,1297.0
2019-03-11T00:00:00.000000+0000,3905.227294921875,1288.800048828125
2019-03-11T12:00:00.000000+0000,3905.227294921875,1288.800048828125
2019-03-12T00:00:00.000000+0000,3909.15625,1296.300048828125
2019-03-12T12:00:00.000000+0000,3909.15625,1296.300048828125
2019-03-13T00:00:00.000000+0000,3906.71728515625,1307.5
2019-03-13T12:00:00.000000+0000,3906.71728515625,1307.5
2019-03-14T00:00:00.000000+0000,3924.369140625,1293.4000244140625
2019-03-14T12:00:00.000000+0000,3924.369140625,1293.4000244140625
2019-03-15T00:00:00.000000+0000,3960.9111328125,1301.800048828125
2019-03-15T12:00:00.000000+0000,3960.9111328125,1301.800048828125
2019-03-16T00:00:00.000000+0000,4048.725830078125,1301.800048828125
2019-03-16T12:00:00.000000+0000,4048.725830078125,1301.800048828125
2019-03-17T00:00:00.000000+0000,4025.22900390625,1301.800048828125
2019-03-17T12:00:00.000000+0000,4025.22900390625,1301.800048828125
2019-03-18T00:00:00.000000+0000,4032.50732421875,1300.300048828125
2019-03-18T12:00:00.000000+0000,4032.50732421875,1300.300048828125
2019-03-19T00:00:00.000000+0000,4071.190185546875,1305.0
2019-03-19T12:00:00.000000+0000,4071.190185546875,1305.0
2019-03-20T00:00:00.000000+0000,4087.476318359375,1300.5
2019-03-20T12:00:00.000000+0000,4087.476318359375,1300.5
2019-03-21T00:00:00.000000+0000,4029.326904296875,1306.0999755859375
2019-03-21T12:00:00.000000+0000,4029.326904296875,1306.0999755859375
2019-03-22T00:00:00.000000+0000,4023.96826171875,1311.5999755859375
2019-03-22T12:00:00.000000+0000,4023.96826171875,1311.5999755859375
2019-03-23T00:00:00.000000+0000,4035.826416015625,1311.5999755859375
2019-03-23T12:00:00.000000+0000,4035.826416015625,1311.5999755859375
2019-03-24T00:00:00.000000+0000,4022.168212890625,1311.5999755859375
2019-03-24T12:00:00.000000+0000,4022.168212890625,1311.5999755859375
2019-03-25T00:00:00.000000+0000,3963.070556640625,1321.9000244140625
2019-03-25T12:00:00.000000+0000,3963.070556640625,1321.9000244140625
2019-03-26T00:00:00.000000+0000,3985.080810546875,1314.300048828125
2019-03-26T12:00:00.000000+0000,3985.080810546875,1314.300048828125
2019-03-27T00:00:00.000000+0000,4087.066162109375,1309.9000244140625
2019-03-27T12:00:00.000000+0000,4087.066162109375,1309.9000244140625
2019-03-28T00:00:00.000000+0000,4069.107177734375,1289.800048828125
2019-03-28T12:00:00.000000+0000,4069.107177734375,1289.800048828125
2019-03-29T00:00:00.000000+0000,4098.37451171875,1293.0
2019-03-29T12:00:00.000000+0000,4098.37451171875,1293.0
2019-03-30T00:00:00.000000+0000,4106.66015625,1293.0
2019-03-30T12:00:00.000000+0000,4106.66015625,1293.0
2019-03-31T00:00:00.000000+0000,4105.404296875,1293.0
2019-03-31T12:00:00.000000+0000,4105.404296875,1293.0
2019-04-01T00:00:00.000000+0000,4158.18310546875,1288.4000244140625
2019-04-01T12:00:00.000000+0000,4158.18310546875,1288.4000244140625
2019-04-02T00:00:00.000000+0000,4879.8779296875,1290.0
2019-04-02T12:00:00.000000+0000,4879.8779296875,1290.0
2019-04-03T00:00:00.000000+0000,4973.02197265625,1289.9000244140625
2019-04-03T12:00:00.000000+0000,4973.02197265625,1289.9000244140625
2019-04-04T00:00:00.000000+0000,4922.798828125,1289.0
2019-04-04T12:00:00.000000+0000,4922.798828125,1289.0
2019-04-05T00:00:00.000000+0000,5036.68115234375,1290.4000244140625
2019-04-05T12:00:00.000000+0000,5036.68115234375,1290.4000244140625
2019-04-06T00:00:00.000000+0000,5059.8173828125,1290.4000244140625
2019-04-06T12:00:00.000000+0000,5059.8173828125,1290.4000244140625
2019-04-07T00:00:00.000000+0000,5198.89697265625,1290.4000244140625
2019-04-07T12:00:00.000000+0000,5198.89697265625,1290.4000244140625
2019-04-08T00:00:00.000000+0000,5289.77099609375,1297.0999755859375
2019-04-08T12:00:00.000000+0000,5289.77099609375,1297.0999755859375
2019-04-09T00:00:00.000000+0000,5204.95849609375,1303.5
2019-04-09T12:00:00.000000+0000,5204.95849609375,1303.5
2019-04-10T00:00:00.000000+0000,5324.5517578125,1309.0999755859375
2019-04-10T12:00:00.000000+0000,5324.5517578125,1309.0999755859375
2019-04-11T00:00:00.000000+0000,5064.48779296875,1288.5999755859375
2019-04-11T12:00:00.000000+0000,5064.48779296875,1288.5999755859375
2019-04-12T00:00:00.000000+0000,5089.5390625,1290.5999755859375
2019-04-12T12:00:00.000000+0000,5089.5390625,1290.5999755859375
2019-04-13T00:00:00.000000+0000,5096.58642578125,1290.5999755859375
2019-04-13T12:00:00.000000+0000,5096.58642578125,1290.5999755859375
2019-04-14T00:00:00.000000+0000,5167.72216796875,1290.5999755859375
2019-04-14T12:00:00.000000+0000,5167.72216796875,1290.5999755859375
2019-04-15T00:00:00.000000+0000,5067.1083984375,1286.800048828125
2019-04-15T12:00:00.000000+0000,5067.1083984375,1286.800048828125
2019-04-16T00:00:00.000000+0000,5235.5595703125,1272.5999755859375
2019-04-16T12:00:00.000000+0000,5235.5595703125,1272.5999755859375
2019-04-17T00:00:00.000000+0000,5251.93798828125,1272.199951171875
2019-04-17T12:00:00.000000+0000,5251.93798828125,1272.199951171875
2019-04-18T00:00:00.000000+0000,5298.3857421875,1271.9000244140625
2019-04-18T12:00:00.000000+0000,5298.3857421875,1271.9000244140625
2019-04-19T00:00:00.000000+0000,5303.8125,1271.9000244140625
2019-04-19T12:00:00.000000+0000,5303.8125,1271.9000244140625
2019-04-20T00:00:00.000000+0000,5337.88623046875,1271.9000244140625
2019-04-20T12:00:00.000000+0000,5337.88623046875,1271.9000244140625
2019-04-21T00:00:00.000000+0000,5314.53125,1271.9000244140625
2019-04-21T12:00:00.000000+0000,5314.53125,1271.9000244140625
2019-04-22T00:00:00.000000+0000,5399.365234375,1273.5
2019-04-22T12:00:00.000000+0000,5399.365234375,1273.5
2019-04-23T00:00:00.000000+0000,5572.3623046875,1269.300048828125
2019-04-23T12:00:00.000000+0000,5572.3623046875,1269.300048828125
2019-04-24T00:00:00.000000+0000,5464.86669921875,1275.5
2019-04-24T12:00:00.000000+0000,5464.86669921875,1275.5
2019-04-25T00:00:00.000000+0000,5210.515625,1275.800048828125
2019-04-25T12:00:00.000000+0000,5210.515625,1275.800048828125
2019-04-26T00:00:00.000000+0000,5279.34814453125,1284.9000244140625
2019-04-26T12:00:00.000000+0000,5279.34814453125,1284.9000244140625
2019-04-27T00:00:00.000000+0000,5268.291015625,1284.9000244140625
2019-04-27T12:00:00.000000+0000,5268.291015625,1284.9000244140625
2019-04-28T00:00:00.000000+0000,5285.13916015625,1284.9000244140625
2019-04-28T12:00:00.000000+0000,5285.13916015625,1284.9000244140625
2019-04-29T00:00:00.000000+0000,5247.3525390625,1278.5999755859375
2019-04-29T12:00:00.000000+0000,5247.3525390625,1278.5999755859375
2019-04-30T00:00:00.000000+0000,5350.7265625,1282.800048828125
2019-04-30T12:00:00.000000+0000,5350.7265625,1282.800048828125
2019-05-01T00:00:00.000000+0000,5402.697265625,1281.4000244140625
2019-05-01T12:00:00.000000+0000,5402.697265625,1281.4000244140625
2019-05-02T00:00:00.000000+0000,5505.28369140625,1269.699951171875
2019-05-02T12:00:00.000000+0000,5505.28369140625,1269.699951171875
2019-05-03T00:00:00.000000+0000,5768.28955078125,1279.199951171875
2019-05-03T12:00:00.000000+0000,5768.28955078125,1279.199951171875
2019-05-04T00:00:00.000000+0000,5831.16748046875,1279.199951171875
2019-05-04T12:00:00.000000+0000,5831.16748046875,1279.199951171875
2019-05-05T00:00:00.000000+0000,5795.70849609375,1279.199951171875
2019-05-05T12:00:00.000000+0000,5795.70849609375,1279.199951171875
2019-05-06T00:00:00.000000+0000,5746.80712890625,1281.699951171875
2019-05-06T12:00:00.000000+0000,5746.80712890625,1281.699951171875
2019-05-07T00:00:00.000000+0000,5829.50146484375,1283.5
2019-05-07T12:00:00.000000+0000,5829.50146484375,1283.5
2019-05-08T00:00:00.000000+0000,5982.45751953125,1279.4000244140625
2019-05-08T12:00:00.000000+0000,5982.45751953125,1279.4000244140625
2019-05-09T00:00:00.000000+0000,6174.52880859375,1283.5
2019-05-09T12:00:00.000000+0000,6174.52880859375,1283.5
2019-05-10T00:00:00.000000+0000,6378.84912109375,1285.699951171875
2019-05-10T12:00:00.000000+0000,6378.84912109375,1285.699951171875
2019-05-11T00:00:00.000000+0000,7204.771484375,1285.699951171875
2019-05-11T12:00:00.000000+0000,7204.771484375,1285.699951171875
2019-05-12T00:00:00.000000+0000,6972.37158203125,1285.699951171875
2019-05-12T12:00:00.000000+0000,6972.37158203125,1285.699951171875
2019-05-13T00:00:00.000000+0000,7814.9150390625,1300.0999755859375
2019-05-13T12:00:00.000000+0000,7814.9150390625,1300.0999755859375
2019-05-14T00:00:00.000000+0000,7994.416015625,1294.699951171875
2019-05-14T12:00:00.000000+0000,7994.416015625,1294.699951171875
2019-05-15T00:00:00.000000+0000,8205.16796875,1296.300048828125
2019-05-15T12:00:00.000000+0000,8205.16796875,1296.300048828125
2019-05-16T00:00:00.000000+0000,7884.9091796875,1285.0
2019-05-16T12:00:00.000000+0000,7884.9091796875,1285.0
2019-05-17T00:00:00.000000+0000,7343.8955078125,1274.5
2019-05-17T12:00:00.000000+0000,7343.8955078125,1274.5
2019-05-18T00:00:00.000000+0000,7271.2080078125,1274.5
2019-05-18T12:00:00.000000+0000,7271.2080078125,1274.5
2019-05-19T00:00:00.000000+0000,8197.689453125,1274.5
2019-05-19T12:00:00.000000+0000,8197.689453125,1274.5
2019-05-20T00:00:00.000000+0000,7978.30908203125,1276.0999755859375
2019-05-20T12:00:00.000000+0000,7978.30908203125,1276.0999755859375
2019-05-21T00:00:00.000000+0000,7963.32763671875,1272.0
2019-05-21T12:00:00.000000+0000,7963.32763671875,1272.0
2019-05-22T00:00:00.000000+0000,7680.06640625,1273.5999755859375
2019-05-22T12:00:00.000000+0000,7680.06640625,1273.5999755859375
2019-05-23T00:00:00.000000+0000,7881.8466796875,1284.800048828125
2019-05-23T12:00:00.000000+0000,7881.8466796875,1284.800048828125
2019-05-24T00:00:00.000000+0000,7987.37158203125,1283.0
2019-05-24T12:00:00.000000+0000,7987.37158203125,1283.0
2019-05-25T00:00:00.000000+0000,8052.5439453125,1283.0
2019-05-25T12:00:00.000000+0000,8052.5439453125,1283.0
2019-05-26T00:00:00.000000+0000,8673.2158203125,1283.0
2019-05-26T12:00:00.000000+0000,8673.2158203125,1283.0
2019-05-27T00:00:00.000000+0000,8805.7783203125,1283.0
2019-05-27T12:00:00.000000+0000,8805.7783203125,1283.0
2019-05-28T00:00:00.000000+0000,8719.9619140625,1276.5
2019-05-28T12:00:00.000000+0000,8719.9619140625,1276.5
2019-05-29T00:00:00.000000+0000,8659.4873046875,1280.5999755859375
2019-05-29T12:00:00.000000+0000,8659.4873046875,1280.5999755859375
2019-05-30T00:00:00.000000+0000,8319.47265625,1287.0999755859375
2019-05-30T12:00:00.000000+0000,8319.47265625,1287.0999755859375
2019-05-31T00:00:00.000000+0000,8574.501953125,1305.800048828125
2019-05-31T12:00:00.000000+0000,8574.501953125,1305.800048828125
2019-06-01T00:00:00.000000+0000,8564.0166015625,1305.800048828125
2019-06-01T12:00:00.000000+0000,8564.0166015625,1305.800048828125
2019-06-02T00:00:00.000000+0000,8742.9580078125,1305.800048828125
2019-06-02T12:00:00.000000+0000,8742.9580078125,1305.800048828125
2019-06-03T00:00:00.000000+0000,8208.9951171875,1322.699951171875
2019-06-03T12:00:00.000000+0000,8208.9951171875,1322.699951171875
2019-06-04T00:00:00.000000+0000,7707.77099609375,1323.4000244140625
2019-06-04T12:00:00.000000+0000,7707.77099609375,1323.4000244140625
2019-06-05T00:00:00.000000+0000,7824.2314453125,1328.300048828125
2019-06-05T12:00:00.000000+0000,7824.2314453125,1328.300048828125
2019-06-06T00:00:00.000000+0000,7822.0234375,1337.5999755859375
2019-06-06T12:00:00.000000+0000,7822.0234375,1337.5999755859375
2019-06-07T00:00:00.000000+0000,8043.951171875,1341.199951171875
2019-06-07T12:00:00.000000+0000,8043.951171875,1341.199951171875
2019-06-08T00:00:00.000000+0000,7954.1279296875,1341.199951171875
2019-06-08T12:00:00.000000+0000,7954.1279296875,1341.199951171875
2019-06-09T00:00:00.000000+0000,7688.0771484375,1341.199951171875
2019-06-09T12:00:00.000000+0000,7688.0771484375,1341.199951171875
2019-06-10T00:00:00.000000+0000,8000.32958984375,1324.699951171875
2019-06-10T12:00:00.000000+0000,8000.32958984375,1324.699951171875
2019-06-11T00:00:00.000000+0000,7927.71435546875,1326.4000244140625
2019-06-11T12:00:00.000000+0000,7927.71435546875,1326.4000244140625
2019-06-12T00:00:00.000000+0000,8145.857421875,1331.9000244140625
2019-06-12T12:00:00.000000+0000,8145.857421875,1331.9000244140625
2019-06-13T00:00:00.000000+0000,8230.923828125,1339.199951171875
2019-06-13T12:00:00.000000+0000,8230.923828125,1339.199951171875
2019-06-14T00:00:00.000000+0000,8693.8330078125,1340.0999755859375
2019-06-14T12:00:00.000000+0000,8693.8330078125,1340.0999755859375
2019-06-15T00:00:00.000000+0000,8838.375,1340.0999755859375
2019-06-15T12:00:00.000000+0000,8838.375,1340.0999755859375
2019-06-16T00:00:00.000000+0000,8994.48828125,1340.0999755859375
2019-06-16T12:00:00.000000+0000,8994.48828125,1340.0999755859375
2019-06-17T00:00:00.000000+0000,9320.3525390625,1338.699951171875
2019-06-17T12:00:00.000000+0000,9320.3525390625,1338.699951171875
2019-06-18T00:00:00.000000+0000,9081.7626953125,1346.5999755859375
2019-06-18T12:00:00.000000+0000,9081.7626953125,1346.5999755859375
2019-06-19T00:00:00.000000+0000,9273.521484375,1344.5999755859375
2019-06-19T12:00:00.000000+0000,9273.521484375,1344.5999755859375
2019-06-20T00:00:00.000000+0000,9527.16015625,1392.9000244140625
2019-06-20T12:00:00.000000+0000,9527.16015625,1392.9000244140625
2019-06-21T00:00:00.000000+0000,10144.556640625,1396.199951171875
2019-06-21T12:00:00.000000+0000,10144.556640625,1396.199951171875
2019-06-22T00:00:00.000000+0000,10701.69140625,1396.199951171875
2019-06-22T12:00:00.000000+0000,10701.69140625,1396.199951171875
2019-06-23T00:00:00.000000+0000,10855.37109375,1396.199951171875
2019-06-23T12:00:00.000000+0000,10855.37109375,1396.199951171875
2019-06-24T00:00:00.000000+0000,11011.1025390625,1414.300048828125
2019-06-24T12:00:00.000000+0000,11011.1025390625,1414.300048828125
2019-06-25T00:00:00.000000+0000,11790.9169921875,1414.9000244140625
2019-06-25T12:00:00.000000+0000,11790.9169921875,1414.9000244140625
2019-06-26T00:00:00.000000+0000,13016.2314453125,1411.5999755859375
2019-06-26T12:00:00.000000+0000,13016.2314453125,1411.5999755859375
2019-06-27T00:00:00.000000+0000,11182.806640625,1408.4000244140625
2019-06-27T12:00:00.000000+0000,11182.806640625,1408.4000244140625
2019-06-28T00:00:00.000000+0000,12407.33203125,1409.699951171875
2019-06-28T12:00:00.000000+0000,12407.33203125,1409.699951171875
2019-06-29T00:00:00.000000+0000,11959.37109375,1409.699951171875
2019-06-29T12:00:00.000000+0000,11959.37109375,1409.699951171875
2019-06-30T00:00:00.000000+0000,10817.1552734375,1409.699951171875
2019-06-30T12:00:00.000000+0000,10817.1552734375,1409.699951171875
2019-07-01T00:00:00.000000+0000,10583.134765625,1385.5999755859375
2019-07-01T12:00:00.000000+0000,10583.134765625,1385.5999755859375
2019-07-02T00:00:00.000000+0000,10801.677734375,1404.5999755859375
2019-07-02T12:00:00.000000+0000,10801.677734375,1404.5999755859375
2019-07-03T00:00:00.000000+0000,11961.26953125,1417.699951171875
2019-07-03T12:00:00.000000+0000,11961.26953125,1417.699951171875
2019-07-04T00:00:00.000000+0000,11215.4375,1417.699951171875
2019-07-04T12:00:00.000000+0000,11215.4375,1417.699951171875
2019-07-05T00:00:00.000000+0000,10978.4599609375,1396.699951171875
2019-07-05T12:00:00.000000+0000,10978.4599609375,1396.699951171875
2019-07-06T00:00:00.000000+0000,11208.55078125,1396.699951171875
2019-07-06T12:00:00.000000+0000,11208.55078125,1396.699951171875
2019-07-07T00:00:00.000000+0000,11450.8466796875,1396.699951171875
2019-07-07T12:00:00.000000+0000,11450.8466796875,1396.699951171875
2019-07-08T00:00:00.000000+0000,12285.9580078125,1397.0
2019-07-08T12:00:00.000000+0000,12285.9580078125,1397.0
2019-07-09T00:00:00.000000+0000,12573.8125,1397.5
2019-07-09T12:00:00.000000+0000,12573.8125,1397.5
2019-07-10T00:00:00.000000+0000,12156.5126953125,1410.0999755859375
2019-07-10T12:00:00.000000+0000,12156.5126953125,1410.0999755859375
2019-07-11T00:00:00.000000+0000,11358.662109375,1404.300048828125
2019-07-11T12:00:00.000000+0000,11358.662109375,1404.300048828125
2019-07-12T00:00:00.000000+0000,11815.986328125,1409.9000244140625
2019-07-12T12:00:00.000000+0000,11815.986328125,1409.9000244140625
2019-07-13T00:00:00.000000+0000,11392.37890625,1409.9000244140625
2019-07-13T12:00:00.000000+0000,11392.37890625,1409.9000244140625
2019-07-14T00:00:00.000000+0000,10256.05859375,1409.9000244140625
2019-07-14T12:00:00.000000+0000,10256.05859375,1409.9000244140625
2019-07-15T00:00:00.000000+0000,10895.08984375,1411.4000244140625
2019-07-15T12:00:00.000000+0000,10895.08984375,1411.4000244140625
2019-07-16T00:00:00.000000+0000,9477.6416015625,1409.199951171875
2019-07-16T12:00:00.000000+0000,9477.6416015625,1409.199951171875
2019-07-17T00:00:00.000000+0000,9693.802734375,1421.300048828125
2019-07-17T12:00:00.000000+0000,9693.802734375,1421.300048828125
2019-07-18T00:00:00.000000+0000,10666.482421875,1426.0999755859375
2019-07-18T12:00:00.000000+0000,10666.482421875,1426.0999755859375
2019-07-19T00:00:00.000000+0000,10530.732421875,1425.0999755859375
2019-07-19T12:00:00.000000+0000,10530.732421875,1425.0999755859375
2019-07-20T00:00:00.000000+0000,10767.1396484375,1425.0999755859375
2019-07-20T12:00:00.000000+0000,10767.1396484375,1425.0999755859375
2019-07-21T00:00:00.000000+0000,10599.10546875,1425.0999755859375
2019-07-21T12:00:00.000000+0000,10599.10546875,1425.0999755859375
2019-07-22T00:00:00.000000+0000,10343.1064453125,1425.300048828125
2019-07-22T12:00:00.000000+0000,10343.1064453125,1425.300048828125
2019-07-23T00:00:00.000000+0000,9900.767578125,1420.0999755859375
2019-07-23T12:00:00.000000+0000,9900.767578125,1420.0999755859375
2019-07-24T00:00:00.000000+0000,9811.92578125,1422.800048828125
2019-07-24T12:00:00.000000+0000,9811.92578125,1422.800048828125
2019-07-25T00:00:00.000000+0000,9911.841796875,1413.9000244140625
2019-07-25T12:00:00.000000+0000,9911.841796875,1413.9000244140625
2019-07-26T00:00:00.000000+0000,9870.3037109375,1418.5
2019-07-26T12:00:00.000000+0000,9870.3037109375,1418.5
2019-07-27T00:00:00.000000+0000,9477.677734375,1418.5
2019-07-27T12:00:00.000000+0000,9477.677734375,1418.5
2019-07-28T00:00:00.000000+0000,9552.8603515625,1418.5
2019-07-28T12:00:00.000000+0000,9552.8603515625,1418.5
2019-07-29T00:00:00.000000+0000,9519.1455078125,1419.5999755859375
2019-07-29T12:00:00.000000+0000,9519.1455078125,1419.5999755859375
2019-07-30T00:00:00.000000+0000,9607.423828125,1429.699951171875
2019-07-30T12:00:00.000000+0000,9607.423828125,1429.699951171875
2019-07-31T00:00:00.000000+0000,10085.6279296875,1426.0999755859375
2019-07-31T12:00:00.000000+0000,10085.6279296875,1426.0999755859375
2019-08-01T00:00:00.000000+0000,10399.6689453125,1420.9000244140625
2019-08-01T12:00:00.000000+0000,10399.6689453125,1420.9000244140625
2019-08-02T00:00:00.000000+0000,10518.1748046875,1445.5999755859375
2019-08-02T12:00:00.000000+0000,10518.1748046875,1445.5999755859375
2019-08-03T00:00:00.000000+0000,10821.7265625,1445.5999755859375
2019-08-03T12:00:00.000000+0000,10821.7265625,1445.5999755859375
2019-08-04T00:00:00.000000+0000,10970.1845703125,1445.5999755859375
2019-08-04T12:00:00.000000+0000,10970.1845703125,1445.5999755859375
2019-08-05T00:00:00.000000+0000,11805.6533203125,1464.5999755859375
2019-08-05T12:00:00.000000+0000,11805.6533203125,1464.5999755859375
2019-08-06T00:00:00.000000+0000,11478.1689453125,1472.4000244140625
2019-08-06T12:00:00.000000+0000,11478.1689453125,1472.4000244140625
2019-08-07T00:00:00.000000+0000,11941.96875,1507.300048828125
2019-08-07T12:00:00.000000+0000,11941.96875,1507.300048828125
2019-08-08T00:00:00.000000+0000,11966.4072265625,1497.699951171875
2019-08-08T12:00:00.000000+0000,11966.4072265625,1497.699951171875
2019-08-09T00:00:00.000000+0000,11862.9365234375,1496.5999755859375
2019-08-09T12:00:00.000000+0000,11862.9365234375,1496.5999755859375
2019-08-10T00:00:00.000000+0000,11354.0244140625,1496.5999755859375
2019-08-10T12:00:00.000000+0000,11354.0244140625,1496.5999755859375
2019-08-11T00:00:00.000000+0000,11523.5791015625,1496.5999755859375
2019-08-11T12:00:00.000000+0000,11523.5791015625,1496.5999755859375
2019-08-12T00:00:00.000000+0000,11382.6162109375,1505.300048828125
2019-08-12T12:00:00.000000+0000,11382.6162109375,1505.300048828125
2019-08-13T00:00:00.000000+0000,10895.830078125,1502.199951171875
2019-08-13T12:00:00.000000+0000,10895.830078125,1502.199951171875
2019-08-14T00:00:00.000000+0000,10051.7041015625,1515.9000244140625
2019-08-14T12:00:00.000000+0000,10051.7041015625,1515.9000244140625
2019-08-15T00:00:00.000000+0000,10311.5458984375,1519.5999755859375
2019-08-15T12:00:00.000000+0000,10311.5458984375,1519.5999755859375
2019-08-16T00:00:00.000000+0000,10374.3388671875,1512.5
2019-08-16T12:00:00.000000+0000,10374.3388671875,1512.5
2019-08-17T00:00:00.000000+0000,10231.744140625,1512.5
2019-08-17T12:00:00.000000+0000,10231.744140625,1512.5
2019-08-18T00:00:00.000000+0000,10345.810546875,1512.5
2019-08-18T12:00:00.000000+0000,10345.810546875,1512.5
2019-08-19T00:00:00.000000+0000,10916.0537109375,1500.4000244140625
2019-08-19T12:00:00.000000+0000,10916.0537109375,1500.4000244140625
2019-08-20T00:00:00.000000+0000,10763.232421875,1504.5999755859375
2019-08-20T12:00:00.000000+0000,10763.232421875,1504.5999755859375
2019-08-21T00:00:00.000000+0000,10138.0498046875,1504.5999755859375
2019-08-21T12:00:00.000000+0000,10138.0498046875,1504.5999755859375
2019-08-22T00:00:00.000000+0000,10131.0556640625,1497.300048828125
2019-08-22T12:00:00.000000+0000,10131.0556640625,1497.300048828125
2019-08-23T00:00:00.000000+0000,10407.96484375,1526.5999755859375
2019-08-23T12:00:00.000000+0000,10407.96484375,1526.5999755859375
2019-08-24T00:00:00.000000+0000,10159.9609375,1526.5999755859375
2019-08-24T12:00:00.000000+0000,10159.9609375,1526.5999755859375
2019-08-25T00:00:00.000000+0000,10138.517578125,1526.5999755859375
2019-08-25T12:00:00.000000+0000,10138.517578125,1526.5999755859375
2019-08-26T00:00:00.000000+0000,10370.8203125,1526.300048828125
2019-08-26T12:00:00.000000+0000,10370.8203125,1526.300048828125
2019-08-27T00:00:00.000000+0000,10185.5,1541.0
2019-08-27T12:00:00.000000+0000,10185.5,1541.0
2019-08-28T00:00:00.000000+0000,9754.4228515625,1537.800048828125
2019-08-28T12:00:00.000000+0000,9754.4228515625,1537.800048828125
2019-08-29T00:00:00.000000+0000,9510.2001953125,1526.5
2019-08-29T12:00:00.000000+0000,9510.2001953125,1526.5
2019-08-30T00:00:00.000000+0000,9598.173828125,1519.0999755859375
2019-08-30T12:00:00.000000+0000,9598.173828125,1519.0999755859375
2019-08-31T00:00:00.000000+0000,9630.6640625,1519.0999755859375
2019-08-31T12:00:00.000000+0000,9630.6640625,1519.0999755859375
2019-09-01T00:00:00.000000+0000,9757.970703125,1519.0999755859375
2019-09-01T12:00:00.000000+0000,9757.970703125,1519.0999755859375
2019-09-02T00:00:00.000000+0000,10346.7607421875,1519.0999755859375
2019-09-02T12:00:00.000000+0000,10346.7607421875,1519.0999755859375
2019-09-03T00:00:00.000000+0000,10623.5400390625,1545.9000244140625
2019-09-03T12:00:00.000000+0000,10623.5400390625,1545.9000244140625
2019-09-04T00:00:00.000000+0000,10594.4931640625,1550.300048828125
2019-09-04T12:00:00.000000+0000,10594.4931640625,1550.300048828125
2019-09-05T00:00:00.000000+0000,10575.533203125,1515.4000244140625
2019-09-05T12:00:00.000000+0000,10575.533203125,1515.4000244140625
2019-09-06T00:00:00.000000+0000,10353.302734375,1506.199951171875
2019-09-06T12:00:00.000000+0000,10353.302734375,1506.199951171875
2019-09-07T00:00:00.000000+0000,10517.2548828125,1506.199951171875
2019-09-07T12:00:00.000000+0000,10517.2548828125,1506.199951171875
2019-09-08T00:00:00.000000+0000,10441.2763671875,1506.199951171875
2019-09-08T12:00:00.000000+0000,10441.2763671875,1506.199951171875
2019-09-09T00:00:00.000000+0000,10334.974609375,1502.199951171875
2019-09-09T12:00:00.000000+0000,10334.974609375,1502.199951171875
2019-09-10T00:00:00.000000+0000,10115.9755859375,1490.300048828125
2019-09-10T12:00:00.000000+0000,10115.9755859375,1490.300048828125
2019-09-11T00:00:00.000000+0000,10178.3720703125,1494.4000244140625
2019-09-11T12:00:00.000000+0000,10178.3720703125,1494.4000244140625
2019-09-12T00:00:00.000000+0000,10410.126953125,1498.699951171875
2019-09-12T12:00:00.000000+0000,10410.126953125,1498.699951171875
2019-09-13T00:00:00.000000+0000,10360.546875,1490.9000244140625
2019-09-13T12:00:00.000000+0000,10360.546875,1490.9000244140625
2019-09-14T00:00:00.000000+0000,10358.048828125,1490.9000244140625
2019-09-14T12:00:00.000000+0000,10358.048828125,1490.9000244140625
2019-09-15T00:00:00.000000+0000,10347.712890625,1490.9000244140625
2019-09-15T12:00:00.000000+0000,10347.712890625,1490.9000244140625
2019-09-16T00:00:00.000000+0000,10276.7939453125,1503.0999755859375
2019-09-16T12:00:00.000000+0000,10276.7939453125,1503.0999755859375
2019-09-17T00:00:00.000000+0000,10241.2724609375,1505.0999755859375
2019-09-17T12:00:00.000000+0000,10241.2724609375,1505.0999755859375
2019-09-18T00:00:00.000000+0000,10198.248046875,1507.5
2019-09-18T12:00:00.000000+0000,10198.248046875,1507.5
2019-09-19T00:00:00.000000+0000,10266.4150390625,1498.4000244140625
2019-09-19T12:00:00.000000+0000,10266.4150390625,1498.4000244140625
2019-09-20T00:00:00.000000+0000,10181.6416015625,1507.300048828125
2019-09-20T12:00:00.000000+0000,10181.6416015625,1507.300048828125
2019-09-21T00:00:00.000000+0000,10019.716796875,1507.300048828125
2019-09-21T12:00:00.000000+0000,10019.716796875,1507.300048828125
2019-09-22T00:00:00.000000+0000,10070.392578125,1507.300048828125
2019-09-22T12:00:00.000000+0000,10070.392578125,1507.300048828125
2019-09-23T00:00:00.000000+0000,9729.32421875,1523.699951171875
2019-09-23T12:00:00.000000+0000,9729.32421875,1523.699951171875
2019-09-24T00:00:00.000000+0000,8620.56640625,1532.0999755859375
2019-09-24T12:00:00.000000+0000,8620.56640625,1532.0999755859375
2019-09-25T00:00:00.000000+0000,8486.9931640625,1504.5999755859375
2019-09-25T12:00:00.000000+0000,8486.9931640625,1504.5999755859375
2019-09-26T00:00:00.000000+0000,8118.9677734375,1507.5
2019-09-26T12:00:00.000000+0000,8118.9677734375,1507.5
2019-09-27T00:00:00.000000+0000,8251.845703125,1499.0999755859375
2019-09-27T12:00:00.000000+0000,8251.845703125,1499.0999755859375
2019-09-28T00:00:00.000000+0000,8245.9150390625,1499.0999755859375
2019-09-28T12:00:00.000000+0000,8245.9150390625,1499.0999755859375
2019-09-29T00:00:00.000000+0000,8104.185546875,1499.0999755859375
2019-09-29T12:00:00.000000+0000,8104.185546875,1499.0999755859375
2019-09-30T00:00:00.000000+0000,8293.8681640625,1465.699951171875
2019-09-30T12:00:00.000000+0000,8293.8681640625,1465.699951171875
2019-10-01T00:00:00.000000+0000,8343.2763671875,1482.0
2019-10-01T12:00:00.000000+0000,8343.2763671875,1482.0
2019-10-02T00:00:00.000000+0000,8393.0419921875,1501.0
2019-10-02T12:00:00.000000+0000,8393.0419921875,1501.0
2019-10-03T00:00:00.000000+0000,8259.9921875,1507.0999755859375
2019-10-03T12:00:00.000000+0000,8259.9921875,1507.0999755859375
2019-10-04T00:00:00.000000+0000,8205.939453125,1506.199951171875
2019-10-04T12:00:00.000000+0000,8205.939453125,1506.199951171875
2019-10-05T00:00:00.000000+0000,8151.50048828125,1506.199951171875
2019-10-05T12:00:00.000000+0000,8151.50048828125,1506.199951171875
2019-10-06T00:00:00.000000+0000,7988.15576171875,1506.199951171875
2019-10-06T12:00:00.000000+0000,7988.15576171875,1506.199951171875
2019-10-07T00:00:00.000000+0000,8245.623046875,1497.699951171875
2019-10-07T12:00:00.000000+0000,8245.623046875,1497.699951171875
2019-10-08T00:00:00.000000+0000,8228.783203125,1497.199951171875
2019-10-08T12:00:00.000000+0000,8228.783203125,1497.199951171875
2019-10-09T00:00:00.000000+0000,8595.740234375,1506.0999755859375
2019-10-09T12:00:00.000000+0000,8595.740234375,1506.0999755859375
2019-10-10T00:00:00.000000+0000,8586.4736328125,1494.800048828125
2019-10-10T12:00:00.000000+0000,8586.4736328125,1494.800048828125
2019-10-11T00:00:00.000000+0000,8321.7568359375,1482.699951171875
2019-10-11T12:00:00.000000+0000,8321.7568359375,1482.699951171875
2019-10-12T00:00:00.000000+0000,8336.5556640625,1482.699951171875
2019-10-12T12:00:00.000000+0000,8336.5556640625,1482.699951171875
2019-10-13T00:00:00.000000+0000,8321.005859375,1482.699951171875
2019-10-13T12:00:00.000000+0000,8321.005859375,1482.699951171875
2019-10-14T00:00:00.000000+0000,8374.6865234375,1491.699951171875
2019-10-14T12:00:00.000000+0000,8374.6865234375,1491.699951171875
2019-10-15T00:00:00.000000+0000,8205.369140625,1477.5999755859375
2019-10-15T12:00:00.000000+0000,8205.369140625,1477.5999755859375
2019-10-16T00:00:00.000000+0000,8047.52685546875,1488.0
2019-10-16T12:00:00.000000+0000,8047.52685546875,1488.0
2019-10-17T00:00:00.000000+0000,8103.9111328125,1492.300048828125
2019-10-17T12:00:00.000000+0000,8103.9111328125,1492.300048828125
2019-10-18T00:00:00.000000+0000,7973.20751953125,1488.199951171875
2019-10-18T12:00:00.000000+0000,7973.20751953125,1488.199951171875
2019-10-19T00:00:00.000000+0000,7988.560546875,1488.199951171875
2019-10-19T12:00:00.000000+0000,7988.560546875,1488.199951171875
2019-10-20T00:00:00.000000+0000,8222.078125,1488.199951171875
2019-10-20T12:00:00.000000+0000,8222.078125,1488.199951171875
2019-10-21T00:00:00.000000+0000,8243.720703125,1482.4000244140625
2019-10-21T12:00:00.000000+0000,8243.720703125,1482.4000244140625
2019-10-22T00:00:00.000000+0000,8078.203125,1481.699951171875
2019-10-22T12:00:00.000000+0000,8078.203125,1481.699951171875
2019-10-23T00:00:00.000000+0000,7514.671875,1489.9000244140625
2019-10-23T12:00:00.000000+0000,7514.671875,1489.9000244140625
2019-10-24T00:00:00.000000+0000,7493.48876953125,1498.9000244140625
2019-10-24T12:00:00.000000+0000,7493.48876953125,1498.9000244140625
2019-10-25T00:00:00.000000+0000,8660.7001953125,1499.5
2019-10-25T12:00:00.000000+0000,8660.7001953125,1499.5
2019-10-26T00:00:00.000000+0000,9244.97265625,1499.5
2019-10-26T12:00:00.000000+0000,9244.97265625,1499.5
2019-10-27T00:00:00.000000+0000,9551.71484375,1499.5
2019-10-27T12:00:00.000000+0000,9551.71484375,1499.5
2019-10-28T00:00:00.000000+0000,9256.1484375,1490.0
2019-10-28T12:00:00.000000+0000,9256.1484375,1490.0
2019-10-29T00:00:00.000000+0000,9427.6875,1487.0
2019-10-29T12:00:00.000000+0000,9427.6875,1487.0
2019-10-30T00:00:00.000000+0000,9205.7265625,1493.199951171875
2019-10-30T12:00:00.000000+0000,9205.7265625,1493.199951171875
2019-10-31T00:00:00.000000+0000,9199.5849609375,1511.4000244140625
2019-10-31T12:00:00.000000+0000,9199.5849609375,1511.4000244140625
2019-11-01T00:00:00.000000+0000,9261.1044921875,1508.0
2019-11-01T12:00:00.000000+0000,9261.1044921875,1508.0
2019-11-02T00:00:00.000000+0000,9324.7177734375,1508.0
2019-11-02T12:00:00.000000+0000,9324.7177734375,1508.0
2019-11-03T00:00:00.000000+0000,9235.3544921875,1508.0
2019-11-03T12:00:00.000000+0000,9235.3544921875,1508.0
2019-11-04T00:00:00.000000+0000,9412.6123046875,1508.0
2019-11-04T12:00:00.000000+0000,9412.6123046875,1508.0
2019-11-05T00:00:00.000000+0000,9342.52734375,1480.800048828125
2019-11-05T12:00:00.000000+0000,9342.52734375,1480.800048828125
2019-11-06T00:00:00.000000+0000,9360.8798828125,1490.199951171875
2019-11-06T12:00:00.000000+0000,9360.8798828125,1490.199951171875
2019-11-07T00:00:00.000000+0000,9267.5615234375,1464.199951171875
2019-11-07T12:00:00.000000+0000,9267.5615234375,1464.199951171875
2019-11-08T00:00:00.000000+0000,8804.880859375,1461.300048828125
2019-11-08T12:00:00.000000+0000,8804.880859375,1461.300048828125
2019-11-09T00:00:00.000000+0000,8813.58203125,1461.300048828125
2019-11-09T12:00:00.000000+0000,8813.58203125,1461.300048828125
2019-11-10T00:00:00.000000+0000,9055.5263671875,1461.300048828125
2019-11-10T12:00:00.000000+0000,9055.5263671875,1461.300048828125
2019-11-11T00:00:00.000000+0000,8757.7880859375,1455.5
2019-11-11T12:00:00.000000+0000,8757.7880859375,1455.5
2019-11-12T00:00:00.000000+0000,8815.662109375,1452.0999755859375
2019-11-12T12:00:00.000000+0000,8815.662109375,1452.0999755859375
2019-11-13T00:00:00.000000+0000,8808.2626953125,1461.699951171875
2019-11-13T12:00:00.000000+0000,8808.2626953125,1461.699951171875
2019-11-14T00:00:00.000000+0000,8708.0947265625,1471.800048828125
2019-11-14T12:00:00.000000+0000,8708.0947265625,1471.800048828125
2019-11-15T00:00:00.000000+0000,8491.9921875,1467.300048828125
2019-11-15T12:00:00.000000+0000,8491.9921875,1467.300048828125
2019-11-16T00:00:00.000000+0000,8550.7607421875,1467.300048828125
2019-11-16T12:00:00.000000+0000,8550.7607421875,1467.300048828125
2019-11-17T00:00:00.000000+0000,8577.9755859375,1467.300048828125
2019-11-17T12:00:00.000000+0000,8577.9755859375,1467.300048828125
2019-11-18T00:00:00.000000+0000,8309.2861328125,1470.9000244140625
2019-11-18T12:00:00.000000+0000,8309.2861328125,1470.9000244140625
2019-11-19T00:00:00.000000+0000,8206.1455078125,1473.300048828125
2019-11-19T12:00:00.000000+0000,8206.1455078125,1473.300048828125
2019-11-20T00:00:00.000000+0000,8027.26806640625,1473.300048828125
2019-11-20T12:00:00.000000+0000,8027.26806640625,1473.300048828125
2019-11-21T00:00:00.000000+0000,7642.75,1463.0999755859375
2019-11-21T12:00:00.000000+0000,7642.75,1463.0999755859375
2019-11-22T00:00:00.000000+0000,7296.57763671875,1463.0999755859375
2019-11-22T12:00:00.000000+0000,7296.57763671875,1463.0999755859375
2019-11-23T00:00:00.000000+0000,7397.796875,1463.0999755859375
2019-11-23T12:00:00.000000+0000,7397.796875,1463.0999755859375
2019-11-24T00:00:00.000000+0000,7047.9169921875,1463.0999755859375
2019-11-24T12:00:00.000000+0000,7047.9169921875,1463.0999755859375
2019-11-25T00:00:00.000000+0000,7146.1337890625,1456.5999755859375
2019-11-25T12:00:00.000000+0000,7146.1337890625,1456.5999755859375
2019-11-26T00:00:00.000000+0000,7218.37109375,1459.800048828125
2019-11-26T12:00:00.000000+0000,7218.37109375,1459.800048828125
2019-11-27T00:00:00.000000+0000,7531.66357421875,1453.4000244140625
2019-11-27T12:00:00.000000+0000,7531.66357421875,1453.4000244140625
2019-11-28T00:00:00.000000+0000,7463.10595703125,1453.4000244140625
2019-11-28T12:00:00.000000+0000,7463.10595703125,1453.4000244140625
2019-11-29T00:00:00.000000+0000,7761.24365234375,1465.5999755859375
2019-11-29T12:00:00.000000+0000,7761.24365234375,1465.5999755859375
2019-11-30T00:00:00.000000+0000,7569.6298828125,1465.5999755859375
2019-11-30T12:00:00.000000+0000,7569.6298828125,1465.5999755859375
2019-12-01T00:00:00.000000+0000,7424.29248046875,1465.5999755859375
2019-12-01T12:00:00.000000+0000,7424.29248046875,1465.5999755859375
2019-12-02T00:00:00.000000+0000,7321.98828125,1462.300048828125
2019-12-02T12:00:00.000000+0000,7321.98828125,1462.300048828125
2019-12-03T00:00:00.000000+0000,7320.1455078125,1478.199951171875
2019-12-03T12:00:00.000000+0000,7320.1455078125,1478.199951171875
2019-12-04T00:00:00.000000+0000,7252.03466796875,1474.0
2019-12-04T12:00:00.000000+0000,7252.03466796875,1474.0
2019-12-05T00:00:00.000000+0000,7448.3076171875,1476.9000244140625
2019-12-05T12:00:00.000000+0000,7448.3076171875,1476.9000244140625
2019-12-06T00:00:00.000000+0000,7546.99658203125,1459.0999755859375
2019-12-06T12:00:00.000000+0000,7546.99658203125,1459.0999755859375
2019-12-07T00:00:00.000000+0000,7556.23779296875,1459.0999755859375
2019-12-07T12:00:00.000000+0000,7556.23779296875,1459.0999755859375
2019-12-08T00:00:00.000000+0000,7564.34521484375,1459.0999755859375
2019-12-08T12:00:00.000000+0000,7564.34521484375,1459.0999755859375
2019-12-09T00:00:00.000000+0000,7400.8994140625,1459.300048828125
2019-12-09T12:00:00.000000+0000,7400.8994140625,1459.300048828125
2019-12-10T00:00:00.000000+0000,7278.11962890625,1462.5999755859375
2019-12-10T12:00:00.000000+0000,7278.11962890625,1462.5999755859375
2019-12-11T00:00:00.000000+0000,7217.42724609375,1469.4000244140625
2019-12-11T12:00:00.000000+0000,7217.42724609375,1469.4000244140625
2019-12-12T00:00:00.000000+0000,7243.13427734375,1466.699951171875
2019-12-12T12:00:00.000000+0000,7243.13427734375,1466.699951171875
2019-12-13T00:00:00.000000+0000,7269.6845703125,1475.5999755859375
2019-12-13T12:00:00.000000+0000,7269.6845703125,1475.5999755859375
2019-12-14T00:00:00.000000+0000,7124.673828125,1475.5999755859375
2019-12-14T12:00:00.000000+0000,7124.673828125,1475.5999755859375
2019-12-15T00:00:00.000000+0000,7152.3017578125,1475.5999755859375
2019-12-15T12:00:00.000000+0000,7152.3017578125,1475.5999755859375
2019-12-16T00:00:00.000000+0000,6932.48046875,1475.0
2019-12-16T12:00:00.000000+0000,6932.48046875,1475.0
2019-12-17T00:00:00.000000+0000,6640.51513671875,1474.5999755859375
2019-12-17T12:00:00.000000+0000,6640.51513671875,1474.5999755859375
2019-12-18T00:00:00.000000+0000,7276.802734375,1472.5999755859375
2019-12-18T12:00:00.000000+0000,7276.802734375,1472.5999755859375
2019-12-19T00:00:00.000000+0000,7202.84423828125,1478.199951171875
2019-12-19T12:00:00.000000+0000,7202.84423828125,1478.199951171875
2019-12-20T00:00:00.000000+0000,7218.81640625,1474.699951171875
2019-12-20T12:00:00.000000+0000,7218.81640625,1474.699951171875
2019-12-21T00:00:00.000000+0000,7191.15869140625,1474.699951171875
2019-12-21T12:00:00.000000+0000,7191.15869140625,1474.699951171875
2019-12-22T00:00:00.000000+0000,7511.5888671875,1474.699951171875
2019-12-22T12:00:00.000000+0000,7511.5888671875,1474.699951171875
2019-12-23T00:00:00.000000+0000,7355.62841796875,1482.5
2019-12-23T12:00:00.000000+0000,7355.62841796875,1482.5
2019-12-24T00:00:00.000000+0000,7322.5322265625,1499.0999755859375
2019-12-24T12:00:00.000000+0000,7322.5322265625,1499.0999755859375
2019-12-25T00:00:00.000000+0000,7275.15576171875,1499.0999755859375
2019-12-25T12:00:00.000000+0000,7275.15576171875,1499.0999755859375
2019-12-26T00:00:00.000000+0000,7238.966796875,1509.300048828125
2019-12-26T12:00:00.000000+0000,7238.966796875,1509.300048828125
2019-12-27T00:00:00.000000+0000,7290.08837890625,1513.800048828125
2019-12-27T12:00:00.000000+0000,7290.08837890625,1513.800048828125
2019-12-28T00:00:00.000000+0000,7317.990234375,1513.800048828125
2019-12-28T12:00:00.000000+0000,7317.990234375,1513.800048828125
2019-12-29T00:00:00.000000+0000,7422.65283203125,1513.800048828125
2019-12-29T12:00:00.000000+0000,7422.65283203125,1513.800048828125
2019-12-30T00:00:00.000000+0000,7292.9951171875,1514.5
2019-12-30T12:00:00.000000+0000,7292.9951171875,1514.5
2019-12-31T00:00:00.000000+0000,7193.59912109375,1519.5
2019-12-31T12:00:00.000000+0000,7193.59912109375,1519.5
2020-01-01T00:00:00.000000+0000,7200.17431640625,1519.5
2020-01-01T12:00:00.000000+0000,7200.17431640625,1519.5
2020-01-02T00:00:00.000000+0000,6985.47021484375,1524.5
2020-01-02T12:00:00.000000+0000,6985.47021484375,1524.5
2020-01-03T00:00:00.000000+0000,7344.88427734375,1549.199951171875
2020-01-03T12:00:00.000000+0000,7344.88427734375,1549.199951171875
2020-01-04T00:00:00.000000+0000,7410.65673828125,1549.199951171875
2020-01-04T12:00:00.000000+0000,7410.65673828125,1549.199951171875
2020-01-05T00:00:00.000000+0000,7411.3173828125,1549.199951171875
2020-01-05T12:00:00.000000+0000,7411.3173828125,1549.199951171875
2020-01-06T00:00:00.000000+0000,7769.21923828125,1566.199951171875
2020-01-06T12:00:00.000000+0000,7769.21923828125,1566.199951171875
2020-01-07T00:00:00.000000+0000,8163.6923828125,1571.800048828125
2020-01-07T12:00:00.000000+0000,8163.6923828125,1571.800048828125
2020-01-08T00:00:00.000000+0000,8079.86279296875,1557.4000244140625
2020-01-08T12:00:00.000000+0000,8079.86279296875,1557.4000244140625
2020-01-09T00:00:00.000000+0000,7879.0712890625,1551.699951171875
2020-01-09T12:00:00.000000+0000,7879.0712890625,1551.699951171875
2020-01-10T00:00:00.000000+0000,8166.55419921875,1557.5
2020-01-10T12:00:00.000000+0000,8166.55419921875,1557.5
2020-01-11T00:00:00.000000+0000,8037.53759765625,1557.5
2020-01-11T12:00:00.000000+0000,8037.53759765625,1557.5
2020-01-12T00:00:00.000000+0000,8192.494140625,1557.5
2020-01-12T12:00:00.000000+0000,8192.494140625,1557.5
2020-01-13T00:00:00.000000+0000,8144.1943359375,1548.4000244140625
2020-01-13T12:00:00.000000+0000,8144.1943359375,1548.4000244140625
2020-01-14T00:00:00.000000+0000,8827.7646484375,1542.4000244140625
2020-01-14T12:00:00.000000+0000,8827.7646484375,1542.4000244140625
2020-01-15T00:00:00.000000+0000,8807.0107421875,1552.0999755859375
2020-01-15T12:00:00.000000+0000,8807.0107421875,1552.0999755859375
2020-01-16T00:00:00.000000+0000,8723.7861328125,1549.0
2020-01-16T12:00:00.000000+0000,8723.7861328125,1549.0
2020-01-17T00:00:00.000000+0000,8929.0380859375,1558.800048828125
2020-01-17T12:00:00.000000+0000,8929.0380859375,1558.800048828125
2020-01-18T00:00:00.000000+0000,8942.80859375,1558.800048828125
2020-01-18T12:00:00.000000+0000,8942.80859375,1558.800048828125
2020-01-19T00:00:00.000000+0000,8706.2451171875,1558.800048828125
2020-01-19T12:00:00.000000+0000,8706.2451171875,1558.800048828125
2020-01-20T00:00:00.000000+0000,8657.642578125,1558.800048828125
2020-01-20T12:00:00.000000+0000,8657.642578125,1558.800048828125
2020-01-21T00:00:00.000000+0000,8745.89453125,1556.4000244140625
2020-01-21T12:00:00.000000+0000,8745.89453125,1556.4000244140625
2020-01-22T00:00:00.000000+0000,8680.8759765625,1555.300048828125
2020-01-22T12:00:00.000000+0000,8680.8759765625,1555.300048828125
2020-01-23T00:00:00.000000+0000,8406.515625,1564.5999755859375
2020-01-23T12:00:00.000000+0000,8406.515625,1564.5999755859375
2020-01-24T00:00:00.000000+0000,8445.4345703125,1571.0999755859375
2020-01-24T12:00:00.000000+0000,8445.4345703125,1571.0999755859375
2020-01-25T00:00:00.000000+0000,8367.84765625,1571.0999755859375
2020-01-25T12:00:00.000000+0000,8367.84765625,1571.0999755859375
2020-01-26T00:00:00.000000+0000,8596.830078125,1571.0999755859375
2020-01-26T12:00:00.000000+0000,8596.830078125,1571.0999755859375
2020-01-27T00:00:00.000000+0000,8909.8193359375,1576.800048828125
2020-01-27T12:00:00.000000+0000,8909.8193359375,1576.800048828125
2020-01-28T00:00:00.000000+0000,9358.58984375,1569.199951171875
2020-01-28T12:00:00.000000+0000,9358.58984375,1569.199951171875
2020-01-29T00:00:00.000000+0000,9316.6298828125,1569.800048828125
2020-01-29T12:00:00.000000+0000,9316.6298828125,1569.800048828125
2020-01-30T00:00:00.000000+0000,9508.9931640625,1583.5
2020-01-30T12:00:00.000000+0000,9508.9931640625,1583.5
2020-01-31T00:00:00.000000+0000,9350.529296875,1582.9000244140625
2020-01-31T12:00:00.000000+0000,9350.529296875,1582.9000244140625
2020-02-01T00:00:00.000000+0000,9392.875,1582.9000244140625
2020-02-01T12:00:00.000000+0000,9392.875,1582.9000244140625
2020-02-02T00:00:00.000000+0000,9344.365234375,1582.9000244140625
2020-02-02T12:00:00.000000+0000,9344.365234375,1582.9000244140625
2020-02-03T00:00:00.000000+0000,9293.521484375,1577.199951171875
2020-02-03T12:00:00.000000+0000,9293.521484375,1577.199951171875
2020-02-04T00:00:00.000000+0000,9180.962890625,1550.4000244140625
2020-02-04T12:00:00.000000+0000,9180.962890625,1550.4000244140625
2020-02-05T00:00:00.000000+0000,9613.423828125,1557.800048828125
2020-02-05T12:00:00.000000+0000,9613.423828125,1557.800048828125
2020-02-06T00:00:00.000000+0000,9729.8017578125,1565.0999755859375
2020-02-06T12:00:00.000000+0000,9729.8017578125,1565.0999755859375
2020-02-07T00:00:00.000000+0000,9795.943359375,1568.5999755859375
2020-02-07T12:00:00.000000+0000,9795.943359375,1568.5999755859375
2020-02-08T00:00:00.000000+0000,9865.119140625,1568.5999755859375
2020-02-08T12:00:00.000000+0000,9865.119140625,1568.5999755859375
2020-02-09T00:00:00.000000+0000,10116.673828125,1568.5999755859375
2020-02-09T12:00:00.000000+0000,10116.673828125,1568.5999755859375
2020-02-10T00:00:00.000000+0000,9856.611328125,1574.699951171875
2020-02-10T12:00:00.000000+0000,9856.611328125,1574.699951171875
2020-02-11T00:00:00.000000+0000,10208.236328125,1565.5999755859375
2020-02-11T12:00:00.000000+0000,10208.236328125,1565.5999755859375
2020-02-12T00:00:00.000000+0000,10326.0546875,1567.4000244140625
2020-02-12T12:00:00.000000+0000,10326.0546875,1567.4000244140625
2020-02-13T00:00:00.000000+0000,10214.3798828125,1575.0999755859375
2020-02-13T12:00:00.000000+0000,10214.3798828125,1575.0999755859375
2020-02-14T00:00:00.000000+0000,10312.1162109375,1582.699951171875
2020-02-14T12:00:00.000000+0000,10312.1162109375,1582.699951171875
2020-02-15T00:00:00.000000+0000,9889.4248046875,1582.699951171875
2020-02-15T12:00:00.000000+0000,9889.4248046875,1582.699951171875
2020-02-16T00:00:00.000000+0000,9934.43359375,1582.699951171875
2020-02-16T12:00:00.000000+0000,9934.43359375,1582.699951171875
2020-02-17T00:00:00.000000+0000,9690.142578125,1582.699951171875
2020-02-17T12:00:00.000000+0000,9690.142578125,1582.699951171875
2020-02-18T00:00:00.000000+0000,10141.99609375,1600.0
2020-02-18T12:00:00.000000+0000,10141.99609375,1600.0
2020-02-19T00:00:00.000000+0000,9633.38671875,1607.5
2020-02-19T12:00:00.000000+0000,9633.38671875,1607.5
2020-02-20T00:00:00.000000+0000,9608.4755859375,1616.5999755859375
2020-02-20T12:00:00.000000+0000,9608.4755859375,1616.5999755859375
2020-02-21T00:00:00.000000+0000,9686.44140625,1644.5999755859375
2020-02-21T12:00:00.000000+0000,9686.44140625,1644.5999755859375
2020-02-22T00:00:00.000000+0000,9663.181640625,1644.5999755859375
2020-02-22T12:00:00.000000+0000,9663.181640625,1644.5999755859375
2020-02-23T00:00:00.000000+0000,9924.515625,1644.5999755859375
2020-02-23T12:00:00.000000+0000,9924.515625,1644.5999755859375
2020-02-24T00:00:00.000000+0000,9650.1748046875,1672.4000244140625
2020-02-24T12:00:00.000000+0000,9650.1748046875,1672.4000244140625
2020-02-25T00:00:00.000000+0000,9341.705078125,1646.9000244140625
2020-02-25T12:00:00.000000+0000,9341.705078125,1646.9000244140625
2020-02-26T00:00:00.000000+0000,8820.5224609375,1640.0
2020-02-26T12:00:00.000000+0000,8820.5224609375,1640.0
2020-02-27T00:00:00.000000+0000,8784.494140625,1640.0
2020-02-27T12:00:00.000000+0000,8784.494140625,1640.0
2020-02-28T00:00:00.000000+0000,8672.455078125,1564.0999755859375
2020-02-28T12:00:00.000000+0000,8672.455078125,1564.0999755859375
2020-02-29T00:00:00.000000+0000,8599.5087890625,1564.0999755859375
2020-02-29T12:00:00.000000+0000,8599.5087890625,1564.0999755859375
2020-03-01T00:00:00.000000+0000,8562.4541015625,1564.0999755859375
2020-03-01T12:00:00.000000+0000,8562.4541015625,1564.0999755859375
2020-03-02T00:00:00.000000+0000,8869.669921875,1592.300048828125
2020-03-02T12:00:00.000000+0000,8869.669921875,1592.300048828125
2020-03-03T00:00:00.000000+0000,8787.7861328125,1642.0999755859375
2020-03-03T12:00:00.000000+0000,8787.7861328125,1642.0999755859375
2020-03-04T00:00:00.000000+0000,8755.24609375,1641.0999755859375
2020-03-04T12:00:00.000000+0000,8755.24609375,1641.0999755859375
2020-03-05T00:00:00.000000+0000,9078.7626953125,1666.4000244140625
2020-03-05T12:00:00.000000+0000,9078.7626953125,1666.4000244140625
2020-03-06T00:00:00.000000+0000,9122.5458984375,1670.800048828125
2020-03-06T12:00:00.000000+0000,9122.5458984375,1670.800048828125
2020-03-07T00:00:00.000000+0000,8909.9541015625,1670.800048828125
2020-03-07T12:00:00.000000+0000,8909.9541015625,1670.800048828125
2020-03-08T00:00:00.000000+0000,8108.1162109375,1670.800048828125
2020-03-08T12:00:00.000000+0000,8108.1162109375,1670.800048828125
2020-03-09T00:00:00.000000+0000,7923.64453125,1674.5
2020-03-09T12:00:00.000000+0000,7923.64453125,1674.5
2020-03-10T00:00:00.000000+0000,7909.7294921875,1659.0999755859375
2020-03-10T12:00:00.000000+0000,7909.7294921875,1659.0999755859375
2020-03-11T00:00:00.000000+0000,7911.43017578125,1641.4000244140625
2020-03-11T12:00:00.000000+0000,7911.43017578125,1641.4000244140625
2020-03-12T00:00:00.000000+0000,4970.7880859375,1589.300048828125
2020-03-12T12:00:00.000000+0000,4970.7880859375,1589.300048828125
2020-03-13T00:00:00.000000+0000,5563.70703125,1515.699951171875
2020-03-13T12:00:00.000000+0000,5563.70703125,1515.699951171875
2020-03-14T00:00:00.000000+0000,5200.3662109375,1515.699951171875
2020-03-14T12:00:00.000000+0000,5200.3662109375,1515.699951171875
2020-03-15T00:00:00.000000+0000,5392.31494140625,1515.699951171875
2020-03-15T12:00:00.000000+0000,5392.31494140625,1515.699951171875
2020-03-16T00:00:00.000000+0000,5014.47998046875,1485.9000244140625
2020-03-16T12:00:00.000000+0000,5014.47998046875,1485.9000244140625
2020-03-17T00:00:00.000000+0000,5225.62939453125,1524.9000244140625
2020-03-17T12:00:00.000000+0000,5225.62939453125,1524.9000244140625
2020-03-18T00:00:00.000000+0000,5238.4384765625,1477.300048828125
2020-03-18T12:00:00.000000+0000,5238.4384765625,1477.300048828125
2020-03-19T00:00:00.000000+0000,6191.19287109375,1478.5999755859375
2020-03-19T12:00:00.000000+0000,6191.19287109375,1478.5999755859375
2020-03-20T00:00:00.000000+0000,6198.7783203125,1484.0
2020-03-20T12:00:00.000000+0000,6198.7783203125,1484.0
2020-03-21T00:00:00.000000+0000,6185.06640625,1484.0
2020-03-21T12:00:00.000000+0000,6185.06640625,1484.0
2020-03-22T00:00:00.000000+0000,5830.2548828125,1484.0
2020-03-22T12:00:00.000000+0000,5830.2548828125,1484.0
2020-03-23T00:00:00.000000+0000,6416.31494140625,1567.0
2020-03-23T12:00:00.000000+0000,6416.31494140625,1567.0
2020-03-24T00:00:00.000000+0000,6734.8037109375,1660.199951171875
2020-03-24T12:00:00.000000+0000,6734.8037109375,1660.199951171875
2020-03-25T00:00:00.000000+0000,6681.06298828125,1632.300048828125
2020-03-25T12:00:00.000000+0000,6681.06298828125,1632.300048828125
2020-03-26T00:00:00.000000+0000,6716.4404296875,1650.0999755859375
2020-03-26T12:00:00.000000+0000,6716.4404296875,1650.0999755859375
2020-03-27T00:00:00.000000+0000,6469.79833984375,1623.9000244140625
2020-03-27T12:00:00.000000+0000,6469.79833984375,1623.9000244140625
2020-03-28T00:00:00.000000+0000,6242.19384765625,1623.9000244140625
2020-03-28T12:00:00.000000+0000,6242.19384765625,1623.9000244140625
2020-03-29T00:00:00.000000+0000,5922.04296875,1623.9000244140625
2020-03-29T12:00:00.000000+0000,5922.04296875,1623.9000244140625
2020-03-30T00:00:00.000000+0000,6429.841796875,1622.0
2020-03-30T12:00:00.000000+0000,6429.841796875,1622.0
2020-03-31T00:00:00.000000+0000,6438.64453125,1583.4000244140625
2020-03-31T12:00:00.000000+0000,6438.64453125,1583.4000244140625
2020-04-01T00:00:00.000000+0000,6606.7763671875,1578.199951171875
2020-04-01T12:00:00.000000+0000,6606.7763671875,1578.199951171875
2020-04-02T00:00:00.000000+0000,6793.62451171875,1625.699951171875
2020-04-02T12:00:00.000000+0000,6793.62451171875,1625.699951171875
2020-04-03T00:00:00.000000+0000,6733.38720703125,1633.699951171875
2020-04-03T12:00:00.000000+0000,6733.38720703125,1633.699951171875
2020-04-04T00:00:00.000000+0000,6867.52734375,1633.699951171875
2020-04-04T12:00:00.000000+0000,6867.52734375,1633.699951171875
2020-04-05T00:00:00.000000+0000,6791.12939453125,1633.699951171875
2020-04-05T12:00:00.000000+0000,6791.12939453125,1633.699951171875
2020-04-06T00:00:00.000000+0000,7271.78125,1677.0
2020-04-06T12:00:00.000000+0000,7271.78125,1677.0
2020-04-07T00:00:00.000000+0000,7176.41455078125,1664.800048828125
2020-04-07T12:00:00.000000+0000,7176.41455078125,1664.800048828125
2020-04-08T00:00:00.000000+0000,7334.0986328125,1665.4000244140625
2020-04-08T12:00:00.000000+0000,7334.0986328125,1665.4000244140625
2020-04-09T00:00:00.000000+0000,7302.08935546875,1736.199951171875
2020-04-09T12:00:00.000000+0000,7302.08935546875,1736.199951171875
2020-04-10T00:00:00.000000+0000,6865.4931640625,1736.199951171875
2020-04-10T12:00:00.000000+0000,6865.4931640625,1736.199951171875
2020-04-11T00:00:00.000000+0000,6859.0830078125,1736.199951171875
2020-04-11T12:00:00.000000+0000,6859.0830078125,1736.199951171875
2020-04-12T00:00:00.000000+0000,6971.091796875,1736.199951171875
2020-04-12T12:00:00.000000+0000,6971.091796875,1736.199951171875
2020-04-13T00:00:00.000000+0000,6845.03759765625,1744.800048828125
2020-04-13T12:00:00.000000+0000,6845.03759765625,1744.800048828125
2020-04-14T00:00:00.000000+0000,6842.427734375,1756.699951171875
2020-04-14T12:00:00.000000+0000,6842.427734375,1756.699951171875
2020-04-15T00:00:00.000000+0000,6642.10986328125,1727.199951171875
2020-04-15T12:00:00.000000+0000,6642.10986328125,1727.199951171875
2020-04-16T00:00:00.000000+0000,7116.80419921875,1720.4000244140625
2020-04-16T12:00:00.000000+0000,7116.80419921875,1720.4000244140625
2020-04-17T00:00:00.000000+0000,7096.1845703125,1689.199951171875
2020-04-17T12:00:00.000000+0000,7096.1845703125,1689.199951171875
2020-04-18T00:00:00.000000+0000,7257.6650390625,1689.199951171875
2020-04-18T12:00:00.000000+0000,7257.6650390625,1689.199951171875
2020-04-19T00:00:00.000000+0000,7189.4248046875,1689.199951171875
2020-04-19T12:00:00.000000+0000,7189.4248046875,1689.199951171875
2020-04-20T00:00:00.000000+0000,6881.95849609375,1701.5999755859375
2020-04-20T12:00:00.000000+0000,6881.95849609375,1701.5999755859375
2020-04-21T00:00:00.000000+0000,6880.3232421875,1678.199951171875
2020-04-21T12:00:00.000000+0000,6880.3232421875,1678.199951171875
2020-04-22T00:00:00.000000+0000,7117.20751953125,1728.699951171875
2020-04-22T12:00:00.000000+0000,7117.20751953125,1728.699951171875
2020-04-23T00:00:00.000000+0000,7429.724609375,1733.300048828125
2020-04-23T12:00:00.000000+0000,7429.724609375,1733.300048828125
2020-04-24T00:00:00.000000+0000,7550.90087890625,1723.5
2020-04-24T12:00:00.000000+0000,7550.90087890625,1723.5
2020-04-25T00:00:00.000000+0000,7569.93603515625,1723.5
2020-04-25T12:00:00.000000+0000,7569.93603515625,1723.5
2020-04-26T00:00:00.000000+0000,7679.8671875,1723.5
2020-04-26T12:00:00.000000+0000,7679.8671875,1723.5
2020-04-27T00:00:00.000000+0000,7795.60107421875,1711.9000244140625
2020-04-27T12:00:00.000000+0000,7795.60107421875,1711.9000244140625
2020-04-28T00:00:00.000000+0000,7807.05859375,1710.5
2020-04-28T12:00:00.000000+0000,7807.05859375,1710.5
2020-04-29T00:00:00.000000+0000,8801.0380859375,1703.4000244140625
2020-04-29T12:00:00.000000+0000,8801.0380859375,1703.4000244140625
2020-04-30T00:00:00.000000+0000,8658.5537109375,1684.199951171875
2020-04-30T12:00:00.000000+0000,8658.5537109375,1684.199951171875
2020-05-01T00:00:00.000000+0000,8864.7666015625,1694.5
2020-05-01T12:00:00.000000+0000,8864.7666015625,1694.5
2020-05-02T00:00:00.000000+0000,8988.5966796875,1694.5
2020-05-02T12:00:00.000000+0000,8988.5966796875,1694.5
2020-05-03T00:00:00.000000+0000,8897.46875,1694.5
2020-05-03T12:00:00.000000+0000,8897.46875,1694.5
2020-05-04T00:00:00.000000+0000,8912.654296875,1706.9000244140625
2020-05-04T12:00:00.000000+0000,8912.654296875,1706.9000244140625
2020-05-05T00:00:00.000000+0000,9003.0703125,1704.4000244140625
2020-05-05T12:00:00.000000+0000,9003.0703125,1704.4000244140625
2020-05-06T00:00:00.000000+0000,9268.76171875,1684.199951171875
2020-05-06T12:00:00.000000+0000,9268.76171875,1684.199951171875
2020-05-07T00:00:00.000000+0000,9951.5185546875,1721.800048828125
2020-05-07T12:00:00.000000+0000,9951.5185546875,1721.800048828125
2020-05-08T00:00:00.000000+0000,9842.666015625,1709.9000244140625
2020-05-08T12:00:00.000000+0000,9842.666015625,1709.9000244140625
2020-05-09T00:00:00.000000+0000,9593.896484375,1709.9000244140625
2020-05-09T12:00:00.000000+0000,9593.896484375,1709.9000244140625
2020-05-10T00:00:00.000000+0000,8756.4306640625,1709.9000244140625
2020-05-10T12:00:00.000000+0000,8756.4306640625,1709.9000244140625
2020-05-11T00:00:00.000000+0000,8601.7958984375,1695.300048828125
2020-05-11T12:00:00.000000+0000,8601.7958984375,1695.300048828125
2020-05-12T00:00:00.000000+0000,8804.4775390625,1704.4000244140625
2020-05-12T12:00:00.000000+0000,8804.4775390625,1704.4000244140625
2020-05-13T00:00:00.000000+0000,9269.9873046875,1713.9000244140625
2020-05-13T12:00:00.000000+0000,9269.9873046875,1713.9000244140625
2020-05-14T00:00:00.000000+0000,9733.7216796875,1738.0999755859375
2020-05-14T12:00:00.000000+0000,9733.7216796875,1738.0999755859375
2020-05-15T00:00:00.000000+0000,9328.197265625,1753.4000244140625
2020-05-15T12:00:00.000000+0000,9328.197265625,1753.4000244140625
2020-05-16T00:00:00.000000+0000,9377.013671875,1753.4000244140625
2020-05-16T12:00:00.000000+0000,9377.013671875,1753.4000244140625
2020-05-17T00:00:00.000000+0000,9670.7392578125,1753.4000244140625
2020-05-17T12:00:00.000000+0000,9670.7392578125,1753.4000244140625
2020-05-18T00:00:00.000000+0000,9726.5751953125,1731.800048828125
2020-05-18T12:00:00.000000+0000,9726.5751953125,1731.800048828125
2020-05-19T00:00:00.000000+0000,9729.0380859375,1744.199951171875
2020-05-19T12:00:00.000000+0000,9729.0380859375,1744.199951171875
2020-05-20T00:00:00.000000+0000,9522.9814453125,1750.5999755859375
2020-05-20T12:00:00.000000+0000,9522.9814453125,1750.5999755859375
2020-05-21T00:00:00.000000+0000,9081.76171875,1720.5
2020-05-21T12:00:00.000000+0000,9081.76171875,1720.5
2020-05-22T00:00:00.000000+0000,9182.5771484375,1734.5999755859375
2020-05-22T12:00:00.000000+0000,9182.5771484375,1734.5999755859375
2020-05-23T00:00:00.000000+0000,9209.287109375,1734.5999755859375
2020-05-23T12:00:00.000000+0000,9209.287109375,1734.5999755859375
2020-05-24T00:00:00.000000+0000,8790.3681640625,1734.5999755859375
2020-05-24T12:00:00.000000+0000,8790.3681640625,1734.5999755859375
2020-05-25T00:00:00.000000+0000,8906.9345703125,1734.5999755859375
2020-05-25T12:00:00.000000+0000,8906.9345703125,1734.5999755859375
2020-05-26T00:00:00.000000+0000,8835.052734375,1704.800048828125
2020-05-26T12:00:00.000000+0000,8835.052734375,1704.800048828125
2020-05-27T00:00:00.000000+0000,9181.017578125,1710.300048828125
2020-05-27T12:00:00.000000+0000,9181.017578125,1710.300048828125
2020-05-28T00:00:00.000000+0000,9525.7509765625,1713.300048828125
2020-05-28T12:00:00.000000+0000,9525.7509765625,1713.300048828125
2020-05-29T00:00:00.000000+0000,9439.1240234375,1736.9000244140625
2020-05-29T12:00:00.000000+0000,9439.1240234375,1736.9000244140625
2020-05-30T00:00:00.000000+0000,9700.4140625,1736.9000244140625
2020-05-30T12:00:00.000000+0000,9700.4140625,1736.9000244140625
2020-05-31T00:00:00.000000+0000,9461.05859375,1736.9000244140625
2020-05-31T12:00:00.000000+0000,9461.05859375,1736.9000244140625
2020-06-01T00:00:00.000000+0000,10167.2685546875,1737.800048828125
2020-06-01T12:00:00.000000+0000,10167.2685546875,1737.800048828125
2020-06-02T00:00:00.000000+0000,9529.8037109375,1725.199951171875
2020-06-02T12:00:00.000000+0000,9529.8037109375,1725.199951171875
2020-06-03T00:00:00.000000+0000,9656.7177734375,1697.800048828125
2020-06-03T12:00:00.000000+0000,9656.7177734375,1697.800048828125
2020-06-04T00:00:00.000000+0000,9800.63671875,1718.9000244140625
2020-06-04T12:00:00.000000+0000,9800.63671875,1718.9000244140625
2020-06-05T00:00:00.000000+0000,9665.533203125,1676.199951171875
2020-06-05T12:00:00.000000+0000,9665.533203125,1676.199951171875
2020-06-06T00:00:00.000000+0000,9653.6796875,1676.199951171875
2020-06-06T12:00:00.000000+0000,9653.6796875,1676.199951171875
2020-06-07T00:00:00.000000+0000,9758.8525390625,1676.199951171875
2020-06-07T12:00:00.000000+0000,9758.8525390625,1676.199951171875
2020-06-08T00:00:00.000000+0000,9771.4892578125,1698.300048828125
2020-06-08T12:00:00.000000+0000,9771.4892578125,1698.300048828125
2020-06-09T00:00:00.000000+0000,9795.7001953125,1714.699951171875
2020-06-09T12:00:00.000000+0000,9795.7001953125,1714.699951171875
2020-06-10T00:00:00.000000+0000,9870.0947265625,1713.300048828125
2020-06-10T12:00:00.000000+0000,9870.0947265625,1713.300048828125
2020-06-11T00:00:00.000000+0000,9321.78125,1732.0
2020-06-11T12:00:00.000000+0000,9321.78125,1732.0
2020-06-12T00:00:00.000000+0000,9480.84375,1729.300048828125
2020-06-12T12:00:00.000000+0000,9480.84375,1729.300048828125
2020-06-13T00:00:00.000000+0000,9475.27734375,1729.300048828125
2020-06-13T12:00:00.000000+0000,9475.27734375,1729.300048828125
2020-06-14T00:00:00.000000+0000,9386.7880859375,1729.300048828125
2020-06-14T12:00:00.000000+0000,9386.7880859375,1729.300048828125
2020-06-15T00:00:00.000000+0000,9450.7021484375,1720.300048828125
2020-06-15T12:00:00.000000+0000,9450.7021484375,1720.300048828125
2020-06-16T00:00:00.000000+0000,9538.0244140625,1729.5999755859375
2020-06-16T12:00:00.000000+0000,9538.0244140625,1729.5999755859375
2020-06-17T00:00:00.000000+0000,9480.2548828125,1729.199951171875
2020-06-17T12:00:00.000000+0000,9480.2548828125,1729.199951171875
2020-06-18T00:00:00.000000+0000,9411.8408203125,1724.800048828125
2020-06-18T12:00:00.000000+0000,9411.8408203125,1724.800048828125
2020-06-19T00:00:00.000000+0000,9288.0185546875,1745.9000244140625
2020-06-19T12:00:00.000000+0000,9288.0185546875,1745.9000244140625
2020-06-20T00:00:00.000000+0000,9332.3408203125,1745.9000244140625
2020-06-20T12:00:00.000000+0000,9332.3408203125,1745.9000244140625
2020-06-21T00:00:00.000000+0000,9303.6298828125,1745.9000244140625
2020-06-21T12:00:00.000000+0000,9303.6298828125,1745.9000244140625
2020-06-22T00:00:00.000000+0000,9648.7177734375,1756.699951171875
2020-06-22T12:00:00.000000+0000,9648.7177734375,1756.699951171875
2020-06-23T00:00:00.000000+0000,9629.658203125,1772.0999755859375
2020-06-23T12:00:00.000000+0000,9629.658203125,1772.0999755859375
2020-06-24T00:00:00.000000+0000,9313.6103515625,1765.800048828125
2020-06-24T12:00:00.000000+0000,9313.6103515625,1765.800048828125
2020-06-25T00:00:00.000000+0000,9264.8134765625,1762.0999755859375
2020-06-25T12:00:00.000000+0000,9264.8134765625,1762.0999755859375
2020-06-26T00:00:00.000000+0000,9162.91796875,1772.5
2020-06-26T12:00:00.000000+0000,9162.91796875,1772.5
2020-06-27T00:00:00.000000+0000,9045.390625,1772.5
2020-06-27T12:00:00.000000+0000,9045.390625,1772.5
2020-06-28T00:00:00.000000+0000,9143.58203125,1772.5
2020-06-28T12:00:00.000000+0000,9143.58203125,1772.5
2020-06-29T00:00:00.000000+0000,9190.8544921875,1774.800048828125
2020-06-29T12:00:00.000000+0000,9190.8544921875,1774.800048828125
2020-06-30T00:00:00.000000+0000,9137.9931640625,1793.0
2020-06-30T12:00:00.000000+0000,9137.9931640625,1793.0
2020-07-01T00:00:00.000000+0000,9228.3251953125,1773.199951171875
2020-07-01T12:00:00.000000+0000,9228.3251953125,1773.199951171875
2020-07-02T00:00:00.000000+0000,9123.41015625,1784.0
2020-07-02T12:00:00.000000+0000,9123.41015625,1784.0
2020-07-03T00:00:00.000000+0000,9087.3037109375,1784.0
2020-07-03T12:00:00.000000+0000,9087.3037109375,1784.0
2020-07-04T00:00:00.000000+0000,9132.48828125,1784.0
2020-07-04T12:00:00.000000+0000,9132.48828125,1784.0
2020-07-05T00:00:00.000000+0000,9073.9423828125,1784.0
2020-07-05T12:00:00.000000+0000,9073.9423828125,1784.0
2020-07-06T00:00:00.000000+0000,9375.474609375,1788.5
2020-07-06T12:00:00.000000+0000,9375.474609375,1788.5
2020-07-07T00:00:00.000000+0000,9252.27734375,1804.199951171875
2020-07-07T12:00:00.000000+0000,9252.27734375,1804.199951171875
2020-07-08T00:00:00.000000+0000,9428.3330078125,1815.5
2020-07-08T12:00:00.000000+0000,9428.3330078125,1815.5
2020-07-09T00:00:00.000000+0000,9277.9677734375,1799.199951171875
2020-07-09T12:00:00.000000+0000,9277.9677734375,1799.199951171875
2020-07-10T00:00:00.000000+0000,9278.8076171875,1798.199951171875
2020-07-10T12:00:00.000000+0000,9278.8076171875,1798.199951171875
2020-07-11T00:00:00.000000+0000,9240.3466796875,1798.199951171875
2020-07-11T12:00:00.000000+0000,9240.3466796875,1798.199951171875
2020-07-12T00:00:00.000000+0000,9276.5,1798.199951171875
2020-07-12T12:00:00.000000+0000,9276.5,1798.199951171875
2020-07-13T00:00:00.000000+0000,9243.6142578125,1811.0
2020-07-13T12:00:00.000000+0000,9243.6142578125,1811.0
2020-07-14T00:00:00.000000+0000,9243.2138671875,1810.5999755859375
2020-07-14T12:00:00.000000+0000,9243.2138671875,1810.5999755859375
2020-07-15T00:00:00.000000+0000,9192.8369140625,1811.4000244140625
2020-07-15T12:00:00.000000+0000,9192.8369140625,1811.4000244140625
2020-07-16T00:00:00.000000+0000,9132.2275390625,1798.699951171875
2020-07-16T12:00:00.000000+0000,9132.2275390625,1798.699951171875
2020-07-17T00:00:00.000000+0000,9151.392578125,1808.300048828125
2020-07-17T12:00:00.000000+0000,9151.392578125,1808.300048828125
2020-07-18T00:00:00.000000+0000,9159.0400390625,1808.300048828125
2020-07-18T12:00:00.000000+0000,9159.0400390625,1808.300048828125
2020-07-19T00:00:00.000000+0000,9185.8173828125,1808.300048828125
2020-07-19T12:00:00.000000+0000,9185.8173828125,1808.300048828125
2020-07-20T00:00:00.000000+0000,9164.2314453125,1815.9000244140625
2020-07-20T12:00:00.000000+0000,9164.2314453125,1815.9000244140625
2020-07-21T00:00:00.000000+0000,9374.8876953125,1842.4000244140625
2020-07-21T12:00:00.000000+0000,9374.8876953125,1842.4000244140625
2020-07-22T00:00:00.000000+0000,9525.36328125,1864.0999755859375
2020-07-22T12:00:00.000000+0000,9525.36328125,1864.0999755859375
2020-07-23T00:00:00.000000+0000,9581.072265625,1889.0999755859375
2020-07-23T12:00:00.000000+0000,9581.072265625,1889.0999755859375
2020-07-24T00:00:00.000000+0000,9536.892578125,1897.300048828125
2020-07-24T12:00:00.000000+0000,9536.892578125,1897.300048828125
2020-07-25T00:00:00.000000+0000,9677.11328125,1897.300048828125
2020-07-25T12:00:00.000000+0000,9677.11328125,1897.300048828125
2020-07-26T00:00:00.000000+0000,9905.1669921875,1897.300048828125
2020-07-26T12:00:00.000000+0000,9905.1669921875,1897.300048828125
2020-07-27T00:00:00.000000+0000,10990.873046875,1931.0
2020-07-27T12:00:00.000000+0000,10990.873046875,1931.0
2020-07-28T00:00:00.000000+0000,10912.8232421875,1944.699951171875
2020-07-28T12:00:00.000000+0000,10912.8232421875,1944.699951171875
2020-07-29T00:00:00.000000+0000,11100.4677734375,1953.5
2020-07-29T12:00:00.000000+0000,11100.4677734375,1953.5
2020-07-30T00:00:00.000000+0000,11111.2138671875,1942.300048828125
2020-07-30T12:00:00.000000+0000,11111.2138671875,1942.300048828125
2020-07-31T00:00:00.000000+0000,11323.466796875,1962.800048828125
2020-07-31T12:00:00.000000+0000,11323.466796875,1962.800048828125
2020-08-01T00:00:00.000000+0000,11759.5927734375,1962.800048828125
2020-08-01T12:00:00.000000+0000,11759.5927734375,1962.800048828125
2020-08-02T00:00:00.000000+0000,11053.6142578125,1962.800048828125
2020-08-02T12:00:00.000000+0000,11053.6142578125,1962.800048828125
2020-08-03T00:00:00.000000+0000,11246.3486328125,1966.0
2020-08-03T12:00:00.000000+0000,11246.3486328125,1966.0
2020-08-04T00:00:00.000000+0000,11205.892578125,2001.199951171875
2020-08-04T12:00:00.000000+0000,11205.892578125,2001.199951171875
2020-08-05T00:00:00.000000+0000,11747.0224609375,2031.0999755859375
2020-08-05T12:00:00.000000+0000,11747.0224609375,2031.0999755859375
2020-08-06T00:00:00.000000+0000,11779.7734375,2051.5
2020-08-06T12:00:00.000000+0000,11779.7734375,2051.5
2020-08-07T00:00:00.000000+0000,11601.47265625,2010.0999755859375
2020-08-07T12:00:00.000000+0000,11601.47265625,2010.0999755859375
2020-08-08T00:00:00.000000+0000,11754.0458984375,2010.0999755859375
2020-08-08T12:00:00.000000+0000,11754.0458984375,2010.0999755859375
2020-08-09T00:00:00.000000+0000,11675.7392578125,2010.0999755859375
2020-08-09T12:00:00.000000+0000,11675.7392578125,2010.0999755859375
2020-08-10T00:00:00.000000+0000,11878.111328125,2024.4000244140625
2020-08-10T12:00:00.000000+0000,11878.111328125,2024.4000244140625
2020-08-11T00:00:00.000000+0000,11410.525390625,1932.5999755859375
2020-08-11T12:00:00.000000+0000,11410.525390625,1932.5999755859375
2020-08-12T00:00:00.000000+0000,11584.9345703125,1934.9000244140625
2020-08-12T12:00:00.000000+0000,11584.9345703125,1934.9000244140625
2020-08-13T00:00:00.000000+0000,11784.1376953125,1956.699951171875
2020-08-13T12:00:00.000000+0000,11784.1376953125,1956.699951171875
2020-08-14T00:00:00.000000+0000,11768.87109375,1937.0
2020-08-14T12:00:00.000000+0000,11768.87109375,1937.0
2020-08-15T00:00:00.000000+0000,11865.6982421875,1937.0
2020-08-15T12:00:00.000000+0000,11865.6982421875,1937.0
2020-08-16T00:00:00.000000+0000,11892.8037109375,1937.0
2020-08-16T12:00:00.000000+0000,11892.8037109375,1937.0
2020-08-17T00:00:00.000000+0000,12254.40234375,1985.0
2020-08-17T12:00:00.000000+0000,12254.40234375,1985.0
2020-08-18T00:00:00.000000+0000,11991.2333984375,1999.4000244140625
2020-08-18T12:00:00.000000+0000,11991.2333984375,1999.4000244140625
2020-08-19T00:00:00.000000+0000,11758.283203125,1958.699951171875
2020-08-19T12:00:00.000000+0000,11758.283203125,1958.699951171875
2020-08-20T00:00:00.000000+0000,11878.3720703125,1933.800048828125
2020-08-20T12:00:00.000000+0000,11878.3720703125,1933.800048828125
2020-08-21T00:00:00.000000+0000,11592.4892578125,1934.5999755859375
2020-08-21T12:00:00.000000+0000,11592.4892578125,1934.5999755859375
2020-08-22T00:00:00.000000+0000,11681.8251953125,1934.5999755859375
2020-08-22T12:00:00.000000+0000,11681.8251953125,1934.5999755859375
2020-08-23T00:00:00.000000+0000,11664.84765625,1934.5999755859375
2020-08-23T12:00:00.000000+0000,11664.84765625,1934.5999755859375
2020-08-24T00:00:00.000000+0000,11774.595703125,1927.699951171875
2020-08-24T12:00:00.000000+0000,11774.595703125,1927.699951171875
2020-08-25T00:00:00.000000+0000,11366.134765625,1911.800048828125
2020-08-25T12:00:00.000000+0000,11366.134765625,1911.800048828125
2020-08-26T00:00:00.000000+0000,11488.36328125,1940.699951171875
2020-08-26T12:00:00.000000+0000,11488.36328125,1940.699951171875
2020-08-27T00:00:00.000000+0000,11323.3974609375,1921.5999755859375
2020-08-27T12:00:00.000000+0000,11323.3974609375,1921.5999755859375
2020-08-28T00:00:00.000000+0000,11542.5,1964.5999755859375
2020-08-28T12:00:00.000000+0000,11542.5,1964.5999755859375
2020-08-29T00:00:00.000000+0000,11506.865234375,1964.5999755859375
2020-08-29T12:00:00.000000+0000,11506.865234375,1964.5999755859375
2020-08-30T00:00:00.000000+0000,11711.505859375,1964.5999755859375
2020-08-30T12:00:00.000000+0000,11711.505859375,1964.5999755859375
2020-08-31T00:00:00.000000+0000,11680.8203125,1967.5999755859375
2020-08-31T12:00:00.000000+0000,11680.8203125,1967.5999755859375
2020-09-01T00:00:00.000000+0000,11970.478515625,1968.199951171875
2020-09-01T12:00:00.000000+0000,11970.478515625,1968.199951171875
2020-09-02T00:00:00.000000+0000,11414.0341796875,1934.4000244140625
2020-09-02T12:00:00.000000+0000,11414.0341796875,1934.4000244140625
2020-09-03T00:00:00.000000+0000,10245.296875,1927.5999755859375
2020-09-03T12:00:00.000000+0000,10245.296875,1927.5999755859375
2020-09-04T00:00:00.000000+0000,10511.8134765625,1923.9000244140625
2020-09-04T12:00:00.000000+0000,10511.8134765625,1923.9000244140625
2020-09-05T00:00:00.000000+0000,10169.5673828125,1923.9000244140625
2020-09-05T12:00:00.000000+0000,10169.5673828125,1923.9000244140625
2020-09-06T00:00:00.000000+0000,10280.3515625,1923.9000244140625
2020-09-06T12:00:00.000000+0000,10280.3515625,1923.9000244140625
2020-09-07T00:00:00.000000+0000,10369.5634765625,1923.9000244140625
2020-09-07T12:00:00.000000+0000,10369.5634765625,1923.9000244140625
2020-09-08T00:00:00.000000+0000,10131.5166015625,1933.0
2020-09-08T12:00:00.000000+0000,10131.5166015625,1933.0
2020-09-09T00:00:00.000000+0000,10242.34765625,1944.699951171875
2020-09-09T12:00:00.000000+0000,10242.34765625,1944.699951171875
2020-09-10T00:00:00.000000+0000,10363.138671875,1954.199951171875
2020-09-10T12:00:00.000000+0000,10363.138671875,1954.199951171875
2020-09-11T00:00:00.000000+0000,10400.9150390625,1937.800048828125
2020-09-11T12:00:00.000000+0000,10400.9150390625,1937.800048828125
2020-09-12T00:00:00.000000+0000,10442.1708984375,1937.800048828125
2020-09-12T12:00:00.000000+0000,10442.1708984375,1937.800048828125
2020-09-13T00:00:00.000000+0000,10323.755859375,1937.800048828125
2020-09-13T12:00:00.000000+0000,10323.755859375,1937.800048828125
2020-09-14T00:00:00.000000+0000,10680.837890625,1953.0999755859375
2020-09-14T12:00:00.000000+0000,10680.837890625,1953.0999755859375
2020-09-15T00:00:00.000000+0000,10796.951171875,1956.300048828125
2020-09-15T12:00:00.000000+0000,10796.951171875,1956.300048828125
2020-09-16T00:00:00.000000+0000,10974.9052734375,1960.199951171875
2020-09-16T12:00:00.000000+0000,10974.9052734375,1960.199951171875
2020-09-17T00:00:00.000000+0000,10948.990234375,1940.0
2020-09-17T12:00:00.000000+0000,10948.990234375,1940.0
2020-09-18T00:00:00.000000+0000,10944.5859375,1952.0999755859375
2020-09-18T12:00:00.000000+0000,10944.5859375,1952.0999755859375
2020-09-19T00:00:00.000000+0000,11094.3466796875,1952.0999755859375
2020-09-19T12:00:00.000000+0000,11094.3466796875,1952.0999755859375
2020-09-20T00:00:00.000000+0000,10938.271484375,1952.0999755859375
2020-09-20T12:00:00.000000+0000,10938.271484375,1952.0999755859375
2020-09-21T00:00:00.000000+0000,10462.259765625,1901.199951171875
2020-09-21T12:00:00.000000+0000,10462.259765625,1901.199951171875
2020-09-22T00:00:00.000000+0000,10538.4599609375,1898.5999755859375
2020-09-22T12:00:00.000000+0000,10538.4599609375,1898.5999755859375
2020-09-23T00:00:00.000000+0000,10246.1865234375,1859.9000244140625
2020-09-23T12:00:00.000000+0000,10246.1865234375,1859.9000244140625
2020-09-24T00:00:00.000000+0000,10760.06640625,1868.300048828125
2020-09-24T12:00:00.000000+0000,10760.06640625,1868.300048828125
2020-09-25T00:00:00.000000+0000,10692.716796875,1857.699951171875
2020-09-25T12:00:00.000000+0000,10692.716796875,1857.699951171875
2020-09-26T00:00:00.000000+0000,10750.7236328125,1857.699951171875
2020-09-26T12:00:00.000000+0000,10750.7236328125,1857.699951171875
2020-09-27T00:00:00.000000+0000,10775.26953125,1857.699951171875
2020-09-27T12:00:00.000000+0000,10775.26953125,1857.699951171875
2020-09-28T00:00:00.000000+0000,10709.65234375,1872.800048828125
2020-09-28T12:00:00.000000+0000,10709.65234375,1872.800048828125
2020-09-29T00:00:00.000000+0000,10844.640625,1894.300048828125
2020-09-29T12:00:00.000000+0000,10844.640625,1894.300048828125
2020-09-30T00:00:00.000000+0000,10784.4912109375,1887.5
2020-09-30T12:00:00.000000+0000,10784.4912109375,1887.5
2020-10-01T00:00:00.000000+0000,10619.4521484375,1908.4000244140625
2020-10-01T12:00:00.000000+0000,10619.4521484375,1908.4000244140625
2020-10-02T00:00:00.000000+0000,10575.974609375,1900.199951171875
2020-10-02T12:00:00.000000+0000,10575.974609375,1900.199951171875
2020-10-03T00:00:00.000000+0000,10549.3291015625,1900.199951171875
2020-10-03T12:00:00.000000+0000,10549.3291015625,1900.199951171875
2020-10-04T00:00:00.000000+0000,10669.5830078125,1900.199951171875
2020-10-04T12:00:00.000000+0000,10669.5830078125,1900.199951171875
2020-10-05T00:00:00.000000+0000,10793.33984375,1912.5
2020-10-05T12:00:00.000000+0000,10793.33984375,1912.5
2020-10-06T00:00:00.000000+0000,10604.40625,1901.0999755859375
2020-10-06T12:00:00.000000+0000,10604.40625,1901.0999755859375
2020-10-07T00:00:00.000000+0000,10668.96875,1883.5999755859375
2020-10-07T12:00:00.000000+0000,10668.96875,1883.5999755859375
2020-10-08T00:00:00.000000+0000,10915.685546875,1888.5999755859375
2020-10-08T12:00:00.000000+0000,10915.685546875,1888.5999755859375
2020-10-09T00:00:00.000000+0000,11064.4580078125,1919.5
2020-10-09T12:00:00.000000+0000,11064.4580078125,1919.5
2020-10-10T00:00:00.000000+0000,11296.361328125,1919.5
2020-10-10T12:00:00.000000+0000,11296.361328125,1919.5
2020-10-11T00:00:00.000000+0000,11384.181640625,1919.5
2020-10-11T12:00:00.000000+0000,11384.181640625,1919.5
2020-10-12T00:00:00.000000+0000,11555.36328125,1922.5
2020-10-12T12:00:00.000000+0000,11555.36328125,1922.5
2020-10-13T00:00:00.000000+0000,11425.8994140625,1888.5
2020-10-13T12:00:00.000000+0000,11425.8994140625,1888.5
2020-10-14T00:00:00.000000+0000,11429.5068359375,1901.300048828125
2020-10-14T12:00:00.000000+0000,11429.5068359375,1901.300048828125
2020-10-15T00:00:00.000000+0000,11495.349609375,1903.199951171875
2020-10-15T12:00:00.000000+0000,11495.349609375,1903.199951171875
2020-10-16T00:00:00.000000+0000,11322.123046875,1900.800048828125
2020-10-16T12:00:00.000000+0000,11322.123046875,1900.800048828125
2020-10-17T00:00:00.000000+0000,11358.1015625,1900.800048828125
2020-10-17T12:00:00.000000+0000,11358.1015625,1900.800048828125
2020-10-18T00:00:00.000000+0000,11483.359375,1900.800048828125
2020-10-18T12:00:00.000000+0000,11483.359375,1900.800048828125
2020-10-19T00:00:00.000000+0000,11742.037109375,1906.4000244140625
2020-10-19T12:00:00.000000+0000,11742.037109375,1906.4000244140625
2020-10-20T00:00:00.000000+0000,11916.3349609375,1910.4000244140625
2020-10-20T12:00:00.000000+0000,11916.3349609375,1910.4000244140625
2020-10-21T00:00:00.000000+0000,12823.689453125,1924.5999755859375
2020-10-21T12:00:00.000000+0000,12823.689453125,1924.5999755859375
2020-10-22T00:00:00.000000+0000,12965.8916015625,1901.0999755859375
2020-10-22T12:00:00.000000+0000,12965.8916015625,1901.0999755859375
2020-10-23T00:00:00.000000+0000,12931.5390625,1902.0
2020-10-23T12:00:00.000000+0000,12931.5390625,1902.0
2020-10-24T00:00:00.000000+0000,13108.0625,1902.0
2020-10-24T12:00:00.000000+0000,13108.0625,1902.0
2020-10-25T00:00:00.000000+0000,13031.173828125,1902.0
2020-10-25T12:00:00.000000+0000,13031.173828125,1902.0
2020-10-26T00:00:00.000000+0000,13075.248046875,1902.699951171875
2020-10-26T12:00:00.000000+0000,13075.248046875,1902.699951171875
2020-10-27T00:00:00.000000+0000,13654.21875,1908.800048828125
2020-10-27T12:00:00.000000+0000,13654.21875,1908.800048828125
2020-10-28T00:00:00.000000+0000,13271.28515625,1876.199951171875
2020-10-28T12:00:00.000000+0000,13271.28515625,1876.199951171875
2020-10-29T00:00:00.000000+0000,13437.8828125,1865.5999755859375
2020-10-29T12:00:00.000000+0000,13437.8828125,1865.5999755859375
2020-10-30T00:00:00.000000+0000,13546.5224609375,1877.4000244140625
2020-10-30T12:00:00.000000+0000,13546.5224609375,1877.4000244140625
2020-10-31T00:00:00.000000+0000,13780.9951171875,1877.4000244140625
2020-10-31T12:00:00.000000+0000,13780.9951171875,1877.4000244140625
2020-11-01T00:00:00.000000+0000,13737.109375,1877.4000244140625
2020-11-01T12:00:00.000000+0000,13737.109375,1877.4000244140625
2020-11-02T00:00:00.000000+0000,13550.4892578125,1890.4000244140625
2020-11-02T12:00:00.000000+0000,13550.4892578125,1890.4000244140625
2020-11-03T00:00:00.000000+0000,13950.30078125,1908.5
2020-11-03T12:00:00.000000+0000,13950.30078125,1908.5
2020-11-04T00:00:00.000000+0000,14133.70703125,1894.5999755859375
2020-11-04T12:00:00.000000+0000,14133.70703125,1894.5999755859375
2020-11-05T00:00:00.000000+0000,15579.8486328125,1945.300048828125
2020-11-05T12:00:00.000000+0000,15579.8486328125,1945.300048828125
2020-11-06T00:00:00.000000+0000,15565.880859375,1950.300048828125
2020-11-06T12:00:00.000000+0000,15565.880859375,1950.300048828125
2020-11-07T00:00:00.000000+0000,14833.75390625,1950.300048828125
2020-11-07T12:00:00.000000+0000,14833.75390625,1950.300048828125
2020-11-08T00:00:00.000000+0000,15479.5673828125,1950.300048828125
2020-11-08T12:00:00.000000+0000,15479.5673828125,1950.300048828125
2020-11-09T00:00:00.000000+0000,15332.3154296875,1853.199951171875
2020-11-09T12:00:00.000000+0000,15332.3154296875,1853.199951171875
2020-11-10T00:00:00.000000+0000,15290.90234375,1875.4000244140625
2020-11-10T12:00:00.000000+0000,15290.90234375,1875.4000244140625
2020-11-11T00:00:00.000000+0000,15701.33984375,1860.699951171875
2020-11-11T12:00:00.000000+0000,15701.33984375,1860.699951171875
2020-11-12T00:00:00.000000+0000,16276.34375,1872.5999755859375
2020-11-12T12:00:00.000000+0000,16276.34375,1872.5999755859375
2020-11-13T00:00:00.000000+0000,16317.80859375,1885.699951171875
2020-11-13T12:00:00.000000+0000,16317.80859375,1885.699951171875
2020-11-14T00:00:00.000000+0000,16068.138671875,1885.699951171875
2020-11-14T12:00:00.000000+0000,16068.138671875,1885.699951171875
2020-11-15T00:00:00.000000+0000,15955.587890625,1885.699951171875
2020-11-15T12:00:00.000000+0000,15955.587890625,1885.699951171875
2020-11-16T00:00:00.000000+0000,16716.111328125,1887.300048828125
2020-11-16T12:00:00.000000+0000,16716.111328125,1887.300048828125
2020-11-17T00:00:00.000000+0000,17645.40625,1884.5
2020-11-17T12:00:00.000000+0000,17645.40625,1884.5
2020-11-18T00:00:00.000000+0000,17804.005859375,1873.5
2020-11-18T12:00:00.000000+0000,17804.005859375,1873.5
2020-11-19T00:00:00.000000+0000,17817.08984375,1861.0999755859375
2020-11-19T12:00:00.000000+0000,17817.08984375,1861.0999755859375
2020-11-20T00:00:00.000000+0000,18621.314453125,1872.5999755859375
2020-11-20T12:00:00.000000+0000,18621.314453125,1872.5999755859375
2020-11-21T00:00:00.000000+0000,18642.232421875,1872.5999755859375
2020-11-21T12:00:00.000000+0000,18642.232421875,1872.5999755859375
2020-11-22T00:00:00.000000+0000,18370.001953125,1872.5999755859375
2020-11-22T12:00:00.000000+0000,18370.001953125,1872.5999755859375
2020-11-23T00:00:00.000000+0000,18364.12109375,1837.800048828125
2020-11-23T12:00:00.000000+0000,18364.12109375,1837.800048828125
2020-11-24T00:00:00.000000+0000,19107.46484375,1804.800048828125
2020-11-24T12:00:00.000000+0000,19107.46484375,1804.800048828125
2020-11-25T00:00:00.000000+0000,18732.12109375,1805.699951171875
2020-11-25T12:00:00.000000+0000,18732.12109375,1805.699951171875
2020-11-26T00:00:00.000000+0000,17150.623046875,1805.699951171875
2020-11-26T12:00:00.000000+0000,17150.623046875,1805.699951171875
2020-11-27T00:00:00.000000+0000,17108.40234375,1781.9000244140625
2020-11-27T12:00:00.000000+0000,17108.40234375,1781.9000244140625
2020-11-28T00:00:00.000000+0000,17717.4140625,1781.9000244140625
2020-11-28T12:00:00.000000+0000,17717.4140625,1781.9000244140625
2020-11-29T00:00:00.000000+0000,18177.484375,1781.9000244140625
2020-11-29T12:00:00.000000+0000,18177.484375,1781.9000244140625
2020-11-30T00:00:00.000000+0000,19625.8359375,1775.699951171875
2020-11-30T12:00:00.000000+0000,19625.8359375,1775.699951171875
2020-12-01T00:00:00.000000+0000,18802.998046875,1814.0999755859375
2020-12-01T12:00:00.000000+0000,18802.998046875,1814.0999755859375
2020-12-02T00:00:00.000000+0000,19201.091796875,1825.699951171875
2020-12-02T12:00:00.000000+0000,19201.091796875,1825.699951171875
2020-12-03T00:00:00.000000+0000,19445.3984375,1836.800048828125
2020-12-03T12:00:00.000000+0000,19445.3984375,1836.800048828125
2020-12-04T00:00:00.000000+0000,18699.765625,1835.9000244140625
2020-12-04T12:00:00.000000+0000,18699.765625,1835.9000244140625
2020-12-05T00:00:00.000000+0000,19154.23046875,1835.9000244140625
2020-12-05T12:00:00.000000+0000,19154.23046875,1835.9000244140625
2020-12-06T00:00:00.000000+0000,19345.12109375,1835.9000244140625
2020-12-06T12:00:00.000000+0000,19345.12109375,1835.9000244140625
2020-12-07T00:00:00.000000+0000,19191.630859375,1861.800048828125
2020-12-07T12:00:00.000000+0000,19191.630859375,1861.800048828125
2020-12-08T00:00:00.000000+0000,18321.14453125,1870.800048828125
2020-12-08T12:00:00.000000+0000,18321.14453125,1870.800048828125
2020-12-09T00:00:00.000000+0000,18553.916015625,1834.5999755859375
2020-12-09T12:00:00.000000+0000,18553.916015625,1834.5999755859375
2020-12-10T00:00:00.000000+0000,18264.9921875,1833.5999755859375
2020-12-10T12:00:00.000000+0000,18264.9921875,1833.5999755859375
2020-12-11T00:00:00.000000+0000,18058.904296875,1839.800048828125
2020-12-11T12:00:00.000000+0000,18058.904296875,1839.800048828125
2020-12-12T00:00:00.000000+0000,18803.65625,1839.800048828125
2020-12-12T12:00:00.000000+0000,18803.65625,1839.800048828125
2020-12-13T00:00:00.000000+0000,19142.3828125,1839.800048828125
2020-12-13T12:00:00.000000+0000,19142.3828125,1839.800048828125
2020-12-14T00:00:00.000000+0000,19246.64453125,1828.699951171875
2020-12-14T12:00:00.000000+0000,19246.64453125,1828.699951171875
2020-12-15T00:00:00.000000+0000,19417.076171875,1852.300048828125
2020-12-15T12:00:00.000000+0000,19417.076171875,1852.300048828125
2020-12-16T00:00:00.000000+0000,21310.59765625,1856.0999755859375
2020-12-16T12:00:00.000000+0000,21310.59765625,1856.0999755859375
2020-12-17T00:00:00.000000+0000,22805.162109375,1887.199951171875
2020-12-17T12:00:00.000000+0000,22805.162109375,1887.199951171875
2020-12-18T00:00:00.000000+0000,23137.9609375,1885.699951171875
2020-12-18T12:00:00.000000+0000,23137.9609375,1885.699951171875
2020-12-19T00:00:00.000000+0000,23869.83203125,1885.699951171875
2020-12-19T12:00:00.000000+0000,23869.83203125,1885.699951171875
2020-12-20T00:00:00.000000+0000,23477.294921875,1885.699951171875
2020-12-20T12:00:00.000000+0000,23477.294921875,1885.699951171875
2020-12-21T00:00:00.000000+0000,22803.08203125,1879.199951171875
2020-12-21T12:00:00.000000+0000,22803.08203125,1879.199951171875
2020-12-22T00:00:00.000000+0000,23783.029296875,1866.5999755859375
2020-12-22T12:00:00.000000+0000,23783.029296875,1866.5999755859375
2020-12-23T00:00:00.000000+0000,23241.345703125,1874.699951171875
2020-12-23T12:00:00.000000+0000,23241.345703125,1874.699951171875
2020-12-24T00:00:00.000000+0000,23735.94921875,1879.9000244140625
2020-12-24T12:00:00.000000+0000,23735.94921875,1879.9000244140625
2020-12-25T00:00:00.000000+0000,24664.791015625,1879.9000244140625
2020-12-25T12:00:00.000000+0000,24664.791015625,1879.9000244140625
2020-12-26T00:00:00.000000+0000,26437.037109375,1879.9000244140625
2020-12-26T12:00:00.000000+0000,26437.037109375,1879.9000244140625
2020-12-27T00:00:00.000000+0000,26272.294921875,1879.9000244140625
2020-12-27T12:00:00.000000+0000,26272.294921875,1879.9000244140625
2020-12-28T00:00:00.000000+0000,27084.80859375,1877.199951171875
2020-12-28T12:00:00.000000+0000,27084.80859375,1877.199951171875
2020-12-29T00:00:00.000000+0000,27362.4375,1879.699951171875
2020-12-29T12:00:00.000000+0000,27362.4375,1879.699951171875
2020-12-30T00:00:00.000000+0000,28840.953125,1891.0
2020-12-30T12:00:00.000000+0000,28840.953125,1891.0
2020-12-31T00:00:00.000000+0000,29001.720703125,1893.0999755859375
2020-12-31T12:00:00.000000+0000,29001.720703125,1893.0999755859375
2021-01-01T00:00:00.000000+0000,29374.15234375,1893.0999755859375
2021-01-01T12:00:00.000000+0000,29374.15234375,1893.0999755859375
2021-01-02T00:00:00.000000+0000,32127.267578125,1893.0999755859375
2021-01-02T12:00:00.000000+0000,32127.267578125,1893.0999755859375
2021-01-03T00:00:00.000000+0000,32782.0234375,1893.0999755859375
2021-01-03T12:00:00.000000+0000,32782.0234375,1893.0999755859375
2021-01-04T00:00:00.000000+0000,31971.9140625,1944.699951171875
2021-01-04T12:00:00.000000+0000,31971.9140625,1944.699951171875
2021-01-05T00:00:00.000000+0000,33992.4296875,1952.699951171875
2021-01-05T12:00:00.000000+0000,33992.4296875,1952.699951171875
2021-01-06T00:00:00.000000+0000,36824.36328125,1906.9000244140625
2021-01-06T12:00:00.000000+0000,36824.36328125,1906.9000244140625
2021-01-07T00:00:00.000000+0000,39371.04296875,1912.300048828125
2021-01-07T12:00:00.000000+0000,39371.04296875,1912.300048828125
2021-01-08T00:00:00.000000+0000,40797.609375,1834.0999755859375
2021-01-08T12:00:00.000000+0000,40797.609375,1834.0999755859375
2021-01-09T00:00:00.000000+0000,40254.546875,1834.0999755859375
2021-01-09T12:00:00.000000+0000,40254.546875,1834.0999755859375
2021-01-10T00:00:00.000000+0000,38356.44140625,1834.0999755859375
2021-01-10T12:00:00.000000+0000,38356.44140625,1834.0999755859375
2021-01-11T00:00:00.000000+0000,35566.65625,1849.5999755859375
2021-01-11T12:00:00.000000+0000,35566.65625,1849.5999755859375
2021-01-12T00:00:00.000000+0000,33922.9609375,1842.9000244140625
2021-01-12T12:00:00.000000+0000,33922.9609375,1842.9000244140625
2021-01-13T00:00:00.000000+0000,37316.359375,1853.5999755859375
2021-01-13T12:00:00.000000+0000,37316.359375,1853.5999755859375
2021-01-14T00:00:00.000000+0000,39187.328125,1850.300048828125
2021-01-14T12:00:00.000000+0000,39187.328125,1850.300048828125
2021-01-15T00:00:00.000000+0000,36825.3671875,1829.300048828125
2021-01-15T12:00:00.000000+0000,36825.3671875,1829.300048828125
2021-01-16T00:00:00.000000+0000,36178.140625,1829.300048828125
2021-01-16T12:00:00.000000+0000,36178.140625,1829.300048828125
2021-01-17T00:00:00.000000+0000,35791.27734375,1829.300048828125
2021-01-17T12:00:00.000000+0000,35791.27734375,1829.300048828125
2021-01-18T00:00:00.000000+0000,36630.07421875,1829.300048828125
2021-01-18T12:00:00.000000+0000,36630.07421875,1829.300048828125
2021-01-19T00:00:00.000000+0000,36069.8046875,1839.5
2021-01-19T12:00:00.000000+0000,36069.8046875,1839.5
2021-01-20T00:00:00.000000+0000,35547.75,1865.9000244140625
2021-01-20T12:00:00.000000+0000,35547.75,1865.9000244140625
2021-01-21T00:00:00.000000+0000,30825.69921875,1865.300048828125
2021-01-21T12:00:00.000000+0000,30825.69921875,1865.300048828125
2021-01-22T00:00:00.000000+0000,33005.76171875,1855.699951171875
2021-01-22T12:00:00.000000+0000,33005.76171875,1855.699951171875
2021-01-23T00:00:00.000000+0000,32067.642578125,1855.699951171875
2021-01-23T12:00:00.000000+0000,32067.642578125,1855.699951171875
2021-01-24T00:00:00.000000+0000,32289.37890625,1855.699951171875
2021-01-24T12:00:00.000000+0000,32289.37890625,1855.699951171875
2021-01-25T00:00:00.000000+0000,32366.392578125,1854.9000244140625
2021-01-25T12:00:00.000000+0000,32366.392578125,1854.9000244140625
2021-01-26T00:00:00.000000+0000,32569.849609375,1850.699951171875
2021-01-26T12:00:00.000000+0000,32569.849609375,1850.699951171875
2021-01-27T00:00:00.000000+0000,30432.546875,1844.9000244140625
2021-01-27T12:00:00.000000+0000,30432.546875,1844.9000244140625
2021-01-28T00:00:00.000000+0000,33466.09765625,1837.9000244140625
2021-01-28T12:00:00.000000+0000,33466.09765625,1837.9000244140625
2021-01-29T00:00:00.000000+0000,34316.38671875,1847.300048828125
2021-01-29T12:00:00.000000+0000,34316.38671875,1847.300048828125
2021-01-30T00:00:00.000000+0000,34269.5234375,1847.300048828125
2021-01-30T12:00:00.000000+0000,34269.5234375,1847.300048828125
2021-01-31T00:00:00.000000+0000,33114.359375,1847.300048828125
2021-01-31T12:00:00.000000+0000,33114.359375,1847.300048828125
2021-02-01T00:00:00.000000+0000,33537.17578125,1860.800048828125
2021-02-01T12:00:00.000000+0000,33537.17578125,1860.800048828125
2021-02-02T00:00:00.000000+0000,35510.2890625,1830.5
2021-02-02T12:00:00.000000+0000,35510.2890625,1830.5
2021-02-03T00:00:00.000000+0000,37472.08984375,1832.199951171875
2021-02-03T12:00:00.000000+0000,37472.08984375,1832.199951171875
2021-02-04T00:00:00.000000+0000,36926.06640625,1788.9000244140625
2021-02-04T12:00:00.000000+0000,36926.06640625,1788.9000244140625
2021-02-05T00:00:00.000000+0000,38144.30859375,1810.9000244140625
2021-02-05T12:00:00.000000+0000,38144.30859375,1810.9000244140625
2021-02-06T00:00:00.000000+0000,39266.01171875,1810.9000244140625
2021-02-06T12:00:00.000000+0000,39266.01171875,1810.9000244140625
2021-02-07T00:00:00.000000+0000,38903.44140625,1810.9000244140625
2021-02-07T12:00:00.000000+0000,38903.44140625,1810.9000244140625
2021-02-08T00:00:00.000000+0000,46196.46484375,1831.9000244140625
2021-02-08T12:00:00.000000+0000,46196.46484375,1831.9000244140625
2021-02-09T00:00:00.000000+0000,46481.10546875,1835.300048828125
2021-02-09T12:00:00.000000+0000,46481.10546875,1835.300048828125
2021-02-10T00:00:00.000000+0000,44918.18359375,1840.5999755859375
2021-02-10T12:00:00.000000+0000,44918.18359375,1840.5999755859375
2021-02-11T00:00:00.000000+0000,47909.33203125,1824.9000244140625
2021-02-11T12:00:00.000000+0000,47909.33203125,1824.9000244140625
2021-02-12T00:00:00.000000+0000,47504.8515625,1821.5999755859375
2021-02-12T12:00:00.000000+0000,47504.8515625,1821.5999755859375
2021-02-13T00:00:00.000000+0000,47105.515625,1821.5999755859375
2021-02-13T12:00:00.000000+0000,47105.515625,1821.5999755859375
2021-02-14T00:00:00.000000+0000,48717.2890625,1821.5999755859375
2021-02-14T12:00:00.000000+0000,48717.2890625,1821.5999755859375
2021-02-15T00:00:00.000000+0000,47945.05859375,1821.5999755859375
2021-02-15T12:00:00.000000+0000,47945.05859375,1821.5999755859375
2021-02-16T00:00:00.000000+0000,49199.87109375,1797.199951171875
2021-02-16T12:00:00.000000+0000,49199.87109375,1797.199951171875
2021-02-17T00:00:00.000000+0000,52149.0078125,1771.0999755859375
2021-02-17T12:00:00.000000+0000,52149.0078125,1771.0999755859375
2021-02-18T00:00:00.000000+0000,51679.796875,1773.4000244140625
2021-02-18T12:00:00.000000+0000,51679.796875,1773.4000244140625
2021-02-19T00:00:00.000000+0000,55888.1328125,1775.800048828125
2021-02-19T12:00:00.000000+0000,55888.1328125,1775.800048828125
2021-02-20T00:00:00.000000+0000,56099.51953125,1775.800048828125
2021-02-20T12:00:00.000000+0000,56099.51953125,1775.800048828125
2021-02-21T00:00:00.000000+0000,57539.9453125,1775.800048828125
2021-02-21T12:00:00.000000+0000,57539.9453125,1775.800048828125
2021-02-22T00:00:00.000000+0000,54207.3203125,1806.699951171875
2021-02-22T12:00:00.000000+0000,54207.3203125,1806.699951171875
2021-02-23T00:00:00.000000+0000,48824.42578125,1804.4000244140625
2021-02-23T12:00:00.000000+0000,48824.42578125,1804.4000244140625
2021-02-24T00:00:00.000000+0000,49705.33203125,1796.4000244140625
2021-02-24T12:00:00.000000+0000,49705.33203125,1796.4000244140625
2021-02-25T00:00:00.000000+0000,47093.8515625,1774.4000244140625
2021-02-25T12:00:00.000000+0000,47093.8515625,1774.4000244140625
2021-02-26T00:00:00.000000+0000,46339.76171875,1728.0999755859375
2021-02-26T12:00:00.000000+0000,46339.76171875,1728.0999755859375
2021-02-27T00:00:00.000000+0000,46188.453125,1728.0999755859375
2021-02-27T12:00:00.000000+0000,46188.453125,1728.0999755859375
2021-02-28T00:00:00.000000+0000,45137.76953125,1728.0999755859375
2021-02-28T12:00:00.000000+0000,45137.76953125,1728.0999755859375
2021-03-01T00:00:00.000000+0000,49631.2421875,1722.5
2021-03-01T12:00:00.000000+0000,49631.2421875,1722.5
2021-03-02T00:00:00.000000+0000,48378.98828125,1733.0999755859375
2021-03-02T12:00:00.000000+0000,48378.98828125,1733.0999755859375
2021-03-03T00:00:00.000000+0000,50538.2421875,1715.300048828125
2021-03-03T12:00:00.000000+0000,50538.2421875,1715.300048828125
2021-03-04T00:00:00.000000+0000,48561.16796875,1700.199951171875
2021-03-04T12:00:00.000000+0000,48561.16796875,1700.199951171875
2021-03-05T00:00:00.000000+0000,48927.3046875,1698.0
2021-03-05T12:00:00.000000+0000,48927.3046875,1698.0
2021-03-06T00:00:00.000000+0000,48912.3828125,1698.0
2021-03-06T12:00:00.000000+0000,48912.3828125,1698.0
2021-03-07T00:00:00.000000+0000,51206.69140625,1698.0
2021-03-07T12:00:00.000000+0000,51206.69140625,1698.0
2021-03-08T00:00:00.000000+0000,52246.5234375,1677.699951171875
2021-03-08T12:00:00.000000+0000,52246.5234375,1677.699951171875
2021-03-09T00:00:00.000000+0000,54824.1171875,1716.5999755859375
2021-03-09T12:00:00.000000+0000,54824.1171875,1716.5999755859375
2021-03-10T00:00:00.000000+0000,56008.55078125,1721.5
2021-03-10T12:00:00.000000+0000,56008.55078125,1721.5
2021-03-11T00:00:00.000000+0000,57805.12109375,1722.300048828125
2021-03-11T12:00:00.000000+0000,57805.12109375,1722.300048828125
2021-03-12T00:00:00.000000+0000,57332.08984375,1719.5
2021-03-12T12:00:00.000000+0000,57332.08984375,1719.5
2021-03-13T00:00:00.000000+0000,61243.0859375,1719.5
2021-03-13T12:00:00.000000+0000,61243.0859375,1719.5
2021-03-14T00:00:00.000000+0000,59302.31640625,1719.5
2021-03-14T12:00:00.000000+0000,59302.31640625,1719.5
2021-03-15T00:00:00.000000+0000,55907.19921875,1728.9000244140625
2021-03-15T12:00:00.000000+0000,55907.19921875,1728.9000244140625
2021-03-16T00:00:00.000000+0000,56804.90234375,1730.5999755859375
2021-03-16T12:00:00.000000+0000,56804.90234375,1730.5999755859375
2021-03-17T00:00:00.000000+0000,58870.89453125,1726.800048828125
2021-03-17T12:00:00.000000+0000,58870.89453125,1726.800048828125
2021-03-18T00:00:00.000000+0000,57858.921875,1732.199951171875
2021-03-18T12:00:00.000000+0000,57858.921875,1732.199951171875
2021-03-19T00:00:00.000000+0000,58346.65234375,1741.4000244140625
2021-03-19T12:00:00.000000+0000,58346.65234375,1741.4000244140625
2021-03-20T00:00:00.000000+0000,58313.64453125,1741.4000244140625
2021-03-20T12:00:00.000000+0000,58313.64453125,1741.4000244140625
2021-03-21T00:00:00.000000+0000,57523.421875,1741.4000244140625
2021-03-21T12:00:00.000000+0000,57523.421875,1741.4000244140625
2021-03-22T00:00:00.000000+0000,54529.14453125,1737.800048828125
2021-03-22T12:00:00.000000+0000,54529.14453125,1737.800048828125
2021-03-23T00:00:00.000000+0000,54738.9453125,1724.699951171875
2021-03-23T12:00:00.000000+0000,54738.9453125,1724.699951171875
2021-03-24T00:00:00.000000+0000,52774.265625,1732.9000244140625
2021-03-24T12:00:00.000000+0000,52774.265625,1732.9000244140625
2021-03-25T00:00:00.000000+0000,51704.16015625,1724.9000244140625
2021-03-25T12:00:00.000000+0000,51704.16015625,1724.9000244140625
2021-03-26T00:00:00.000000+0000,55137.3125,1732.199951171875
2021-03-26T12:00:00.000000+0000,55137.3125,1732.199951171875
2021-03-27T00:00:00.000000+0000,55973.51171875,1732.199951171875
2021-03-27T12:00:00.000000+0000,55973.51171875,1732.199951171875
2021-03-28T00:00:00.000000+0000,55950.74609375,1732.199951171875
2021-03-28T12:00:00.000000+0000,55950.74609375,1732.199951171875
2021-03-29T00:00:00.000000+0000,57750.19921875,1712.0999755859375
2021-03-29T12:00:00.000000+0000,57750.19921875,1712.0999755859375
2021-03-30T00:00:00.000000+0000,58917.69140625,1683.9000244140625
2021-03-30T12:00:00.000000+0000,58917.69140625,1683.9000244140625
2021-03-31T00:00:00.000000+0000,58918.83203125,1713.800048828125
2021-03-31T12:00:00.000000+0000,58918.83203125,1713.800048828125
2021-04-01T00:00:00.000000+0000,59095.80859375,1726.5
2021-04-01T12:00:00.000000+0000,59095.80859375,1726.5
2021-04-02T00:00:00.000000+0000,59384.3125,1726.5
2021-04-02T12:00:00.000000+0000,59384.3125,1726.5
2021-04-03T00:00:00.000000+0000,57603.890625,1726.5
2021-04-03T12:00:00.000000+0000,57603.890625,1726.5
2021-04-04T00:00:00.000000+0000,58758.5546875,1726.5
2021-04-04T12:00:00.000000+0000,58758.5546875,1726.5
2021-04-05T00:00:00.000000+0000,59057.87890625,1727.0
2021-04-05T12:00:00.000000+0000,59057.87890625,1727.0
2021-04-06T00:00:00.000000+0000,58192.359375,1741.5
2021-04-06T12:00:00.000000+0000,58192.359375,1741.5
2021-04-07T00:00:00.000000+0000,56048.9375,1740.0999755859375
2021-04-07T12:00:00.000000+0000,56048.9375,1740.0999755859375
2021-04-08T00:00:00.000000+0000,58323.953125,1756.800048828125
2021-04-08T12:00:00.000000+0000,58323.953125,1756.800048828125
2021-04-09T00:00:00.000000+0000,58245.00390625,1743.300048828125
2021-04-09T12:00:00.000000+0000,58245.00390625,1743.300048828125
2021-04-10T00:00:00.000000+0000,59793.234375,1743.300048828125
2021-04-10T12:00:00.000000+0000,59793.234375,1743.300048828125
2021-04-11T00:00:00.000000+0000,60204.96484375,1743.300048828125
2021-04-11T12:00:00.000000+0000,60204.96484375,1743.300048828125
2021-04-12T00:00:00.000000+0000,59893.453125,1731.199951171875
2021-04-12T12:00:00.000000+0000,59893.453125,1731.199951171875
2021-04-13T00:00:00.000000+0000,63503.45703125,1746.199951171875
2021-04-13T12:00:00.000000+0000,63503.45703125,1746.199951171875
2021-04-14T00:00:00.000000+0000,63109.6953125,1734.9000244140625
2021-04-14T12:00:00.000000+0000,63109.6953125,1734.9000244140625
2021-04-15T00:00:00.000000+0000,63314.01171875,1765.4000244140625
2021-04-15T12:00:00.000000+0000,63314.01171875,1765.4000244140625
2021-04-16T00:00:00.000000+0000,61572.7890625,1779.0
2021-04-16T12:00:00.000000+0000,61572.7890625,1779.0
2021-04-17T00:00:00.000000+0000,60683.8203125,1779.0
2021-04-17T12:00:00.000000+0000,60683.8203125,1779.0
2021-04-18T00:00:00.000000+0000,56216.18359375,1779.0
2021-04-18T12:00:00.000000+0000,56216.18359375,1779.0
2021-04-19T00:00:00.000000+0000,55724.265625,1769.4000244140625
2021-04-19T12:00:00.000000+0000,55724.265625,1769.4000244140625
2021-04-20T00:00:00.000000+0000,56473.03125,1777.300048828125
2021-04-20T12:00:00.000000+0000,56473.03125,1777.300048828125
2021-04-21T00:00:00.000000+0000,53906.08984375,1792.300048828125
2021-04-21T12:00:00.000000+0000,53906.08984375,1792.300048828125
2021-04-22T00:00:00.000000+0000,51762.2734375,1781.199951171875
2021-04-22T12:00:00.000000+0000,51762.2734375,1781.199951171875
2021-04-23T00:00:00.000000+0000,51093.65234375,1777.0
2021-04-23T12:00:00.000000+0000,51093.65234375,1777.0
2021-04-24T00:00:00.000000+0000,50050.8671875,1777.0
2021-04-24T12:00:00.000000+0000,50050.8671875,1777.0
2021-04-25T00:00:00.000000+0000,49004.25390625,1777.0
2021-04-25T12:00:00.000000+0000,49004.25390625,1777.0
2021-04-26T00:00:00.000000+0000,54021.75390625,1779.199951171875
2021-04-26T12:00:00.000000+0000,54021.75390625,1779.199951171875
2021-04-27T00:00:00.000000+0000,55033.1171875,1778.0
2021-04-27T12:00:00.000000+0000,55033.1171875,1778.0
2021-04-28T00:00:00.000000+0000,54824.703125,1773.199951171875
2021-04-28T12:00:00.000000+0000,54824.703125,1773.199951171875
2021-04-29T00:00:00.000000+0000,53555.109375,1768.0999755859375
2021-04-29T12:00:00.000000+0000,53555.109375,1768.0999755859375
2021-04-30T00:00:00.000000+0000,57750.17578125,1767.300048828125
2021-04-30T12:00:00.000000+0000,57750.17578125,1767.300048828125
2021-05-01T00:00:00.000000+0000,57828.05078125,1767.300048828125
2021-05-01T12:00:00.000000+0000,57828.05078125,1767.300048828125
2021-05-02T00:00:00.000000+0000,56631.078125,1767.300048828125
2021-05-02T12:00:00.000000+0000,56631.078125,1767.300048828125
2021-05-03T00:00:00.000000+0000,57200.29296875,1791.4000244140625
2021-05-03T12:00:00.000000+0000,57200.29296875,1791.4000244140625
2021-05-04T00:00:00.000000+0000,53333.5390625,1775.800048828125
2021-05-04T12:00:00.000000+0000,53333.5390625,1775.800048828125
2021-05-05T00:00:00.000000+0000,57424.0078125,1784.0999755859375
2021-05-05T12:00:00.000000+0000,57424.0078125,1784.0999755859375
2021-05-06T00:00:00.000000+0000,56396.515625,1815.5
2021-05-06T12:00:00.000000+0000,56396.515625,1815.5
2021-05-07T00:00:00.000000+0000,57356.40234375,1831.0999755859375
2021-05-07T12:00:00.000000+0000,57356.40234375,1831.0999755859375
2021-05-08T00:00:00.000000+0000,58803.77734375,1831.0999755859375
2021-05-08T12:00:00.000000+0000,58803.77734375,1831.0999755859375
2021-05-09T00:00:00.000000+0000,58232.31640625,1831.0999755859375
2021-05-09T12:00:00.000000+0000,58232.31640625,1831.0999755859375
2021-05-10T00:00:00.000000+0000,55859.796875,1837.5
2021-05-10T12:00:00.000000+0000,55859.796875,1837.5
2021-05-11T00:00:00.000000+0000,56704.57421875,1835.9000244140625
2021-05-11T12:00:00.000000+0000,56704.57421875,1835.9000244140625
2021-05-12T00:00:00.000000+0000,49150.53515625,1822.5999755859375
2021-05-12T12:00:00.000000+0000,49150.53515625,1822.5999755859375
2021-05-13T00:00:00.000000+0000,49716.19140625,1823.800048828125
2021-05-13T12:00:00.000000+0000,49716.19140625,1823.800048828125
2021-05-14T00:00:00.000000+0000,49880.53515625,1837.9000244140625
2021-05-14T12:00:00.000000+0000,49880.53515625,1837.9000244140625
2021-05-15T00:00:00.000000+0000,46760.1875,1837.9000244140625
2021-05-15T12:00:00.000000+0000,46760.1875,1837.9000244140625
2021-05-16T00:00:00.000000+0000,46456.05859375,1837.9000244140625
2021-05-16T12:00:00.000000+0000,46456.05859375,1837.9000244140625
2021-05-17T00:00:00.000000+0000,43537.51171875,1867.5
2021-05-17T12:00:00.000000+0000,43537.51171875,1867.5
2021-05-18T00:00:00.000000+0000,42909.40234375,1867.800048828125
2021-05-18T12:00:00.000000+0000,42909.40234375,1867.800048828125
2021-05-19T00:00:00.000000+0000,37002.44140625,1881.300048828125
2021-05-19T12:00:00.000000+0000,37002.44140625,1881.300048828125
2021-05-20T00:00:00.000000+0000,40782.73828125,1881.800048828125
2021-05-20T12:00:00.000000+0000,40782.73828125,1881.800048828125
2021-05-21T00:00:00.000000+0000,37304.69140625,1876.699951171875
2021-05-21T12:00:00.000000+0000,37304.69140625,1876.699951171875
2021-05-22T00:00:00.000000+0000,37536.6328125,1876.699951171875
2021-05-22T12:00:00.000000+0000,37536.6328125,1876.699951171875
2021-05-23T00:00:00.000000+0000,34770.58203125,1876.699951171875
2021-05-23T12:00:00.000000+0000,34770.58203125,1876.699951171875
2021-05-24T00:00:00.000000+0000,38705.98046875,1884.5999755859375
2021-05-24T12:00:00.000000+0000,38705.98046875,1884.5999755859375
2021-05-25T00:00:00.000000+0000,38402.22265625,1898.0999755859375
2021-05-25T12:00:00.000000+0000,38402.22265625,1898.0999755859375
2021-05-26T00:00:00.000000+0000,39294.19921875,1901.300048828125
2021-05-26T12:00:00.000000+0000,39294.19921875,1901.300048828125
2021-05-27T00:00:00.000000+0000,38436.96875,1895.699951171875
2021-05-27T12:00:00.000000+0000,38436.96875,1895.699951171875
2021-05-28T00:00:00.000000+0000,35697.60546875,1902.5
2021-05-28T12:00:00.000000+0000,35697.60546875,1902.5
2021-05-29T00:00:00.000000+0000,34616.06640625,1902.5
2021-05-29T12:00:00.000000+0000,34616.06640625,1902.5
2021-05-30T00:00:00.000000+0000,35678.12890625,1902.5
2021-05-30T12:00:00.000000+0000,35678.12890625,1902.5
2021-05-31T00:00:00.000000+0000,37332.85546875,1902.5
2021-05-31T12:00:00.000000+0000,37332.85546875,1902.5
2021-06-01T00:00:00.000000+0000,36684.92578125,1902.9000244140625
2021-06-01T12:00:00.000000+0000,36684.92578125,1902.9000244140625
2021-06-02T00:00:00.000000+0000,37575.1796875,1907.5
2021-06-02T12:00:00.000000+0000,37575.1796875,1907.5
2021-06-03T00:00:00.000000+0000,39208.765625,1871.199951171875
2021-06-03T12:00:00.000000+0000,39208.765625,1871.199951171875
2021-06-04T00:00:00.000000+0000,36894.40625,1889.800048828125
2021-06-04T12:00:00.000000+0000,36894.40625,1889.800048828125
2021-06-05T00:00:00.000000+0000,35551.95703125,1889.800048828125
2021-06-05T12:00:00.000000+0000,35551.95703125,1889.800048828125
2021-06-06T00:00:00.000000+0000,35862.37890625,1889.800048828125
2021-06-06T12:00:00.000000+0000,35862.37890625,1889.800048828125
2021-06-07T00:00:00.000000+0000,33560.70703125,1896.800048828125
2021-06-07T12:00:00.000000+0000,33560.70703125,1896.800048828125
2021-06-08T00:00:00.000000+0000,33472.6328125,1892.199951171875
2021-06-08T12:00:00.000000+0000,33472.6328125,1892.199951171875
2021-06-09T00:00:00.000000+0000,37345.12109375,1893.199951171875
2021-06-09T12:00:00.000000+0000,37345.12109375,1893.199951171875
2021-06-10T00:00:00.000000+0000,36702.59765625,1894.199951171875
2021-06-10T12:00:00.000000+0000,36702.59765625,1894.199951171875
2021-06-11T00:00:00.000000+0000,37334.3984375,1877.4000244140625
2021-06-11T12:00:00.000000+0000,37334.3984375,1877.4000244140625
2021-06-12T00:00:00.000000+0000,35552.515625,1877.4000244140625
2021-06-12T12:00:00.000000+0000,35552.515625,1877.4000244140625
2021-06-13T00:00:00.000000+0000,39097.859375,1877.4000244140625
2021-06-13T12:00:00.000000+0000,39097.859375,1877.4000244140625
2021-06-14T00:00:00.000000+0000,40218.4765625,1864.0
2021-06-14T12:00:00.000000+0000,40218.4765625,1864.0
2021-06-15T00:00:00.000000+0000,40406.26953125,1854.5
2021-06-15T12:00:00.000000+0000,40406.26953125,1854.5
2021-06-16T00:00:00.000000+0000,38347.0625,1859.5
2021-06-16T12:00:00.000000+0000,38347.0625,1859.5
2021-06-17T00:00:00.000000+0000,38053.50390625,1773.800048828125
2021-06-17T12:00:00.000000+0000,38053.50390625,1773.800048828125
2021-06-18T00:00:00.000000+0000,35787.24609375,1767.9000244140625
2021-06-18T12:00:00.000000+0000,35787.24609375,1767.9000244140625
2021-06-19T00:00:00.000000+0000,35615.87109375,1767.9000244140625
2021-06-19T12:00:00.000000+0000,35615.87109375,1767.9000244140625
2021-06-20T00:00:00.000000+0000,35698.296875,1767.9000244140625
2021-06-20T12:00:00.000000+0000,35698.296875,1767.9000244140625
2021-06-21T00:00:00.000000+0000,31676.693359375,1781.800048828125
2021-06-21T12:00:00.000000+0000,31676.693359375,1781.800048828125
2021-06-22T00:00:00.000000+0000,32505.66015625,1776.300048828125
2021-06-22T12:00:00.000000+0000,32505.66015625,1776.300048828125
2021-06-23T00:00:00.000000+0000,33723.02734375,1782.300048828125
2021-06-23T12:00:00.000000+0000,33723.02734375,1782.300048828125
2021-06-24T00:00:00.000000+0000,34662.4375,1775.5999755859375
2021-06-24T12:00:00.000000+0000,34662.4375,1775.5999755859375
2021-06-25T00:00:00.000000+0000,31637.779296875,1776.5999755859375
2021-06-25T12:00:00.000000+0000,31637.779296875,1776.5999755859375
2021-06-26T00:00:00.000000+0000,32186.27734375,1776.5999755859375
2021-06-26T12:00:00.000000+0000,32186.27734375,1776.5999755859375
2021-06-27T00:00:00.000000+0000,34649.64453125,1776.5999755859375
2021-06-27T12:00:00.000000+0000,34649.64453125,1776.5999755859375
2021-06-28T00:00:00.000000+0000,34434.3359375,1779.5999755859375
2021-06-28T12:00:00.000000+0000,34434.3359375,1779.5999755859375
2021-06-29T00:00:00.000000+0000,35867.77734375,1762.800048828125
2021-06-29T12:00:00.000000+0000,35867.77734375,1762.800048828125
2021-06-30T00:00:00.000000+0000,35040.8359375,1770.800048828125
2021-06-30T12:00:00.000000+0000,35040.8359375,1770.800048828125
2021-07-01T00:00:00.000000+0000,33572.1171875,1775.9000244140625
2021-07-01T12:00:00.000000+0000,33572.1171875,1775.9000244140625
2021-07-02T00:00:00.000000+0000,33897.046875,1782.5999755859375
2021-07-02T12:00:00.000000+0000,33897.046875,1782.5999755859375
2021-07-03T00:00:00.000000+0000,34668.546875,1782.5999755859375
2021-07-03T12:00:00.000000+0000,34668.546875,1782.5999755859375
2021-07-04T00:00:00.000000+0000,35287.78125,1782.5999755859375
2021-07-04T12:00:00.000000+0000,35287.78125,1782.5999755859375
2021-07-05T00:00:00.000000+0000,33746.00390625,1782.5999755859375
2021-07-05T12:00:00.000000+0000,33746.00390625,1782.5999755859375
2021-07-06T00:00:00.000000+0000,34235.1953125,1793.5
2021-07-06T12:00:00.000000+0000,34235.1953125,1793.5
2021-07-07T00:00:00.000000+0000,33855.328125,1801.5
2021-07-07T12:00:00.000000+0000,33855.328125,1801.5
2021-07-08T00:00:00.000000+0000,32877.37109375,1799.5999755859375
2021-07-08T12:00:00.000000+0000,32877.37109375,1799.5999755859375
2021-07-09T00:00:00.000000+0000,33798.01171875,1810.0
2021-07-09T12:00:00.000000+0000,33798.01171875,1810.0
2021-07-10T00:00:00.000000+0000,33520.51953125,1810.0
2021-07-10T12:00:00.000000+0000,33520.51953125,1810.0
2021-07-11T00:00:00.000000+0000,34240.1875,1810.0
2021-07-11T12:00:00.000000+0000,34240.1875,1810.0
2021-07-12T00:00:00.000000+0000,33155.84765625,1805.5
2021-07-12T12:00:00.000000+0000,33155.84765625,1805.5
2021-07-13T00:00:00.000000+0000,32702.025390625,1809.4000244140625
2021-07-13T12:00:00.000000+0000,32702.025390625,1809.4000244140625
2021-07-14T00:00:00.000000+0000,32822.34765625,1824.300048828125
2021-07-14T12:00:00.000000+0000,32822.34765625,1824.300048828125
2021-07-15T00:00:00.000000+0000,31780.73046875,1828.4000244140625
2021-07-15T12:00:00.000000+0000,31780.73046875,1828.4000244140625
2021-07-16T00:00:00.000000+0000,31421.5390625,1814.5
2021-07-16T12:00:00.000000+0000,31421.5390625,1814.5
2021-07-17T00:00:00.000000+0000,31533.068359375,1814.5
2021-07-17T12:00:00.000000+0000,31533.068359375,1814.5
2021-07-18T00:00:00.000000+0000,31796.810546875,1814.5
2021-07-18T12:00:00.000000+0000,31796.810546875,1814.5
2021-07-19T00:00:00.000000+0000,30817.83203125,1808.699951171875
2021-07-19T12:00:00.000000+0000,30817.83203125,1808.699951171875
2021-07-20T00:00:00.000000+0000,29807.34765625,1810.9000244140625
2021-07-20T12:00:00.000000+0000,29807.34765625,1810.9000244140625
2021-07-21T00:00:00.000000+0000,32110.693359375,1802.9000244140625
2021-07-21T12:00:00.000000+0000,32110.693359375,1802.9000244140625
2021-07-22T00:00:00.000000+0000,32313.10546875,1805.0
2021-07-22T12:00:00.000000+0000,32313.10546875,1805.0
2021-07-23T00:00:00.000000+0000,33581.55078125,1801.4000244140625
2021-07-23T12:00:00.000000+0000,33581.55078125,1801.4000244140625
2021-07-24T00:00:00.000000+0000,34292.4453125,1801.4000244140625
2021-07-24T12:00:00.000000+0000,34292.4453125,1801.4000244140625
2021-07-25T00:00:00.000000+0000,35350.1875,1801.4000244140625
2021-07-25T12:00:00.000000+0000,35350.1875,1801.4000244140625
2021-07-26T00:00:00.000000+0000,37337.53515625,1798.699951171875
2021-07-26T12:00:00.000000+0000,37337.53515625,1798.699951171875
2021-07-27T00:00:00.000000+0000,39406.94140625,1799.5
2021-07-27T12:00:00.000000+0000,39406.94140625,1799.5
2021-07-28T00:00:00.000000+0000,39995.90625,1799.5
2021-07-28T12:00:00.000000+0000,39995.90625,1799.5
2021-07-29T00:00:00.000000+0000,40008.421875,1831.199951171875
2021-07-29T12:00:00.000000+0000,40008.421875,1831.199951171875
2021-07-30T00:00:00.000000+0000,42235.546875,1812.5999755859375
2021-07-30T12:00:00.000000+0000,42235.546875,1812.5999755859375
2021-07-31T00:00:00.000000+0000,41626.1953125,1812.5999755859375
2021-07-31T12:00:00.000000+0000,41626.1953125,1812.5999755859375
2021-08-01T00:00:00.000000+0000,39974.89453125,1812.5999755859375
2021-08-01T12:00:00.000000+0000,39974.89453125,1812.5999755859375
2021-08-02T00:00:00.000000+0000,39201.9453125,1818.0999755859375
2021-08-02T12:00:00.000000+0000,39201.9453125,1818.0999755859375
2021-08-03T00:00:00.000000+0000,38152.98046875,1810.0999755859375
2021-08-03T12:00:00.000000+0000,38152.98046875,1810.0999755859375
2021-08-04T00:00:00.000000+0000,39747.50390625,1810.5
2021-08-04T12:00:00.000000+0000,39747.50390625,1810.5
2021-08-05T00:00:00.000000+0000,40869.5546875,1805.0999755859375
2021-08-05T12:00:00.000000+0000,40869.5546875,1805.0999755859375
2021-08-06T00:00:00.000000+0000,42816.5,1760.0
2021-08-06T12:00:00.000000+0000,42816.5,1760.0
2021-08-07T00:00:00.000000+0000,44555.80078125,1760.0
2021-08-07T12:00:00.000000+0000,44555.80078125,1760.0
2021-08-08T00:00:00.000000+0000,43798.1171875,1760.0
2021-08-08T12:00:00.000000+0000,43798.1171875,1760.0
2021-08-09T00:00:00.000000+0000,46365.40234375,1723.4000244140625
2021-08-09T12:00:00.000000+0000,46365.40234375,1723.4000244140625
2021-08-10T00:00:00.000000+0000,45585.03125,1728.800048828125
2021-08-10T12:00:00.000000+0000,45585.03125,1728.800048828125
2021-08-11T00:00:00.000000+0000,45593.63671875,1750.4000244140625
2021-08-11T12:00:00.000000+0000,45593.63671875,1750.4000244140625
2021-08-12T00:00:00.000000+0000,44428.2890625,1749.0
2021-08-12T12:00:00.000000+0000,44428.2890625,1749.0
2021-08-13T00:00:00.000000+0000,47793.3203125,1775.199951171875
2021-08-13T12:00:00.000000+0000,47793.3203125,1775.199951171875
2021-08-14T00:00:00.000000+0000,47096.9453125,1775.199951171875
2021-08-14T12:00:00.000000+0000,47096.9453125,1775.199951171875
2021-08-15T00:00:00.000000+0000,47047.00390625,1775.199951171875
2021-08-15T12:00:00.000000+0000,47047.00390625,1775.199951171875
2021-08-16T00:00:00.000000+0000,46004.484375,1786.9000244140625
2021-08-16T12:00:00.000000+0000,46004.484375,1786.9000244140625
2021-08-17T00:00:00.000000+0000,44695.359375,1785.0
2021-08-17T12:00:00.000000+0000,44695.359375,1785.0
2021-08-18T00:00:00.000000+0000,44801.1875,1781.5999755859375
2021-08-18T12:00:00.000000+0000,44801.1875,1781.5999755859375
2021-08-19T00:00:00.000000+0000,46717.578125,1780.199951171875
2021-08-19T12:00:00.000000+0000,46717.578125,1780.199951171875
2021-08-20T00:00:00.000000+0000,49339.17578125,1781.0
2021-08-20T12:00:00.000000+0000,49339.17578125,1781.0
2021-08-21T00:00:00.000000+0000,48905.4921875,1781.0
2021-08-21T12:00:00.000000+0000,48905.4921875,1781.0
2021-08-22T00:00:00.000000+0000,49321.65234375,1781.0
2021-08-22T12:00:00.000000+0000,49321.65234375,1781.0
2021-08-23T00:00:00.000000+0000,49546.1484375,1803.199951171875
2021-08-23T12:00:00.000000+0000,49546.1484375,1803.199951171875
2021-08-24T00:00:00.000000+0000,47706.1171875,1805.5999755859375
2021-08-24T12:00:00.000000+0000,47706.1171875,1805.5999755859375
2021-08-25T00:00:00.000000+0000,48960.7890625,1788.199951171875
2021-08-25T12:00:00.000000+0000,48960.7890625,1788.199951171875
2021-08-26T00:00:00.000000+0000,46942.21875,1792.199951171875
2021-08-26T12:00:00.000000+0000,46942.21875,1792.199951171875
2021-08-27T00:00:00.000000+0000,49058.66796875,1816.5999755859375
2021-08-27T12:00:00.000000+0000,49058.66796875,1816.5999755859375
2021-08-28T00:00:00.000000+0000,48902.40234375,1816.5999755859375
2021-08-28T12:00:00.000000+0000,48902.40234375,1816.5999755859375
2021-08-29T00:00:00.000000+0000,48829.83203125,1816.5999755859375
2021-08-29T12:00:00.000000+0000,48829.83203125,1816.5999755859375
2021-08-30T00:00:00.000000+0000,47054.984375,1809.0
2021-08-30T12:00:00.000000+0000,47054.984375,1809.0
2021-08-31T00:00:00.000000+0000,47166.6875,1815.0
2021-08-31T12:00:00.000000+0000,47166.6875,1815.0
2021-09-01T00:00:00.000000+0000,48847.02734375,1813.0999755859375
2021-09-01T12:00:00.000000+0000,48847.02734375,1813.0999755859375
2021-09-02T00:00:00.000000+0000,49327.72265625,1808.699951171875
2021-09-02T12:00:00.000000+0000,49327.72265625,1808.699951171875
2021-09-03T00:00:00.000000+0000,50025.375,1830.9000244140625
2021-09-03T12:00:00.000000+0000,50025.375,1830.9000244140625
2021-09-04T00:00:00.000000+0000,49944.625,1830.9000244140625
2021-09-04T12:00:00.000000+0000,49944.625,1830.9000244140625
2021-09-05T00:00:00.000000+0000,51753.41015625,1830.9000244140625
2021-09-05T12:00:00.000000+0000,51753.41015625,1830.9000244140625
2021-09-06T00:00:00.000000+0000,52633.53515625,1830.9000244140625
2021-09-06T12:00:00.000000+0000,52633.53515625,1830.9000244140625
2021-09-07T00:00:00.000000+0000,46811.12890625,1795.9000244140625
2021-09-07T12:00:00.000000+0000,46811.12890625,1795.9000244140625
2021-09-08T00:00:00.000000+0000,46091.390625,1790.699951171875
2021-09-08T12:00:00.000000+0000,46091.390625,1790.699951171875
2021-09-09T00:00:00.000000+0000,46391.421875,1797.4000244140625
2021-09-09T12:00:00.000000+0000,46391.421875,1797.4000244140625
2021-09-10T00:00:00.000000+0000,44883.91015625,1789.5999755859375
2021-09-10T12:00:00.000000+0000,44883.91015625,1789.5999755859375
2021-09-11T00:00:00.000000+0000,45201.45703125,1789.5999755859375
2021-09-11T12:00:00.000000+0000,45201.45703125,1789.5999755859375
2021-09-12T00:00:00.000000+0000,46063.26953125,1789.5999755859375
2021-09-12T12:00:00.000000+0000,46063.26953125,1789.5999755859375
2021-09-13T00:00:00.000000+0000,44963.07421875,1792.0
2021-09-13T12:00:00.000000+0000,44963.07421875,1792.0
2021-09-14T00:00:00.000000+0000,47092.4921875,1804.699951171875
2021-09-14T12:00:00.000000+0000,47092.4921875,1804.699951171875
2021-09-15T00:00:00.000000+0000,48176.34765625,1792.4000244140625
2021-09-15T12:00:00.000000+0000,48176.34765625,1792.4000244140625
2021-09-16T00:00:00.000000+0000,47783.359375,1754.5999755859375
2021-09-16T12:00:00.000000+0000,47783.359375,1754.5999755859375
2021-09-17T00:00:00.000000+0000,47267.51953125,1749.4000244140625
2021-09-17T12:00:00.000000+0000,47267.51953125,1749.4000244140625
2021-09-18T00:00:00.000000+0000,48278.36328125,1749.4000244140625
2021-09-18T12:00:00.000000+0000,48278.36328125,1749.4000244140625
2021-09-19T00:00:00.000000+0000,47260.21875,1749.4000244140625
2021-09-19T12:00:00.000000+0000,47260.21875,1749.4000244140625
2021-09-20T00:00:00.000000+0000,42843.80078125,1761.800048828125
2021-09-20T12:00:00.000000+0000,42843.80078125,1761.800048828125
2021-09-21T00:00:00.000000+0000,40693.67578125,1776.0
2021-09-21T12:00:00.000000+0000,40693.67578125,1776.0
2021-09-22T00:00:00.000000+0000,43574.5078125,1776.699951171875
2021-09-22T12:00:00.000000+0000,43574.5078125,1776.699951171875
2021-09-23T00:00:00.000000+0000,44895.09765625,1747.699951171875
2021-09-23T12:00:00.000000+0000,44895.09765625,1747.699951171875
2021-09-24T00:00:00.000000+0000,42839.75,1749.699951171875
2021-09-24T12:00:00.000000+0000,42839.75,1749.699951171875
2021-09-25T00:00:00.000000+0000,42716.59375,1749.699951171875
2021-09-25T12:00:00.000000+0000,42716.59375,1749.699951171875
2021-09-26T00:00:00.000000+0000,43208.5390625,1749.699951171875
2021-09-26T12:00:00.000000+0000,43208.5390625,1749.699951171875
2021-09-27T00:00:00.000000+0000,42235.73046875,1750.0
2021-09-27T12:00:00.000000+0000,42235.73046875,1750.0
2021-09-28T00:00:00.000000+0000,41034.54296875,1735.800048828125
2021-09-28T12:00:00.000000+0000,41034.54296875,1735.800048828125
2021-09-29T00:00:00.000000+0000,41564.36328125,1721.5
2021-09-29T12:00:00.000000+0000,41564.36328125,1721.5
2021-09-30T00:00:00.000000+0000,43790.89453125,1755.300048828125
2021-09-30T12:00:00.000000+0000,43790.89453125,1755.300048828125
2021-10-01T00:00:00.000000+0000,48116.94140625,1757.0
2021-10-01T12:00:00.000000+0000,48116.94140625,1757.0
2021-10-02T00:00:00.000000+0000,47711.48828125,1757.0
2021-10-02T12:00:00.000000+0000,47711.48828125,1757.0
2021-10-03T00:00:00.000000+0000,48199.953125,1757.0
2021-10-03T12:00:00.000000+0000,48199.953125,1757.0
2021-10-04T00:00:00.000000+0000,49112.90234375,1766.199951171875
2021-10-04T12:00:00.000000+0000,49112.90234375,1766.199951171875
2021-10-05T00:00:00.000000+0000,51514.8125,1759.5999755859375
2021-10-05T12:00:00.000000+0000,51514.8125,1759.5999755859375
2021-10-06T00:00:00.000000+0000,55361.44921875,1760.5
2021-10-06T12:00:00.000000+0000,55361.44921875,1760.5
2021-10-07T00:00:00.000000+0000,53805.984375,1757.9000244140625
2021-10-07T12:00:00.000000+0000,53805.984375,1757.9000244140625
2021-10-08T00:00:00.000000+0000,53967.84765625,1756.300048828125
2021-10-08T12:00:00.000000+0000,53967.84765625,1756.300048828125
2021-10-09T00:00:00.000000+0000,54968.22265625,1756.300048828125
2021-10-09T12:00:00.000000+0000,54968.22265625,1756.300048828125
2021-10-10T00:00:00.000000+0000,54771.578125,1756.300048828125
2021-10-10T12:00:00.000000+0000,54771.578125,1756.300048828125
2021-10-11T00:00:00.000000+0000,57484.7890625,1754.5999755859375
2021-10-11T12:00:00.000000+0000,57484.7890625,1754.5999755859375
2021-10-12T00:00:00.000000+0000,56041.05859375,1758.300048828125
2021-10-12T12:00:00.000000+0000,56041.05859375,1758.300048828125
2021-10-13T00:00:00.000000+0000,57401.09765625,1793.699951171875
2021-10-13T12:00:00.000000+0000,57401.09765625,1793.699951171875
2021-10-14T00:00:00.000000+0000,57321.5234375,1796.699951171875
2021-10-14T12:00:00.000000+0000,57321.5234375,1796.699951171875
2021-10-15T00:00:00.000000+0000,61593.94921875,1767.199951171875
2021-10-15T12:00:00.000000+0000,61593.94921875,1767.199951171875
2021-10-16T00:00:00.000000+0000,60892.1796875,1767.199951171875
2021-10-16T12:00:00.000000+0000,60892.1796875,1767.199951171875
2021-10-17T00:00:00.000000+0000,61553.6171875,1767.199951171875
2021-10-17T12:00:00.000000+0000,61553.6171875,1767.199951171875
2021-10-18T00:00:00.000000+0000,62026.078125,1764.800048828125
2021-10-18T12:00:00.000000+0000,62026.078125,1764.800048828125
2021-10-19T00:00:00.000000+0000,64261.9921875,1769.699951171875
2021-10-19T12:00:00.000000+0000,64261.9921875,1769.699951171875
2021-10-20T00:00:00.000000+0000,65992.8359375,1784.0999755859375
2021-10-20T12:00:00.000000+0000,65992.8359375,1784.0999755859375
2021-10-21T00:00:00.000000+0000,62210.171875,1781.199951171875
2021-10-21T12:00:00.000000+0000,62210.171875,1781.199951171875
2021-10-22T00:00:00.000000+0000,60692.265625,1795.5
2021-10-22T12:00:00.000000+0000,60692.265625,1795.5
2021-10-23T00:00:00.000000+0000,61393.6171875,1795.5
2021-10-23T12:00:00.000000+0000,61393.6171875,1795.5
2021-10-24T00:00:00.000000+0000,60930.8359375,1795.5
2021-10-24T12:00:00.000000+0000,60930.8359375,1795.5
2021-10-25T00:00:00.000000+0000,63039.82421875,1806.0
2021-10-25T12:00:00.000000+0000,63039.82421875,1806.0
2021-10-26T00:00:00.000000+0000,60363.79296875,1792.699951171875
2021-10-26T12:00:00.000000+0000,60363.79296875,1792.699951171875
2021-10-27T00:00:00.000000+0000,58482.38671875,1797.9000244140625
2021-10-27T12:00:00.000000+0000,58482.38671875,1797.9000244140625
2021-10-28T00:00:00.000000+0000,60622.13671875,1801.5999755859375
2021-10-28T12:00:00.000000+0000,60622.13671875,1801.5999755859375
2021-10-29T00:00:00.000000+0000,62227.96484375,1783.0
2021-10-29T12:00:00.000000+0000,62227.96484375,1783.0
2021-10-30T00:00:00.000000+0000,61888.83203125,1783.0
2021-10-30T12:00:00.000000+0000,61888.83203125,1783.0
2021-10-31T00:00:00.000000+0000,61318.95703125,1783.0
2021-10-31T12:00:00.000000+0000,61318.95703125,1783.0
2021-11-01T00:00:00.000000+0000,61004.40625,1795.0999755859375
2021-11-01T12:00:00.000000+0000,61004.40625,1795.0999755859375
2021-11-02T00:00:00.000000+0000,63226.40234375,1788.699951171875
2021-11-02T12:00:00.000000+0000,63226.40234375,1788.699951171875
2021-11-03T00:00:00.000000+0000,62970.046875,1763.5999755859375
2021-11-03T12:00:00.000000+0000,62970.046875,1763.5999755859375
2021-11-04T00:00:00.000000+0000,61452.23046875,1793.0
2021-11-04T12:00:00.000000+0000,61452.23046875,1793.0
2021-11-05T00:00:00.000000+0000,61125.67578125,1816.4000244140625
2021-11-05T12:00:00.000000+0000,61125.67578125,1816.4000244140625
2021-11-06T00:00:00.000000+0000,61527.48046875,1816.4000244140625
2021-11-06T12:00:00.000000+0000,61527.48046875,1816.4000244140625
2021-11-07T00:00:00.000000+0000,63326.98828125,1816.4000244140625
2021-11-07T12:00:00.000000+0000,63326.98828125,1816.4000244140625
2021-11-08T00:00:00.000000+0000,67566.828125,1827.4000244140625
2021-11-08T12:00:00.000000+0000,67566.828125,1827.4000244140625
2021-11-09T00:00:00.000000+0000,66971.828125,1830.199951171875
2021-11-09T12:00:00.000000+0000,66971.828125,1830.199951171875
2021-11-10T00:00:00.000000+0000,64995.23046875,1847.5999755859375
2021-11-10T12:00:00.000000+0000,64995.23046875,1847.5999755859375
2021-11-11T00:00:00.000000+0000,64949.9609375,1863.199951171875
2021-11-11T12:00:00.000000+0000,64949.9609375,1863.199951171875
2021-11-12T00:00:00.000000+0000,64155.94140625,1867.9000244140625
2021-11-12T12:00:00.000000+0000,64155.94140625,1867.9000244140625
2021-11-13T00:00:00.000000+0000,64469.52734375,1867.9000244140625
2021-11-13T12:00:00.000000+0000,64469.52734375,1867.9000244140625
2021-11-14T00:00:00.000000+0000,65466.83984375,1867.9000244140625
2021-11-14T12:00:00.000000+0000,65466.83984375,1867.9000244140625
2021-11-15T00:00:00.000000+0000,63557.87109375,1866.0999755859375
2021-11-15T12:00:00.000000+0000,63557.87109375,1866.0999755859375
2021-11-16T00:00:00.000000+0000,60161.24609375,1853.5999755859375
2021-11-16T12:00:00.000000+0000,60161.24609375,1853.5999755859375
2021-11-17T00:00:00.000000+0000,60368.01171875,1869.699951171875
2021-11-17T12:00:00.000000+0000,60368.01171875,1869.699951171875
2021-11-18T00:00:00.000000+0000,56942.13671875,1861.0
2021-11-18T12:00:00.000000+0000,56942.13671875,1861.0
2021-11-19T00:00:00.000000+0000,58119.578125,1851.199951171875
2021-11-19T12:00:00.000000+0000,58119.578125,1851.199951171875
2021-11-20T00:00:00.000000+0000,59697.1953125,1851.199951171875
2021-11-20T12:00:00.000000+0000,59697.1953125,1851.199951171875
2021-11-21T00:00:00.000000+0000,58730.4765625,1851.199951171875
2021-11-21T12:00:00.000000+0000,58730.4765625,1851.199951171875
2021-11-22T00:00:00.000000+0000,56289.2890625,1806.0
2021-11-22T12:00:00.000000+0000,56289.2890625,1806.0
2021-11-23T00:00:00.000000+0000,57569.07421875,1783.5
2021-11-23T12:00:00.000000+0000,57569.07421875,1783.5
2021-11-24T00:00:00.000000+0000,56280.42578125,1784.0999755859375
2021-11-24T12:00:00.000000+0000,56280.42578125,1784.0999755859375
2021-11-25T00:00:00.000000+0000,57274.6796875,1784.0999755859375
2021-11-25T12:00:00.000000+0000,57274.6796875,1784.0999755859375
2021-11-26T00:00:00.000000+0000,53569.765625,1785.300048828125
2021-11-26T12:00:00.000000+0000,53569.765625,1785.300048828125
2021-11-27T00:00:00.000000+0000,54815.078125,1785.300048828125
2021-11-27T12:00:00.000000+0000,54815.078125,1785.300048828125
2021-11-28T00:00:00.000000+0000,57248.45703125,1785.300048828125
2021-11-28T12:00:00.000000+0000,57248.45703125,1785.300048828125
2021-11-29T00:00:00.000000+0000,57806.56640625,1782.300048828125
2021-11-29T12:00:00.000000+0000,57806.56640625,1782.300048828125
2021-11-30T00:00:00.000000+0000,57005.42578125,1773.5999755859375
2021-11-30T12:00:00.000000+0000,57005.42578125,1773.5999755859375
2021-12-01T00:00:00.000000+0000,57229.828125,1781.5999755859375
2021-12-01T12:00:00.000000+0000,57229.828125,1781.5999755859375
2021-12-02T00:00:00.000000+0000,56477.81640625,1760.699951171875
2021-12-02T12:00:00.000000+0000,56477.81640625,1760.699951171875
2021-12-03T00:00:00.000000+0000,53598.24609375,1782.0
2021-12-03T12:00:00.000000+0000,53598.24609375,1782.0
2021-12-04T00:00:00.000000+0000,49200.703125,1782.0
2021-12-04T12:00:00.000000+0000,49200.703125,1782.0
2021-12-05T00:00:00.000000+0000,49368.84765625,1782.0
2021-12-05T12:00:00.000000+0000,49368.84765625,1782.0
2021-12-06T00:00:00.000000+0000,50582.625,1777.5
2021-12-06T12:00:00.000000+0000,50582.625,1777.5
2021-12-07T00:00:00.000000+0000,50700.0859375,1782.5999755859375
2021-12-07T12:00:00.000000+0000,50700.0859375,1782.5999755859375
2021-12-08T00:00:00.000000+0000,50504.796875,1783.4000244140625
2021-12-08T12:00:00.000000+0000,50504.796875,1783.4000244140625
2021-12-09T00:00:00.000000+0000,47672.12109375,1774.5999755859375
2021-12-09T12:00:00.000000+0000,47672.12109375,1774.5999755859375
2021-12-10T00:00:00.000000+0000,47243.3046875,1782.9000244140625
2021-12-10T12:00:00.000000+0000,47243.3046875,1782.9000244140625
2021-12-11T00:00:00.000000+0000,49362.5078125,1782.9000244140625
2021-12-11T12:00:00.000000+0000,49362.5078125,1782.9000244140625
2021-12-12T00:00:00.000000+0000,50098.3359375,1782.9000244140625
2021-12-12T12:00:00.000000+0000,50098.3359375,1782.9000244140625
2021-12-13T00:00:00.000000+0000,46737.48046875,1786.300048828125
2021-12-13T12:00:00.000000+0000,46737.48046875,1786.300048828125
2021-12-14T00:00:00.000000+0000,46612.6328125,1770.4000244140625
2021-12-14T12:00:00.000000+0000,46612.6328125,1770.4000244140625
2021-12-15T00:00:00.000000+0000,48896.72265625,1762.5999755859375
2021-12-15T12:00:00.000000+0000,48896.72265625,1762.5999755859375
2021-12-16T00:00:00.000000+0000,47665.42578125,1796.5999755859375
2021-12-16T12:00:00.000000+0000,47665.42578125,1796.5999755859375
2021-12-17T00:00:00.000000+0000,46202.14453125,1803.800048828125
2021-12-17T12:00:00.000000+0000,46202.14453125,1803.800048828125
2021-12-18T00:00:00.000000+0000,46848.77734375,1803.800048828125
2021-12-18T12:00:00.000000+0000,46848.77734375,1803.800048828125
2021-12-19T00:00:00.000000+0000,46707.015625,1803.800048828125
2021-12-19T12:00:00.000000+0000,46707.015625,1803.800048828125
2021-12-20T00:00:00.000000+0000,46880.27734375,1793.699951171875
2021-12-20T12:00:00.000000+0000,46880.27734375,1793.699951171875
2021-12-21T00:00:00.000000+0000,48936.61328125,1787.9000244140625
2021-12-21T12:00:00.000000+0000,48936.61328125,1787.9000244140625
2021-12-22T00:00:00.000000+0000,48628.51171875,1801.5999755859375
2021-12-22T12:00:00.000000+0000,48628.51171875,1801.5999755859375
2021-12-23T00:00:00.000000+0000,50784.5390625,1811.199951171875
2021-12-23T12:00:00.000000+0000,50784.5390625,1811.199951171875
2021-12-24T00:00:00.000000+0000,50822.1953125,1811.199951171875
2021-12-24T12:00:00.000000+0000,50822.1953125,1811.199951171875
2021-12-25T00:00:00.000000+0000,50429.859375,1811.199951171875
2021-12-25T12:00:00.000000+0000,50429.859375,1811.199951171875
2021-12-26T00:00:00.000000+0000,50809.515625,1811.199951171875
2021-12-26T12:00:00.000000+0000,50809.515625,1811.199951171875
2021-12-27T00:00:00.000000+0000,50640.41796875,1808.0999755859375
2021-12-27T12:00:00.000000+0000,50640.41796875,1808.0999755859375
2021-12-28T00:00:00.000000+0000,47588.85546875,1810.199951171875
2021-12-28T12:00:00.000000+0000,47588.85546875,1810.199951171875
2021-12-29T00:00:00.000000+0000,46444.7109375,1805.0999755859375
2021-12-29T12:00:00.000000+0000,46444.7109375,1805.0999755859375
2021-12-30T00:00:00.000000+0000,47178.125,1812.699951171875
2021-12-30T12:00:00.000000+0000,47178.125,1812.699951171875
2021-12-31T00:00:00.000000+0000,46306.4453125,1827.5
2021-12-31T12:00:00.000000+0000,46306.4453125,1827.5
2022-01-01T00:00:00.000000+0000,47686.8125,1827.5
2022-01-01T12:00:00.000000+0000,47686.8125,1827.5
2022-01-02T00:00:00.000000+0000,47345.21875,1827.5
2022-01-02T12:00:00.000000+0000,47345.21875,1827.5
2022-01-03T00:00:00.000000+0000,46458.1171875,1799.4000244140625
2022-01-03T12:00:00.000000+0000,46458.1171875,1799.4000244140625
2022-01-04T00:00:00.000000+0000,45897.57421875,1814.0
2022-01-04T12:00:00.000000+0000,45897.57421875,1814.0
2022-01-05T00:00:00.000000+0000,43569.00390625,1824.5999755859375
2022-01-05T12:00:00.000000+0000,43569.00390625,1824.5999755859375
2022-01-06T00:00:00.000000+0000,43160.9296875,1788.699951171875
2022-01-06T12:00:00.000000+0000,43160.9296875,1788.699951171875
2022-01-07T00:00:00.000000+0000,41557.90234375,1797.0
2022-01-07T12:00:00.000000+0000,41557.90234375,1797.0
2022-01-08T00:00:00.000000+0000,41733.94140625,1797.0
2022-01-08T12:00:00.000000+0000,41733.94140625,1797.0
2022-01-09T00:00:00.000000+0000,41911.6015625,1797.0
2022-01-09T12:00:00.000000+0000,41911.6015625,1797.0
2022-01-10T00:00:00.000000+0000,41821.26171875,1798.4000244140625
2022-01-10T12:00:00.000000+0000,41821.26171875,1798.4000244140625
2022-01-11T00:00:00.000000+0000,42735.85546875,1818.5999755859375
2022-01-11T12:00:00.000000+0000,42735.85546875,1818.5999755859375
2022-01-12T00:00:00.000000+0000,43949.1015625,1827.199951171875
2022-01-12T12:00:00.000000+0000,43949.1015625,1827.199951171875
2022-01-13T00:00:00.000000+0000,42591.5703125,1821.199951171875
2022-01-13T12:00:00.000000+0000,42591.5703125,1821.199951171875
2022-01-14T00:00:00.000000+0000,43099.69921875,1816.5
2022-01-14T12:00:00.000000+0000,43099.69921875,1816.5
2022-01-15T00:00:00.000000+0000,43177.3984375,1816.5
2022-01-15T12:00:00.000000+0000,43177.3984375,1816.5
2022-01-16T00:00:00.000000+0000,43113.87890625,1816.5
2022-01-16T12:00:00.000000+0000,43113.87890625,1816.5
2022-01-17T00:00:00.000000+0000,42250.55078125,1816.5
2022-01-17T12:00:00.000000+0000,42250.55078125,1816.5
2022-01-18T00:00:00.000000+0000,42375.6328125,1812.300048828125
2022-01-18T12:00:00.000000+0000,42375.6328125,1812.300048828125
2022-01-19T00:00:00.000000+0000,41744.328125,1843.0999755859375
2022-01-19T12:00:00.000000+0000,41744.328125,1843.0999755859375
2022-01-20T00:00:00.000000+0000,40680.41796875,1842.5
2022-01-20T12:00:00.000000+0000,40680.41796875,1842.5
2022-01-21T00:00:00.000000+0000,36457.31640625,1831.800048828125
2022-01-21T12:00:00.000000+0000,36457.31640625,1831.800048828125
2022-01-22T00:00:00.000000+0000,35030.25,1831.800048828125
2022-01-22T12:00:00.000000+0000,35030.25,1831.800048828125
2022-01-23T00:00:00.000000+0000,36276.8046875,1831.800048828125
2022-01-23T12:00:00.000000+0000,36276.8046875,1831.800048828125
2022-01-24T00:00:00.000000+0000,36654.328125,1841.699951171875
2022-01-24T12:00:00.000000+0000,36654.328125,1841.699951171875
2022-01-25T00:00:00.000000+0000,36954.00390625,1852.699951171875
2022-01-25T12:00:00.000000+0000,36954.00390625,1852.699951171875
2022-01-26T00:00:00.000000+0000,36852.12109375,1829.9000244140625
2022-01-26T12:00:00.000000+0000,36852.12109375,1829.9000244140625
2022-01-27T00:00:00.000000+0000,37138.234375,1793.300048828125
2022-01-27T12:00:00.000000+0000,37138.234375,1793.300048828125
2022-01-28T00:00:00.000000+0000,37784.33203125,1784.9000244140625
2022-01-28T12:00:00.000000+0000,37784.33203125,1784.9000244140625
2022-01-29T00:00:00.000000+0000,38138.1796875,1784.9000244140625
2022-01-29T12:00:00.000000+0000,38138.1796875,1784.9000244140625
2022-01-30T00:00:00.000000+0000,37917.6015625,1784.9000244140625
2022-01-30T12:00:00.000000+0000,37917.6015625,1784.9000244140625
2022-01-31T00:00:00.000000+0000,38483.125,1795.0
2022-01-31T12:00:00.000000+0000,38483.125,1795.0
2022-02-01T00:00:00.000000+0000,38743.2734375,1800.300048828125
2022-02-01T12:00:00.000000+0000,38743.2734375,1800.300048828125
2022-02-02T00:00:00.000000+0000,36952.984375,1809.199951171875
2022-02-02T12:00:00.000000+0000,36952.984375,1809.199951171875
2022-02-03T00:00:00.000000+0000,37154.6015625,1803.0
2022-02-03T12:00:00.000000+0000,37154.6015625,1803.0
2022-02-04T00:00:00.000000+0000,41500.875,1806.5999755859375
2022-02-04T12:00:00.000000+0000,41500.875,1806.5999755859375
2022-02-05T00:00:00.000000+0000,41441.1640625,1806.5999755859375
2022-02-05T12:00:00.000000+0000,41441.1640625,1806.5999755859375
2022-02-06T00:00:00.000000+0000,42412.43359375,1806.5999755859375
2022-02-06T12:00:00.000000+0000,42412.43359375,1806.5999755859375
2022-02-07T00:00:00.000000+0000,43840.28515625,1820.5999755859375
2022-02-07T12:00:00.000000+0000,43840.28515625,1820.5999755859375
2022-02-08T00:00:00.000000+0000,44118.4453125,1826.5999755859375
2022-02-08T12:00:00.000000+0000,44118.4453125,1826.5999755859375
2022-02-09T00:00:00.000000+0000,44338.796875,1835.199951171875
2022-02-09T12:00:00.000000+0000,44338.796875,1835.199951171875
2022-02-10T00:00:00.000000+0000,43565.11328125,1836.199951171875
2022-02-10T12:00:00.000000+0000,43565.11328125,1836.199951171875
2022-02-11T00:00:00.000000+0000,42407.9375,1840.800048828125
2022-02-11T12:00:00.000000+0000,42407.9375,1840.800048828125
2022-02-12T00:00:00.000000+0000,42244.46875,1840.800048828125
2022-02-12T12:00:00.000000+0000,42244.46875,1840.800048828125
2022-02-13T00:00:00.000000+0000,42197.515625,1840.800048828125
2022-02-13T12:00:00.000000+0000,42197.515625,1840.800048828125
2022-02-14T00:00:00.000000+0000,42586.91796875,1868.0
2022-02-14T12:00:00.000000+0000,42586.91796875,1868.0
2022-02-15T00:00:00.000000+0000,44575.203125,1854.800048828125
2022-02-15T12:00:00.000000+0000,44575.203125,1854.800048828125
2022-02-16T00:00:00.000000+0000,43961.859375,1870.199951171875
2022-02-16T12:00:00.000000+0000,43961.859375,1870.199951171875
2022-02-17T00:00:00.000000+0000,40538.01171875,1900.699951171875
2022-02-17T12:00:00.000000+0000,40538.01171875,1900.699951171875
2022-02-18T00:00:00.000000+0000,40030.9765625,1898.5999755859375
2022-02-18T12:00:00.000000+0000,40030.9765625,1898.5999755859375
2022-02-19T00:00:00.000000+0000,40122.15625,1898.5999755859375
2022-02-19T12:00:00.000000+0000,40122.15625,1898.5999755859375
2022-02-20T00:00:00.000000+0000,38431.37890625,1898.5999755859375
2022-02-20T12:00:00.000000+0000,38431.37890625,1898.5999755859375
2022-02-21T00:00:00.000000+0000,37075.28125,1898.5999755859375
2022-02-21T12:00:00.000000+0000,37075.28125,1898.5999755859375
2022-02-22T00:00:00.000000+0000,38286.02734375,1906.0999755859375
2022-02-22T12:00:00.000000+0000,38286.02734375,1906.0999755859375
2022-02-23T00:00:00.000000+0000,37296.5703125,1909.199951171875
2022-02-23T12:00:00.000000+0000,37296.5703125,1909.199951171875
2022-02-24T00:00:00.000000+0000,38332.609375,1925.0999755859375
2022-02-24T12:00:00.000000+0000,38332.609375,1925.0999755859375
2022-02-25T00:00:00.000000+0000,39214.21875,1886.5
2022-02-25T12:00:00.000000+0000,39214.21875,1886.5
2022-02-26T00:00:00.000000+0000,39105.1484375,1886.5
2022-02-26T12:00:00.000000+0000,39105.1484375,1886.5
2022-02-27T00:00:00.000000+0000,37709.78515625,1886.5
2022-02-27T12:00:00.000000+0000,37709.78515625,1886.5
2022-02-28T00:00:00.000000+0000,43193.234375,1899.4000244140625
2022-02-28T12:00:00.000000+0000,43193.234375,1899.4000244140625
2022-03-01T00:00:00.000000+0000,44354.63671875,1942.4000244140625
2022-03-01T12:00:00.000000+0000,44354.63671875,1942.4000244140625
2022-03-02T00:00:00.000000+0000,43924.1171875,1920.9000244140625
2022-03-02T12:00:00.000000+0000,43924.1171875,1920.9000244140625
2022-03-03T00:00:00.000000+0000,42451.7890625,1934.4000244140625
2022-03-03T12:00:00.000000+0000,42451.7890625,1934.4000244140625
2022-03-04T00:00:00.000000+0000,39137.60546875,1965.0999755859375
2022-03-04T12:00:00.000000+0000,39137.60546875,1965.0999755859375
2022-03-05T00:00:00.000000+0000,39400.5859375,1965.0999755859375
2022-03-05T12:00:00.000000+0000,39400.5859375,1965.0999755859375
2022-03-06T00:00:00.000000+0000,38419.984375,1965.0999755859375
2022-03-06T12:00:00.000000+0000,38419.984375,1965.0999755859375
2022-03-07T00:00:00.000000+0000,38062.0390625,1993.9000244140625
2022-03-07T12:00:00.000000+0000,38062.0390625,1993.9000244140625
2022-03-08T00:00:00.000000+0000,38737.26953125,2040.0999755859375
2022-03-08T12:00:00.000000+0000,38737.26953125,2040.0999755859375
2022-03-09T00:00:00.000000+0000,41982.92578125,1985.9000244140625
2022-03-09T12:00:00.000000+0000,41982.92578125,1985.9000244140625
2022-03-10T00:00:00.000000+0000,39437.4609375,1998.0999755859375
2022-03-10T12:00:00.000000+0000,39437.4609375,1998.0999755859375
2022-03-11T00:00:00.000000+0000,38794.97265625,1982.699951171875
2022-03-11T12:00:00.000000+0000,38794.97265625,1982.699951171875
2022-03-12T00:00:00.000000+0000,38904.01171875,1982.699951171875
2022-03-12T12:00:00.000000+0000,38904.01171875,1982.699951171875
2022-03-13T00:00:00.000000+0000,37849.6640625,1982.699951171875
2022-03-13T12:00:00.000000+0000,37849.6640625,1982.699951171875
2022-03-14T00:00:00.000000+0000,39666.75390625,1959.5999755859375
2022-03-14T12:00:00.000000+0000,39666.75390625,1959.5999755859375
2022-03-15T00:00:00.000000+0000,39338.78515625,1928.5
2022-03-15T12:00:00.000000+0000,39338.78515625,1928.5
2022-03-16T00:00:00.000000+0000,41143.9296875,1908.0
2022-03-16T12:00:00.000000+0000,41143.9296875,1908.0
2022-03-17T00:00:00.000000+0000,40951.37890625,1942.0999755859375
2022-03-17T12:00:00.000000+0000,40951.37890625,1942.0999755859375
2022-03-18T00:00:00.000000+0000,41801.15625,1928.199951171875
2022-03-18T12:00:00.000000+0000,41801.15625,1928.199951171875
2022-03-19T00:00:00.000000+0000,42190.65234375,1928.199951171875
2022-03-19T12:00:00.000000+0000,42190.65234375,1928.199951171875
2022-03-20T00:00:00.000000+0000,41247.82421875,1928.199951171875
2022-03-20T12:00:00.000000+0000,41247.82421875,1928.199951171875
2022-03-21T00:00:00.000000+0000,41077.99609375,1928.5999755859375
2022-03-21T12:00:00.000000+0000,41077.99609375,1928.5999755859375
2022-03-22T00:00:00.000000+0000,42358.80859375,1920.699951171875
2022-03-22T12:00:00.000000+0000,42358.80859375,1920.699951171875
2022-03-23T00:00:00.000000+0000,42892.95703125,1936.5999755859375
2022-03-23T12:00:00.000000+0000,42892.95703125,1936.5999755859375
2022-03-24T00:00:00.000000+0000,43960.93359375,1961.5999755859375
2022-03-24T12:00:00.000000+0000,43960.93359375,1961.5999755859375
2022-03-25T00:00:00.000000+0000,44348.73046875,1953.800048828125
2022-03-25T12:00:00.000000+0000,44348.73046875,1953.800048828125
2022-03-26T00:00:00.000000+0000,44500.828125,1953.800048828125
2022-03-26T12:00:00.000000+0000,44500.828125,1953.800048828125
2022-03-27T00:00:00.000000+0000,46820.4921875,1953.800048828125
2022-03-27T12:00:00.000000+0000,46820.4921875,1953.800048828125
2022-03-28T00:00:00.000000+0000,47128.00390625,1939.5999755859375
2022-03-28T12:00:00.000000+0000,47128.00390625,1939.5999755859375
2022-03-29T00:00:00.000000+0000,47465.73046875,1912.0
2022-03-29T12:00:00.000000+0000,47465.73046875,1912.0
2022-03-30T00:00:00.000000+0000,47062.6640625,1933.5
2022-03-30T12:00:00.000000+0000,47062.6640625,1933.5
2022-03-31T00:00:00.000000+0000,45538.67578125,1949.199951171875
2022-03-31T12:00:00.000000+0000,45538.67578125,1949.199951171875
2022-04-01T00:00:00.000000+0000,46281.64453125,1919.0999755859375
2022-04-01T12:00:00.000000+0000,46281.64453125,1919.0999755859375
2022-04-02T00:00:00.000000+0000,45868.94921875,1919.0999755859375
2022-04-02T12:00:00.000000+0000,45868.94921875,1919.0999755859375
2022-04-03T00:00:00.000000+0000,46453.56640625,1919.0999755859375
2022-04-03T12:00:00.000000+0000,46453.56640625,1919.0999755859375
2022-04-04T00:00:00.000000+0000,46622.67578125,1929.199951171875
2022-04-04T12:00:00.000000+0000,46622.67578125,1929.199951171875
2022-04-05T00:00:00.000000+0000,45555.9921875,1922.9000244140625
2022-04-05T12:00:00.000000+0000,45555.9921875,1922.9000244140625
2022-04-06T00:00:00.000000+0000,43206.73828125,1918.4000244140625
2022-04-06T12:00:00.000000+0000,43206.73828125,1918.4000244140625
2022-04-07T00:00:00.000000+0000,43503.84765625,1933.800048828125
2022-04-07T12:00:00.000000+0000,43503.84765625,1933.800048828125
2022-04-08T00:00:00.000000+0000,42287.6640625,1941.5999755859375
2022-04-08T12:00:00.000000+0000,42287.6640625,1941.5999755859375
2022-04-09T00:00:00.000000+0000,42782.13671875,1941.5999755859375
2022-04-09T12:00:00.000000+0000,42782.13671875,1941.5999755859375
2022-04-10T00:00:00.000000+0000,42207.671875,1941.5999755859375
2022-04-10T12:00:00.000000+0000,42207.671875,1941.5999755859375
2022-04-11T00:00:00.000000+0000,39521.90234375,1944.300048828125
2022-04-11T12:00:00.000000+0000,39521.90234375,1944.300048828125
2022-04-12T00:00:00.000000+0000,40127.18359375,1972.0999755859375
2022-04-12T12:00:00.000000+0000,40127.18359375,1972.0999755859375
2022-04-13T00:00:00.000000+0000,41166.73046875,1981.0
2022-04-13T12:00:00.000000+0000,41166.73046875,1981.0
2022-04-14T00:00:00.000000+0000,39935.515625,1970.9000244140625
2022-04-14T12:00:00.000000+0000,39935.515625,1970.9000244140625
2022-04-15T00:00:00.000000+0000,40553.46484375,1970.9000244140625
2022-04-15T12:00:00.000000+0000,40553.46484375,1970.9000244140625
2022-04-16T00:00:00.000000+0000,40424.484375,1970.9000244140625
2022-04-16T12:00:00.000000+0000,40424.484375,1970.9000244140625
2022-04-17T00:00:00.000000+0000,39716.953125,1970.9000244140625
2022-04-17T12:00:00.000000+0000,39716.953125,1970.9000244140625
2022-04-18T00:00:00.000000+0000,40826.21484375,1982.9000244140625
2022-04-18T12:00:00.000000+0000,40826.21484375,1982.9000244140625
2022-04-19T00:00:00.000000+0000,41502.75,1955.699951171875
2022-04-19T12:00:00.000000+0000,41502.75,1955.699951171875
2022-04-20T00:00:00.000000+0000,41374.37890625,1952.300048828125
2022-04-20T12:00:00.000000+0000,41374.37890625,1952.300048828125
2022-04-21T00:00:00.000000+0000,40527.36328125,1944.9000244140625
2022-04-21T12:00:00.000000+0000,40527.36328125,1944.9000244140625
2022-04-22T00:00:00.000000+0000,39740.3203125,1931.0
2022-04-22T12:00:00.000000+0000,39740.3203125,1931.0
2022-04-23T00:00:00.000000+0000,39486.73046875,1931.0
2022-04-23T12:00:00.000000+0000,39486.73046875,1931.0
2022-04-24T00:00:00.000000+0000,39469.29296875,1931.0
2022-04-24T12:00:00.000000+0000,39469.29296875,1931.0
2022-04-25T00:00:00.000000+0000,40458.30859375,1893.199951171875
2022-04-25T12:00:00.000000+0000,40458.30859375,1893.199951171875
2022-04-26T00:00:00.000000+0000,38117.4609375,1901.4000244140625
2022-04-26T12:00:00.000000+0000,38117.4609375,1901.4000244140625
2022-04-27T00:00:00.000000+0000,39241.12109375,1885.9000244140625
2022-04-27T12:00:00.000000+0000,39241.12109375,1885.9000244140625
2022-04-28T00:00:00.000000+0000,39773.828125,1888.699951171875
2022-04-28T12:00:00.000000+0000,39773.828125,1888.699951171875
2022-04-29T00:00:00.000000+0000,38609.82421875,1909.300048828125
2022-04-29T12:00:00.000000+0000,38609.82421875,1909.300048828125
2022-04-30T00:00:00.000000+0000,37714.875,1909.300048828125
2022-04-30T12:00:00.000000+0000,37714.875,1909.300048828125
2022-05-01T00:00:00.000000+0000,38469.09375,1909.300048828125
2022-05-01T12:00:00.000000+0000,38469.09375,1909.300048828125
2022-05-02T00:00:00.000000+0000,38529.328125,1861.800048828125
2022-05-02T12:00:00.000000+0000,38529.328125,1861.800048828125
2022-05-03T00:00:00.000000+0000,37750.453125,1868.800048828125
2022-05-03T12:00:00.000000+0000,37750.453125,1868.800048828125
2022-05-04T00:00:00.000000+0000,39698.37109375,1867.0
2022-05-04T12:00:00.000000+0000,39698.37109375,1867.0
2022-05-05T00:00:00.000000+0000,36575.140625,1874.0
2022-05-05T12:00:00.000000+0000,36575.140625,1874.0
2022-05-06T00:00:00.000000+0000,36040.921875,1881.199951171875
2022-05-06T12:00:00.000000+0000,36040.921875,1881.199951171875
2022-05-07T00:00:00.000000+0000,35501.953125,1881.199951171875
2022-05-07T12:00:00.000000+0000,35501.953125,1881.199951171875
2022-05-08T00:00:00.000000+0000,34059.265625,1881.199951171875
2022-05-08T12:00:00.000000+0000,34059.265625,1881.199951171875
2022-05-09T00:00:00.000000+0000,30296.953125,1857.0999755859375
2022-05-09T12:00:00.000000+0000,30296.953125,1857.0999755859375
2022-05-10T00:00:00.000000+0000,31022.90625,1839.9000244140625
2022-05-10T12:00:00.000000+0000,31022.90625,1839.9000244140625
2022-05-11T00:00:00.000000+0000,28936.35546875,1852.5999755859375
2022-05-11T12:00:00.000000+0000,28936.35546875,1852.5999755859375
2022-05-12T00:00:00.000000+0000,29047.751953125,1823.800048828125
2022-05-12T12:00:00.000000+0000,29047.751953125,1823.800048828125
2022-05-13T00:00:00.000000+0000,29283.103515625,1807.4000244140625
2022-05-13T12:00:00.000000+0000,29283.103515625,1807.4000244140625
2022-05-14T00:00:00.000000+0000,30101.265625,1807.4000244140625
2022-05-14T12:00:00.000000+0000,30101.265625,1807.4000244140625
2022-05-15T00:00:00.000000+0000,31305.11328125,1807.4000244140625
2022-05-15T12:00:00.000000+0000,31305.11328125,1807.4000244140625
2022-05-16T00:00:00.000000+0000,29862.91796875,1813.5
2022-05-16T12:00:00.000000+0000,29862.91796875,1813.5
2022-05-17T00:00:00.000000+0000,30425.857421875,1818.199951171875
2022-05-17T12:00:00.000000+0000,30425.857421875,1818.199951171875
2022-05-18T00:00:00.000000+0000,28720.271484375,1815.9000244140625
2022-05-18T12:00:00.000000+0000,28720.271484375,1815.9000244140625
2022-05-19T00:00:00.000000+0000,30314.333984375,1841.199951171875
2022-05-19T12:00:00.000000+0000,30314.333984375,1841.199951171875
2022-05-20T00:00:00.000000+0000,29200.740234375,1841.800048828125
2022-05-20T12:00:00.000000+0000,29200.740234375,1841.800048828125
2022-05-21T00:00:00.000000+0000,29432.2265625,1841.800048828125
2022-05-21T12:00:00.000000+0000,29432.2265625,1841.800048828125
2022-05-22T00:00:00.000000+0000,30323.72265625,1841.800048828125
2022-05-22T12:00:00.000000+0000,30323.72265625,1841.800048828125
2022-05-23T00:00:00.000000+0000,29098.91015625,1847.800048828125
2022-05-23T12:00:00.000000+0000,29098.91015625,1847.800048828125
2022-05-24T00:00:00.000000+0000,29655.5859375,1865.0999755859375
2022-05-24T12:00:00.000000+0000,29655.5859375,1865.0999755859375
2022-05-25T00:00:00.000000+0000,29562.361328125,1846.199951171875
2022-05-25T12:00:00.000000+0000,29562.361328125,1846.199951171875
2022-05-26T00:00:00.000000+0000,29267.224609375,1847.4000244140625
2022-05-26T12:00:00.000000+0000,29267.224609375,1847.4000244140625
2022-05-27T00:00:00.000000+0000,28627.57421875,1851.300048828125
2022-05-27T12:00:00.000000+0000,28627.57421875,1851.300048828125
2022-05-28T00:00:00.000000+0000,28814.900390625,1851.300048828125
2022-05-28T12:00:00.000000+0000,28814.900390625,1851.300048828125
2022-05-29T00:00:00.000000+0000,29445.95703125,1851.300048828125
2022-05-29T12:00:00.000000+0000,29445.95703125,1851.300048828125
2022-05-30T00:00:00.000000+0000,31726.390625,1851.300048828125
2022-05-30T12:00:00.000000+0000,31726.390625,1851.300048828125
2022-05-31T00:00:00.000000+0000,31792.310546875,1842.699951171875
2022-05-31T12:00:00.000000+0000,31792.310546875,1842.699951171875
2022-06-01T00:00:00.000000+0000,29799.080078125,1843.300048828125
2022-06-01T12:00:00.000000+0000,29799.080078125,1843.300048828125
2022-06-02T00:00:00.000000+0000,30467.48828125,1866.5
2022-06-02T12:00:00.000000+0000,30467.48828125,1866.5
2022-06-03T00:00:00.000000+0000,29704.390625,1845.4000244140625
2022-06-03T12:00:00.000000+0000,29704.390625,1845.4000244140625
2022-06-04T00:00:00.000000+0000,29832.9140625,1845.4000244140625
2022-06-04T12:00:00.000000+0000,29832.9140625,1845.4000244140625
2022-06-05T00:00:00.000000+0000,29906.662109375,1845.4000244140625
2022-06-05T12:00:00.000000+0000,29906.662109375,1845.4000244140625
2022-06-06T00:00:00.000000+0000,31370.671875,1839.199951171875
2022-06-06T12:00:00.000000+0000,31370.671875,1839.199951171875
2022-06-07T00:00:00.000000+0000,31155.478515625,1847.5
2022-06-07T12:00:00.000000+0000,31155.478515625,1847.5
2022-06-08T00:00:00.000000+0000,30214.35546875,1851.9000244140625
2022-06-08T12:00:00.000000+0000,30214.35546875,1851.9000244140625
2022-06-09T00:00:00.000000+0000,30111.998046875,1848.800048828125
2022-06-09T12:00:00.000000+0000,30111.998046875,1848.800048828125
2022-06-10T00:00:00.000000+0000,29083.8046875,1871.5
2022-06-10T12:00:00.000000+0000,29083.8046875,1871.5
2022-06-11T00:00:00.000000+0000,28360.810546875,1871.5
2022-06-11T12:00:00.000000+0000,28360.810546875,1871.5
2022-06-12T00:00:00.000000+0000,26762.6484375,1871.5
2022-06-12T12:00:00.000000+0000,26762.6484375,1871.5
2022-06-13T00:00:00.000000+0000,22487.388671875,1828.0
2022-06-13T12:00:00.000000+0000,22487.388671875,1828.0
2022-06-14T00:00:00.000000+0000,22206.79296875,1809.5
2022-06-14T12:00:00.000000+0000,22206.79296875,1809.5
2022-06-15T00:00:00.000000+0000,22572.83984375,1815.300048828125
2022-06-15T12:00:00.000000+0000,22572.83984375,1815.300048828125
2022-06-16T00:00:00.000000+0000,20381.650390625,1845.699951171875
2022-06-16T12:00:00.000000+0000,20381.650390625,1845.699951171875
2022-06-17T00:00:00.000000+0000,20471.482421875,1835.5999755859375
2022-06-17T12:00:00.000000+0000,20471.482421875,1835.5999755859375
2022-06-18T00:00:00.000000+0000,19017.642578125,1835.5999755859375
2022-06-18T12:00:00.000000+0000,19017.642578125,1835.5999755859375
2022-06-19T00:00:00.000000+0000,20553.271484375,1835.5999755859375
2022-06-19T12:00:00.000000+0000,20553.271484375,1835.5999755859375
2022-06-20T00:00:00.000000+0000,20599.537109375,1835.5999755859375
2022-06-20T12:00:00.000000+0000,20599.537109375,1835.5999755859375
2022-06-21T00:00:00.000000+0000,20710.59765625,1834.5999755859375
2022-06-21T12:00:00.000000+0000,20710.59765625,1834.5999755859375
2022-06-22T00:00:00.000000+0000,19987.029296875,1834.300048828125
2022-06-22T12:00:00.000000+0000,19987.029296875,1834.300048828125
2022-06-23T00:00:00.000000+0000,21085.876953125,1825.699951171875
2022-06-23T12:00:00.000000+0000,21085.876953125,1825.699951171875
2022-06-24T00:00:00.000000+0000,21231.65625,1826.5
2022-06-24T12:00:00.000000+0000,21231.65625,1826.5
2022-06-25T00:00:00.000000+0000,21502.337890625,1826.5
2022-06-25T12:00:00.000000+0000,21502.337890625,1826.5
2022-06-26T00:00:00.000000+0000,21027.294921875,1826.5
2022-06-26T12:00:00.000000+0000,21027.294921875,1826.5
2022-06-27T00:00:00.000000+0000,20735.478515625,1820.9000244140625
2022-06-27T12:00:00.000000+0000,20735.478515625,1820.9000244140625
2022-06-28T00:00:00.000000+0000,20280.634765625,1817.5
2022-06-28T12:00:00.000000+0000,20280.634765625,1817.5
2022-06-29T00:00:00.000000+0000,20104.0234375,1813.699951171875
2022-06-29T12:00:00.000000+0000,20104.0234375,1813.699951171875
2022-06-30T00:00:00.000000+0000,19784.7265625,1804.0999755859375
2022-06-30T12:00:00.000000+0000,19784.7265625,1804.0999755859375
2022-07-01T00:00:00.000000+0000,19269.3671875,1798.9000244140625
2022-07-01T12:00:00.000000+0000,19269.3671875,1798.9000244140625
2022-07-02T00:00:00.000000+0000,19242.255859375,1798.9000244140625
2022-07-02T12:00:00.000000+0000,19242.255859375,1798.9000244140625
2022-07-03T00:00:00.000000+0000,19297.076171875,1798.9000244140625
2022-07-03T12:00:00.000000+0000,19297.076171875,1798.9000244140625
2022-07-04T00:00:00.000000+0000,20231.26171875,1798.9000244140625
2022-07-04T12:00:00.000000+0000,20231.26171875,1798.9000244140625
2022-07-05T00:00:00.000000+0000,20190.115234375,1761.800048828125
2022-07-05T12:00:00.000000+0000,20190.115234375,1761.800048828125
2022-07-06T00:00:00.000000+0000,20548.24609375,1734.9000244140625
2022-07-06T12:00:00.000000+0000,20548.24609375,1734.9000244140625
2022-07-07T00:00:00.000000+0000,21637.587890625,1737.9000244140625
2022-07-07T12:00:00.000000+0000,21637.587890625,1737.9000244140625
2022-07-08T00:00:00.000000+0000,21731.1171875,1740.5999755859375
2022-07-08T12:00:00.000000+0000,21731.1171875,1740.5999755859375
2022-07-09T00:00:00.000000+0000,21592.20703125,1740.5999755859375
2022-07-09T12:00:00.000000+0000,21592.20703125,1740.5999755859375
2022-07-10T00:00:00.000000+0000,20860.44921875,1740.5999755859375
2022-07-10T12:00:00.000000+0000,20860.44921875,1740.5999755859375
2022-07-11T00:00:00.000000+0000,19970.556640625,1730.0
2022-07-11T12:00:00.000000+0000,19970.556640625,1730.0
2022-07-12T00:00:00.000000+0000,19323.9140625,1723.300048828125
2022-07-12T12:00:00.000000+0000,19323.9140625,1723.300048828125
2022-07-13T00:00:00.000000+0000,20212.07421875,1734.199951171875
2022-07-13T12:00:00.000000+0000,20212.07421875,1734.199951171875
2022-07-14T00:00:00.000000+0000,20569.919921875,1704.5
2022-07-14T12:00:00.000000+0000,20569.919921875,1704.5
2022-07-15T00:00:00.000000+0000,20836.328125,1702.4000244140625
2022-07-15T12:00:00.000000+0000,20836.328125,1702.4000244140625
2022-07-16T00:00:00.000000+0000,21190.31640625,1702.4000244140625
2022-07-16T12:00:00.000000+0000,21190.31640625,1702.4000244140625
2022-07-17T00:00:00.000000+0000,20779.34375,1702.4000244140625
2022-07-17T12:00:00.000000+0000,20779.34375,1702.4000244140625
2022-07-18T00:00:00.000000+0000,22485.689453125,1709.199951171875
2022-07-18T12:00:00.000000+0000,22485.689453125,1709.199951171875
2022-07-19T00:00:00.000000+0000,23389.43359375,1710.0
2022-07-19T12:00:00.000000+0000,23389.43359375,1710.0
2022-07-20T00:00:00.000000+0000,23231.732421875,1699.5
2022-07-20T12:00:00.000000+0000,23231.732421875,1699.5
2022-07-21T00:00:00.000000+0000,23164.62890625,1712.699951171875
2022-07-21T12:00:00.000000+0000,23164.62890625,1712.699951171875
2022-07-22T00:00:00.000000+0000,22714.978515625,1727.0999755859375
2022-07-22T12:00:00.000000+0000,22714.978515625,1727.0999755859375
2022-07-23T00:00:00.000000+0000,22465.478515625,1727.0999755859375
2022-07-23T12:00:00.000000+0000,22465.478515625,1727.0999755859375
2022-07-24T00:00:00.000000+0000,22609.1640625,1727.0999755859375
2022-07-24T12:00:00.000000+0000,22609.1640625,1727.0999755859375
2022-07-25T00:00:00.000000+0000,21361.701171875,1719.0
2022-07-25T12:00:00.000000+0000,21361.701171875,1719.0
2022-07-26T00:00:00.000000+0000,21239.75390625,1717.699951171875
2022-07-26T12:00:00.000000+0000,21239.75390625,1717.699951171875
2022-07-27T00:00:00.000000+0000,22930.548828125,1719.0999755859375
2022-07-27T12:00:00.000000+0000,22930.548828125,1719.0999755859375
2022-07-28T00:00:00.000000+0000,23843.88671875,1750.300048828125
2022-07-28T12:00:00.000000+0000,23843.88671875,1750.300048828125
2022-07-29T00:00:00.000000+0000,23804.6328125,1762.9000244140625
2022-07-29T12:00:00.000000+0000,23804.6328125,1762.9000244140625
2022-07-30T00:00:00.000000+0000,23656.20703125,1762.9000244140625
2022-07-30T12:00:00.000000+0000,23656.20703125,1762.9000244140625
2022-07-31T00:00:00.000000+0000,23336.896484375,1762.9000244140625
2022-07-31T12:00:00.000000+0000,23336.896484375,1762.9000244140625
2022-08-01T00:00:00.000000+0000,23314.19921875,1769.0
2022-08-01T12:00:00.000000+0000,23314.19921875,1769.0
2022-08-02T00:00:00.000000+0000,22978.1171875,1771.0999755859375
2022-08-02T12:00:00.000000+0000,22978.1171875,1771.0999755859375
2022-08-03T00:00:00.000000+0000,22846.5078125,1758.0
2022-08-03T12:00:00.000000+0000,22846.5078125,1758.0
2022-08-04T00:00:00.000000+0000,22630.95703125,1788.5
2022-08-04T12:00:00.000000+0000,22630.95703125,1788.5
2022-08-05T00:00:00.000000+0000,23289.314453125,1772.9000244140625
2022-08-05T12:00:00.000000+0000,23289.314453125,1772.9000244140625
2022-08-06T00:00:00.000000+0000,22961.279296875,1772.9000244140625
2022-08-06T12:00:00.000000+0000,22961.279296875,1772.9000244140625
2022-08-07T00:00:00.000000+0000,23175.890625,1772.9000244140625
2022-08-07T12:00:00.000000+0000,23175.890625,1772.9000244140625
2022-08-08T00:00:00.000000+0000,23809.486328125,1786.800048828125
2022-08-08T12:00:00.000000+0000,23809.486328125,1786.800048828125
2022-08-09T00:00:00.000000+0000,23164.318359375,1794.0
2022-08-09T12:00:00.000000+0000,23164.318359375,1794.0
2022-08-10T00:00:00.000000+0000,23947.642578125,1795.5999755859375
2022-08-10T12:00:00.000000+0000,23947.642578125,1795.5999755859375
2022-08-11T00:00:00.000000+0000,23957.529296875,1789.699951171875
2022-08-11T12:00:00.000000+0000,23957.529296875,1789.699951171875
2022-08-12T00:00:00.000000+0000,24402.818359375,1798.5999755859375
2022-08-12T12:00:00.000000+0000,24402.818359375,1798.5999755859375
2022-08-13T00:00:00.000000+0000,24424.068359375,1798.5999755859375
2022-08-13T12:00:00.000000+0000,24424.068359375,1798.5999755859375
2022-08-14T00:00:00.000000+0000,24319.333984375,1798.5999755859375
2022-08-14T12:00:00.000000+0000,24319.333984375,1798.5999755859375
2022-08-15T00:00:00.000000+0000,24136.97265625,1781.4000244140625
2022-08-15T12:00:00.000000+0000,24136.97265625,1781.4000244140625
2022-08-16T00:00:00.000000+0000,23883.291015625,1773.199951171875
2022-08-16T12:00:00.000000+0000,23883.291015625,1773.199951171875
2022-08-17T00:00:00.000000+0000,23335.998046875,1760.300048828125
2022-08-17T12:00:00.000000+0000,23335.998046875,1760.300048828125
2022-08-18T00:00:00.000000+0000,23212.73828125,1755.300048828125
2022-08-18T12:00:00.000000+0000,23212.73828125,1755.300048828125
2022-08-19T00:00:00.000000+0000,20877.552734375,1747.5999755859375
2022-08-19T12:00:00.000000+0000,20877.552734375,1747.5999755859375
2022-08-20T00:00:00.000000+0000,21166.060546875,1747.5999755859375
2022-08-20T12:00:00.000000+0000,21166.060546875,1747.5999755859375
2022-08-21T00:00:00.000000+0000,21534.12109375,1747.5999755859375
2022-08-21T12:00:00.000000+0000,21534.12109375,1747.5999755859375
2022-08-22T00:00:00.000000+0000,21398.908203125,1734.0
2022-08-22T12:00:00.000000+0000,21398.908203125,1734.0
2022-08-23T00:00:00.000000+0000,21528.087890625,1746.800048828125
2022-08-23T12:00:00.000000+0000,21528.087890625,1746.800048828125
2022-08-24T00:00:00.000000+0000,21395.01953125,1747.800048828125
2022-08-24T12:00:00.000000+0000,21395.01953125,1747.800048828125
2022-08-25T00:00:00.000000+0000,21600.904296875,1757.699951171875
2022-08-25T12:00:00.000000+0000,21600.904296875,1757.699951171875
2022-08-26T00:00:00.000000+0000,20260.01953125,1736.0999755859375
2022-08-26T12:00:00.000000+0000,20260.01953125,1736.0999755859375
2022-08-27T00:00:00.000000+0000,20041.73828125,1736.0999755859375
2022-08-27T12:00:00.000000+0000,20041.73828125,1736.0999755859375
2022-08-28T00:00:00.000000+0000,19616.814453125,1736.0999755859375
2022-08-28T12:00:00.000000+0000,19616.814453125,1736.0999755859375
2022-08-29T00:00:00.000000+0000,20297.994140625,1736.5999755859375
2022-08-29T12:00:00.000000+0000,20297.994140625,1736.5999755859375
2022-08-30T00:00:00.000000+0000,19796.80859375,1723.199951171875
2022-08-30T12:00:00.000000+0000,19796.80859375,1723.199951171875
2022-08-31T00:00:00.000000+0000,20049.763671875,1712.800048828125
2022-08-31T12:00:00.000000+0000,20049.763671875,1712.800048828125
2022-09-01T00:00:00.000000+0000,20127.140625,1696.5999755859375
2022-09-01T12:00:00.000000+0000,20127.140625,1696.5999755859375
2022-09-02T00:00:00.000000+0000,19969.771484375,1709.800048828125
2022-09-02T12:00:00.000000+0000,19969.771484375,1709.800048828125
2022-09-03T00:00:00.000000+0000,19832.087890625,1709.800048828125
2022-09-03T12:00:00.000000+0000,19832.087890625,1709.800048828125
2022-09-04T00:00:00.000000+0000,19986.712890625,1709.800048828125
2022-09-04T12:00:00.000000+0000,19986.712890625,1709.800048828125
2022-09-05T00:00:00.000000+0000,19812.37109375,1709.800048828125
2022-09-05T12:00:00.000000+0000,19812.37109375,1709.800048828125
2022-09-06T00:00:00.000000+0000,18837.66796875,1700.4000244140625
2022-09-06T12:00:00.000000+0000,18837.66796875,1700.4000244140625
2022-09-07T00:00:00.000000+0000,19290.32421875,1715.300048828125
2022-09-07T12:00:00.000000+0000,19290.32421875,1715.300048828125
2022-09-08T00:00:00.000000+0000,19329.833984375,1708.0
2022-09-08T12:00:00.000000+0000,19329.833984375,1708.0
2022-09-09T00:00:00.000000+0000,21381.15234375,1716.199951171875
2022-09-09T12:00:00.000000+0000,21381.15234375,1716.199951171875
2022-09-10T00:00:00.000000+0000,21680.5390625,1716.199951171875
2022-09-10T12:00:00.000000+0000,21680.5390625,1716.199951171875
2022-09-11T00:00:00.000000+0000,21769.255859375,1716.199951171875
2022-09-11T12:00:00.000000+0000,21769.255859375,1716.199951171875
2022-09-12T00:00:00.000000+0000,22370.44921875,1728.0999755859375
2022-09-12T12:00:00.000000+0000,22370.44921875,1728.0999755859375
2022-09-13T00:00:00.000000+0000,20296.70703125,1705.0
2022-09-13T12:00:00.000000+0000,20296.70703125,1705.0
2022-09-14T00:00:00.000000+0000,20241.08984375,1696.5
2022-09-14T12:00:00.000000+0000,20241.08984375,1696.5
2022-09-15T00:00:00.000000+0000,19701.2109375,1665.4000244140625
2022-09-15T12:00:00.000000+0000,19701.2109375,1665.4000244140625
2022-09-16T00:00:00.000000+0000,19772.583984375,1671.699951171875
2022-09-16T12:00:00.000000+0000,19772.583984375,1671.699951171875
2022-09-17T00:00:00.000000+0000,20127.576171875,1671.699951171875
2022-09-17T12:00:00.000000+0000,20127.576171875,1671.699951171875
2022-09-18T00:00:00.000000+0000,19419.505859375,1671.699951171875
2022-09-18T12:00:00.000000+0000,19419.505859375,1671.699951171875
2022-09-19T00:00:00.000000+0000,19544.12890625,1666.199951171875
2022-09-19T12:00:00.000000+0000,19544.12890625,1666.199951171875
2022-09-20T00:00:00.000000+0000,18890.7890625,1659.699951171875
2022-09-20T12:00:00.000000+0000,18890.7890625,1659.699951171875
2022-09-21T00:00:00.000000+0000,18547.400390625,1664.5999755859375
2022-09-21T12:00:00.000000+0000,18547.400390625,1664.5999755859375
2022-09-22T00:00:00.000000+0000,19413.55078125,1670.800048828125
2022-09-22T12:00:00.000000+0000,19413.55078125,1670.800048828125
2022-09-23T00:00:00.000000+0000,19297.638671875,1645.300048828125
2022-09-23T12:00:00.000000+0000,19297.638671875,1645.300048828125
2022-09-24T00:00:00.000000+0000,18937.01171875,1645.300048828125
2022-09-24T12:00:00.000000+0000,18937.01171875,1645.300048828125
2022-09-25T00:00:00.000000+0000,18802.09765625,1645.300048828125
2022-09-25T12:00:00.000000+0000,18802.09765625,1645.300048828125
2022-09-26T00:00:00.000000+0000,19222.671875,1623.300048828125
2022-09-26T12:00:00.000000+0000,19222.671875,1623.300048828125
2022-09-27T00:00:00.000000+0000,19110.546875,1626.699951171875
2022-09-27T12:00:00.000000+0000,19110.546875,1626.699951171875
2022-09-28T00:00:00.000000+0000,19426.720703125,1660.4000244140625
2022-09-28T12:00:00.000000+0000,19426.720703125,1660.4000244140625
2022-09-29T00:00:00.000000+0000,19573.05078125,1658.5
2022-09-29T12:00:00.000000+0000,19573.05078125,1658.5
2022-09-30T00:00:00.000000+0000,19431.7890625,1662.4000244140625
2022-09-30T12:00:00.000000+0000,19431.7890625,1662.4000244140625
2022-10-01T00:00:00.000000+0000,19312.095703125,1662.4000244140625
2022-10-01T12:00:00.000000+0000,19312.095703125,1662.4000244140625
2022-10-02T00:00:00.000000+0000,19044.107421875,1662.4000244140625
2022-10-02T12:00:00.000000+0000,19044.107421875,1662.4000244140625
2022-10-03T00:00:00.000000+0000,19623.580078125,1692.9000244140625
2022-10-03T12:00:00.000000+0000,19623.580078125,1692.9000244140625
2022-10-04T00:00:00.000000+0000,20336.84375,1721.0999755859375
2022-10-04T12:00:00.000000+0000,20336.84375,1721.0999755859375
2022-10-05T00:00:00.000000+0000,20160.716796875,1711.4000244140625
2022-10-05T12:00:00.000000+0000,20160.716796875,1711.4000244140625
2022-10-06T00:00:00.000000+0000,19955.443359375,1711.699951171875
2022-10-06T12:00:00.000000+0000,19955.443359375,1711.699951171875
2022-10-07T00:00:00.000000+0000,19546.849609375,1700.5
2022-10-07T12:00:00.000000+0000,19546.849609375,1700.5
2022-10-08T00:00:00.000000+0000,19416.568359375,1700.5
2022-10-08T12:00:00.000000+0000,19416.568359375,1700.5
2022-10-09T00:00:00.000000+0000,19446.42578125,1700.5
2022-10-09T12:00:00.000000+0000,19446.42578125,1700.5
2022-10-10T00:00:00.000000+0000,19141.484375,1667.300048828125
2022-10-10T12:00:00.000000+0000,19141.484375,1667.300048828125
2022-10-11T00:00:00.000000+0000,19051.41796875,1678.699951171875
2022-10-11T12:00:00.000000+0000,19051.41796875,1678.699951171875
2022-10-12T00:00:00.000000+0000,19157.4453125,1670.300048828125
2022-10-12T12:00:00.000000+0000,19157.4453125,1670.300048828125
2022-10-13T00:00:00.000000+0000,19382.904296875,1670.0
2022-10-13T12:00:00.000000+0000,19382.904296875,1670.0
2022-10-14T00:00:00.000000+0000,19185.65625,1641.699951171875
2022-10-14T12:00:00.000000+0000,19185.65625,1641.699951171875
2022-10-15T00:00:00.000000+0000,19067.634765625,1641.699951171875
2022-10-15T12:00:00.000000+0000,19067.634765625,1641.699951171875
2022-10-16T00:00:00.000000+0000,19268.09375,1641.699951171875
2022-10-16T12:00:00.000000+0000,19268.09375,1641.699951171875
2022-10-17T00:00:00.000000+0000,19550.7578125,1657.0
2022-10-17T12:00:00.000000+0000,19550.7578125,1657.0
2022-10-18T00:00:00.000000+0000,19334.416015625,1649.0
2022-10-18T12:00:00.000000+0000,19334.416015625,1649.0
2022-10-19T00:00:00.000000+0000,19139.53515625,1627.5
2022-10-19T12:00:00.000000+0000,19139.53515625,1627.5
2022-10-20T00:00:00.000000+0000,19053.740234375,1630.800048828125
2022-10-20T12:00:00.000000+0000,19053.740234375,1630.800048828125
2022-10-21T00:00:00.000000+0000,19172.46875,1651.0
2022-10-21T12:00:00.000000+0000,19172.46875,1651.0
2022-10-22T00:00:00.000000+0000,19208.189453125,1651.0
2022-10-22T12:00:00.000000+0000,19208.189453125,1651.0
2022-10-23T00:00:00.000000+0000,19567.0078125,1651.0
2022-10-23T12:00:00.000000+0000,19567.0078125,1651.0
2022-10-24T00:00:00.000000+0000,19345.572265625,1648.699951171875
2022-10-24T12:00:00.000000+0000,19345.572265625,1648.699951171875
2022-10-25T00:00:00.000000+0000,20095.857421875,1652.800048828125
2022-10-25T12:00:00.000000+0000,20095.857421875,1652.800048828125
2022-10-26T00:00:00.000000+0000,20770.44140625,1664.0
2022-10-26T12:00:00.000000+0000,20770.44140625,1664.0
2022-10-27T00:00:00.000000+0000,20285.8359375,1660.699951171875
2022-10-27T12:00:00.000000+0000,20285.8359375,1660.699951171875
2022-10-28T00:00:00.000000+0000,20595.3515625,1639.5999755859375
2022-10-28T12:00:00.000000+0000,20595.3515625,1639.5999755859375
2022-10-29T00:00:00.000000+0000,20818.4765625,1639.5999755859375
2022-10-29T12:00:00.000000+0000,20818.4765625,1639.5999755859375
2022-10-30T00:00:00.000000+0000,20635.603515625,1639.5999755859375
2022-10-30T12:00:00.000000+0000,20635.603515625,1639.5999755859375
2022-10-31T00:00:00.000000+0000,20495.7734375,1635.9000244140625
2022-10-31T12:00:00.000000+0000,20495.7734375,1635.9000244140625
2022-11-01T00:00:00.000000+0000,20485.2734375,1645.0
2022-11-01T12:00:00.000000+0000,20485.2734375,1645.0
2022-11-02T00:00:00.000000+0000,20159.50390625,1645.699951171875
2022-11-02T12:00:00.000000+0000,20159.50390625,1645.699951171875
2022-11-03T00:00:00.000000+0000,20209.98828125,1627.300048828125
2022-11-03T12:00:00.000000+0000,20209.98828125,1627.300048828125
2022-11-04T00:00:00.000000+0000,21147.23046875,1672.5
2022-11-04T12:00:00.000000+0000,21147.23046875,1672.5
2022-11-05T00:00:00.000000+0000,21282.69140625,1672.5
2022-11-05T12:00:00.000000+0000,21282.69140625,1672.5
2022-11-06T00:00:00.000000+0000,20926.486328125,1672.5
2022-11-06T12:00:00.000000+0000,20926.486328125,1672.5
2022-11-07T00:00:00.000000+0000,20602.81640625,1676.5
2022-11-07T12:00:00.000000+0000,20602.81640625,1676.5
2022-11-08T00:00:00.000000+0000,18541.271484375,1712.0999755859375
2022-11-08T12:00:00.000000+0000,18541.271484375,1712.0999755859375
2022-11-09T00:00:00.000000+0000,15880.7802734375,1710.0999755859375
2022-11-09T12:00:00.000000+0000,15880.7802734375,1710.0999755859375
2022-11-10T00:00:00.000000+0000,17586.771484375,1750.300048828125
2022-11-10T12:00:00.000000+0000,17586.771484375,1750.300048828125
2022-11-11T00:00:00.000000+0000,17034.29296875,1766.0
2022-11-11T12:00:00.000000+0000,17034.29296875,1766.0
2022-11-12T00:00:00.000000+0000,16799.185546875,1766.0
2022-11-12T12:00:00.000000+0000,16799.185546875,1766.0
2022-11-13T00:00:00.000000+0000,16353.365234375,1766.0
2022-11-13T12:00:00.000000+0000,16353.365234375,1766.0
2022-11-14T00:00:00.000000+0000,16618.19921875,1773.5999755859375
2022-11-14T12:00:00.000000+0000,16618.19921875,1773.5999755859375
2022-11-15T00:00:00.000000+0000,16884.61328125,1773.800048828125
2022-11-15T12:00:00.000000+0000,16884.61328125,1773.800048828125
2022-11-16T00:00:00.000000+0000,16669.439453125,1773.0
2022-11-16T12:00:00.000000+0000,16669.439453125,1773.0
2022-11-17T00:00:00.000000+0000,16687.517578125,1760.800048828125
2022-11-17T12:00:00.000000+0000,16687.517578125,1760.800048828125
2022-11-18T00:00:00.000000+0000,16697.77734375,1751.9000244140625
2022-11-18T12:00:00.000000+0000,16697.77734375,1751.9000244140625
2022-11-19T00:00:00.000000+0000,16711.546875,1751.9000244140625
2022-11-19T12:00:00.000000+0000,16711.546875,1751.9000244140625
2022-11-20T00:00:00.000000+0000,16291.83203125,1751.9000244140625
2022-11-20T12:00:00.000000+0000,16291.83203125,1751.9000244140625
2022-11-21T00:00:00.000000+0000,15787.2841796875,1737.4000244140625
2022-11-21T12:00:00.000000+0000,15787.2841796875,1737.4000244140625
2022-11-22T00:00:00.000000+0000,16189.76953125,1738.300048828125
2022-11-22T12:00:00.000000+0000,16189.76953125,1738.300048828125
2022-11-23T00:00:00.000000+0000,16610.70703125,1744.9000244140625
2022-11-23T12:00:00.000000+0000,16610.70703125,1744.9000244140625
2022-11-24T00:00:00.000000+0000,16604.46484375,1744.9000244140625
2022-11-24T12:00:00.000000+0000,16604.46484375,1744.9000244140625
2022-11-25T00:00:00.000000+0000,16521.841796875,1753.300048828125
2022-11-25T12:00:00.000000+0000,16521.841796875,1753.300048828125
2022-11-26T00:00:00.000000+0000,16464.28125,1753.300048828125
2022-11-26T12:00:00.000000+0000,16464.28125,1753.300048828125
2022-11-27T00:00:00.000000+0000,16444.626953125,1753.300048828125
2022-11-27T12:00:00.000000+0000,16444.626953125,1753.300048828125
2022-11-28T00:00:00.000000+0000,16217.322265625,1740.0999755859375
2022-11-28T12:00:00.000000+0000,16217.322265625,1740.0999755859375
2022-11-29T00:00:00.000000+0000,16444.982421875,1748.4000244140625
2022-11-29T12:00:00.000000+0000,16444.982421875,1748.4000244140625
2022-11-30T00:00:00.000000+0000,17168.56640625,1746.0
2022-11-30T12:00:00.000000+0000,17168.56640625,1746.0
2022-12-01T00:00:00.000000+0000,16967.1328125,1801.0999755859375
2022-12-01T12:00:00.000000+0000,16967.1328125,1801.0999755859375
2022-12-02T00:00:00.000000+0000,17088.66015625,1795.9000244140625
2022-12-02T12:00:00.000000+0000,17088.66015625,1795.9000244140625
2022-12-03T00:00:00.000000+0000,16908.236328125,1795.9000244140625
2022-12-03T12:00:00.000000+0000,16908.236328125,1795.9000244140625
2022-12-04T00:00:00.000000+0000,17130.486328125,1795.9000244140625
2022-12-04T12:00:00.000000+0000,17130.486328125,1795.9000244140625
2022-12-05T00:00:00.000000+0000,16974.826171875,1767.4000244140625
2022-12-05T12:00:00.000000+0000,16974.826171875,1767.4000244140625
2022-12-06T00:00:00.000000+0000,17089.50390625,1769.300048828125
2022-12-06T12:00:00.000000+0000,17089.50390625,1769.300048828125
2022-12-07T00:00:00.000000+0000,16848.126953125,1785.5
2022-12-07T12:00:00.000000+0000,16848.126953125,1785.5
2022-12-08T00:00:00.000000+0000,17233.474609375,1788.699951171875
2022-12-08T12:00:00.000000+0000,17233.474609375,1788.699951171875
2022-12-09T00:00:00.000000+0000,17133.15234375,1798.0999755859375
2022-12-09T12:00:00.000000+0000,17133.15234375,1798.0999755859375
2022-12-10T00:00:00.000000+0000,17128.724609375,1798.0999755859375
2022-12-10T12:00:00.000000+0000,17128.724609375,1798.0999755859375
2022-12-11T00:00:00.000000+0000,17104.193359375,1798.0999755859375
2022-12-11T12:00:00.000000+0000,17104.193359375,1798.0999755859375
2022-12-12T00:00:00.000000+0000,17206.4375,1780.5
2022-12-12T12:00:00.000000+0000,17206.4375,1780.5
2022-12-13T00:00:00.000000+0000,17781.318359375,1813.9000244140625
2022-12-13T12:00:00.000000+0000,17781.318359375,1813.9000244140625
2022-12-14T00:00:00.000000+0000,17815.650390625,1807.5
2022-12-14T12:00:00.000000+0000,17815.650390625,1807.5
2022-12-15T00:00:00.000000+0000,17364.865234375,1777.199951171875
2022-12-15T12:00:00.000000+0000,17364.865234375,1777.199951171875
2022-12-16T00:00:00.000000+0000,16647.484375,1790.0
2022-12-16T12:00:00.000000+0000,16647.484375,1790.0
2022-12-17T00:00:00.000000+0000,16795.091796875,1790.0
2022-12-17T12:00:00.000000+0000,16795.091796875,1790.0
2022-12-18T00:00:00.000000+0000,16757.9765625,1790.0
2022-12-18T12:00:00.000000+0000,16757.9765625,1790.0
2022-12-19T00:00:00.000000+0000,16439.6796875,1787.699951171875
2022-12-19T12:00:00.000000+0000,16439.6796875,1787.699951171875
2022-12-20T00:00:00.000000+0000,16906.3046875,1815.9000244140625
2022-12-20T12:00:00.000000+0000,16906.3046875,1815.9000244140625
2022-12-21T00:00:00.000000+0000,16817.53515625,1815.9000244140625
2022-12-21T12:00:00.000000+0000,16817.53515625,1815.9000244140625
2022-12-22T00:00:00.000000+0000,16830.341796875,1787.0
2022-12-22T12:00:00.000000+0000,16830.341796875,1787.0
2022-12-23T00:00:00.000000+0000,16796.953125,1795.9000244140625
2022-12-23T12:00:00.000000+0000,16796.953125,1795.9000244140625
2022-12-24T00:00:00.000000+0000,16847.755859375,1795.9000244140625
2022-12-24T12:00:00.000000+0000,16847.755859375,1795.9000244140625
2022-12-25T00:00:00.000000+0000,16841.986328125,1795.9000244140625
2022-12-25T12:00:00.000000+0000,16841.986328125,1795.9000244140625
2022-12-26T00:00:00.000000+0000,16919.8046875,1795.9000244140625
2022-12-26T12:00:00.000000+0000,16919.8046875,1795.9000244140625
2022-12-27T00:00:00.000000+0000,16717.173828125,1814.800048828125
2022-12-27T12:00:00.000000+0000,16717.173828125,1814.800048828125
2022-12-28T00:00:00.000000+0000,16552.572265625,1807.9000244140625
2022-12-28T12:00:00.000000+0000,16552.572265625,1807.9000244140625
2022-12-29T00:00:00.000000+0000,16642.341796875,1819.5
2022-12-29T12:00:00.000000+0000,16642.341796875,1819.5
2022-12-30T00:00:00.000000+0000,16602.5859375,1819.699951171875
2022-12-30T12:00:00.000000+0000,16602.5859375,1819.699951171875
2022-12-31T00:00:00.000000+0000,16547.49609375,1819.699951171875
2022-12-31T12:00:00.000000+0000,16547.49609375,1819.699951171875
2023-01-01T00:00:00.000000+0000,16625.080078125,1819.699951171875
2023-01-01T12:00:00.000000+0000,16625.080078125,1819.699951171875
2023-01-02T00:00:00.000000+0000,16688.470703125,1819.699951171875
2023-01-02T12:00:00.000000+0000,16688.470703125,1819.699951171875
2023-01-03T00:00:00.000000+0000,16679.857421875,1839.699951171875
2023-01-03T12:00:00.000000+0000,16679.857421875,1839.699951171875
2023-01-04T00:00:00.000000+0000,16863.23828125,1852.800048828125
2023-01-04T12:00:00.000000+0000,16863.23828125,1852.800048828125
2023-01-05T00:00:00.000000+0000,16836.736328125,1834.800048828125
2023-01-05T12:00:00.000000+0000,16836.736328125,1834.800048828125
2023-01-06T00:00:00.000000+0000,16951.96875,1864.199951171875
2023-01-06T12:00:00.000000+0000,16951.96875,1864.199951171875
2023-01-07T00:00:00.000000+0000,16955.078125,1864.199951171875
2023-01-07T12:00:00.000000+0000,16955.078125,1864.199951171875
2023-01-08T00:00:00.000000+0000,17091.14453125,1864.199951171875
2023-01-08T12:00:00.000000+0000,17091.14453125,1864.199951171875
2023-01-09T00:00:00.000000+0000,17196.5546875,1872.699951171875
2023-01-09T12:00:00.000000+0000,17196.5546875,1872.699951171875
2023-01-10T00:00:00.000000+0000,17446.29296875,1871.5999755859375
2023-01-10T12:00:00.000000+0000,17446.29296875,1871.5999755859375
2023-01-11T00:00:00.000000+0000,17934.896484375,1874.5999755859375
2023-01-11T12:00:00.000000+0000,17934.896484375,1874.5999755859375
2023-01-12T00:00:00.000000+0000,18869.587890625,1895.5
2023-01-12T12:00:00.000000+0000,18869.587890625,1895.5
2023-01-13T00:00:00.000000+0000,19909.57421875,1918.4000244140625
2023-01-13T12:00:00.000000+0000,19909.57421875,1918.4000244140625
2023-01-14T00:00:00.000000+0000,20976.298828125,1918.4000244140625
2023-01-14T12:00:00.000000+0000,20976.298828125,1918.4000244140625
2023-01-15T00:00:00.000000+0000,20880.798828125,1918.4000244140625
2023-01-15T12:00:00.000000+0000,20880.798828125,1918.4000244140625
2023-01-16T00:00:00.000000+0000,21169.6328125,1918.4000244140625
2023-01-16T12:00:00.000000+0000,21169.6328125,1918.4000244140625
2023-01-17T00:00:00.000000+0000,21161.51953125,1907.199951171875
2023-01-17T12:00:00.000000+0000,21161.51953125,1907.199951171875
2023-01-18T00:00:00.000000+0000,20688.78125,1904.4000244140625
2023-01-18T12:00:00.000000+0000,20688.78125,1904.4000244140625
2023-01-19T00:00:00.000000+0000,21086.79296875,1922.0999755859375
2023-01-19T12:00:00.000000+0000,21086.79296875,1922.0999755859375
2023-01-20T00:00:00.000000+0000,22676.552734375,1926.4000244140625
2023-01-20T12:00:00.000000+0000,22676.552734375,1926.4000244140625
2023-01-21T00:00:00.000000+0000,22777.625,1926.4000244140625
2023-01-21T12:00:00.000000+0000,22777.625,1926.4000244140625
2023-01-22T00:00:00.000000+0000,22720.416015625,1926.4000244140625
2023-01-22T12:00:00.000000+0000,22720.416015625,1926.4000244140625
2023-01-23T00:00:00.000000+0000,22934.431640625,1927.0999755859375
2023-01-23T12:00:00.000000+0000,22934.431640625,1927.0999755859375
2023-01-24T00:00:00.000000+0000,22636.46875,1933.9000244140625
2023-01-24T12:00:00.000000+0000,22636.46875,1933.9000244140625
2023-01-25T00:00:00.000000+0000,23117.859375,1941.199951171875
2023-01-25T12:00:00.000000+0000,23117.859375,1941.199951171875
2023-01-26T00:00:00.000000+0000,23032.77734375,1929.0999755859375
2023-01-26T12:00:00.000000+0000,23032.77734375,1929.0999755859375
2023-01-27T00:00:00.000000+0000,23078.728515625,1928.5999755859375
2023-01-27T12:00:00.000000+0000,23078.728515625,1928.5999755859375
2023-01-28T00:00:00.000000+0000,23031.08984375,1928.5999755859375
2023-01-28T12:00:00.000000+0000,23031.08984375,1928.5999755859375
2023-01-29T00:00:00.000000+0000,23774.56640625,1928.5999755859375
2023-01-29T12:00:00.000000+0000,23774.56640625,1928.5999755859375
2023-01-30T00:00:00.000000+0000,22840.138671875,1922.9000244140625
2023-01-30T12:00:00.000000+0000,22840.138671875,1922.9000244140625
2023-01-31T00:00:00.000000+0000,23139.283203125,1929.5
2023-01-31T12:00:00.000000+0000,23139.283203125,1929.5
2023-02-01T00:00:00.000000+0000,23723.76953125,1927.800048828125
2023-02-01T12:00:00.000000+0000,23723.76953125,1927.800048828125
2023-02-02T00:00:00.000000+0000,23471.87109375,1916.300048828125
2023-02-02T12:00:00.000000+0000,23471.87109375,1916.300048828125
2023-02-03T00:00:00.000000+0000,23449.322265625,1862.9000244140625
2023-02-03T12:00:00.000000+0000,23449.322265625,1862.9000244140625
2023-02-04T00:00:00.000000+0000,23331.84765625,1862.9000244140625
2023-02-04T12:00:00.000000+0000,23331.84765625,1862.9000244140625
2023-02-05T00:00:00.000000+0000,22955.666015625,1862.9000244140625
2023-02-05T12:00:00.000000+0000,22955.666015625,1862.9000244140625
2023-02-06T00:00:00.000000+0000,22760.109375,1866.199951171875
2023-02-06T12:00:00.000000+0000,22760.109375,1866.199951171875
2023-02-07T00:00:00.000000+0000,23264.291015625,1871.699951171875
2023-02-07T12:00:00.000000+0000,23264.291015625,1871.699951171875
2023-02-08T00:00:00.000000+0000,22939.3984375,1877.4000244140625
2023-02-08T12:00:00.000000+0000,22939.3984375,1877.4000244140625
2023-02-09T00:00:00.000000+0000,21819.0390625,1866.199951171875
2023-02-09T12:00:00.000000+0000,21819.0390625,1866.199951171875
2023-02-10T00:00:00.000000+0000,21651.18359375,1862.800048828125
2023-02-10T12:00:00.000000+0000,21651.18359375,1862.800048828125
2023-02-11T00:00:00.000000+0000,21870.875,1862.800048828125
2023-02-11T12:00:00.000000+0000,21870.875,1862.800048828125
2023-02-12T00:00:00.000000+0000,21788.203125,1862.800048828125
2023-02-12T12:00:00.000000+0000,21788.203125,1862.800048828125
2023-02-13T00:00:00.000000+0000,21808.1015625,1851.9000244140625
2023-02-13T12:00:00.000000+0000,21808.1015625,1851.9000244140625
2023-02-14T00:00:00.000000+0000,22220.8046875,1854.0
2023-02-14T12:00:00.000000+0000,22220.8046875,1854.0
2023-02-15T00:00:00.000000+0000,24307.841796875,1834.199951171875
2023-02-15T12:00:00.000000+0000,24307.841796875,1834.199951171875
2023-02-16T00:00:00.000000+0000,23623.474609375,1842.0
2023-02-16T12:00:00.000000+0000,23623.474609375,1842.0
2023-02-17T00:00:00.000000+0000,24565.6015625,1840.4000244140625
2023-02-17T12:00:00.000000+0000,24565.6015625,1840.4000244140625
2023-02-18T00:00:00.000000+0000,24641.27734375,1840.4000244140625
2023-02-18T12:00:00.000000+0000,24641.27734375,1840.4000244140625
2023-02-19T00:00:00.000000+0000,24327.642578125,1840.4000244140625
2023-02-19T12:00:00.000000+0000,24327.642578125,1840.4000244140625
2023-02-20T00:00:00.000000+0000,24829.1484375,1840.4000244140625
2023-02-20T12:00:00.000000+0000,24829.1484375,1840.4000244140625
2023-02-21T00:00:00.000000+0000,24436.353515625,1833.0
2023-02-21T12:00:00.000000+0000,24436.353515625,1833.0
2023-02-22T00:00:00.000000+0000,24188.84375,1832.0
2023-02-22T12:00:00.000000+0000,24188.84375,1832.0
2023-02-23T00:00:00.000000+0000,23947.4921875,1818.0
2023-02-23T12:00:00.000000+0000,23947.4921875,1818.0
2023-02-24T00:00:00.000000+0000,23198.126953125,1808.800048828125
2023-02-24T12:00:00.000000+0000,23198.126953125,1808.800048828125
2023-02-25T00:00:00.000000+0000,23175.375,1808.800048828125
2023-02-25T12:00:00.000000+0000,23175.375,1808.800048828125
2023-02-26T00:00:00.000000+0000,23561.212890625,1808.800048828125
2023-02-26T12:00:00.000000+0000,23561.212890625,1808.800048828125
2023-02-27T00:00:00.000000+0000,23522.87109375,1817.0
2023-02-27T12:00:00.000000+0000,23522.87109375,1817.0
2023-02-28T00:00:00.000000+0000,23147.353515625,1828.9000244140625
2023-02-28T12:00:00.000000+0000,23147.353515625,1828.9000244140625
2023-03-01T00:00:00.000000+0000,23646.55078125,1837.699951171875
2023-03-01T12:00:00.000000+0000,23646.55078125,1837.699951171875
2023-03-02T00:00:00.000000+0000,23475.466796875,1833.5
2023-03-02T12:00:00.000000+0000,23475.466796875,1833.5
2023-03-03T00:00:00.000000+0000,22362.6796875,1847.699951171875
2023-03-03T12:00:00.000000+0000,22362.6796875,1847.699951171875
2023-03-04T00:00:00.000000+0000,22353.349609375,1847.699951171875
2023-03-04T12:00:00.000000+0000,22353.349609375,1847.699951171875
2023-03-05T00:00:00.000000+0000,22435.513671875,1847.699951171875
2023-03-05T12:00:00.000000+0000,22435.513671875,1847.699951171875
2023-03-06T00:00:00.000000+0000,22429.7578125,1847.9000244140625
2023-03-06T12:00:00.000000+0000,22429.7578125,1847.9000244140625
2023-03-07T00:00:00.000000+0000,22219.76953125,1813.9000244140625
2023-03-07T12:00:00.000000+0000,22219.76953125,1813.9000244140625
2023-03-08T00:00:00.000000+0000,21718.080078125,1812.699951171875
2023-03-08T12:00:00.000000+0000,21718.080078125,1812.699951171875
2023-03-09T00:00:00.000000+0000,20363.021484375,1829.300048828125
2023-03-09T12:00:00.000000+0000,20363.021484375,1829.300048828125
2023-03-10T00:00:00.000000+0000,20187.244140625,1862.0
2023-03-10T12:00:00.000000+0000,20187.244140625,1862.0
2023-03-11T00:00:00.000000+0000,20632.41015625,1862.0
2023-03-11T12:00:00.000000+0000,20632.41015625,1862.0
2023-03-12T00:00:00.000000+0000,22163.94921875,1862.0
2023-03-12T12:00:00.000000+0000,22163.94921875,1862.0
2023-03-13T00:00:00.000000+0000,24197.533203125,1911.699951171875
2023-03-13T12:00:00.000000+0000,24197.533203125,1911.699951171875
2023-03-14T00:00:00.000000+0000,24746.07421875,1906.199951171875
2023-03-14T12:00:00.000000+0000,24746.07421875,1906.199951171875
2023-03-15T00:00:00.000000+0000,24375.9609375,1926.5999755859375
2023-03-15T12:00:00.000000+0000,24375.9609375,1926.5999755859375
2023-03-16T00:00:00.000000+0000,25052.7890625,1919.0
2023-03-16T12:00:00.000000+0000,25052.7890625,1919.0
2023-03-17T00:00:00.000000+0000,27423.9296875,1969.800048828125
2023-03-17T12:00:00.000000+0000,27423.9296875,1969.800048828125
2023-03-18T00:00:00.000000+0000,26965.87890625,1969.800048828125
2023-03-18T12:00:00.000000+0000,26965.87890625,1969.800048828125
2023-03-19T00:00:00.000000+0000,28038.67578125,1969.800048828125
2023-03-19T12:00:00.000000+0000,28038.67578125,1969.800048828125
2023-03-20T00:00:00.000000+0000,27767.236328125,1979.199951171875
2023-03-20T12:00:00.000000+0000,27767.236328125,1979.199951171875
2023-03-21T00:00:00.000000+0000,28175.81640625,1938.0
2023-03-21T12:00:00.000000+0000,28175.81640625,1938.0
2023-03-22T00:00:00.000000+0000,27307.4375,1946.800048828125
2023-03-22T12:00:00.000000+0000,27307.4375,1946.800048828125
2023-03-23T00:00:00.000000+0000,28333.97265625,1993.800048828125
2023-03-23T12:00:00.000000+0000,28333.97265625,1993.800048828125
2023-03-24T00:00:00.000000+0000,27493.28515625,1982.0999755859375
2023-03-24T12:00:00.000000+0000,27493.28515625,1982.0999755859375
2023-03-25T00:00:00.000000+0000,27494.70703125,1982.0999755859375
2023-03-25T12:00:00.000000+0000,27494.70703125,1982.0999755859375
2023-03-26T00:00:00.000000+0000,27994.330078125,1982.0999755859375
2023-03-26T12:00:00.000000+0000,27994.330078125,1982.0999755859375
2023-03-27T00:00:00.000000+0000,27139.888671875,1952.4000244140625
2023-03-27T12:00:00.000000+0000,27139.888671875,1952.4000244140625
2023-03-28T00:00:00.000000+0000,27268.130859375,1972.4000244140625
2023-03-28T12:00:00.000000+0000,27268.130859375,1972.4000244140625
2023-03-29T00:00:00.000000+0000,28348.44140625,1966.0999755859375
2023-03-29T12:00:00.000000+0000,28348.44140625,1966.0999755859375
2023-03-30T00:00:00.000000+0000,28033.5625,1980.300048828125
2023-03-30T12:00:00.000000+0000,28033.5625,1980.300048828125
2023-03-31T00:00:00.000000+0000,28478.484375,1969.0
2023-03-31T12:00:00.000000+0000,28478.484375,1969.0
2023-04-01T00:00:00.000000+0000,28411.03515625,1969.0
2023-04-01T12:00:00.000000+0000,28411.03515625,1969.0
2023-04-02T00:00:00.000000+0000,28199.30859375,1969.0
2023-04-02T12:00:00.000000+0000,28199.30859375,1969.0
2023-04-03T00:00:00.000000+0000,27790.220703125,1983.9000244140625
2023-04-03T12:00:00.000000+0000,27790.220703125,1983.9000244140625
2023-04-04T00:00:00.000000+0000,28168.08984375,2022.199951171875
2023-04-04T12:00:00.000000+0000,28168.08984375,2022.199951171875
2023-04-05T00:00:00.000000+0000,28177.984375,2020.9000244140625
2023-04-05T12:00:00.000000+0000,28177.984375,2020.9000244140625
2023-04-06T00:00:00.000000+0000,28044.140625,2011.9000244140625
2023-04-06T12:00:00.000000+0000,28044.140625,2011.9000244140625
2023-04-07T00:00:00.000000+0000,27925.859375,2011.9000244140625
2023-04-07T12:00:00.000000+0000,27925.859375,2011.9000244140625
2023-04-08T00:00:00.000000+0000,27947.794921875,2011.9000244140625
2023-04-08T12:00:00.000000+0000,27947.794921875,2011.9000244140625
2023-04-09T00:00:00.000000+0000,28333.05078125,2011.9000244140625
2023-04-09T12:00:00.000000+0000,28333.05078125,2011.9000244140625
2023-04-10T00:00:00.000000+0000,29652.98046875,1989.0999755859375
2023-04-10T12:00:00.000000+0000,29652.98046875,1989.0999755859375
2023-04-11T00:00:00.000000+0000,30235.05859375,2004.800048828125
2023-04-11T12:00:00.000000+0000,30235.05859375,2004.800048828125
2023-04-12T00:00:00.000000+0000,30139.052734375,2010.9000244140625
2023-04-12T12:00:00.000000+0000,30139.052734375,2010.9000244140625
2023-04-13T00:00:00.000000+0000,30399.06640625,2041.300048828125
2023-04-13T12:00:00.000000+0000,30399.06640625,2041.300048828125
2023-04-14T00:00:00.000000+0000,30485.69921875,2002.199951171875
2023-04-14T12:00:00.000000+0000,30485.69921875,2002.199951171875
2023-04-15T00:00:00.000000+0000,30318.49609375,2002.199951171875
2023-04-15T12:00:00.000000+0000,30318.49609375,2002.199951171875
2023-04-16T00:00:00.000000+0000,30315.35546875,2002.199951171875
2023-04-16T12:00:00.000000+0000,30315.35546875,2002.199951171875
2023-04-17T00:00:00.000000+0000,29445.044921875,1994.199951171875
2023-04-17T12:00:00.000000+0000,29445.044921875,1994.199951171875
2023-04-18T00:00:00.000000+0000,30397.552734375,2007.4000244140625
2023-04-18T12:00:00.000000+0000,30397.552734375,2007.4000244140625
2023-04-19T00:00:00.000000+0000,28822.6796875,1995.199951171875
2023-04-19T12:00:00.000000+0000,28822.6796875,1995.199951171875
2023-04-20T00:00:00.000000+0000,28245.98828125,2007.5999755859375
2023-04-20T12:00:00.000000+0000,28245.98828125,2007.5999755859375
2023-04-21T00:00:00.000000+0000,27276.91015625,1979.5
2023-04-21T12:00:00.000000+0000,27276.91015625,1979.5
2023-04-22T00:00:00.000000+0000,27817.5,1979.5
2023-04-22T12:00:00.000000+0000,27817.5,1979.5
2023-04-23T00:00:00.000000+0000,27591.384765625,1979.5
2023-04-23T12:00:00.000000+0000,27591.384765625,1979.5
2023-04-24T00:00:00.000000+0000,27525.33984375,1989.0999755859375
2023-04-24T12:00:00.000000+0000,27525.33984375,1989.0999755859375
2023-04-25T00:00:00.000000+0000,28307.59765625,1994.0
2023-04-25T12:00:00.000000+0000,28307.59765625,1994.0
2023-04-26T00:00:00.000000+0000,28422.701171875,1985.699951171875
2023-04-26T12:00:00.000000+0000,28422.701171875,1985.699951171875
2023-04-27T00:00:00.000000+0000,29473.787109375,1989.9000244140625
2023-04-27T12:00:00.000000+0000,29473.787109375,1989.9000244140625
2023-04-28T00:00:00.000000+0000,29340.26171875,1990.0999755859375
2023-04-28T12:00:00.000000+0000,29340.26171875,1990.0999755859375
2023-04-29T00:00:00.000000+0000,29248.48828125,1990.0999755859375
2023-04-29T12:00:00.000000+0000,29248.48828125,1990.0999755859375
2023-04-30T00:00:00.000000+0000,29268.806640625,1990.0999755859375
2023-04-30T12:00:00.000000+0000,29268.806640625,1990.0999755859375
2023-05-01T00:00:00.000000+0000,28091.568359375,1983.4000244140625
2023-05-01T12:00:00.000000+0000,28091.568359375,1983.4000244140625
2023-05-02T00:00:00.000000+0000,28680.537109375,2014.300048828125
2023-05-02T12:00:00.000000+0000,28680.537109375,2014.300048828125
2023-05-03T00:00:00.000000+0000,29006.30859375,2028.5999755859375
2023-05-03T12:00:00.000000+0000,29006.30859375,2028.5999755859375
2023-05-04T00:00:00.000000+0000,28847.7109375,2048.0
2023-05-04T12:00:00.000000+0000,28847.7109375,2048.0
2023-05-05T00:00:00.000000+0000,29534.384765625,2017.4000244140625
2023-05-05T12:00:00.000000+0000,29534.384765625,2017.4000244140625
2023-05-06T00:00:00.000000+0000,28904.623046875,2017.4000244140625
2023-05-06T12:00:00.000000+0000,28904.623046875,2017.4000244140625
2023-05-07T00:00:00.000000+0000,28454.978515625,2017.4000244140625
2023-05-07T12:00:00.000000+0000,28454.978515625,2017.4000244140625
2023-05-08T00:00:00.000000+0000,27694.2734375,2026.300048828125
2023-05-08T12:00:00.000000+0000,27694.2734375,2026.300048828125
2023-05-09T00:00:00.000000+0000,27658.775390625,2036.199951171875
2023-05-09T12:00:00.000000+0000,27658.775390625,2036.199951171875
2023-05-10T00:00:00.000000+0000,27621.755859375,2030.5
2023-05-10T12:00:00.000000+0000,27621.755859375,2030.5
2023-05-11T00:00:00.000000+0000,27000.7890625,2014.699951171875
2023-05-11T12:00:00.000000+0000,27000.7890625,2014.699951171875
2023-05-12T00:00:00.000000+0000,26804.990234375,2014.5
2023-05-12T12:00:00.000000+0000,26804.990234375,2014.5
2023-05-13T00:00:00.000000+0000,26784.078125,2014.5
2023-05-13T12:00:00.000000+0000,26784.078125,2014.5
2023-05-14T00:00:00.000000+0000,26930.638671875,2014.5
2023-05-14T12:00:00.000000+0000,26930.638671875,2014.5
2023-05-15T00:00:00.000000+0000,27192.693359375,2018.0
2023-05-15T12:00:00.000000+0000,27192.693359375,2018.0
2023-05-16T00:00:00.000000+0000,27036.650390625,1988.4000244140625
2023-05-16T12:00:00.000000+0000,27036.650390625,1988.4000244140625
2023-05-17T00:00:00.000000+0000,27398.802734375,1980.699951171875
2023-05-17T12:00:00.000000+0000,27398.802734375,1980.699951171875
2023-05-18T00:00:00.000000+0000,26832.208984375,1956.5
2023-05-18T12:00:00.000000+0000,26832.208984375,1956.5
2023-05-19T00:00:00.000000+0000,26890.12890625,1978.699951171875
2023-05-19T12:00:00.000000+0000,26890.12890625,1978.699951171875
2023-05-20T00:00:00.000000+0000,27129.5859375,1978.699951171875
2023-05-20T12:00:00.000000+0000,27129.5859375,1978.699951171875
2023-05-21T00:00:00.000000+0000,26753.826171875,1978.699951171875
2023-05-21T12:00:00.000000+0000,26753.826171875,1978.699951171875
2023-05-22T00:00:00.000000+0000,26851.27734375,1974.800048828125
2023-05-22T12:00:00.000000+0000,26851.27734375,1974.800048828125
2023-05-23T00:00:00.000000+0000,27225.7265625,1972.4000244140625
2023-05-23T12:00:00.000000+0000,27225.7265625,1972.4000244140625
2023-05-24T00:00:00.000000+0000,26334.818359375,1962.800048828125
2023-05-24T12:00:00.000000+0000,26334.818359375,1962.800048828125
2023-05-25T00:00:00.000000+0000,26476.20703125,1943.0999755859375
2023-05-25T12:00:00.000000+0000,26476.20703125,1943.0999755859375
2023-05-26T00:00:00.000000+0000,26719.291015625,1944.0999755859375
2023-05-26T12:00:00.000000+0000,26719.291015625,1944.0999755859375
2023-05-27T00:00:00.000000+0000,26868.353515625,1944.0999755859375
2023-05-27T12:00:00.000000+0000,26868.353515625,1944.0999755859375
2023-05-28T00:00:00.000000+0000,28085.646484375,1944.0999755859375
2023-05-28T12:00:00.000000+0000,28085.646484375,1944.0999755859375
2023-05-29T00:00:00.000000+0000,27745.884765625,1944.0999755859375
2023-05-29T12:00:00.000000+0000,27745.884765625,1944.0999755859375
2023-05-30T00:00:00.000000+0000,27702.349609375,1958.0
2023-05-30T12:00:00.000000+0000,27702.349609375,1958.0
2023-05-31T00:00:00.000000+0000,27219.658203125,1963.9000244140625
2023-05-31T12:00:00.000000+0000,27219.658203125,1963.9000244140625
2023-06-01T00:00:00.000000+0000,26819.97265625,1978.0
2023-06-01T12:00:00.000000+0000,26819.97265625,1978.0
2023-06-02T00:00:00.000000+0000,27249.58984375,1952.4000244140625
2023-06-02T12:00:00.000000+0000,27249.58984375,1952.4000244140625
2023-06-03T00:00:00.000000+0000,27075.12890625,1952.4000244140625
2023-06-03T12:00:00.000000+0000,27075.12890625,1952.4000244140625
2023-06-04T00:00:00.000000+0000,27119.06640625,1952.4000244140625
2023-06-04T12:00:00.000000+0000,27119.06640625,1952.4000244140625
2023-06-05T00:00:00.000000+0000,25760.09765625,1958.0
2023-06-05T12:00:00.000000+0000,25760.09765625,1958.0
2023-06-06T00:00:00.000000+0000,27238.783203125,1965.5
2023-06-06T12:00:00.000000+0000,27238.783203125,1965.5
2023-06-07T00:00:00.000000+0000,26345.998046875,1942.699951171875
2023-06-07T12:00:00.000000+0000,26345.998046875,1942.699951171875
2023-06-08T00:00:00.000000+0000,26508.216796875,1963.5999755859375
2023-06-08T12:00:00.000000+0000,26508.216796875,1963.5999755859375
2023-06-09T00:00:00.000000+0000,26480.375,1962.199951171875
2023-06-09T12:00:00.000000+0000,26480.375,1962.199951171875
2023-06-10T00:00:00.000000+0000,25851.240234375,1962.199951171875
2023-06-10T12:00:00.000000+0000,25851.240234375,1962.199951171875
2023-06-11T00:00:00.000000+0000,25940.16796875,1962.199951171875
2023-06-11T12:00:00.000000+0000,25940.16796875,1962.199951171875
2023-06-12T00:00:00.000000+0000,25902.5,1955.300048828125
2023-06-12T12:00:00.000000+0000,25902.5,1955.300048828125
2023-06-13T00:00:00.000000+0000,25918.728515625,1944.5999755859375
2023-06-13T12:00:00.000000+0000,25918.728515625,1944.5999755859375
2023-06-14T00:00:00.000000+0000,25124.67578125,1955.300048828125
2023-06-14T12:00:00.000000+0000,25124.67578125,1955.300048828125
2023-06-15T00:00:00.000000+0000,25576.39453125,1957.800048828125
2023-06-15T12:00:00.000000+0000,25576.39453125,1957.800048828125
2023-06-16T00:00:00.000000+0000,26327.462890625,1958.4000244140625
2023-06-16T12:00:00.000000+0000,26327.462890625,1958.4000244140625
2023-06-17T00:00:00.000000+0000,26510.67578125,1958.4000244140625
2023-06-17T12:00:00.000000+0000,26510.67578125,1958.4000244140625
2023-06-18T00:00:00.000000+0000,26336.212890625,1958.4000244140625
2023-06-18T12:00:00.000000+0000,26336.212890625,1958.4000244140625
2023-06-19T00:00:00.000000+0000,26851.029296875,1958.4000244140625
2023-06-19T12:00:00.000000+0000,26851.029296875,1958.4000244140625
2023-06-20T00:00:00.000000+0000,28327.48828125,1935.5
2023-06-20T12:00:00.000000+0000,28327.48828125,1935.5
2023-06-21T00:00:00.000000+0000,30027.296875,1933.300048828125
2023-06-21T12:00:00.000000+0000,30027.296875,1933.300048828125
2023-06-22T00:00:00.000000+0000,29912.28125,1912.699951171875
2023-06-22T12:00:00.000000+0000,29912.28125,1912.699951171875
2023-06-23T00:00:00.000000+0000,30695.46875,1919.0999755859375
2023-06-23T12:00:00.000000+0000,30695.46875,1919.0999755859375
2023-06-24T00:00:00.000000+0000,30548.6953125,1919.0999755859375
2023-06-24T12:00:00.000000+0000,30548.6953125,1919.0999755859375
2023-06-25T00:00:00.000000+0000,30480.26171875,1919.0999755859375
2023-06-25T12:00:00.000000+0000,30480.26171875,1919.0999755859375
2023-06-26T00:00:00.000000+0000,30271.130859375,1923.699951171875
2023-06-26T12:00:00.000000+0000,30271.130859375,1923.699951171875
2023-06-27T00:00:00.000000+0000,30688.1640625,1914.0
2023-06-27T12:00:00.000000+0000,30688.1640625,1914.0
2023-06-28T00:00:00.000000+0000,30086.24609375,1912.300048828125
2023-06-28T12:00:00.000000+0000,30086.24609375,1912.300048828125
2023-06-29T00:00:00.000000+0000,30445.3515625,1909.199951171875
2023-06-29T12:00:00.000000+0000,30445.3515625,1909.199951171875
2023-06-30T00:00:00.000000+0000,30477.251953125,1921.0999755859375
2023-06-30T12:00:00.000000+0000,30477.251953125,1921.0999755859375
2023-07-01T00:00:00.000000+0000,30590.078125,1921.0999755859375
2023-07-01T12:00:00.000000+0000,30590.078125,1921.0999755859375
2023-07-02T00:00:00.000000+0000,30620.76953125,1921.0999755859375
2023-07-02T12:00:00.000000+0000,30620.76953125,1921.0999755859375
2023-07-03T00:00:00.000000+0000,31156.439453125,1921.699951171875
2023-07-03T12:00:00.000000+0000,31156.439453125,1921.699951171875
2023-07-04T00:00:00.000000+0000,30777.58203125,1921.699951171875
2023-07-04T12:00:00.000000+0000,30777.58203125,1921.699951171875
2023-07-05T00:00:00.000000+0000,30514.166015625,1919.5999755859375
2023-07-05T12:00:00.000000+0000,30514.166015625,1919.5999755859375
2023-07-06T00:00:00.000000+0000,29909.337890625,1908.699951171875
2023-07-06T12:00:00.000000+0000,29909.337890625,1908.699951171875
2023-07-07T00:00:00.000000+0000,30342.265625,1926.199951171875
2023-07-07T12:00:00.000000+0000,30342.265625,1926.199951171875
2023-07-08T00:00:00.000000+0000,30292.541015625,1926.199951171875
2023-07-08T12:00:00.000000+0000,30292.541015625,1926.199951171875
2023-07-09T00:00:00.000000+0000,30171.234375,1926.199951171875
2023-07-09T12:00:00.000000+0000,30171.234375,1926.199951171875
2023-07-10T00:00:00.000000+0000,30414.470703125,1925.0
2023-07-10T12:00:00.000000+0000,30414.470703125,1925.0
2023-07-11T00:00:00.000000+0000,30620.951171875,1931.300048828125
2023-07-11T12:00:00.000000+0000,30620.951171875,1931.300048828125
2023-07-12T00:00:00.000000+0000,30391.646484375,1956.199951171875
2023-07-12T12:00:00.000000+0000,30391.646484375,1956.199951171875
2023-07-13T00:00:00.000000+0000,31476.048828125,1959.199951171875
2023-07-13T12:00:00.000000+0000,31476.048828125,1959.199951171875
2023-07-14T00:00:00.000000+0000,30334.068359375,1960.0999755859375
2023-07-14T12:00:00.000000+0000,30334.068359375,1960.0999755859375
2023-07-15T00:00:00.000000+0000,30295.806640625,1960.0999755859375
2023-07-15T12:00:00.000000+0000,30295.806640625,1960.0999755859375
2023-07-16T00:00:00.000000+0000,30249.1328125,1960.0999755859375
2023-07-16T12:00:00.000000+0000,30249.1328125,1960.0999755859375
2023-07-17T00:00:00.000000+0000,30145.888671875,1952.4000244140625
2023-07-17T12:00:00.000000+0000,30145.888671875,1952.4000244140625
2023-07-18T00:00:00.000000+0000,29856.5625,1977.199951171875
2023-07-18T12:00:00.000000+0000,29856.5625,1977.199951171875
2023-07-19T00:00:00.000000+0000,29913.923828125,1977.5
2023-07-19T12:00:00.000000+0000,29913.923828125,1977.5
2023-07-20T00:00:00.000000+0000,29792.015625,1968.300048828125
2023-07-20T12:00:00.000000+0000,29792.015625,1968.300048828125
2023-07-21T00:00:00.000000+0000,29908.744140625,1964.300048828125
2023-07-21T12:00:00.000000+0000,29908.744140625,1964.300048828125
2023-07-22T00:00:00.000000+0000,29771.802734375,1964.300048828125
2023-07-22T12:00:00.000000+0000,29771.802734375,1964.300048828125
2023-07-23T00:00:00.000000+0000,30084.5390625,1964.300048828125
2023-07-23T12:00:00.000000+0000,30084.5390625,1964.300048828125
2023-07-24T00:00:00.000000+0000,29176.916015625,1960.300048828125
2023-07-24T12:00:00.000000+0000,29176.916015625,1960.300048828125
2023-07-25T00:00:00.000000+0000,29227.390625,1962.0999755859375
2023-07-25T12:00:00.000000+0000,29227.390625,1962.0999755859375
2023-07-26T00:00:00.000000+0000,29354.97265625,1968.9000244140625
2023-07-26T12:00:00.000000+0000,29354.97265625,1968.9000244140625
2023-07-27T00:00:00.000000+0000,29210.689453125,1945.4000244140625
2023-07-27T12:00:00.000000+0000,29210.689453125,1945.4000244140625
2023-07-28T00:00:00.000000+0000,29319.24609375,1960.4000244140625
2023-07-28T12:00:00.000000+0000,29319.24609375,1960.4000244140625
2023-07-29T00:00:00.000000+0000,29356.91796875,1960.4000244140625
2023-07-29T12:00:00.000000+0000,29356.91796875,1960.4000244140625
2023-07-30T00:00:00.000000+0000,29275.30859375,1960.4000244140625
2023-07-30T12:00:00.000000+0000,29275.30859375,1960.4000244140625
2023-07-31T00:00:00.000000+0000,29230.111328125,1970.5
2023-07-31T12:00:00.000000+0000,29230.111328125,1970.5
2023-08-01T00:00:00.000000+0000,29675.732421875,1940.699951171875
2023-08-01T12:00:00.000000+0000,29675.732421875,1940.699951171875
2023-08-02T00:00:00.000000+0000,29151.958984375,1937.4000244140625
2023-08-02T12:00:00.000000+0000,29151.958984375,1937.4000244140625
2023-08-03T00:00:00.000000+0000,29178.6796875,1932.0
2023-08-03T12:00:00.000000+0000,29178.6796875,1932.0
2023-08-04T00:00:00.000000+0000,29074.091796875,1939.5999755859375
2023-08-04T12:00:00.000000+0000,29074.091796875,1939.5999755859375
2023-08-05T00:00:00.000000+0000,29042.126953125,1939.5999755859375
2023-08-05T12:00:00.000000+0000,29042.126953125,1939.5999755859375
2023-08-06T00:00:00.000000+0000,29041.85546875,1939.5999755859375
2023-08-06T12:00:00.000000+0000,29041.85546875,1939.5999755859375
2023-08-07T00:00:00.000000+0000,29180.578125,1933.5
2023-08-07T12:00:00.000000+0000,29180.578125,1933.5
2023-08-08T00:00:00.000000+0000,29765.4921875,1924.0999755859375
2023-08-08T12:00:00.000000+0000,29765.4921875,1924.0999755859375
2023-08-09T00:00:00.000000+0000,29561.494140625,1915.4000244140625
2023-08-09T12:00:00.000000+0000,29561.494140625,1915.4000244140625
2023-08-10T00:00:00.000000+0000,29429.591796875,1914.4000244140625
2023-08-10T12:00:00.000000+0000,29429.591796875,1914.4000244140625
2023-08-11T00:00:00.000000+0000,29397.71484375,1912.9000244140625
2023-08-11T12:00:00.000000+0000,29397.71484375,1912.9000244140625
2023-08-12T00:00:00.000000+0000,29415.96484375,1912.9000244140625
2023-08-12T12:00:00.000000+0000,29415.96484375,1912.9000244140625
2023-08-13T00:00:00.000000+0000,29282.9140625,1912.9000244140625
2023-08-13T12:00:00.000000+0000,29282.9140625,1912.9000244140625
2023-08-14T00:00:00.000000+0000,29408.443359375,1910.5999755859375
2023-08-14T12:00:00.000000+0000,29408.443359375,1910.5999755859375
2023-08-15T00:00:00.000000+0000,29170.34765625,1902.5
2023-08-15T12:00:00.000000+0000,29170.34765625,1902.5
2023-08-16T00:00:00.000000+0000,28701.779296875,1896.0999755859375
2023-08-16T12:00:00.000000+0000,28701.779296875,1896.0999755859375
2023-08-17T00:00:00.000000+0000,26664.55078125,1884.0999755859375
2023-08-17T12:00:00.000000+0000,26664.55078125,1884.0999755859375
2023-08-18T00:00:00.000000+0000,26049.556640625,1886.0999755859375
2023-08-18T12:00:00.000000+0000,26049.556640625,1886.0999755859375
2023-08-19T00:00:00.000000+0000,26096.205078125,1886.0999755859375
2023-08-19T12:00:00.000000+0000,26096.205078125,1886.0999755859375
2023-08-20T00:00:00.000000+0000,26189.583984375,1886.0999755859375
2023-08-20T12:00:00.000000+0000,26189.583984375,1886.0999755859375
2023-08-21T00:00:00.000000+0000,26124.140625,1893.300048828125
2023-08-21T12:00:00.000000+0000,26124.140625,1893.300048828125
2023-08-22T00:00:00.000000+0000,26031.65625,1896.4000244140625
2023-08-22T12:00:00.000000+0000,26031.65625,1896.4000244140625
2023-08-23T00:00:00.000000+0000,26431.640625,1918.5
2023-08-23T12:00:00.000000+0000,26431.640625,1918.5
2023-08-24T00:00:00.000000+0000,26162.373046875,1918.199951171875
2023-08-24T12:00:00.000000+0000,26162.373046875,1918.199951171875
2023-08-25T00:00:00.000000+0000,26047.66796875,1911.0999755859375
2023-08-25T12:00:00.000000+0000,26047.66796875,1911.0999755859375
2023-08-26T00:00:00.000000+0000,26008.462890625,1911.0999755859375
2023-08-26T12:00:00.000000+0000,26008.462890625,1911.0999755859375
2023-08-27T00:00:00.000000+0000,26089.693359375,1911.0999755859375
2023-08-27T12:00:00.000000+0000,26089.693359375,1911.0999755859375
2023-08-28T00:00:00.000000+0000,26106.150390625,1917.9000244140625
2023-08-28T12:00:00.000000+0000,26106.150390625,1917.9000244140625
2023-08-29T00:00:00.000000+0000,27727.392578125,1936.5
2023-08-29T12:00:00.000000+0000,27727.392578125,1936.5
2023-08-30T00:00:00.000000+0000,27297.265625,1944.300048828125
2023-08-30T12:00:00.000000+0000,27297.265625,1944.300048828125
2023-08-31T00:00:00.000000+0000,25931.47265625,1938.199951171875
2023-08-31T12:00:00.000000+0000,25931.47265625,1938.199951171875
2023-09-01T00:00:00.000000+0000,25800.724609375,1939.800048828125
2023-09-01T12:00:00.000000+0000,25800.724609375,1939.800048828125
2023-09-02T00:00:00.000000+0000,25868.798828125,1939.800048828125
2023-09-02T12:00:00.000000+0000,25868.798828125,1939.800048828125
2023-09-03T00:00:00.000000+0000,25969.56640625,1939.800048828125
2023-09-03T12:00:00.000000+0000,25969.56640625,1939.800048828125
2023-09-04T00:00:00.000000+0000,25812.416015625,1939.800048828125
2023-09-04T12:00:00.000000+0000,25812.416015625,1939.800048828125
2023-09-05T00:00:00.000000+0000,25779.982421875,1926.199951171875
2023-09-05T12:00:00.000000+0000,25779.982421875,1926.199951171875
2023-09-06T00:00:00.000000+0000,25753.236328125,1918.0999755859375
2023-09-06T12:00:00.000000+0000,25753.236328125,1918.0999755859375
2023-09-07T00:00:00.000000+0000,26240.1953125,1917.5
2023-09-07T12:00:00.000000+0000,26240.1953125,1917.5
2023-09-08T00:00:00.000000+0000,25905.654296875,1918.4000244140625
2023-09-08T12:00:00.000000+0000,25905.654296875,1918.4000244140625
2023-09-09T00:00:00.000000+0000,25895.677734375,1918.4000244140625
2023-09-09T12:00:00.000000+0000,25895.677734375,1918.4000244140625
2023-09-10T00:00:00.000000+0000,25832.2265625,1918.4000244140625
2023-09-10T12:00:00.000000+0000,25832.2265625,1918.4000244140625
2023-09-11T00:00:00.000000+0000,25162.654296875,1923.300048828125
2023-09-11T12:00:00.000000+0000,25162.654296875,1923.300048828125
2023-09-12T00:00:00.000000+0000,25833.34375,1911.300048828125
2023-09-12T12:00:00.000000+0000,25833.34375,1911.300048828125
2023-09-13T00:00:00.000000+0000,26228.32421875,1909.0999755859375
2023-09-13T12:00:00.000000+0000,26228.32421875,1909.0999755859375
2023-09-14T00:00:00.000000+0000,26539.673828125,1910.0
2023-09-14T12:00:00.000000+0000,26539.673828125,1910.0
2023-09-15T00:00:00.000000+0000,26608.693359375,1923.699951171875
2023-09-15T12:00:00.000000+0000,26608.693359375,1923.699951171875
2023-09-16T00:00:00.000000+0000,26568.28125,1923.699951171875
2023-09-16T12:00:00.000000+0000,26568.28125,1923.699951171875
2023-09-17T00:00:00.000000+0000,26534.1875,1923.699951171875
2023-09-17T12:00:00.000000+0000,26534.1875,1923.699951171875
2023-09-18T00:00:00.000000+0000,26754.28125,1931.5
2023-09-18T12:00:00.000000+0000,26754.28125,1931.5
2023-09-19T00:00:00.000000+0000,27211.1171875,1932.0
2023-09-19T12:00:00.000000+0000,27211.1171875,1932.0
2023-09-20T00:00:00.000000+0000,27132.0078125,1945.5999755859375
2023-09-20T12:00:00.000000+0000,27132.0078125,1945.5999755859375
2023-09-21T00:00:00.000000+0000,26567.6328125,1919.199951171875
2023-09-21T12:00:00.000000+0000,26567.6328125,1919.199951171875
2023-09-22T00:00:00.000000+0000,26579.568359375,1925.4000244140625
2023-09-22T12:00:00.000000+0000,26579.568359375,1925.4000244140625
2023-09-23T00:00:00.000000+0000,26579.390625,1925.4000244140625
2023-09-23T12:00:00.000000+0000,26579.390625,1925.4000244140625
2023-09-24T00:00:00.000000+0000,26256.826171875,1925.4000244140625
2023-09-24T12:00:00.000000+0000,26256.826171875,1925.4000244140625
2023-09-25T00:00:00.000000+0000,26298.48046875,1916.5999755859375
2023-09-25T12:00:00.000000+0000,26298.48046875,1916.5999755859375
2023-09-26T00:00:00.000000+0000,26217.25,1900.4000244140625
2023-09-26T12:00:00.000000+0000,26217.25,1900.4000244140625
2023-09-27T00:00:00.000000+0000,26352.716796875,1871.5999755859375
2023-09-27T12:00:00.000000+0000,26352.716796875,1871.5999755859375
2023-09-28T00:00:00.000000+0000,27021.546875,1860.4000244140625
2023-09-28T12:00:00.000000+0000,27021.546875,1860.4000244140625
2023-09-29T00:00:00.000000+0000,26911.720703125,1848.0999755859375
2023-09-29T12:00:00.000000+0000,26911.720703125,1848.0999755859375
2023-09-30T00:00:00.000000+0000,26967.916015625,1848.0999755859375
2023-09-30T12:00:00.000000+0000,26967.916015625,1848.0999755859375
2023-10-01T00:00:00.000000+0000,27983.75,1848.0999755859375
2023-10-01T12:00:00.000000+0000,27983.75,1848.0999755859375
2023-10-02T00:00:00.000000+0000,27530.78515625,1830.0
2023-10-02T12:00:00.000000+0000,27530.78515625,1830.0
2023-10-03T00:00:00.000000+0000,27429.978515625,1824.5999755859375
2023-10-03T12:00:00.000000+0000,27429.978515625,1824.5999755859375
2023-10-04T00:00:00.000000+0000,27799.39453125,1818.5
2023-10-04T12:00:00.000000+0000,27799.39453125,1818.5
2023-10-05T00:00:00.000000+0000,27415.912109375,1816.5999755859375
2023-10-05T12:00:00.000000+0000,27415.912109375,1816.5999755859375
2023-10-06T00:00:00.000000+0000,27946.59765625,1830.199951171875
2023-10-06T12:00:00.000000+0000,27946.59765625,1830.199951171875
2023-10-07T00:00:00.000000+0000,27968.83984375,1830.199951171875
2023-10-07T12:00:00.000000+0000,27968.83984375,1830.199951171875
2023-10-08T00:00:00.000000+0000,27935.08984375,1830.199951171875
2023-10-08T12:00:00.000000+0000,27935.08984375,1830.199951171875
2023-10-09T00:00:00.000000+0000,27583.677734375,1849.5
2023-10-09T12:00:00.000000+0000,27583.677734375,1849.5
2023-10-10T00:00:00.000000+0000,27391.01953125,1861.0
2023-10-10T12:00:00.000000+0000,27391.01953125,1861.0
2023-10-11T00:00:00.000000+0000,26873.3203125,1872.800048828125
2023-10-11T12:00:00.000000+0000,26873.3203125,1872.800048828125
2023-10-12T00:00:00.000000+0000,26756.798828125,1869.300048828125
2023-10-12T12:00:00.000000+0000,26756.798828125,1869.300048828125
2023-10-13T00:00:00.000000+0000,26862.375,1927.4000244140625
2023-10-13T12:00:00.000000+0000,26862.375,1927.4000244140625
2023-10-14T00:00:00.000000+0000,26861.70703125,1927.4000244140625
2023-10-14T12:00:00.000000+0000,26861.70703125,1927.4000244140625
2023-10-15T00:00:00.000000+0000,27159.65234375,1927.4000244140625
2023-10-15T12:00:00.000000+0000,27159.65234375,1927.4000244140625
2023-10-16T00:00:00.000000+0000,28519.466796875,1921.0999755859375
2023-10-16T12:00:00.000000+0000,28519.466796875,1921.0999755859375
2023-10-17T00:00:00.000000+0000,28415.748046875,1922.699951171875
2023-10-17T12:00:00.000000+0000,28415.748046875,1922.699951171875
2023-10-18T00:00:00.000000+0000,28328.341796875,1955.300048828125
2023-10-18T12:00:00.000000+0000,28328.341796875,1955.300048828125
2023-10-19T00:00:00.000000+0000,28719.806640625,1968.4000244140625
2023-10-19T12:00:00.000000+0000,28719.806640625,1968.4000244140625
2023-10-20T00:00:00.000000+0000,29682.94921875,1982.5
2023-10-20T12:00:00.000000+0000,29682.94921875,1982.5
2023-10-21T00:00:00.000000+0000,29918.412109375,1982.5
2023-10-21T12:00:00.000000+0000,29918.412109375,1982.5
2023-10-22T00:00:00.000000+0000,29993.896484375,1982.5
2023-10-22T12:00:00.000000+0000,29993.896484375,1982.5
2023-10-23T00:00:00.000000+0000,33086.234375,1976.300048828125
2023-10-23T12:00:00.000000+0000,33086.234375,1976.300048828125
2023-10-24T00:00:00.000000+0000,33901.52734375,1975.0
2023-10-24T12:00:00.000000+0000,33901.52734375,1975.0
2023-10-25T00:00:00.000000+0000,34502.8203125,1984.0999755859375
2023-10-25T12:00:00.000000+0000,34502.8203125,1984.0999755859375
2023-10-26T00:00:00.000000+0000,34156.6484375,1987.199951171875
2023-10-26T12:00:00.000000+0000,34156.6484375,1987.199951171875
2023-10-27T00:00:00.000000+0000,33909.80078125,1988.5999755859375
2023-10-27T12:00:00.000000+0000,33909.80078125,1988.5999755859375
2023-10-28T00:00:00.000000+0000,34089.57421875,1988.5999755859375
2023-10-28T12:00:00.000000+0000,34089.57421875,1988.5999755859375
2023-10-29T00:00:00.000000+0000,34538.48046875,1988.5999755859375
2023-10-29T12:00:00.000000+0000,34538.48046875,1988.5999755859375
2023-10-30T00:00:00.000000+0000,34502.36328125,1996.199951171875
2023-10-30T12:00:00.000000+0000,34502.36328125,1996.199951171875
2023-10-31T00:00:00.000000+0000,34667.78125,1985.199951171875
2023-10-31T12:00:00.000000+0000,34667.78125,1985.199951171875
2023-11-01T00:00:00.000000+0000,35437.25390625,1978.800048828125
2023-11-01T12:00:00.000000+0000,35437.25390625,1978.800048828125
2023-11-02T00:00:00.000000+0000,34938.2421875,1985.5999755859375
2023-11-02T12:00:00.000000+0000,34938.2421875,1985.5999755859375
2023-11-03T00:00:00.000000+0000,34732.32421875,1991.5
2023-11-03T12:00:00.000000+0000,34732.32421875,1991.5
2023-11-04T00:00:00.000000+0000,35082.1953125,1991.5
2023-11-04T12:00:00.000000+0000,35082.1953125,1991.5
2023-11-05T00:00:00.000000+0000,35049.35546875,1991.5
2023-11-05T12:00:00.000000+0000,35049.35546875,1991.5
2023-11-06T00:00:00.000000+0000,35037.37109375,1981.5999755859375
2023-11-06T12:00:00.000000+0000,35037.37109375,1981.5999755859375
2023-11-07T00:00:00.000000+0000,35443.5625,1966.800048828125
2023-11-07T12:00:00.000000+0000,35443.5625,1966.800048828125
2023-11-08T00:00:00.000000+0000,35655.27734375,1951.5
2023-11-08T12:00:00.000000+0000,35655.27734375,1951.5
2023-11-09T00:00:00.000000+0000,36693.125,1964.199951171875
2023-11-09T12:00:00.000000+0000,36693.125,1964.199951171875
2023-11-10T00:00:00.000000+0000,37313.96875,1932.5999755859375
2023-11-10T12:00:00.000000+0000,37313.96875,1932.5999755859375
2023-11-11T00:00:00.000000+0000,37138.05078125,1932.5999755859375
2023-11-11T12:00:00.000000+0000,37138.05078125,1932.5999755859375
2023-11-12T00:00:00.000000+0000,37054.51953125,1932.5999755859375
2023-11-12T12:00:00.000000+0000,37054.51953125,1932.5999755859375
2023-11-13T00:00:00.000000+0000,36502.35546875,1945.5
2023-11-13T12:00:00.000000+0000,36502.35546875,1945.5
2023-11-14T00:00:00.000000+0000,35537.640625,1961.800048828125
2023-11-14T12:00:00.000000+0000,35537.640625,1961.800048828125
2023-11-15T00:00:00.000000+0000,37880.58203125,1960.0999755859375
2023-11-15T12:00:00.000000+0000,37880.58203125,1960.0999755859375
2023-11-16T00:00:00.000000+0000,36154.76953125,1983.9000244140625
2023-11-16T12:00:00.000000+0000,36154.76953125,1983.9000244140625
2023-11-17T00:00:00.000000+0000,36596.68359375,1981.5999755859375
2023-11-17T12:00:00.000000+0000,36596.68359375,1981.5999755859375
2023-11-18T00:00:00.000000+0000,36585.703125,1981.5999755859375
2023-11-18T12:00:00.000000+0000,36585.703125,1981.5999755859375
2023-11-19T00:00:00.000000+0000,37386.546875,1981.5999755859375
2023-11-19T12:00:00.000000+0000,37386.546875,1981.5999755859375
2023-11-20T00:00:00.000000+0000,37476.95703125,1977.699951171875
2023-11-20T12:00:00.000000+0000,37476.95703125,1977.699951171875
2023-11-21T00:00:00.000000+0000,35813.8125,1999.300048828125
2023-11-21T12:00:00.000000+0000,35813.8125,1999.300048828125
2023-11-22T00:00:00.000000+0000,37432.33984375,1991.4000244140625
2023-11-22T12:00:00.000000+0000,37432.33984375,1991.4000244140625
2023-11-23T00:00:00.000000+0000,37289.62109375,1991.4000244140625
2023-11-23T12:00:00.000000+0000,37289.62109375,1991.4000244140625
2023-11-24T00:00:00.000000+0000,37720.28125,2002.199951171875
2023-11-24T12:00:00.000000+0000,37720.28125,2002.199951171875
2023-11-25T00:00:00.000000+0000,37796.79296875,2002.199951171875
2023-11-25T12:00:00.000000+0000,37796.79296875,2002.199951171875
2023-11-26T00:00:00.000000+0000,37479.12109375,2002.199951171875
2023-11-26T12:00:00.000000+0000,37479.12109375,2002.199951171875
2023-11-27T00:00:00.000000+0000,37254.16796875,2011.800048828125
2023-11-27T12:00:00.000000+0000,37254.16796875,2011.800048828125
2023-11-28T00:00:00.000000+0000,37831.0859375,2039.699951171875
2023-11-28T12:00:00.000000+0000,37831.0859375,2039.699951171875
2023-11-29T00:00:00.000000+0000,37858.4921875,2047.0999755859375
2023-11-29T12:00:00.000000+0000,37858.4921875,2047.0999755859375
2023-11-30T00:00:00.000000+0000,37712.74609375,2038.0999755859375
2023-11-30T12:00:00.000000+0000,37712.74609375,2038.0999755859375
2023-12-01T00:00:00.000000+0000,38688.75,2071.0
2023-12-01T12:00:00.000000+0000,38688.75,2071.0
2023-12-02T00:00:00.000000+0000,39476.33203125,2071.0
2023-12-02T12:00:00.000000+0000,39476.33203125,2071.0
2023-12-03T00:00:00.000000+0000,39978.390625,2071.0
2023-12-03T12:00:00.000000+0000,39978.390625,2071.0
2023-12-04T00:00:00.000000+0000,41980.09765625,2024.0999755859375
2023-12-04T12:00:00.000000+0000,41980.09765625,2024.0999755859375
2023-12-05T00:00:00.000000+0000,44080.6484375,2018.5
2023-12-05T12:00:00.000000+0000,44080.6484375,2018.5
2023-12-06T00:00:00.000000+0000,43746.4453125,2030.5
2023-12-06T12:00:00.000000+0000,43746.4453125,2030.5
2023-12-07T00:00:00.000000+0000,43292.6640625,2029.9000244140625
2023-12-07T12:00:00.000000+0000,43292.6640625,2029.9000244140625
2023-12-08T00:00:00.000000+0000,44166.6015625,1998.300048828125
2023-12-08T12:00:00.000000+0000,44166.6015625,1998.300048828125
2023-12-09T00:00:00.000000+0000,43725.984375,1998.300048828125
2023-12-09T12:00:00.000000+0000,43725.984375,1998.300048828125
2023-12-10T00:00:00.000000+0000,43779.69921875,1998.300048828125
2023-12-10T12:00:00.000000+0000,43779.69921875,1998.300048828125
2023-12-11T00:00:00.000000+0000,41243.83203125,1978.0
2023-12-11T12:00:00.000000+0000,41243.83203125,1978.0
2023-12-12T00:00:00.000000+0000,41450.22265625,1977.800048828125
2023-12-12T12:00:00.000000+0000,41450.22265625,1977.800048828125
2023-12-13T00:00:00.000000+0000,42890.7421875,1982.300048828125
2023-12-13T12:00:00.000000+0000,42890.7421875,1982.300048828125
2023-12-14T00:00:00.000000+0000,43023.97265625,2030.199951171875
2023-12-14T12:00:00.000000+0000,43023.97265625,2030.199951171875
2023-12-15T00:00:00.000000+0000,41929.7578125,2021.0999755859375
2023-12-15T12:00:00.000000+0000,41929.7578125,2021.0999755859375
2023-12-16T00:00:00.000000+0000,42240.1171875,2021.0999755859375
2023-12-16T12:00:00.000000+0000,42240.1171875,2021.0999755859375
2023-12-17T00:00:00.000000+0000,41364.6640625,2021.0999755859375
2023-12-17T12:00:00.000000+0000,41364.6640625,2021.0999755859375
2023-12-18T00:00:00.000000+0000,42623.5390625,2026.300048828125
2023-12-18T12:00:00.000000+0000,42623.5390625,2026.300048828125
2023-12-19T00:00:00.000000+0000,42270.52734375,2038.4000244140625
2023-12-19T12:00:00.000000+0000,42270.52734375,2038.4000244140625
2023-12-20T00:00:00.000000+0000,43652.25,2034.5
2023-12-20T12:00:00.000000+0000,43652.25,2034.5
2023-12-21T00:00:00.000000+0000,43869.15234375,2039.0999755859375
2023-12-21T12:00:00.000000+0000,43869.15234375,2039.0999755859375
2023-12-22T00:00:00.000000+0000,43997.90234375,2057.10009765625
2023-12-22T12:00:00.000000+0000,43997.90234375,2057.10009765625
2023-12-23T00:00:00.000000+0000,43739.54296875,2057.10009765625
2023-12-23T12:00:00.000000+0000,43739.54296875,2057.10009765625
2023-12-24T00:00:00.000000+0000,43016.1171875,2057.10009765625
2023-12-24T12:00:00.000000+0000,43016.1171875,2057.10009765625
2023-12-25T00:00:00.000000+0000,43613.140625,2057.10009765625
2023-12-25T12:00:00.000000+0000,43613.140625,2057.10009765625
2023-12-26T00:00:00.000000+0000,42520.40234375,2058.199951171875
2023-12-26T12:00:00.000000+0000,42520.40234375,2058.199951171875
2023-12-27T00:00:00.000000+0000,43442.85546875,2081.89990234375
2023-12-27T12:00:00.000000+0000,43442.85546875,2081.89990234375
2023-12-28T00:00:00.000000+0000,42627.85546875,2073.89990234375
2023-12-28T12:00:00.000000+0000,42627.85546875,2073.89990234375
2023-12-29T00:00:00.000000+0000,42099.40234375,2062.39990234375
2023-12-29T12:00:00.000000+0000,42099.40234375,2062.39990234375
2023-12-30T00:00:00.000000+0000,42156.90234375,2062.39990234375
2023-12-30T12:00:00.000000+0000,42156.90234375,2062.39990234375
2023-12-31T00:00:00.000000+0000,42265.1875,2062.39990234375
2023-12-31T12:00:00.000000+0000,42265.1875,2062.39990234375
2024-01-01T00:00:00.000000+0000,44167.33203125,2062.39990234375
2024-01-01T12:00:00.000000+0000,44167.33203125,2062.39990234375
2024-01-02T00:00:00.000000+0000,44957.96875,2064.39990234375
2024-01-02T12:00:00.000000+0000,44957.96875,2064.39990234375
2024-01-03T00:00:00.000000+0000,42848.17578125,2034.199951171875
2024-01-03T12:00:00.000000+0000,42848.17578125,2034.199951171875
2024-01-04T00:00:00.000000+0000,44179.921875,2042.300048828125
2024-01-04T12:00:00.000000+0000,44179.921875,2042.300048828125
2024-01-05T00:00:00.000000+0000,44162.69140625,2042.4000244140625
2024-01-05T12:00:00.000000+0000,44162.69140625,2042.4000244140625
2024-01-06T00:00:00.000000+0000,43989.1953125,2042.4000244140625
2024-01-06T12:00:00.000000+0000,43989.1953125,2042.4000244140625
2024-01-07T00:00:00.000000+0000,43943.09765625,2042.4000244140625
2024-01-07T12:00:00.000000+0000,43943.09765625,2042.4000244140625
2024-01-08T00:00:00.000000+0000,46970.50390625,2026.5999755859375
2024-01-08T12:00:00.000000+0000,46970.50390625,2026.5999755859375
2024-01-09T00:00:00.000000+0000,46139.73046875,2026.4000244140625
2024-01-09T12:00:00.000000+0000,46139.73046875,2026.4000244140625
2024-01-10T00:00:00.000000+0000,46627.77734375,2021.699951171875
2024-01-10T12:00:00.000000+0000,46627.77734375,2021.699951171875
2024-01-11T00:00:00.000000+0000,46368.5859375,2014.300048828125
2024-01-11T12:00:00.000000+0000,46368.5859375,2014.300048828125
2024-01-12T00:00:00.000000+0000,42853.16796875,2046.699951171875
2024-01-12T12:00:00.000000+0000,42853.16796875,2046.699951171875
2024-01-13T00:00:00.000000+0000,42842.3828125,2046.699951171875
2024-01-13T12:00:00.000000+0000,42842.3828125,2046.699951171875
2024-01-14T00:00:00.000000+0000,41796.26953125,2046.699951171875
2024-01-14T12:00:00.000000+0000,41796.26953125,2046.699951171875
2024-01-15T00:00:00.000000+0000,42511.96875,2046.699951171875
2024-01-15T12:00:00.000000+0000,42511.96875,2046.699951171875
2024-01-16T00:00:00.000000+0000,43154.9453125,2026.0
2024-01-16T12:00:00.000000+0000,43154.9453125,2026.0
2024-01-17T00:00:00.000000+0000,42742.65234375,2002.5999755859375
2024-01-17T12:00:00.000000+0000,42742.65234375,2002.5999755859375
2024-01-18T00:00:00.000000+0000,41262.05859375,2018.5999755859375
2024-01-18T12:00:00.000000+0000,41262.05859375,2018.5999755859375
2024-01-19T00:00:00.000000+0000,41618.40625,2026.5
2024-01-19T12:00:00.000000+0000,41618.40625,2026.5
2024-01-20T00:00:00.000000+0000,41665.5859375,2026.5
2024-01-20T12:00:00.000000+0000,41665.5859375,2026.5
2024-01-21T00:00:00.000000+0000,41545.78515625,2026.5
2024-01-21T12:00:00.000000+0000,41545.78515625,2026.5
2024-01-22T00:00:00.000000+0000,39507.3671875,2019.800048828125
2024-01-22T12:00:00.000000+0000,39507.3671875,2019.800048828125
2024-01-23T00:00:00.000000+0000,39845.55078125,2023.699951171875
2024-01-23T12:00:00.000000+0000,39845.55078125,2023.699951171875
2024-01-24T00:00:00.000000+0000,40077.07421875,2013.9000244140625
2024-01-24T12:00:00.000000+0000,40077.07421875,2013.9000244140625
2024-01-25T00:00:00.000000+0000,39933.80859375,2016.9000244140625
2024-01-25T12:00:00.000000+0000,39933.80859375,2016.9000244140625
2024-01-26T00:00:00.000000+0000,41816.87109375,2016.800048828125
2024-01-26T12:00:00.000000+0000,41816.87109375,2016.800048828125
2024-01-27T00:00:00.000000+0000,42120.0546875,2016.800048828125
2024-01-27T12:00:00.000000+0000,42120.0546875,2016.800048828125
2024-01-28T00:00:00.000000+0000,42035.59375,2016.800048828125
2024-01-28T12:00:00.000000+0000,42035.59375,2016.800048828125
2024-01-29T00:00:00.000000+0000,43288.24609375,2025.199951171875
2024-01-29T12:00:00.000000+0000,43288.24609375,2025.199951171875
2024-01-30T00:00:00.000000+0000,42952.609375,2031.5
2024-01-30T12:00:00.000000+0000,42952.609375,2031.5
2024-01-31T00:00:00.000000+0000,42582.60546875,2048.39990234375
2024-01-31T12:00:00.000000+0000,42582.60546875,2048.39990234375
2024-02-01T00:00:00.000000+0000,43075.7734375,2053.0
2024-02-01T12:00:00.000000+0000,43075.7734375,2053.0
2024-02-02T00:00:00.000000+0000,43185.859375,2036.0999755859375
2024-02-02T12:00:00.000000+0000,43185.859375,2036.0999755859375
2024-02-03T00:00:00.000000+0000,42992.25,2036.0999755859375
2024-02-03T12:00:00.000000+0000,42992.25,2036.0999755859375
2024-02-04T00:00:00.000000+0000,42583.58203125,2036.0999755859375
2024-02-04T12:00:00.000000+0000,42583.58203125,2036.0999755859375
2024-02-05T00:00:00.000000+0000,42658.66796875,2025.699951171875
2024-02-05T12:00:00.000000+0000,42658.66796875,2025.699951171875
2024-02-06T00:00:00.000000+0000,43084.671875,2034.5
2024-02-06T12:00:00.000000+0000,43084.671875,2034.5
2024-02-07T00:00:00.000000+0000,44318.22265625,2035.199951171875
2024-02-07T12:00:00.000000+0000,44318.22265625,2035.199951171875
2024-02-08T00:00:00.000000+0000,45301.56640625,2032.199951171875
2024-02-08T12:00:00.000000+0000,45301.56640625,2032.199951171875
2024-02-09T00:00:00.000000+0000,47147.19921875,2023.300048828125
2024-02-09T12:00:00.000000+0000,47147.19921875,2023.300048828125
2024-02-10T00:00:00.000000+0000,47771.27734375,2023.300048828125
2024-02-10T12:00:00.000000+0000,47771.27734375,2023.300048828125
2024-02-11T00:00:00.000000+0000,48293.91796875,2023.300048828125
2024-02-11T12:00:00.000000+0000,48293.91796875,2023.300048828125
2024-02-12T00:00:00.000000+0000,49958.22265625,2018.199951171875
2024-02-12T12:00:00.000000+0000,49958.22265625,2018.199951171875
2024-02-13T00:00:00.000000+0000,49742.44140625,1992.9000244140625
2024-02-13T12:00:00.000000+0000,49742.44140625,1992.9000244140625
2024-02-14T00:00:00.000000+0000,51826.6953125,1990.300048828125
2024-02-14T12:00:00.000000+0000,51826.6953125,1990.300048828125
2024-02-15T00:00:00.000000+0000,51938.5546875,2002.0999755859375
2024-02-15T12:00:00.000000+0000,51938.5546875,2002.0999755859375
2024-02-16T00:00:00.000000+0000,52160.203125,2011.5
2024-02-16T12:00:00.000000+0000,52160.203125,2011.5
2024-02-17T00:00:00.000000+0000,51662.99609375,2011.5
2024-02-17T12:00:00.000000+0000,51662.99609375,2011.5
2024-02-18T00:00:00.000000+0000,52122.546875,2011.5
2024-02-18T12:00:00.000000+0000,52122.546875,2011.5
2024-02-19T00:00:00.000000+0000,51779.14453125,2011.5
2024-02-19T12:00:00.000000+0000,51779.14453125,2011.5
2024-02-20T00:00:00.000000+0000,52284.875,2027.5
2024-02-20T12:00:00.000000+0000,52284.875,2027.5
2024-02-21T00:00:00.000000+0000,51839.1796875,2022.300048828125
2024-02-21T12:00:00.000000+0000,51839.1796875,2022.300048828125
2024-02-22T00:00:00.000000+0000,51304.97265625,2019.699951171875
2024-02-22T12:00:00.000000+0000,51304.97265625,2019.699951171875
2024-02-23T00:00:00.000000+0000,50731.94921875,2038.5999755859375
2024-02-23T12:00:00.000000+0000,50731.94921875,2038.5999755859375
2024-02-24T00:00:00.000000+0000,51571.1015625,2038.5999755859375
2024-02-24T12:00:00.000000+0000,51571.1015625,2038.5999755859375
2024-02-25T00:00:00.000000+0000,51733.23828125,2038.5999755859375
2024-02-25T12:00:00.000000+0000,51733.23828125,2038.5999755859375
2024-02-26T00:00:00.000000+0000,54522.40234375,2028.5
2024-02-26T12:00:00.000000+0000,54522.40234375,2028.5
2024-02-27T00:00:00.000000+0000,57085.37109375,2034.0
2024-02-27T12:00:00.000000+0000,57085.37109375,2034.0
2024-02-28T00:00:00.000000+0000,62504.7890625,2033.0
2024-02-28T12:00:00.000000+0000,62504.7890625,2033.0
2024-02-29T00:00:00.000000+0000,61198.3828125,2045.699951171875
2024-02-29T12:00:00.000000+0000,61198.3828125,2045.699951171875
2024-03-01T00:00:00.000000+0000,62440.6328125,2086.89990234375
2024-03-01T12:00:00.000000+0000,62440.6328125,2086.89990234375
2024-03-02T00:00:00.000000+0000,62029.84765625,2086.89990234375
2024-03-02T12:00:00.000000+0000,62029.84765625,2086.89990234375
2024-03-03T00:00:00.000000+0000,63167.37109375,2086.89990234375
2024-03-03T12:00:00.000000+0000,63167.37109375,2086.89990234375
2024-03-04T00:00:00.000000+0000,68330.4140625,2117.699951171875
2024-03-04T12:00:00.000000+0000,68330.4140625,2117.699951171875
2024-03-05T00:00:00.000000+0000,63801.19921875,2133.5
2024-03-05T12:00:00.000000+0000,63801.19921875,2133.5
2024-03-06T00:00:00.000000+0000,66106.8046875,2150.300048828125
2024-03-06T12:00:00.000000+0000,66106.8046875,2150.300048828125
2024-03-07T00:00:00.000000+0000,66925.484375,2158.0
2024-03-07T12:00:00.000000+0000,66925.484375,2158.0
2024-03-08T00:00:00.000000+0000,68300.09375,2178.60009765625
2024-03-08T12:00:00.000000+0000,68300.09375,2178.60009765625
2024-03-09T00:00:00.000000+0000,68498.8828125,2178.60009765625
2024-03-09T12:00:00.000000+0000,68498.8828125,2178.60009765625
2024-03-10T00:00:00.000000+0000,69019.7890625,2178.60009765625
2024-03-10T12:00:00.000000+0000,69019.7890625,2178.60009765625
2024-03-11T00:00:00.000000+0000,72123.90625,2182.5
2024-03-11T12:00:00.000000+0000,72123.90625,2182.5
2024-03-12T00:00:00.000000+0000,71481.2890625,2160.39990234375
2024-03-12T12:00:00.000000+0000,71481.2890625,2160.39990234375
2024-03-13T00:00:00.000000+0000,73083.5,2175.39990234375
2024-03-13T12:00:00.000000+0000,73083.5,2175.39990234375
2024-03-14T00:00:00.000000+0000,71396.59375,2163.0
2024-03-14T12:00:00.000000+0000,71396.59375,2163.0
2024-03-15T00:00:00.000000+0000,69403.7734375,2157.300048828125
2024-03-15T12:00:00.000000+0000,69403.7734375,2157.300048828125
2024-03-16T00:00:00.000000+0000,65315.1171875,2157.300048828125
2024-03-16T12:00:00.000000+0000,65315.1171875,2157.300048828125
2024-03-17T00:00:00.000000+0000,68390.625,2157.300048828125
2024-03-17T12:00:00.000000+0000,68390.625,2157.300048828125
2024-03-18T00:00:00.000000+0000,67548.59375,2160.699951171875
2024-03-18T12:00:00.000000+0000,67548.59375,2160.699951171875
2024-03-19T00:00:00.000000+0000,61912.7734375,2156.300048828125
2024-03-19T12:00:00.000000+0000,61912.7734375,2156.300048828125
2024-03-20T00:00:00.000000+0000,67913.671875,2157.89990234375
2024-03-20T12:00:00.000000+0000,67913.671875,2157.89990234375
2024-03-21T00:00:00.000000+0000,65491.390625,2182.39990234375
2024-03-21T12:00:00.000000+0000,65491.390625,2182.39990234375
2024-03-22T00:00:00.000000+0000,63778.76171875,2158.10009765625
2024-03-22T12:00:00.000000+0000,63778.76171875,2158.10009765625
2024-03-23T00:00:00.000000+0000,64062.203125,2158.10009765625
2024-03-23T12:00:00.000000+0000,64062.203125,2158.10009765625
2024-03-24T00:00:00.000000+0000,67234.171875,2158.10009765625
2024-03-24T12:00:00.000000+0000,67234.171875,2158.10009765625
2024-03-25T00:00:00.000000+0000,69958.8125,2174.800048828125
2024-03-25T12:00:00.000000+0000,69958.8125,2174.800048828125
2024-03-26T00:00:00.000000+0000,69987.8359375,2175.60009765625
2024-03-26T12:00:00.000000+0000,69987.8359375,2175.60009765625
2024-03-27T00:00:00.000000+0000,69455.34375,2190.60009765625
2024-03-27T12:00:00.000000+0000,69455.34375,2190.60009765625
2024-03-28T00:00:00.000000+0000,70744.953125,2217.39990234375
2024-03-28T12:00:00.000000+0000,70744.953125,2217.39990234375
2024-03-29T00:00:00.000000+0000,69892.828125,2217.39990234375
2024-03-29T12:00:00.000000+0000,69892.828125,2217.39990234375
2024-03-30T00:00:00.000000+0000,69645.3046875,2217.39990234375
2024-03-30T12:00:00.000000+0000,69645.3046875,2217.39990234375
2024-03-31T00:00:00.000000+0000,71333.6484375,2217.39990234375
2024-03-31T12:00:00.000000+0000,71333.6484375,2217.39990234375
2024-04-01T00:00:00.000000+0000,69702.1484375,2236.5
2024-04-01T12:00:00.000000+0000,69702.1484375,2236.5
2024-04-02T00:00:00.000000+0000,65446.97265625,2261.0
2024-04-02T12:00:00.000000+0000,65446.97265625,2261.0
2024-04-03T00:00:00.000000+0000,65980.8125,2294.39990234375
2024-04-03T12:00:00.000000+0000,65980.8125,2294.39990234375
2024-04-04T00:00:00.000000+0000,68508.84375,2288.800048828125
2024-04-04T12:00:00.000000+0000,68508.84375,2288.800048828125
2024-04-05T00:00:00.000000+0000,67837.640625,2325.699951171875
2024-04-05T12:00:00.000000+0000,67837.640625,2325.699951171875
2024-04-06T00:00:00.000000+0000,68896.109375,2325.699951171875
2024-04-06T12:00:00.000000+0000,68896.109375,2325.699951171875
2024-04-07T00:00:00.000000+0000,69362.5546875,2325.699951171875
2024-04-07T12:00:00.000000+0000,69362.5546875,2325.699951171875
2024-04-08T00:00:00.000000+0000,71631.359375,2331.699951171875
2024-04-08T12:00:00.000000+0000,71631.359375,2331.699951171875
2024-04-09T00:00:00.000000+0000,69139.015625,2343.5
2024-04-09T12:00:00.000000+0000,69139.015625,2343.5
2024-04-10T00:00:00.000000+0000,70587.8828125,2329.60009765625
2024-04-10T12:00:00.000000+0000,70587.8828125,2329.60009765625
2024-04-11T00:00:00.000000+0000,70060.609375,2354.800048828125
2024-04-11T12:00:00.000000+0000,70060.609375,2354.800048828125
2024-04-12T00:00:00.000000+0000,67195.8671875,2356.199951171875
2024-04-12T12:00:00.000000+0000,67195.8671875,2356.199951171875
2024-04-13T00:00:00.000000+0000,63821.47265625,2356.199951171875
2024-04-13T12:00:00.000000+0000,63821.47265625,2356.199951171875
2024-04-14T00:00:00.000000+0000,65738.7265625,2356.199951171875
2024-04-14T12:00:00.000000+0000,65738.7265625,2356.199951171875
2024-04-15T00:00:00.000000+0000,63426.2109375,2365.800048828125
2024-04-15T12:00:00.000000+0000,63426.2109375,2365.800048828125
2024-04-16T00:00:00.000000+0000,63811.86328125,2390.800048828125
2024-04-16T12:00:00.000000+0000,63811.86328125,2390.800048828125
2024-04-17T00:00:00.000000+0000,61276.69140625,2371.699951171875
2024-04-17T12:00:00.000000+0000,61276.69140625,2371.699951171875
2024-04-18T00:00:00.000000+0000,63512.75390625,2382.300048828125
2024-04-18T12:00:00.000000+0000,63512.75390625,2382.300048828125
2024-04-19T00:00:00.000000+0000,63843.5703125,2398.39990234375
2024-04-19T12:00:00.000000+0000,63843.5703125,2398.39990234375
2024-04-20T00:00:00.000000+0000,64994.44140625,2398.39990234375
2024-04-20T12:00:00.000000+0000,64994.44140625,2398.39990234375
2024-04-21T00:00:00.000000+0000,64926.64453125,2398.39990234375
2024-04-21T12:00:00.000000+0000,64926.64453125,2398.39990234375
2024-04-22T00:00:00.000000+0000,66837.6796875,2332.199951171875
2024-04-22T12:00:00.000000+0000,66837.6796875,2332.199951171875
2024-04-23T00:00:00.000000+0000,66407.2734375,2327.699951171875
2024-04-23T12:00:00.000000+0000,66407.2734375,2327.699951171875
2024-04-24T00:00:00.000000+0000,64276.8984375,2324.5
2024-04-24T12:00:00.000000+0000,64276.8984375,2324.5
2024-04-25T00:00:00.000000+0000,64481.70703125,2329.800048828125
2024-04-25T12:00:00.000000+0000,64481.70703125,2329.800048828125
2024-04-26T00:00:00.000000+0000,63755.3203125,2334.800048828125
2024-04-26T12:00:00.000000+0000,63755.3203125,2334.800048828125
2024-04-27T00:00:00.000000+0000,63419.140625,2334.800048828125
2024-04-27T12:00:00.000000+0000,63419.140625,2334.800048828125
2024-04-28T00:00:00.000000+0000,63113.23046875,2334.800048828125
2024-04-28T12:00:00.000000+0000,63113.23046875,2334.800048828125
2024-04-29T00:00:00.000000+0000,63841.12109375,2345.39990234375
2024-04-29T12:00:00.000000+0000,63841.12109375,2345.39990234375
2024-04-30T00:00:00.000000+0000,60636.85546875,2291.39990234375
2024-04-30T12:00:00.000000+0000,60636.85546875,2291.39990234375
2024-05-01T00:00:00.000000+0000,58254.01171875,2299.89990234375
2024-05-01T12:00:00.000000+0000,58254.01171875,2299.89990234375
2024-05-02T00:00:00.000000+0000,59123.43359375,2299.199951171875
2024-05-02T12:00:00.000000+0000,59123.43359375,2299.199951171875
2024-05-03T00:00:00.000000+0000,62889.8359375,2299.0
2024-05-03T12:00:00.000000+0000,62889.8359375,2299.0
2024-05-04T00:00:00.000000+0000,63891.47265625,2299.0
2024-05-04T12:00:00.000000+0000,63891.47265625,2299.0
2024-05-05T00:00:00.000000+0000,64031.1328125,2299.0
2024-05-05T12:00:00.000000+0000,64031.1328125,2299.0
2024-05-06T00:00:00.000000+0000,63161.94921875,2321.60009765625
2024-05-06T12:00:00.000000+0000,63161.94921875,2321.60009765625
2024-05-07T00:00:00.000000+0000,62334.81640625,2315.199951171875
2024-05-07T12:00:00.000000+0000,62334.81640625,2315.199951171875
2024-05-08T00:00:00.000000+0000,61187.94140625,2313.60009765625
2024-05-08T12:00:00.000000+0000,61187.94140625,2313.60009765625
2024-05-09T00:00:00.000000+0000,63049.9609375,2332.10009765625
2024-05-09T12:00:00.000000+0000,63049.9609375,2332.10009765625
2024-05-10T00:00:00.000000+0000,60792.77734375,2367.300048828125
2024-05-10T12:00:00.000000+0000,60792.77734375,2367.300048828125
2024-05-11T00:00:00.000000+0000,60793.7109375,2367.300048828125
2024-05-11T12:00:00.000000+0000,60793.7109375,2367.300048828125
2024-05-12T00:00:00.000000+0000,61448.39453125,2367.300048828125
2024-05-12T12:00:00.000000+0000,61448.39453125,2367.300048828125
2024-05-13T00:00:00.000000+0000,62901.44921875,2336.10009765625
2024-05-13T12:00:00.000000+0000,62901.44921875,2336.10009765625
2024-05-14T00:00:00.000000+0000,61552.7890625,2353.39990234375
2024-05-14T12:00:00.000000+0000,61552.7890625,2353.39990234375
2024-05-15T00:00:00.000000+0000,66267.4921875,2388.699951171875
2024-05-15T12:00:00.000000+0000,66267.4921875,2388.699951171875
2024-05-16T00:00:00.000000+0000,65231.58203125,2380.0
2024-05-16T12:00:00.000000+0000,65231.58203125,2380.0
2024-05-17T00:00:00.000000+0000,67051.875,2412.199951171875
2024-05-17T12:00:00.000000+0000,67051.875,2412.199951171875
2024-05-18T00:00:00.000000+0000,66940.8046875,2412.199951171875
2024-05-18T12:00:00.000000+0000,66940.8046875,2412.199951171875
2024-05-19T00:00:00.000000+0000,66278.3671875,2412.199951171875
2024-05-19T12:00:00.000000+0000,66278.3671875,2412.199951171875
2024-05-20T00:00:00.000000+0000,71448.1953125,2433.89990234375
2024-05-20T12:00:00.000000+0000,71448.1953125,2433.89990234375
2024-05-21T00:00:00.000000+0000,70136.53125,2421.699951171875
2024-05-21T12:00:00.000000+0000,70136.53125,2421.699951171875
2024-05-22T00:00:00.000000+0000,69122.3359375,2389.199951171875
2024-05-22T12:00:00.000000+0000,69122.3359375,2389.199951171875
2024-05-23T00:00:00.000000+0000,67929.5625,2335.0
2024-05-23T12:00:00.000000+0000,67929.5625,2335.0
2024-05-24T00:00:00.000000+0000,68526.1015625,2332.5
2024-05-24T12:00:00.000000+0000,68526.1015625,2332.5
2024-05-25T00:00:00.000000+0000,69265.9453125,2332.5
2024-05-25T12:00:00.000000+0000,69265.9453125,2332.5
2024-05-26T00:00:00.000000+0000,68518.09375,2332.5
2024-05-26T12:00:00.000000+0000,68518.09375,2332.5
2024-05-27T00:00:00.000000+0000,69394.5546875,2332.5
2024-05-27T12:00:00.000000+0000,69394.5546875,2332.5
2024-05-28T00:00:00.000000+0000,68296.21875,2355.199951171875
2024-05-28T12:00:00.000000+0000,68296.21875,2355.199951171875
2024-05-29T00:00:00.000000+0000,67578.09375,2340.300048828125
2024-05-29T12:00:00.000000+0000,67578.09375,2340.300048828125
2024-05-30T00:00:00.000000+0000,68364.9921875,2342.89990234375
2024-05-30T12:00:00.000000+0000,68364.9921875,2342.89990234375
2024-05-31T00:00:00.000000+0000,67491.4140625,2322.89990234375
2024-05-31T12:00:00.000000+0000,67491.4140625,2322.89990234375
2024-06-01T00:00:00.000000+0000,67706.9375,2322.89990234375
2024-06-01T12:00:00.000000+0000,67706.9375,2322.89990234375
2024-06-02T00:00:00.000000+0000,67751.6015625,2322.89990234375
2024-06-02T12:00:00.000000+0000,67751.6015625,2322.89990234375
2024-06-03T00:00:00.000000+0000,68804.78125,2346.60009765625
2024-06-03T12:00:00.000000+0000,68804.78125,2346.60009765625
2024-06-04T00:00:00.000000+0000,70567.765625,2325.5
2024-06-04T12:00:00.000000+0000,70567.765625,2325.5
2024-06-05T00:00:00.000000+0000,71082.8203125,2354.10009765625
2024-06-05T12:00:00.000000+0000,71082.8203125,2354.10009765625
2024-06-06T00:00:00.000000+0000,70757.1640625,2370.300048828125
2024-06-06T12:00:00.000000+0000,70757.1640625,2370.300048828125
2024-06-07T00:00:00.000000+0000,69342.5859375,2305.199951171875
2024-06-07T12:00:00.000000+0000,69342.5859375,2305.199951171875
2024-06-08T00:00:00.000000+0000,69305.7734375,2305.199951171875
2024-06-08T12:00:00.000000+0000,69305.7734375,2305.199951171875
2024-06-09T00:00:00.000000+0000,69647.9921875,2305.199951171875
2024-06-09T12:00:00.000000+0000,69647.9921875,2305.199951171875
2024-06-10T00:00:00.000000+0000,69512.28125,2307.699951171875
2024-06-10T12:00:00.000000+0000,69512.28125,2307.699951171875
2024-06-11T00:00:00.000000+0000,67332.03125,2307.5
2024-06-11T12:00:00.000000+0000,67332.03125,2307.5
2024-06-12T00:00:00.000000+0000,68241.1875,2336.0
2024-06-12T12:00:00.000000+0000,68241.1875,2336.0
2024-06-13T00:00:00.000000+0000,66756.3984375,2300.199951171875
2024-06-13T12:00:00.000000+0000,66756.3984375,2300.199951171875
2024-06-14T00:00:00.000000+0000,66011.09375,2331.39990234375
2024-06-14T12:00:00.000000+0000,66011.09375,2331.39990234375
2024-06-15T00:00:00.000000+0000,66191.0,2331.39990234375
2024-06-15T12:00:00.000000+0000,66191.0,2331.39990234375
2024-06-16T00:00:00.000000+0000,66639.046875,2331.39990234375
2024-06-16T12:00:00.000000+0000,66639.046875,2331.39990234375
2024-06-17T00:00:00.000000+0000,66490.296875,2312.39990234375
2024-06-17T12:00:00.000000+0000,66490.296875,2312.39990234375
2024-06-18T00:00:00.000000+0000,65140.74609375,2330.39990234375
2024-06-18T12:00:00.000000+0000,65140.74609375,2330.39990234375
2024-06-19T00:00:00.000000+0000,64960.296875,2330.39990234375
2024-06-19T12:00:00.000000+0000,64960.296875,2330.39990234375
2024-06-20T00:00:00.000000+0000,64828.65625,2353.800048828125
2024-06-20T12:00:00.000000+0000,64828.65625,2353.800048828125
2024-06-21T00:00:00.000000+0000,64096.19921875,2316.39990234375
2024-06-21T12:00:00.000000+0000,64096.19921875,2316.39990234375
2024-06-22T00:00:00.000000+0000,64252.578125,2316.39990234375
2024-06-22T12:00:00.000000+0000,64252.578125,2316.39990234375
2024-06-23T00:00:00.000000+0000,63180.796875,2316.39990234375
2024-06-23T12:00:00.000000+0000,63180.796875,2316.39990234375
2024-06-24T00:00:00.000000+0000,60277.4140625,2330.0
2024-06-24T12:00:00.000000+0000,60277.4140625,2330.0
2024-06-25T00:00:00.000000+0000,61804.640625,2316.60009765625
2024-06-25T12:00:00.000000+0000,61804.640625,2316.60009765625
2024-06-26T00:00:00.000000+0000,60811.27734375,2299.199951171875
2024-06-26T12:00:00.000000+0000,60811.27734375,2299.199951171875
2024-06-27T00:00:00.000000+0000,61604.80078125,2324.5
2024-06-27T12:00:00.000000+0000,61604.80078125,2324.5
2024-06-28T00:00:00.000000+0000,60320.13671875,2327.699951171875
2024-06-28T12:00:00.000000+0000,60320.13671875,2327.699951171875
2024-06-29T00:00:00.000000+0000,60887.37890625,2327.699951171875
2024-06-29T12:00:00.000000+0000,60887.37890625,2327.699951171875
2024-06-30T00:00:00.000000+0000,62678.29296875,2327.699951171875
2024-06-30T12:00:00.000000+0000,62678.29296875,2327.699951171875
2024-07-01T00:00:00.000000+0000,62851.98046875,2327.60009765625
2024-07-01T12:00:00.000000+0000,62851.98046875,2327.60009765625
2024-07-02T00:00:00.000000+0000,62029.015625,2323.0
2024-07-02T12:00:00.000000+0000,62029.015625,2323.0
2024-07-03T00:00:00.000000+0000,60173.921875,2359.800048828125
2024-07-03T12:00:00.000000+0000,60173.921875,2359.800048828125
2024-07-04T00:00:00.000000+0000,56977.703125,2359.800048828125
2024-07-04T12:00:00.000000+0000,56977.703125,2359.800048828125
2024-07-05T00:00:00.000000+0000,56662.375,2388.5
2024-07-05T12:00:00.000000+0000,56662.375,2388.5
2024-07-06T00:00:00.000000+0000,58303.5390625,2388.5
2024-07-06T12:00:00.000000+0000,58303.5390625,2388.5
2024-07-07T00:00:00.000000+0000,55849.109375,2388.5
2024-07-07T12:00:00.000000+0000,55849.109375,2388.5
2024-07-08T00:00:00.000000+0000,56705.09765625,2355.199951171875
2024-07-08T12:00:00.000000+0000,56705.09765625,2355.199951171875
2024-07-09T00:00:00.000000+0000,58009.2265625,2360.10009765625
2024-07-09T12:00:00.000000+0000,58009.2265625,2360.10009765625
2024-07-10T00:00:00.000000+0000,57742.49609375,2372.199951171875
2024-07-10T12:00:00.000000+0000,57742.49609375,2372.199951171875
2024-07-11T00:00:00.000000+0000,57344.9140625,2415.0
2024-07-11T12:00:00.000000+0000,57344.9140625,2415.0
2024-07-12T00:00:00.000000+0000,57899.46484375,2414.0
2024-07-12T12:00:00.000000+0000,57899.46484375,2414.0
2024-07-13T00:00:00.000000+0000,59231.953125,2414.0
2024-07-13T12:00:00.000000+0000,59231.953125,2414.0
2024-07-14T00:00:00.000000+0000,60787.79296875,2414.0
2024-07-14T12:00:00.000000+0000,60787.79296875,2414.0
2024-07-15T00:00:00.000000+0000,64870.15234375,2422.89990234375
2024-07-15T12:00:00.000000+0000,64870.15234375,2422.89990234375
2024-07-16T00:00:00.000000+0000,65097.1484375,2462.39990234375
2024-07-16T12:00:00.000000+0000,65097.1484375,2462.39990234375
2024-07-17T00:00:00.000000+0000,64118.79296875,2454.800048828125
2024-07-17T12:00:00.000000+0000,64118.79296875,2454.800048828125
2024-07-18T00:00:00.000000+0000,63974.06640625,2451.800048828125
2024-07-18T12:00:00.000000+0000,63974.06640625,2451.800048828125
2024-07-19T00:00:00.000000+0000,66710.15625,2395.5
2024-07-19T12:00:00.000000+0000,66710.15625,2395.5
2024-07-20T00:00:00.000000+0000,67163.6484375,2395.5
2024-07-20T12:00:00.000000+0000,67163.6484375,2395.5
2024-07-21T00:00:00.000000+0000,68154.5234375,2395.5
2024-07-21T12:00:00.000000+0000,68154.5234375,2395.5
2024-07-22T00:00:00.000000+0000,67585.25,2392.0
2024-07-22T12:00:00.000000+0000,67585.25,2392.0
2024-07-23T00:00:00.000000+0000,65927.671875,2404.60009765625
2024-07-23T12:00:00.000000+0000,65927.671875,2404.60009765625
2024-07-24T00:00:00.000000+0000,65372.1328125,2413.300048828125
2024-07-24T12:00:00.000000+0000,65372.1328125,2413.300048828125
2024-07-25T00:00:00.000000+0000,65777.2265625,2351.89990234375
2024-07-25T12:00:00.000000+0000,65777.2265625,2351.89990234375
2024-07-26T00:00:00.000000+0000,67912.0625,2380.0
2024-07-26T12:00:00.000000+0000,67912.0625,2380.0
2024-07-27T00:00:00.000000+0000,67813.3359375,2380.0
2024-07-27T12:00:00.000000+0000,67813.3359375,2380.0
2024-07-28T00:00:00.000000+0000,68255.8671875,2380.0
2024-07-28T12:00:00.000000+0000,68255.8671875,2380.0
2024-07-29T00:00:00.000000+0000,66819.9140625,2377.300048828125
2024-07-29T12:00:00.000000+0000,66819.9140625,2377.300048828125
2024-07-30T00:00:00.000000+0000,66201.015625,2405.0
2024-07-30T12:00:00.000000+0000,66201.015625,2405.0
2024-07-31T00:00:00.000000+0000,64619.25,2426.5
2024-07-31T12:00:00.000000+0000,64619.25,2426.5
2024-08-01T00:00:00.000000+0000,65357.5,2435.0
2024-08-01T12:00:00.000000+0000,65357.5,2435.0
2024-08-02T00:00:00.000000+0000,61415.06640625,2425.699951171875
2024-08-02T12:00:00.000000+0000,61415.06640625,2425.699951171875
2024-08-03T00:00:00.000000+0000,60680.09375,2425.699951171875
2024-08-03T12:00:00.000000+0000,60680.09375,2425.699951171875
2024-08-04T00:00:00.000000+0000,58116.9765625,2425.699951171875
2024-08-04T12:00:00.000000+0000,58116.9765625,2425.699951171875
2024-08-05T00:00:00.000000+0000,53991.45703125,2401.699951171875
2024-08-05T12:00:00.000000+0000,53991.45703125,2401.699951171875
2024-08-06T00:00:00.000000+0000,56034.31640625,2389.10009765625
2024-08-06T12:00:00.000000+0000,56034.31640625,2389.10009765625
2024-08-07T00:00:00.000000+0000,55027.4609375,2390.5
2024-08-07T12:00:00.000000+0000,55027.4609375,2390.5
2024-08-08T00:00:00.000000+0000,61710.13671875,2422.199951171875
2024-08-08T12:00:00.000000+0000,61710.13671875,2422.199951171875
2024-08-09T00:00:00.000000+0000,60880.11328125,2432.10009765625
2024-08-09T12:00:00.000000+0000,60880.11328125,2432.10009765625
2024-08-10T00:00:00.000000+0000,60945.8125,2432.10009765625
2024-08-10T12:00:00.000000+0000,60945.8125,2432.10009765625
2024-08-11T00:00:00.000000+0000,58719.484375,2432.10009765625
2024-08-11T12:00:00.000000+0000,58719.484375,2432.10009765625
2024-08-12T00:00:00.000000+0000,59354.515625,2462.39990234375
2024-08-12T12:00:00.000000+0000,59354.515625,2462.39990234375
2024-08-13T00:00:00.000000+0000,60609.56640625,2466.699951171875
2024-08-13T12:00:00.000000+0000,60609.56640625,2466.699951171875
2024-08-14T00:00:00.000000+0000,58737.26953125,2439.39990234375
2024-08-14T12:00:00.000000+0000,58737.26953125,2439.39990234375
2024-08-15T00:00:00.000000+0000,57560.09765625,2453.10009765625
2024-08-15T12:00:00.000000+0000,57560.09765625,2453.10009765625
2024-08-16T00:00:00.000000+0000,58894.10546875,2498.60009765625
2024-08-16T12:00:00.000000+0000,58894.10546875,2498.60009765625
2024-08-17T00:00:00.000000+0000,59478.97265625,2498.60009765625
2024-08-17T12:00:00.000000+0000,59478.97265625,2498.60009765625
2024-08-18T00:00:00.000000+0000,58483.96484375,2498.60009765625
2024-08-18T12:00:00.000000+0000,58483.96484375,2498.60009765625
2024-08-19T00:00:00.000000+0000,59493.453125,2501.800048828125
2024-08-19T12:00:00.000000+0000,59493.453125,2501.800048828125
2024-08-20T00:00:00.000000+0000,59012.79296875,2511.300048828125
2024-08-20T12:00:00.000000+0000,59012.79296875,2511.300048828125
2024-08-21T00:00:00.000000+0000,61175.19140625,2508.39990234375
2024-08-21T12:00:00.000000+0000,61175.19140625,2508.39990234375
2024-08-22T00:00:00.000000+0000,60381.9140625,2478.89990234375
2024-08-22T12:00:00.000000+0000,60381.9140625,2478.89990234375
2024-08-23T00:00:00.000000+0000,64094.35546875,2508.39990234375
2024-08-23T12:00:00.000000+0000,64094.35546875,2508.39990234375
2024-08-24T00:00:00.000000+0000,64178.9921875,2508.39990234375
2024-08-24T12:00:00.000000+0000,64178.9921875,2508.39990234375
2024-08-25T00:00:00.000000+0000,64333.54296875,2508.39990234375
2024-08-25T12:00:00.000000+0000,64333.54296875,2508.39990234375
2024-08-26T00:00:00.000000+0000,62880.66015625,2517.699951171875
2024-08-26T12:00:00.000000+0000,62880.66015625,2517.699951171875
2024-08-27T00:00:00.000000+0000,59504.1328125,2516.0
2024-08-27T12:00:00.000000+0000,59504.1328125,2516.0
2024-08-28T00:00:00.000000+0000,59027.625,2501.0
2024-08-28T12:00:00.000000+0000,59027.625,2501.0
2024-08-29T00:00:00.000000+0000,59388.1796875,2525.699951171875
2024-08-29T12:00:00.000000+0000,59388.1796875,2525.699951171875
2024-08-30T00:00:00.000000+0000,59119.4765625,2493.800048828125
2024-08-30T12:00:00.000000+0000,59119.4765625,2493.800048828125
2024-08-31T00:00:00.000000+0000,58969.8984375,2493.800048828125
2024-08-31T12:00:00.000000+0000,58969.8984375,2493.800048828125
2024-09-01T00:00:00.000000+0000,57325.48828125,2493.800048828125
2024-09-01T12:00:00.000000+0000,57325.48828125,2493.800048828125
2024-09-02T00:00:00.000000+0000,59112.48046875,2493.800048828125
2024-09-02T12:00:00.000000+0000,59112.48046875,2493.800048828125
2024-09-03T00:00:00.000000+0000,57431.0234375,2489.89990234375
2024-09-03T12:00:00.000000+0000,57431.0234375,2489.89990234375
2024-09-04T00:00:00.000000+0000,57971.5390625,2493.39990234375
2024-09-04T12:00:00.000000+0000,57971.5390625,2493.39990234375
2024-09-05T00:00:00.000000+0000,56160.48828125,2511.39990234375
2024-09-05T12:00:00.000000+0000,56160.48828125,2511.39990234375
2024-09-06T00:00:00.000000+0000,53948.75390625,2493.5
2024-09-06T12:00:00.000000+0000,53948.75390625,2493.5
2024-09-07T00:00:00.000000+0000,54139.6875,2493.5
2024-09-07T12:00:00.000000+0000,54139.6875,2493.5
2024-09-08T00:00:00.000000+0000,54841.56640625,2493.5
2024-09-08T12:00:00.000000+0000,54841.56640625,2493.5
2024-09-09T00:00:00.000000+0000,57019.53515625,2501.800048828125
2024-09-09T12:00:00.000000+0000,57019.53515625,2501.800048828125
2024-09-10T00:00:00.000000+0000,57648.7109375,2512.300048828125
2024-09-10T12:00:00.000000+0000,57648.7109375,2512.300048828125
2024-09-11T00:00:00.000000+0000,57343.171875,2512.10009765625
2024-09-11T12:00:00.000000+0000,57343.171875,2512.10009765625
2024-09-12T00:00:00.000000+0000,58127.01171875,2551.199951171875
2024-09-12T12:00:00.000000+0000,58127.01171875,2551.199951171875
2024-09-13T00:00:00.000000+0000,60571.30078125,2581.300048828125
2024-09-13T12:00:00.000000+0000,60571.30078125,2581.300048828125
2024-09-14T00:00:00.000000+0000,60005.12109375,2581.300048828125
2024-09-14T12:00:00.000000+0000,60005.12109375,2581.300048828125
2024-09-15T00:00:00.000000+0000,59182.8359375,2581.300048828125
2024-09-15T12:00:00.000000+0000,59182.8359375,2581.300048828125
2024-09-16T00:00:00.000000+0000,58192.5078125,2580.39990234375
2024-09-16T12:00:00.000000+0000,58192.5078125,2580.39990234375
2024-09-17T00:00:00.000000+0000,60308.5390625,2564.300048828125
2024-09-17T12:00:00.000000+0000,60308.5390625,2564.300048828125
2024-09-18T00:00:00.000000+0000,61649.6796875,2570.699951171875
2024-09-18T12:00:00.000000+0000,61649.6796875,2570.699951171875
2024-09-19T00:00:00.000000+0000,62940.45703125,2588.0
2024-09-19T12:00:00.000000+0000,62940.45703125,2588.0
2024-09-20T00:00:00.000000+0000,63192.9765625,2619.89990234375
2024-09-20T12:00:00.000000+0000,63192.9765625,2619.89990234375
2024-09-21T00:00:00.000000+0000,63394.83984375,2619.89990234375
2024-09-21T12:00:00.000000+0000,63394.83984375,2619.89990234375
2024-09-22T00:00:00.000000+0000,63648.7109375,2619.89990234375
2024-09-22T12:00:00.000000+0000,63648.7109375,2619.89990234375
2024-09-23T00:00:00.000000+0000,63329.80078125,2626.5
2024-09-23T12:00:00.000000+0000,63329.80078125,2626.5
2024-09-24T00:00:00.000000+0000,64301.96875,2651.199951171875
2024-09-24T12:00:00.000000+0000,64301.96875,2651.199951171875
2024-09-25T00:00:00.000000+0000,63143.14453125,2659.199951171875
2024-09-25T12:00:00.000000+0000,63143.14453125,2659.199951171875
2024-09-26T00:00:00.000000+0000,65181.01953125,2669.89990234375
2024-09-26T12:00:00.000000+0000,65181.01953125,2669.89990234375
2024-09-27T00:00:00.000000+0000,65790.6640625,2644.300048828125
2024-09-27T12:00:00.000000+0000,65790.6640625,2644.300048828125
2024-09-28T00:00:00.000000+0000,65887.6484375,2644.300048828125
2024-09-28T12:00:00.000000+0000,65887.6484375,2644.300048828125
2024-09-29T00:00:00.000000+0000,65635.3046875,2644.300048828125
2024-09-29T12:00:00.000000+0000,65635.3046875,2644.300048828125
2024-09-30T00:00:00.000000+0000,63329.5,2636.10009765625
2024-09-30T12:00:00.000000+0000,63329.5,2636.10009765625
2024-10-01T00:00:00.000000+0000,60837.0078125,2667.300048828125
2024-10-01T12:00:00.000000+0000,60837.0078125,2667.300048828125
2024-10-02T00:00:00.000000+0000,60632.78515625,2647.10009765625
2024-10-02T12:00:00.000000+0000,60632.78515625,2647.10009765625
2024-10-03T00:00:00.000000+0000,60759.40234375,2657.10009765625
2024-10-03T12:00:00.000000+0000,60759.40234375,2657.10009765625
2024-10-04T00:00:00.000000+0000,62067.4765625,2645.800048828125
2024-10-04T12:00:00.000000+0000,62067.4765625,2645.800048828125
2024-10-05T00:00:00.000000+0000,62089.94921875,2645.800048828125
2024-10-05T12:00:00.000000+0000,62089.94921875,2645.800048828125
2024-10-06T00:00:00.000000+0000,62818.953125,2645.800048828125
2024-10-06T12:00:00.000000+0000,62818.953125,2645.800048828125
2024-10-07T00:00:00.000000+0000,62236.66015625,2644.800048828125
2024-10-07T12:00:00.000000+0000,62236.66015625,2644.800048828125
2024-10-08T00:00:00.000000+0000,62131.96875,2615.0
2024-10-08T12:00:00.000000+0000,62131.96875,2615.0
2024-10-09T00:00:00.000000+0000,60582.1015625,2606.0
2024-10-09T12:00:00.000000+0000,60582.1015625,2606.0
2024-10-10T00:00:00.000000+0000,60274.5,2620.60009765625
2024-10-10T12:00:00.000000+0000,60274.5,2620.60009765625
2024-10-11T00:00:00.000000+0000,62445.08984375,2657.60009765625
2024-10-11T12:00:00.000000+0000,62445.08984375,2657.60009765625
2024-10-12T00:00:00.000000+0000,63193.0234375,2657.60009765625
2024-10-12T12:00:00.000000+0000,63193.0234375,2657.60009765625
2024-10-13T00:00:00.000000+0000,62851.375,2657.60009765625
2024-10-13T12:00:00.000000+0000,62851.375,2657.60009765625
2024-10-14T00:00:00.000000+0000,66046.125,2647.800048828125
2024-10-14T12:00:00.000000+0000,66046.125,2647.800048828125
2024-10-15T00:00:00.000000+0000,67041.109375,2661.39990234375
2024-10-15T12:00:00.000000+0000,67041.109375,2661.39990234375
2024-10-16T00:00:00.000000+0000,67612.71875,2674.0
2024-10-16T12:00:00.000000+0000,67612.71875,2674.0
2024-10-17T00:00:00.000000+0000,67399.8359375,2691.0
2024-10-17T12:00:00.000000+0000,67399.8359375,2691.0
2024-10-18T00:00:00.000000+0000,68418.7890625,2713.699951171875
2024-10-18T12:00:00.000000+0000,68418.7890625,2713.699951171875
2024-10-19T00:00:00.000000+0000,68362.734375,2713.699951171875
2024-10-19T12:00:00.000000+0000,68362.734375,2713.699951171875
2024-10-20T00:00:00.000000+0000,69001.703125,2713.699951171875
2024-10-20T12:00:00.000000+0000,69001.703125,2713.699951171875
2024-10-21T00:00:00.000000+0000,67367.8515625,2723.10009765625
2024-10-21T12:00:00.000000+0000,67367.8515625,2723.10009765625
2024-10-22T00:00:00.000000+0000,67361.40625,2744.199951171875
2024-10-22T12:00:00.000000+0000,67361.40625,2744.199951171875
2024-10-23T00:00:00.000000+0000,66432.1953125,2714.39990234375
2024-10-23T12:00:00.000000+0000,66432.1953125,2714.39990234375
2024-10-24T00:00:00.000000+0000,68161.0546875,2734.89990234375
2024-10-24T12:00:00.000000+0000,68161.0546875,2734.89990234375
2024-10-25T00:00:00.000000+0000,66642.4140625,2740.89990234375
2024-10-25T12:00:00.000000+0000,66642.4140625,2740.89990234375
2024-10-26T00:00:00.000000+0000,67014.6953125,2740.89990234375
2024-10-26T12:00:00.000000+0000,67014.6953125,2740.89990234375
2024-10-27T00:00:00.000000+0000,67929.296875,2740.89990234375
2024-10-27T12:00:00.000000+0000,67929.296875,2740.89990234375
2024-10-28T00:00:00.000000+0000,69907.7578125,2742.89990234375
2024-10-28T12:00:00.000000+0000,69907.7578125,2742.89990234375
2024-10-29T00:00:00.000000+0000,72720.4921875,2768.39990234375
2024-10-29T12:00:00.000000+0000,72720.4921875,2768.39990234375
2024-10-30T00:00:00.000000+0000,72339.5390625,2788.5
2024-10-30T12:00:00.000000+0000,72339.5390625,2788.5
2024-10-31T00:00:00.000000+0000,70215.1875,2738.300048828125
2024-10-31T12:00:00.000000+0000,70215.1875,2738.300048828125
2024-11-01T00:00:00.000000+0000,69482.46875,2738.60009765625
2024-11-01T12:00:00.000000+0000,69482.46875,2738.60009765625
2024-11-02T00:00:00.000000+0000,69289.2734375,2738.60009765625
2024-11-02T12:00:00.000000+0000,69289.2734375,2738.60009765625
2024-11-03T00:00:00.000000+0000,68741.1171875,2738.60009765625
2024-11-03T12:00:00.000000+0000,68741.1171875,2738.60009765625
2024-11-04T00:00:00.000000+0000,67811.5078125,2736.10009765625
2024-11-04T12:00:00.000000+0000,67811.5078125,2736.10009765625
2024-11-05T00:00:00.000000+0000,69359.5625,2740.300048828125
2024-11-05T12:00:00.000000+0000,69359.5625,2740.300048828125
2024-11-06T00:00:00.000000+0000,75639.078125,2667.60009765625
2024-11-06T12:00:00.000000+0000,75639.078125,2667.60009765625
2024-11-07T00:00:00.000000+0000,75904.859375,2698.39990234375
2024-11-07T12:00:00.000000+0000,75904.859375,2698.39990234375
2024-11-08T00:00:00.000000+0000,76545.4765625,2687.5
2024-11-08T12:00:00.000000+0000,76545.4765625,2687.5
2024-11-09T00:00:00.000000+0000,76778.8671875,2687.5
2024-11-09T12:00:00.000000+0000,76778.8671875,2687.5
2024-11-10T00:00:00.000000+0000,80474.1875,2687.5
2024-11-10T12:00:00.000000+0000,80474.1875,2687.5
2024-11-11T00:00:00.000000+0000,88701.484375,2611.199951171875
2024-11-11T12:00:00.000000+0000,88701.484375,2611.199951171875
2024-11-12T00:00:00.000000+0000,87955.8125,2600.0
2024-11-12T12:00:00.000000+0000,87955.8125,2600.0
2024-11-13T00:00:00.000000+0000,90584.1640625,2580.800048828125
2024-11-13T12:00:00.000000+0000,90584.1640625,2580.800048828125
2024-11-14T00:00:00.000000+0000,87250.4296875,2568.199951171875
2024-11-14T12:00:00.000000+0000,87250.4296875,2568.199951171875
2024-11-15T00:00:00.000000+0000,91066.0078125,2565.699951171875
2024-11-15T12:00:00.000000+0000,91066.0078125,2565.699951171875
2024-11-16T00:00:00.000000+0000,90558.4765625,2565.699951171875
2024-11-16T12:00:00.000000+0000,90558.4765625,2565.699951171875
2024-11-17T00:00:00.000000+0000,89845.8515625,2565.699951171875
2024-11-17T12:00:00.000000+0000,89845.8515625,2565.699951171875
2024-11-18T00:00:00.000000+0000,90542.640625,2610.60009765625
2024-11-18T12:00:00.000000+0000,90542.640625,2610.60009765625
2024-11-19T00:00:00.000000+0000,92343.7890625,2627.10009765625
2024-11-19T12:00:00.000000+0000,92343.7890625,2627.10009765625
2024-11-20T00:00:00.000000+0000,94339.4921875,2648.199951171875
2024-11-20T12:00:00.000000+0000,94339.4921875,2648.199951171875
2024-11-21T00:00:00.000000+0000,98504.7265625,2672.10009765625
2024-11-21T12:00:00.000000+0000,98504.7265625,2672.10009765625
2024-11-22T00:00:00.000000+0000,98997.6640625,2709.89990234375
2024-11-22T12:00:00.000000+0000,98997.6640625,2709.89990234375
2024-11-23T00:00:00.000000+0000,97777.28125,2709.89990234375
2024-11-23T12:00:00.000000+0000,97777.28125,2709.89990234375
2024-11-24T00:00:00.000000+0000,98013.8203125,2709.89990234375
2024-11-24T12:00:00.000000+0000,98013.8203125,2709.89990234375
2024-11-25T00:00:00.000000+0000,93102.296875,2616.800048828125
2024-11-25T12:00:00.000000+0000,93102.296875,2616.800048828125
2024-11-26T00:00:00.000000+0000,91985.3203125,2620.300048828125
2024-11-26T12:00:00.000000+0000,91985.3203125,2620.300048828125
2024-11-27T00:00:00.000000+0000,95962.53125,2639.89990234375
2024-11-27T12:00:00.000000+0000,95962.53125,2639.89990234375
2024-11-28T00:00:00.000000+0000,95652.46875,2639.89990234375
2024-11-28T12:00:00.000000+0000,95652.46875,2639.89990234375
2024-11-29T00:00:00.000000+0000,97461.5234375,2657.0
2024-11-29T12:00:00.000000+0000,97461.5234375,2657.0
2024-11-30T00:00:00.000000+0000,96449.0546875,2657.0
2024-11-30T12:00:00.000000+0000,96449.0546875,2657.0
2024-12-01T00:00:00.000000+0000,97279.7890625,2657.0
2024-12-01T12:00:00.000000+0000,97279.7890625,2657.0
2024-12-02T00:00:00.000000+0000,95865.3046875,2634.89990234375
2024-12-02T12:00:00.000000+0000,95865.3046875,2634.89990234375
2024-12-03T00:00:00.000000+0000,96002.1640625,2644.699951171875
2024-12-03T12:00:00.000000+0000,96002.1640625,2644.699951171875
2024-12-04T00:00:00.000000+0000,98768.53125,2653.800048828125
2024-12-04T12:00:00.000000+0000,98768.53125,2653.800048828125
2024-12-05T00:00:00.000000+0000,96593.5703125,2626.60009765625
2024-12-05T12:00:00.000000+0000,96593.5703125,2626.60009765625
2024-12-06T00:00:00.000000+0000,99920.7109375,2638.60009765625
2024-12-06T12:00:00.000000+0000,99920.7109375,2638.60009765625
2024-12-07T00:00:00.000000+0000,99923.3359375,2638.60009765625
2024-12-07T12:00:00.000000+0000,99923.3359375,2638.60009765625
2024-12-08T00:00:00.000000+0000,101236.015625,2638.60009765625
2024-12-08T12:00:00.000000+0000,101236.015625,2638.60009765625
2024-12-09T00:00:00.000000+0000,97432.71875,2664.89990234375
2024-12-09T12:00:00.000000+0000,97432.71875,2664.89990234375
2024-12-10T00:00:00.000000+0000,96675.4296875,2697.60009765625
2024-12-10T12:00:00.000000+0000,96675.4296875,2697.60009765625
2024-12-11T00:00:00.000000+0000,101173.03125,2733.800048828125
2024-12-11T12:00:00.000000+0000,101173.03125,2733.800048828125
2024-12-12T00:00:00.000000+0000,100043.0,2687.5
2024-12-12T12:00:00.000000+0000,100043.0,2687.5
2024-12-13T00:00:00.000000+0000,101459.2578125,2656.0
2024-12-13T12:00:00.000000+0000,101459.2578125,2656.0
2024-12-14T00:00:00.000000+0000,101372.96875,2656.0
2024-12-14T12:00:00.000000+0000,101372.96875,2656.0
2024-12-15T00:00:00.000000+0000,104298.6953125,2656.0
2024-12-15T12:00:00.000000+0000,104298.6953125,2656.0
2024-12-16T00:00:00.000000+0000,106029.71875,2651.39990234375
2024-12-16T12:00:00.000000+0000,106029.71875,2651.39990234375
2024-12-17T00:00:00.000000+0000,106140.6015625,2644.39990234375
2024-12-17T12:00:00.000000+0000,106140.6015625,2644.39990234375
2024-12-18T00:00:00.000000+0000,100041.5390625,2636.5
2024-12-18T12:00:00.000000+0000,100041.5390625,2636.5
2024-12-19T00:00:00.000000+0000,97490.953125,2592.199951171875
2024-12-19T12:00:00.000000+0000,97490.953125,2592.199951171875
2024-12-20T00:00:00.000000+0000,97755.9296875,2628.699951171875
2024-12-20T12:00:00.000000+0000,97755.9296875,2628.699951171875
2024-12-21T00:00:00.000000+0000,97224.7265625,2628.699951171875
2024-12-21T12:00:00.000000+0000,97224.7265625,2628.699951171875
2024-12-22T00:00:00.000000+0000,95104.9375,2628.699951171875
2024-12-22T12:00:00.000000+0000,95104.9375,2628.699951171875
2024-12-23T00:00:00.000000+0000,94686.2421875,2612.300048828125
2024-12-23T12:00:00.000000+0000,94686.2421875,2612.300048828125
2024-12-24T00:00:00.000000+0000,98676.09375,2620.0
2024-12-24T12:00:00.000000+0000,98676.09375,2620.0
2024-12-25T00:00:00.000000+0000,99299.1953125,2620.0
2024-12-25T12:00:00.000000+0000,99299.1953125,2620.0
2024-12-26T00:00:00.000000+0000,95795.515625,2638.800048828125
2024-12-26T12:00:00.000000+0000,95795.515625,2638.800048828125
2024-12-27T00:00:00.000000+0000,94164.859375,2617.199951171875
2024-12-27T12:00:00.000000+0000,94164.859375,2617.199951171875
2024-12-28T00:00:00.000000+0000,95163.9296875,2617.199951171875
2024-12-28T12:00:00.000000+0000,95163.9296875,2617.199951171875
2024-12-29T00:00:00.000000+0000,93530.2265625,2617.199951171875
2024-12-29T12:00:00.000000+0000,93530.2265625,2617.199951171875
2024-12-30T00:00:00.000000+0000,92643.2109375,2606.10009765625
2024-12-30T12:00:00.000000+0000,92643.2109375,2606.10009765625
2024-12-31T00:00:00.000000+0000,93429.203125,2629.199951171875
2024-12-31T12:00:00.000000+0000,93429.203125,2629.199951171875
2025-01-01T00:00:00.000000+0000,94419.7578125,2629.199951171875
2025-01-01T12:00:00.000000+0000,94419.7578125,2629.199951171875
2025-01-02T00:00:00.000000+0000,96886.875,2658.89990234375
2025-01-02T12:00:00.000000+0000,96886.875,2658.89990234375
2025-01-03T00:00:00.000000+0000,98107.4296875,2645.0
2025-01-03T12:00:00.000000+0000,98107.4296875,2645.0
2025-01-04T00:00:00.000000+0000,98236.2265625,2645.0
2025-01-04T12:00:00.000000+0000,98236.2265625,2645.0
2025-01-05T00:00:00.000000+0000,98314.9609375,2645.0
2025-01-05T12:00:00.000000+0000,98314.9609375,2645.0
2025-01-06T00:00:00.000000+0000,102078.0859375,2638.39990234375
2025-01-06T12:00:00.000000+0000,102078.0859375,2638.39990234375
2025-01-07T00:00:00.000000+0000,96922.703125,2656.699951171875
2025-01-07T12:00:00.000000+0000,96922.703125,2656.699951171875
2025-01-08T00:00:00.000000+0000,95043.5234375,2664.5
2025-01-08T12:00:00.000000+0000,95043.5234375,2664.5
2025-01-09T00:00:00.000000+0000,92484.0390625,2683.800048828125
2025-01-09T12:00:00.000000+0000,92484.0390625,2683.800048828125
2025-01-10T00:00:00.000000+0000,94701.453125,2708.5
2025-01-10T12:00:00.000000+0000,94701.453125,2708.5
2025-01-11T00:00:00.000000+0000,94566.59375,2708.5
2025-01-11T12:00:00.000000+0000,94566.59375,2708.5
2025-01-12T00:00:00.000000+0000,94488.4375,2708.5
2025-01-12T12:00:00.000000+0000,94488.4375,2708.5
2025-01-13T00:00:00.000000+0000,94516.5234375,2673.5
2025-01-13T12:00:00.000000+0000,94516.5234375,2673.5
2025-01-14T00:00:00.000000+0000,96534.046875,2677.5
2025-01-14T12:00:00.000000+0000,96534.046875,2677.5
2025-01-15T00:00:00.000000+0000,100504.4921875,2712.5
2025-01-15T12:00:00.000000+0000,100504.4921875,2712.5
2025-01-16T00:00:00.000000+0000,99756.90625,2746.39990234375
2025-01-16T12:00:00.000000+0000,99756.90625,2746.39990234375
2025-01-17T00:00:00.000000+0000,104462.0390625,2744.300048828125
2025-01-17T12:00:00.000000+0000,104462.0390625,2744.300048828125
2025-01-18T00:00:00.000000+0000,104408.0703125,2744.300048828125
2025-01-18T12:00:00.000000+0000,104408.0703125,2744.300048828125
2025-01-19T00:00:00.000000+0000,101089.609375,2744.300048828125
2025-01-19T12:00:00.000000+0000,101089.609375,2744.300048828125
2025-01-20T00:00:00.000000+0000,102016.6640625,2744.300048828125
2025-01-20T12:00:00.000000+0000,102016.6640625,2744.300048828125
2025-01-21T00:00:00.000000+0000,106146.265625,2755.0
2025-01-21T12:00:00.000000+0000,106146.265625,2755.0
2025-01-22T00:00:00.000000+0000,103653.0703125,2767.60009765625
2025-01-22T12:00:00.000000+0000,103653.0703125,2767.60009765625
2025-01-23T00:00:00.000000+0000,103960.171875,2763.10009765625
2025-01-23T12:00:00.000000+0000,103960.171875,2763.10009765625
2025-01-24T00:00:00.000000+0000,104819.484375,2777.300048828125
2025-01-24T12:00:00.000000+0000,104819.484375,2777.300048828125
2025-01-25T00:00:00.000000+0000,104714.6484375,2777.300048828125
2025-01-25T12:00:00.000000+0000,104714.6484375,2777.300048828125
2025-01-26T00:00:00.000000+0000,102682.5,2777.300048828125
2025-01-26T12:00:00.000000+0000,102682.5,2777.300048828125
2025-01-27T00:00:00.000000+0000,102087.6875,2737.5
2025-01-27T12:00:00.000000+0000,102087.6875,2737.5
2025-01-28T00:00:00.000000+0000,101332.4765625,2766.800048828125
2025-01-28T12:00:00.000000+0000,101332.4765625,2766.800048828125
2025-01-29T00:00:00.000000+0000,103703.2109375,2769.10009765625
2025-01-29T12:00:00.000000+0000,103703.2109375,2769.10009765625
2025-01-30T00:00:00.000000+0000,104735.3046875,2823.0
2025-01-30T12:00:00.000000+0000,104735.3046875,2823.0
2025-01-31T00:00:00.000000+0000,102405.0234375,2812.5
2025-01-31T12:00:00.000000+0000,102405.0234375,2812.5
2025-02-01T00:00:00.000000+0000,100655.90625,2812.5
2025-02-01T12:00:00.000000+0000,100655.90625,2812.5
2025-02-02T00:00:00.000000+0000,97688.9765625,2812.5
2025-02-02T12:00:00.000000+0000,97688.9765625,2812.5
2025-02-03T00:00:00.000000+0000,101405.421875,2833.89990234375
2025-02-03T12:00:00.000000+0000,101405.421875,2833.89990234375
2025-02-04T00:00:00.000000+0000,97871.8203125,2853.300048828125
2025-02-04T12:00:00.000000+0000,97871.8203125,2853.300048828125
2025-02-05T00:00:00.000000+0000,96615.4453125,2871.60009765625
2025-02-05T12:00:00.000000+0000,96615.4453125,2871.60009765625
2025-02-06T00:00:00.000000+0000,96593.296875,2856.0
2025-02-06T12:00:00.000000+0000,96593.296875,2856.0
2025-02-07T00:00:00.000000+0000,96529.0859375,2867.300048828125
2025-02-07T12:00:00.000000+0000,96529.0859375,2867.300048828125
2025-02-08T00:00:00.000000+0000,96482.453125,2867.300048828125
2025-02-08T12:00:00.000000+0000,96482.453125,2867.300048828125
2025-02-09T00:00:00.000000+0000,96500.09375,2867.300048828125
2025-02-09T12:00:00.000000+0000,96500.09375,2867.300048828125
2025-02-10T00:00:00.000000+0000,97437.5546875,2914.300048828125
2025-02-10T12:00:00.000000+0000,97437.5546875,2914.300048828125
2025-02-11T00:00:00.000000+0000,95747.4296875,2912.5
2025-02-11T12:00:00.000000+0000,95747.4296875,2912.5
2025-02-12T00:00:00.000000+0000,97885.859375,2909.0
2025-02-12T12:00:00.000000+0000,97885.859375,2909.0
2025-02-13T00:00:00.000000+0000,96623.8671875,2925.89990234375
2025-02-13T12:00:00.000000+0000,96623.8671875,2925.89990234375
2025-02-14T00:00:00.000000+0000,97508.96875,2883.60009765625
2025-02-14T12:00:00.000000+0000,97508.96875,2883.60009765625
2025-02-15T00:00:00.000000+0000,97580.3515625,2883.60009765625
2025-02-15T12:00:00.000000+0000,97580.3515625,2883.60009765625
2025-02-16T00:00:00.000000+0000,96175.03125,2883.60009765625
2025-02-16T12:00:00.000000+0000,96175.03125,2883.60009765625
2025-02-17T00:00:00.000000+0000,95773.3828125,2883.60009765625
2025-02-17T12:00:00.000000+0000,95773.3828125,2883.60009765625
2025-02-18T00:00:00.000000+0000,95539.546875,2931.60009765625
2025-02-18T12:00:00.000000+0000,95539.546875,2931.60009765625
2025-02-19T00:00:00.000000+0000,96635.609375,2919.39990234375
2025-02-19T12:00:00.000000+0000,96635.609375,2919.39990234375
2025-02-20T00:00:00.000000+0000,98333.9375,2940.0
2025-02-20T12:00:00.000000+0000,98333.9375,2940.0
2025-02-21T00:00:00.000000+0000,96125.546875,2937.60009765625
2025-02-21T12:00:00.000000+0000,96125.546875,2937.60009765625
2025-02-22T00:00:00.000000+0000,96577.7578125,2937.60009765625
2025-02-22T12:00:00.000000+0000,96577.7578125,2937.60009765625
2025-02-23T00:00:00.000000+0000,96273.921875,2937.60009765625
2025-02-23T12:00:00.000000+0000,96273.921875,2937.60009765625
2025-02-24T00:00:00.000000+0000,91418.171875,2947.89990234375
2025-02-24T12:00:00.000000+0000,91418.171875,2947.89990234375
2025-02-25T00:00:00.000000+0000,88736.171875,2904.5
2025-02-25T12:00:00.000000+0000,88736.171875,2904.5
2025-02-26T00:00:00.000000+0000,84347.0234375,2916.800048828125
2025-02-26T12:00:00.000000+0000,84347.0234375,2916.800048828125
2025-02-27T00:00:00.000000+0000,84704.2265625,2883.199951171875
2025-02-27T12:00:00.000000+0000,84704.2265625,2883.199951171875
2025-02-28T00:00:00.000000+0000,84373.0078125,2836.800048828125
2025-02-28T12:00:00.000000+0000,84373.0078125,2836.800048828125
2025-03-01T00:00:00.000000+0000,86031.9140625,2836.800048828125
2025-03-01T12:00:00.000000+0000,86031.9140625,2836.800048828125
2025-03-02T00:00:00.000000+0000,94248.3515625,2836.800048828125
2025-03-02T12:00:00.000000+0000,94248.3515625,2836.800048828125
2025-03-03T00:00:00.000000+0000,86065.671875,2890.199951171875
2025-03-03T12:00:00.000000+0000,86065.671875,2890.199951171875
2025-03-04T00:00:00.000000+0000,87222.1953125,2909.60009765625
2025-03-04T12:00:00.000000+0000,87222.1953125,2909.60009765625
2025-03-05T00:00:00.000000+0000,90623.5625,2915.300048828125
2025-03-05T12:00:00.000000+0000,90623.5625,2915.300048828125
2025-03-06T00:00:00.000000+0000,89961.7265625,2916.60009765625
2025-03-06T12:00:00.000000+0000,89961.7265625,2916.60009765625
2025-03-07T00:00:00.000000+0000,86742.671875,2904.699951171875
2025-03-07T12:00:00.000000+0000,86742.671875,2904.699951171875
2025-03-08T00:00:00.000000+0000,86154.59375,2904.699951171875
2025-03-08T12:00:00.000000+0000,86154.59375,2904.699951171875
2025-03-09T00:00:00.000000+0000,80601.0390625,2904.699951171875
2025-03-09T12:00:00.000000+0000,80601.0390625,2904.699951171875
2025-03-10T00:00:00.000000+0000,78532.0,2891.0
2025-03-10T12:00:00.000000+0000,78532.0,2891.0
2025-03-11T00:00:00.000000+0000,82862.2109375,2912.89990234375
2025-03-11T12:00:00.000000+0000,82862.2109375,2912.89990234375
2025-03-12T00:00:00.000000+0000,83722.359375,2939.10009765625
2025-03-12T12:00:00.000000+0000,83722.359375,2939.10009765625
2025-03-13T00:00:00.000000+0000,81066.703125,2984.300048828125
2025-03-13T12:00:00.000000+0000,81066.703125,2984.300048828125
2025-03-14T00:00:00.000000+0000,83969.1015625,2994.5
2025-03-14T12:00:00.000000+0000,83969.1015625,2994.5
2025-03-15T00:00:00.000000+0000,84343.109375,2994.5
2025-03-15T12:00:00.000000+0000,84343.109375,2994.5
2025-03-16T00:00:00.000000+0000,82579.6875,2994.5
2025-03-16T12:00:00.000000+0000,82579.6875,2994.5
2025-03-17T00:00:00.000000+0000,84075.6875,3000.0
2025-03-17T12:00:00.000000+0000,84075.6875,3000.0
2025-03-18T00:00:00.000000+0000,82718.5,3035.10009765625
2025-03-18T12:00:00.000000+0000,82718.5,3035.10009765625
2025-03-19T00:00:00.000000+0000,86854.2265625,3035.89990234375
2025-03-19T12:00:00.000000+0000,86854.2265625,3035.89990234375
2025-03-20T00:00:00.000000+0000,84167.1953125,3040.0
2025-03-20T12:00:00.000000+0000,84167.1953125,3040.0
2025-03-21T00:00:00.000000+0000,84043.2421875,3018.199951171875
2025-03-21T12:00:00.000000+0000,84043.2421875,3018.199951171875
2025-03-22T00:00:00.000000+0000,83832.484375,3018.199951171875
2025-03-22T12:00:00.000000+0000,83832.484375,3018.199951171875
2025-03-23T00:00:00.000000+0000,86054.375,3018.199951171875
2025-03-23T12:00:00.000000+0000,86054.375,3018.199951171875
2025-03-24T00:00:00.000000+0000,87498.9140625,3013.10009765625
2025-03-24T12:00:00.000000+0000,87498.9140625,3013.10009765625
2025-03-25T00:00:00.000000+0000,87471.703125,3023.699951171875
2025-03-25T12:00:00.000000+0000,87471.703125,3023.699951171875
2025-03-26T00:00:00.000000+0000,86900.8828125,3020.89990234375
2025-03-26T12:00:00.000000+0000,86900.8828125,3020.89990234375
2025-03-27T00:00:00.000000+0000,87177.1015625,3060.199951171875
2025-03-27T12:00:00.000000+0000,87177.1015625,3060.199951171875
2025-03-28T00:00:00.000000+0000,84353.1484375,3086.5
2025-03-28T12:00:00.000000+0000,84353.1484375,3086.5
2025-03-29T00:00:00.000000+0000,82597.5859375,3086.5
2025-03-29T12:00:00.000000+0000,82597.5859375,3086.5
2025-03-30T00:00:00.000000+0000,82334.5234375,3086.5
2025-03-30T12:00:00.000000+0000,82334.5234375,3086.5
2025-03-31T00:00:00.000000+0000,82548.9140625,3122.800048828125
2025-03-31T12:00:00.000000+0000,82548.9140625,3122.800048828125
2025-04-01T00:00:00.000000+0000,85169.171875,3118.89990234375
2025-04-01T12:00:00.000000+0000,85169.171875,3118.89990234375
2025-04-02T00:00:00.000000+0000,82485.7109375,3139.89990234375
2025-04-02T12:00:00.000000+0000,82485.7109375,3139.89990234375
2025-04-03T00:00:00.000000+0000,83102.828125,3097.0
2025-04-03T12:00:00.000000+0000,83102.828125,3097.0
2025-04-04T00:00:00.000000+0000,83843.8046875,3012.0
2025-04-04T12:00:00.000000+0000,83843.8046875,3012.0
2025-04-05T00:00:00.000000+0000,83504.796875,3012.0
2025-04-05T12:00:00.000000+0000,83504.796875,3012.0
2025-04-06T00:00:00.000000+0000,78214.484375,3012.0
2025-04-06T12:00:00.000000+0000,78214.484375,3012.0
2025-04-07T00:00:00.000000+0000,79235.3359375,2951.300048828125
2025-04-07T12:00:00.000000+0000,79235.3359375,2951.300048828125
2025-04-08T00:00:00.000000+0000,76271.953125,2968.39990234375
2025-04-08T12:00:00.000000+0000,76271.953125,2968.39990234375
2025-04-09T00:00:00.000000+0000,82573.953125,3056.5
2025-04-09T12:00:00.000000+0000,82573.953125,3056.5
2025-04-10T00:00:00.000000+0000,79626.140625,3155.199951171875
2025-04-10T12:00:00.000000+0000,79626.140625,3155.199951171875
2025-04-11T00:00:00.000000+0000,83404.8359375,3222.199951171875
2025-04-11T12:00:00.000000+0000,83404.8359375,3222.199951171875
2025-04-12T00:00:00.000000+0000,85287.109375,3222.199951171875
2025-04-12T12:00:00.000000+0000,85287.109375,3222.199951171875
2025-04-13T00:00:00.000000+0000,83684.9765625,3222.199951171875
2025-04-13T12:00:00.000000+0000,83684.9765625,3222.199951171875
2025-04-14T00:00:00.000000+0000,84542.390625,3204.800048828125
2025-04-14T12:00:00.000000+0000,84542.390625,3204.800048828125
2025-04-15T00:00:00.000000+0000,83668.9921875,3218.699951171875
2025-04-15T12:00:00.000000+0000,83668.9921875,3218.699951171875
2025-04-16T00:00:00.000000+0000,84033.8671875,3326.60009765625
2025-04-16T12:00:00.000000+0000,84033.8671875,3326.60009765625
2025-04-17T00:00:00.000000+0000,84895.75,3308.699951171875
2025-04-17T12:00:00.000000+0000,84895.75,3308.699951171875
2025-04-18T00:00:00.000000+0000,84450.8046875,3308.699951171875
2025-04-18T12:00:00.000000+0000,84450.8046875,3308.699951171875
2025-04-19T00:00:00.000000+0000,85063.4140625,3308.699951171875
2025-04-19T12:00:00.000000+0000,85063.4140625,3308.699951171875
2025-04-20T00:00:00.000000+0000,85174.3046875,3308.699951171875
2025-04-20T12:00:00.000000+0000,85174.3046875,3308.699951171875
2025-04-21T00:00:00.000000+0000,87518.90625,3406.199951171875
2025-04-21T12:00:00.000000+0000,87518.90625,3406.199951171875
2025-04-22T00:00:00.000000+0000,93441.890625,3400.800048828125
2025-04-22T12:00:00.000000+0000,93441.890625,3400.800048828125
2025-04-23T00:00:00.000000+0000,93699.109375,3276.300048828125
2025-04-23T12:00:00.000000+0000,93699.109375,3276.300048828125
2025-04-24T00:00:00.000000+0000,93943.796875,3332.0
2025-04-24T12:00:00.000000+0000,93943.796875,3332.0
2025-04-25T00:00:00.000000+0000,94720.5,3282.39990234375
2025-04-25T12:00:00.000000+0000,94720.5,3282.39990234375
2025-04-26T00:00:00.000000+0000,94646.9296875,3282.39990234375
2025-04-26T12:00:00.000000+0000,94646.9296875,3282.39990234375
2025-04-27T00:00:00.000000+0000,93754.84375,3282.39990234375
2025-04-27T12:00:00.000000+0000,93754.84375,3282.39990234375
2025-04-28T00:00:00.000000+0000,94978.75,3332.5
2025-04-28T12:00:00.000000+0000,94978.75,3332.5
2025-04-29T00:00:00.000000+0000,94284.7890625,3318.800048828125
2025-04-29T12:00:00.000000+0000,94284.7890625,3318.800048828125
2025-04-30T00:00:00.000000+0000,94207.3125,3305.0
2025-04-30T12:00:00.000000+0000,94207.3125,3305.0
2025-05-01T00:00:00.000000+0000,96492.3359375,3210.0
2025-05-01T12:00:00.000000+0000,96492.3359375,3210.0
2025-05-02T00:00:00.000000+0000,96910.0703125,3231.89990234375
2025-05-02T12:00:00.000000+0000,96910.0703125,3231.89990234375
2025-05-03T00:00:00.000000+0000,95891.796875,3231.89990234375
2025-05-03T12:00:00.000000+0000,95891.796875,3231.89990234375
2025-05-04T00:00:00.000000+0000,94315.9765625,3231.89990234375
2025-05-04T12:00:00.000000+0000,94315.9765625,3231.89990234375
2025-05-05T00:00:00.000000+0000,94748.0546875,3311.300048828125
2025-05-05T12:00:00.000000+0000,94748.0546875,3311.300048828125
2025-05-06T00:00:00.000000+0000,96802.4765625,3411.39990234375
2025-05-06T12:00:00.000000+0000,96802.4765625,3411.39990234375
2025-05-07T00:00:00.000000+0000,97032.3203125,3381.39990234375
2025-05-07T12:00:00.000000+0000,97032.3203125,3381.39990234375
2025-05-08T00:00:00.000000+0000,103241.4609375,3296.60009765625
2025-05-08T12:00:00.000000+0000,103241.4609375,3296.60009765625
2025-05-09T00:00:00.000000+0000,102970.8515625,3335.39990234375
2025-05-09T12:00:00.000000+0000,102970.8515625,3335.39990234375
2025-05-10T00:00:00.000000+0000,104696.328125,3335.39990234375
2025-05-10T12:00:00.000000+0000,104696.328125,3335.39990234375
2025-05-11T00:00:00.000000+0000,104106.359375,3335.39990234375
2025-05-11T12:00:00.000000+0000,104106.359375,3335.39990234375
2025-05-12T00:00:00.000000+0000,102812.953125,3220.0
2025-05-12T12:00:00.000000+0000,102812.953125,3220.0
2025-05-13T00:00:00.000000+0000,104169.8125,3240.300048828125
2025-05-13T12:00:00.000000+0000,104169.8125,3240.300048828125
2025-05-14T00:00:00.000000+0000,103539.4140625,3181.39990234375
2025-05-14T12:00:00.000000+0000,103539.4140625,3181.39990234375
2025-05-15T00:00:00.000000+0000,103744.640625,3220.699951171875
2025-05-15T12:00:00.000000+0000,103744.640625,3220.699951171875
2025-05-16T00:00:00.000000+0000,103489.2890625,3182.0
2025-05-16T12:00:00.000000+0000,103489.2890625,3182.0
2025-05-17T00:00:00.000000+0000,103191.0859375,3182.0
2025-05-17T12:00:00.000000+0000,103191.0859375,3182.0
2025-05-18T00:00:00.000000+0000,106446.0078125,3182.0
2025-05-18T12:00:00.000000+0000,106446.0078125,3182.0
2025-05-19T00:00:00.000000+0000,105606.1796875,3228.89990234375
2025-05-19T12:00:00.000000+0000,105606.1796875,3228.89990234375
2025-05-20T00:00:00.000000+0000,106791.0859375,3280.300048828125
2025-05-20T12:00:00.000000+0000,106791.0859375,3280.300048828125
2025-05-21T00:00:00.000000+0000,109678.078125,3309.300048828125
2025-05-21T12:00:00.000000+0000,109678.078125,3309.300048828125
2025-05-22T00:00:00.000000+0000,111673.28125,3292.300048828125
2025-05-22T12:00:00.000000+0000,111673.28125,3292.300048828125
2025-05-23T00:00:00.000000+0000,107287.796875,3363.60009765625
2025-05-23T12:00:00.000000+0000,107287.796875,3363.60009765625
2025-05-24T00:00:00.000000+0000,107791.15625,3363.60009765625
2025-05-24T12:00:00.000000+0000,107791.15625,3363.60009765625
2025-05-25T00:00:00.000000+0000,109035.390625,3363.60009765625
2025-05-25T12:00:00.000000+0000,109035.390625,3363.60009765625
2025-05-26T00:00:00.000000+0000,109440.3671875,3363.60009765625
2025-05-26T12:00:00.000000+0000,109440.3671875,3363.60009765625
2025-05-27T00:00:00.000000+0000,108994.640625,3299.10009765625
2025-05-27T12:00:00.000000+0000,108994.640625,3299.10009765625
2025-05-28T00:00:00.000000+0000,107802.328125,3293.60009765625
2025-05-28T12:00:00.000000+0000,107802.328125,3293.60009765625
2025-05-29T00:00:00.000000+0000,105641.7578125,3317.10009765625
2025-05-29T12:00:00.000000+0000,105641.7578125,3317.10009765625
2025-05-30T00:00:00.000000+0000,103998.5703125,3288.89990234375
2025-05-30T12:00:00.000000+0000,103998.5703125,3288.89990234375
2025-05-31T00:00:00.000000+0000,104638.09375,3288.89990234375
2025-05-31T12:00:00.000000+0000,104638.09375,3288.89990234375
2025-06-01T00:00:00.000000+0000,105652.1015625,3288.89990234375
2025-06-01T12:00:00.000000+0000,105652.1015625,3288.89990234375
2025-06-02T00:00:00.000000+0000,105881.53125,3370.60009765625
2025-06-02T12:00:00.000000+0000,105881.53125,3370.60009765625
2025-06-03T00:00:00.000000+0000,105432.46875,3350.199951171875
2025-06-03T12:00:00.000000+0000,105432.46875,3350.199951171875
2025-06-04T00:00:00.000000+0000,104731.984375,3373.5
2025-06-04T12:00:00.000000+0000,104731.984375,3373.5
2025-06-05T00:00:00.000000+0000,101575.953125,3350.699951171875
2025-06-05T12:00:00.000000+0000,101575.953125,3350.699951171875
2025-06-06T00:00:00.000000+0000,104390.34375,3322.699951171875
2025-06-06T12:00:00.000000+0000,104390.34375,3322.699951171875
2025-06-07T00:00:00.000000+0000,105615.625,3322.699951171875
2025-06-07T12:00:00.000000+0000,105615.625,3322.699951171875
2025-06-08T00:00:00.000000+0000,105793.6484375,3322.699951171875
2025-06-08T12:00:00.000000+0000,105793.6484375,3322.699951171875
2025-06-09T00:00:00.000000+0000,110294.1015625,3332.10009765625
2025-06-09T12:00:00.000000+0000,110294.1015625,3332.10009765625
2025-06-10T00:00:00.000000+0000,110257.234375,3320.89990234375
2025-06-10T12:00:00.000000+0000,110257.234375,3320.89990234375
2025-06-11T00:00:00.000000+0000,108686.625,3321.300048828125
2025-06-11T12:00:00.000000+0000,108686.625,3321.300048828125
2025-06-12T00:00:00.000000+0000,105929.0546875,3380.89990234375
2025-06-12T12:00:00.000000+0000,105929.0546875,3380.89990234375
2025-06-13T00:00:00.000000+0000,106090.96875,3431.199951171875
2025-06-13T12:00:00.000000+0000,106090.96875,3431.199951171875
2025-06-14T00:00:00.000000+0000,105472.40625,3431.199951171875
2025-06-14T12:00:00.000000+0000,105472.40625,3431.199951171875
2025-06-15T00:00:00.000000+0000,105552.0234375,3431.199951171875
2025-06-15T12:00:00.000000+0000,105552.0234375,3431.199951171875
2025-06-16T00:00:00.000000+0000,106796.7578125,3396.39990234375
2025-06-16T12:00:00.000000+0000,106796.7578125,3396.39990234375
2025-06-17T00:00:00.000000+0000,104601.1171875,3386.60009765625
2025-06-17T12:00:00.000000+0000,104601.1171875,3386.60009765625
2025-06-18T00:00:00.000000+0000,104883.328125,3389.800048828125
2025-06-18T12:00:00.000000+0000,104883.328125,3389.800048828125
2025-06-19T00:00:00.000000+0000,104684.2890625,3389.800048828125
2025-06-19T12:00:00.000000+0000,104684.2890625,3389.800048828125
2025-06-20T00:00:00.000000+0000,103309.6015625,3368.10009765625
2025-06-20T12:00:00.000000+0000,103309.6015625,3368.10009765625
2025-06-21T00:00:00.000000+0000,102257.40625,3368.10009765625
2025-06-21T12:00:00.000000+0000,102257.40625,3368.10009765625
2025-06-22T00:00:00.000000+0000,100987.140625,3368.10009765625
2025-06-22T12:00:00.000000+0000,100987.140625,3368.10009765625
2025-06-23T00:00:00.000000+0000,105577.7734375,3377.699951171875
2025-06-23T12:00:00.000000+0000,105577.7734375,3377.699951171875
2025-06-24T00:00:00.000000+0000,106045.6328125,3317.39990234375
2025-06-24T12:00:00.000000+0000,106045.6328125,3317.39990234375
2025-06-25T00:00:00.000000+0000,107361.2578125,3327.10009765625
2025-06-25T12:00:00.000000+0000,107361.2578125,3327.10009765625
2025-06-26T00:00:00.000000+0000,106960.0,3333.5
2025-06-26T12:00:00.000000+0000,106960.0,3333.5
2025-06-27T00:00:00.000000+0000,107088.4296875,3273.699951171875
2025-06-27T12:00:00.000000+0000,107088.4296875,3273.699951171875
2025-06-28T00:00:00.000000+0000,107327.703125,3273.699951171875
2025-06-28T12:00:00.000000+0000,107327.703125,3273.699951171875
2025-06-29T00:00:00.000000+0000,108385.5703125,3273.699951171875
2025-06-29T12:00:00.000000+0000,108385.5703125,3273.699951171875
2025-06-30T00:00:00.000000+0000,107135.3359375,3294.39990234375
2025-06-30T12:00:00.000000+0000,107135.3359375,3294.39990234375
2025-07-01T00:00:00.000000+0000,105698.28125,3336.699951171875
2025-07-01T12:00:00.000000+0000,105698.28125,3336.699951171875
2025-07-02T00:00:00.000000+0000,108859.3203125,3348.0
2025-07-02T12:00:00.000000+0000,108859.3203125,3348.0
2025-07-03T00:00:00.000000+0000,109647.9765625,3331.60009765625
2025-07-03T12:00:00.000000+0000,109647.9765625,3331.60009765625
2025-07-04T00:00:00.000000+0000,108034.3359375,3332.5
2025-07-04T12:00:00.000000+0000,108034.3359375,3332.5
2025-07-05T00:00:00.000000+0000,108231.1796875,3332.5
2025-07-05T12:00:00.000000+0000,108231.1796875,3332.5
2025-07-06T00:00:00.000000+0000,109232.0703125,3332.5
2025-07-06T12:00:00.000000+0000,109232.0703125,3332.5
2025-07-07T00:00:00.000000+0000,108299.8515625,3332.199951171875
2025-07-07T12:00:00.000000+0000,108299.8515625,3332.199951171875
2025-07-08T00:00:00.000000+0000,108950.2734375,3307.0
2025-07-08T12:00:00.000000+0000,108950.2734375,3307.0
2025-07-09T00:00:00.000000+0000,111326.5546875,3311.60009765625
2025-07-09T12:00:00.000000+0000,111326.5546875,3311.60009765625
2025-07-10T00:00:00.000000+0000,115987.203125,3317.39990234375
2025-07-10T12:00:00.000000+0000,115987.203125,3317.39990234375
2025-07-11T00:00:00.000000+0000,117516.9921875,3356.0
2025-07-11T12:00:00.000000+0000,117516.9921875,3356.0
2025-07-12T00:00:00.000000+0000,117435.2265625,3356.0
2025-07-12T12:00:00.000000+0000,117435.2265625,3356.0
2025-07-13T00:00:00.000000+0000,119116.1171875,3356.0
2025-07-13T12:00:00.000000+0000,119116.1171875,3356.0
2025-07-14T00:00:00.000000+0000,119849.703125,3351.5
2025-07-14T12:00:00.000000+0000,119849.703125,3351.5
2025-07-15T00:00:00.000000+0000,117777.1875,3329.800048828125
2025-07-15T12:00:00.000000+0000,117777.1875,3329.800048828125
2025-07-16T00:00:00.000000+0000,118738.5078125,3352.5
2025-07-16T12:00:00.000000+0000,118738.5078125,3352.5
2025-07-17T00:00:00.000000+0000,119289.84375,3340.10009765625
2025-07-17T12:00:00.000000+0000,119289.84375,3340.10009765625
2025-07-18T00:00:00.000000+0000,118003.2265625,3353.0
2025-07-18T12:00:00.000000+0000,118003.2265625,3353.0
2025-07-19T00:00:00.000000+0000,117939.9765625,3353.0
2025-07-19T12:00:00.000000+0000,117939.9765625,3353.0
2025-07-20T00:00:00.000000+0000,117300.7890625,3353.0
2025-07-20T12:00:00.000000+0000,117300.7890625,3353.0
2025-07-21T00:00:00.000000+0000,117439.5390625,3401.89990234375
2025-07-21T12:00:00.000000+0000,117439.5390625,3401.89990234375
2025-07-22T00:00:00.000000+0000,119995.4140625,3439.199951171875
2025-07-22T12:00:00.000000+0000,119995.4140625,3439.199951171875
2025-07-23T00:00:00.000000+0000,118754.9609375,3394.10009765625
2025-07-23T12:00:00.000000+0000,118754.9609375,3394.10009765625
2025-07-24T00:00:00.000000+0000,118368.0,3371.0
2025-07-24T12:00:00.000000+0000,118368.0,3371.0
2025-07-25T00:00:00.000000+0000,117635.8828125,3334.0
2025-07-25T12:00:00.000000+0000,117635.8828125,3334.0
2025-07-26T00:00:00.000000+0000,117947.3671875,3334.0
2025-07-26T12:00:00.000000+0000,117947.3671875,3334.0
2025-07-27T00:00:00.000000+0000,119448.4921875,3334.0
2025-07-27T12:00:00.000000+0000,119448.4921875,3334.0
2025-07-28T00:00:00.000000+0000,117924.4765625,3309.10009765625
2025-07-28T12:00:00.000000+0000,117924.4765625,3309.10009765625
2025-07-29T00:00:00.000000+0000,117922.1484375,3323.39990234375
2025-07-29T12:00:00.000000+0000,117922.1484375,3323.39990234375
2025-07-30T00:00:00.000000+0000,117831.1875,3295.800048828125
2025-07-30T12:00:00.000000+0000,117831.1875,3295.800048828125
2025-07-31T00:00:00.000000+0000,115758.203125,3293.199951171875
2025-07-31T12:00:00.000000+0000,115758.203125,3293.199951171875
2025-08-01T00:00:00.000000+0000,113320.0859375,3347.699951171875
2025-08-01T12:00:00.000000+0000,113320.0859375,3347.699951171875
2025-08-02T00:00:00.000000+0000,112526.9140625,3347.699951171875
2025-08-02T12:00:00.000000+0000,112526.9140625,3347.699951171875
2025-08-03T00:00:00.000000+0000,114217.671875,3347.699951171875
2025-08-03T12:00:00.000000+0000,114217.671875,3347.699951171875
2025-08-04T00:00:00.000000+0000,115071.8828125,3374.39990234375
2025-08-04T12:00:00.000000+0000,115071.8828125,3374.39990234375
2025-08-05T00:00:00.000000+0000,114141.4453125,3381.89990234375
2025-08-05T12:00:00.000000+0000,114141.4453125,3381.89990234375
2025-08-06T00:00:00.000000+0000,115028.0,3380.0
2025-08-06T12:00:00.000000+0000,115028.0,3380.0
2025-08-07T00:00:00.000000+0000,117496.8984375,3400.300048828125
2025-08-07T12:00:00.000000+0000,117496.8984375,3400.300048828125
2025-08-08T00:00:00.000000+0000,116688.7265625,3439.10009765625
2025-08-08T12:00:00.000000+0000,116688.7265625,3439.10009765625
2025-08-09T00:00:00.000000+0000,116500.359375,3439.10009765625
2025-08-09T12:00:00.000000+0000,116500.359375,3439.10009765625
2025-08-10T00:00:00.000000+0000,119306.7578125,3439.10009765625
2025-08-10T12:00:00.000000+0000,119306.7578125,3439.10009765625
2025-08-11T00:00:00.000000+0000,118731.4453125,3353.10009765625
2025-08-11T12:00:00.000000+0000,118731.4453125,3353.10009765625
2025-08-12T00:00:00.000000+0000,120172.90625,3348.89990234375
2025-08-12T12:00:00.000000+0000,120172.90625,3348.89990234375
2025-08-13T00:00:00.000000+0000,123344.0625,3358.699951171875
2025-08-13T12:00:00.000000+0000,123344.0625,3358.699951171875
2025-08-14T00:00:00.000000+0000,118359.578125,3335.199951171875
2025-08-14T12:00:00.000000+0000,118359.578125,3335.199951171875
2025-08-15T00:00:00.000000+0000,117398.3515625,3336.0
2025-08-15T12:00:00.000000+0000,117398.3515625,3336.0
2025-08-16T00:00:00.000000+0000,117491.3515625,3336.0
2025-08-16T12:00:00.000000+0000,117491.3515625,3336.0
2025-08-17T00:00:00.000000+0000,117453.0625,3336.0
2025-08-17T12:00:00.000000+0000,117453.0625,3336.0
2025-08-18T00:00:00.000000+0000,116252.3125,3331.699951171875
2025-08-18T12:00:00.000000+0000,116252.3125,3331.699951171875
2025-08-19T00:00:00.000000+0000,112831.1796875,3313.39990234375
2025-08-19T12:00:00.000000+0000,112831.1796875,3313.39990234375
2025-08-20T00:00:00.000000+0000,114274.7421875,3343.39990234375
2025-08-20T12:00:00.000000+0000,114274.7421875,3343.39990234375
2025-08-21T00:00:00.000000+0000,112419.03125,3336.89990234375
2025-08-21T12:00:00.000000+0000,112419.03125,3336.89990234375
2025-08-22T00:00:00.000000+0000,116874.0859375,3374.39990234375
2025-08-22T12:00:00.000000+0000,116874.0859375,3374.39990234375
2025-08-23T00:00:00.000000+0000,115374.328125,3374.39990234375
2025-08-23T12:00:00.000000+0000,115374.328125,3374.39990234375
2025-08-24T00:00:00.000000+0000,113458.4296875,3374.39990234375
2025-08-24T12:00:00.000000+0000,113458.4296875,3374.39990234375
2025-08-25T00:00:00.000000+0000,110124.3515625,3373.800048828125
2025-08-25T12:00:00.000000+0000,110124.3515625,3373.800048828125
2025-08-26T00:00:00.000000+0000,111802.65625,3388.60009765625
2025-08-26T12:00:00.000000+0000,111802.65625,3388.60009765625
2025-08-27T00:00:00.000000+0000,111222.0625,3404.60009765625
2025-08-27T12:00:00.000000+0000,111222.0625,3404.60009765625
2025-08-28T00:00:00.000000+0000,112544.8046875,3431.800048828125
2025-08-28T12:00:00.000000+0000,112544.8046875,3431.800048828125
2025-08-29T00:00:00.000000+0000,108410.8359375,3473.699951171875
2025-08-29T12:00:00.000000+0000,108410.8359375,3473.699951171875
2025-08-30T00:00:00.000000+0000,108808.0703125,3473.699951171875
2025-08-30T12:00:00.000000+0000,108808.0703125,3473.699951171875
2025-08-31T00:00:00.000000+0000,108236.7109375,3473.699951171875
2025-08-31T12:00:00.000000+0000,108236.7109375,3473.699951171875
2025-09-01T00:00:00.000000+0000,109250.59375,3473.699951171875
2025-09-01T12:00:00.000000+0000,109250.59375,3473.699951171875
2025-09-02T00:00:00.000000+0000,111200.5859375,3549.39990234375
2025-09-02T12:00:00.000000+0000,111200.5859375,3549.39990234375
2025-09-03T00:00:00.000000+0000,111723.2109375,3593.199951171875
2025-09-03T12:00:00.000000+0000,111723.2109375,3593.199951171875
2025-09-04T00:00:00.000000+0000,110723.6015625,3565.800048828125
2025-09-04T12:00:00.000000+0000,110723.6015625,3565.800048828125
2025-09-05T00:00:00.000000+0000,110650.984375,3613.199951171875
2025-09-05T12:00:00.000000+0000,110650.984375,3613.199951171875
2025-09-06T00:00:00.000000+0000,110224.6953125,3613.199951171875
2025-09-06T12:00:00.000000+0000,110224.6953125,3613.199951171875
2025-09-07T00:00:00.000000+0000,111167.6171875,3613.199951171875
2025-09-07T12:00:00.000000+0000,111167.6171875,3613.199951171875
2025-09-08T00:00:00.000000+0000,112071.4296875,3638.10009765625
2025-09-08T12:00:00.000000+0000,112071.4296875,3638.10009765625
2025-09-09T00:00:00.000000+0000,111530.546875,3643.300048828125
2025-09-09T12:00:00.000000+0000,111530.546875,3643.300048828125
2025-09-10T00:00:00.000000+0000,113955.359375,3643.60009765625
2025-09-10T12:00:00.000000+0000,113955.359375,3643.60009765625
2025-09-11T00:00:00.000000+0000,115507.5390625,3636.89990234375
2025-09-11T12:00:00.000000+0000,115507.5390625,3636.89990234375
2025-09-12T00:00:00.000000+0000,116101.578125,3649.39990234375
2025-09-12T12:00:00.000000+0000,116101.578125,3649.39990234375
2025-09-13T00:00:00.000000+0000,115950.5078125,3649.39990234375
2025-09-13T12:00:00.000000+0000,115950.5078125,3649.39990234375
2025-09-14T00:00:00.000000+0000,115407.65625,3649.39990234375
2025-09-14T12:00:00.000000+0000,115407.65625,3649.39990234375
2025-09-15T00:00:00.000000+0000,115444.875,3682.199951171875
2025-09-15T12:00:00.000000+0000,115444.875,3682.199951171875
2025-09-16T00:00:00.000000+0000,116843.1875,3688.89990234375
2025-09-16T12:00:00.000000+0000,116843.1875,3688.89990234375
2025-09-17T00:00:00.000000+0000,116468.5078125,3681.800048828125
2025-09-17T12:00:00.000000+0000,116468.5078125,3681.800048828125
2025-09-18T00:00:00.000000+0000,117137.203125,3643.699951171875
2025-09-18T12:00:00.000000+0000,117137.203125,3643.699951171875
2025-09-19T00:00:00.000000+0000,115688.859375,3671.5
2025-09-19T12:00:00.000000+0000,115688.859375,3671.5
2025-09-20T00:00:00.000000+0000,115721.9609375,3671.5
2025-09-20T12:00:00.000000+0000,115721.9609375,3671.5
2025-09-21T00:00:00.000000+0000,115306.09375,3671.5
2025-09-21T12:00:00.000000+0000,115306.09375,3671.5
2025-09-22T00:00:00.000000+0000,112748.5078125,3740.699951171875
2025-09-22T12:00:00.000000+0000,112748.5078125,3740.699951171875
2025-09-23T00:00:00.000000+0000,112014.5,3780.60009765625
2025-09-23T12:00:00.000000+0000,112014.5,3780.60009765625
2025-09-24T00:00:00.000000+0000,113328.6328125,3732.10009765625
2025-09-24T12:00:00.000000+0000,113328.6328125,3732.10009765625
2025-09-25T00:00:00.000000+0000,109049.2890625,3736.89990234375
2025-09-25T12:00:00.000000+0000,109049.2890625,3736.89990234375
2025-09-26T00:00:00.000000+0000,109712.828125,3775.300048828125
2025-09-26T12:00:00.000000+0000,109712.828125,3775.300048828125
2025-09-27T00:00:00.000000+0000,109681.9453125,3775.300048828125
2025-09-27T12:00:00.000000+0000,109681.9453125,3775.300048828125
2025-09-28T00:00:00.000000+0000,112122.640625,3775.300048828125
2025-09-28T12:00:00.000000+0000,112122.640625,3775.300048828125
2025-09-29T00:00:00.000000+0000,114400.3828125,3820.89990234375
2025-09-29T12:00:00.000000+0000,114400.3828125,3820.89990234375
2025-09-30T00:00:00.000000+0000,114056.0859375,3840.800048828125
2025-09-30T12:00:00.000000+0000,114056.0859375,3840.800048828125
2025-10-01T00:00:00.000000+0000,118648.9296875,3867.5
2025-10-01T12:00:00.000000+0000,118648.9296875,3867.5
2025-10-02T00:00:00.000000+0000,120681.2578125,3839.699951171875
2025-10-02T12:00:00.000000+0000,120681.2578125,3839.699951171875
2025-10-03T00:00:00.000000+0000,122266.53125,3880.800048828125
2025-10-03T12:00:00.000000+0000,122266.53125,3880.800048828125
2025-10-04T00:00:00.000000+0000,122425.4296875,3880.800048828125
2025-10-04T12:00:00.000000+0000,122425.4296875,3880.800048828125
2025-10-05T00:00:00.000000+0000,123513.4765625,3880.800048828125
2025-10-05T12:00:00.000000+0000,123513.4765625,3880.800048828125
2025-10-06T00:00:00.000000+0000,124752.53125,3948.5
2025-10-06T12:00:00.000000+0000,124752.53125,3948.5
2025-10-07T00:00:00.000000+0000,121451.3828125,3976.60009765625
2025-10-07T12:00:00.000000+0000,121451.3828125,3976.60009765625
2025-10-08T00:00:00.000000+0000,123354.8671875,4043.300048828125
2025-10-08T12:00:00.000000+0000,123354.8671875,4043.300048828125
2025-10-09T00:00:00.000000+0000,121705.5859375,3946.300048828125
2025-10-09T12:00:00.000000+0000,121705.5859375,3946.300048828125
2025-10-10T00:00:00.000000+0000,113214.3671875,3975.89990234375
2025-10-10T12:00:00.000000+0000,113214.3671875,3975.89990234375
2025-10-11T00:00:00.000000+0000,110807.8828125,3975.89990234375
2025-10-11T12:00:00.000000+0000,110807.8828125,3975.89990234375
2025-10-12T00:00:00.000000+0000,115169.765625,3975.89990234375
2025-10-12T12:00:00.000000+0000,115169.765625,3975.89990234375
2025-10-13T00:00:00.000000+0000,115271.078125,4108.60009765625
2025-10-13T12:00:00.000000+0000,115271.078125,4108.60009765625
2025-10-14T00:00:00.000000+0000,113118.6640625,4138.7001953125
2025-10-14T12:00:00.000000+0000,113118.6640625,4138.7001953125
2025-10-15T00:00:00.000000+0000,110783.1640625,4176.89990234375
2025-10-15T12:00:00.000000+0000,110783.1640625,4176.89990234375
2025-10-16T00:00:00.000000+0000,108186.0390625,4280.2001953125
2025-10-16T12:00:00.000000+0000,108186.0390625,4280.2001953125
2025-10-17T00:00:00.000000+0000,106467.7890625,4189.89990234375
2025-10-17T12:00:00.000000+0000,106467.7890625,4189.89990234375
2025-10-18T00:00:00.000000+0000,107198.265625,4189.89990234375
2025-10-18T12:00:00.000000+0000,107198.265625,4189.89990234375
2025-10-19T00:00:00.000000+0000,108666.7109375,4189.89990234375
2025-10-19T12:00:00.000000+0000,108666.7109375,4189.89990234375
2025-10-20T00:00:00.000000+0000,110588.9296875,4336.39990234375
2025-10-20T12:00:00.000000+0000,110588.9296875,4336.39990234375
2025-10-21T00:00:00.000000+0000,108476.890625,4087.699951171875
2025-10-21T12:00:00.000000+0000,108476.890625,4087.699951171875
2025-10-22T00:00:00.000000+0000,107688.5859375,4044.39990234375
2025-10-22T12:00:00.000000+0000,107688.5859375,4044.39990234375
2025-10-23T00:00:00.000000+0000,110069.7265625,4125.5
2025-10-23T12:00:00.000000+0000,110069.7265625,4125.5
2025-10-24T00:00:00.000000+0000,111033.921875,4118.39990234375
2025-10-24T12:00:00.000000+0000,111033.921875,4118.39990234375
2025-10-25T00:00:00.000000+0000,111641.7265625,4118.39990234375
2025-10-25T12:00:00.000000+0000,111641.7265625,4118.39990234375
2025-10-26T00:00:00.000000+0000,114472.4453125,4118.39990234375
2025-10-26T12:00:00.000000+0000,114472.4453125,4118.39990234375
2025-10-27T00:00:00.000000+0000,114119.328125,4001.89990234375
2025-10-27T12:00:00.000000+0000,114119.328125,4001.89990234375
2025-10-28T00:00:00.000000+0000,112956.1640625,3966.199951171875
2025-10-28T12:00:00.000000+0000,112956.1640625,3966.199951171875
2025-10-29T00:00:00.000000+0000,110055.3046875,3983.699951171875
2025-10-29T12:00:00.000000+0000,110055.3046875,3983.699951171875
2025-10-30T00:00:00.000000+0000,108305.546875,4001.300048828125
2025-10-30T12:00:00.000000+0000,108305.546875,4001.300048828125
2025-10-31T00:00:00.000000+0000,109556.1640625,3982.199951171875
2025-10-31T12:00:00.000000+0000,109556.1640625,3982.199951171875
2025-11-01T00:00:00.000000+0000,110064.015625,3982.199951171875
2025-11-01T12:00:00.000000+0000,110064.015625,3982.199951171875
2025-11-02T00:00:00.000000+0000,110639.625,3982.199951171875
2025-11-02T12:00:00.000000+0000,110639.625,3982.199951171875
2025-11-03T00:00:00.000000+0000,106547.5234375,4000.300048828125
2025-11-03T12:00:00.000000+0000,106547.5234375,4000.300048828125
2025-11-04T00:00:00.000000+0000,101590.5234375,3947.699951171875
2025-11-04T12:00:00.000000+0000,101590.5234375,3947.699951171875
2025-11-05T00:00:00.000000+0000,103891.8359375,3980.300048828125
2025-11-05T12:00:00.000000+0000,103891.8359375,3980.300048828125
2025-11-06T00:00:00.000000+0000,101301.2890625,3979.89990234375
2025-11-06T12:00:00.000000+0000,101301.2890625,3979.89990234375
2025-11-07T00:00:00.000000+0000,103372.40625,3999.39990234375
2025-11-07T12:00:00.000000+0000,103372.40625,3999.39990234375
2025-11-08T00:00:00.000000+0000,102282.1171875,3999.39990234375
2025-11-08T12:00:00.000000+0000,102282.1171875,3999.39990234375
2025-11-09T00:00:00.000000+0000,104719.640625,3999.39990234375
2025-11-09T12:00:00.000000+0000,104719.640625,3999.39990234375
2025-11-10T00:00:00.000000+0000,105996.59375,4111.7998046875
2025-11-10T12:00:00.000000+0000,105996.59375,4111.7998046875
2025-11-11T00:00:00.000000+0000,102997.46875,4106.7998046875
2025-11-11T12:00:00.000000+0000,102997.46875,4106.7998046875
2025-11-12T00:00:00.000000+0000,101663.1875,4204.39990234375
2025-11-12T12:00:00.000000+0000,101663.1875,4204.39990234375
2025-11-13T00:00:00.000000+0000,99697.4921875,4186.89990234375
2025-11-13T12:00:00.000000+0000,99697.4921875,4186.89990234375
2025-11-14T00:00:00.000000+0000,94397.7890625,4087.60009765625
2025-11-14T12:00:00.000000+0000,94397.7890625,4087.60009765625
2025-11-15T00:00:00.000000+0000,95549.1484375,4087.60009765625
2025-11-15T12:00:00.000000+0000,95549.1484375,4087.60009765625
2025-11-16T00:00:00.000000+0000,94177.078125,4087.60009765625
2025-11-16T12:00:00.000000+0000,94177.078125,4087.60009765625
2025-11-17T00:00:00.000000+0000,92093.875,4068.300048828125
2025-11-17T12:00:00.000000+0000,92093.875,4068.300048828125
2025-11-18T00:00:00.000000+0000,92948.875,4061.300048828125
2025-11-18T12:00:00.000000+0000,92948.875,4061.300048828125
2025-11-19T00:00:00.000000+0000,91465.9921875,4077.699951171875
2025-11-19T12:00:00.000000+0000,91465.9921875,4077.699951171875
2025-11-20T00:00:00.000000+0000,86631.8984375,4056.5
2025-11-20T12:00:00.000000+0000,86631.8984375,4056.5
2025-11-21T00:00:00.000000+0000,85090.6875,4076.699951171875
2025-11-21T12:00:00.000000+0000,85090.6875,4076.699951171875
2025-11-22T00:00:00.000000+0000,84648.359375,4076.699951171875
2025-11-22T12:00:00.000000+0000,84648.359375,4076.699951171875
2025-11-23T00:00:00.000000+0000,86805.0078125,4076.699951171875
2025-11-23T12:00:00.000000+0000,86805.0078125,4076.699951171875
2025-11-24T00:00:00.000000+0000,88270.5625,4091.89990234375
2025-11-24T12:00:00.000000+0000,88270.5625,4091.89990234375
2025-11-25T00:00:00.000000+0000,87341.890625,4139.2001953125
2025-11-25T12:00:00.000000+0000,87341.890625,4139.2001953125
2025-11-26T00:00:00.000000+0000,90518.3671875,4165.2001953125
2025-11-26T12:00:00.000000+0000,90518.3671875,4165.2001953125
2025-11-27T00:00:00.000000+0000,91285.375,4165.2001953125
2025-11-27T12:00:00.000000+0000,91285.375,4165.2001953125
2025-11-28T00:00:00.000000+0000,90919.265625,4218.2998046875
2025-11-28T12:00:00.000000+0000,90919.265625,4218.2998046875
2025-11-29T00:00:00.000000+0000,90851.7578125,4218.2998046875
2025-11-29T12:00:00.000000+0000,90851.7578125,4218.2998046875
2025-11-30T00:00:00.000000+0000,90394.3125,4218.2998046875
2025-11-30T12:00:00.000000+0000,90394.3125,4218.2998046875
2025-12-01T00:00:00.000000+0000,86321.5703125,4239.2998046875
2025-12-01T12:00:00.000000+0000,86321.5703125,4239.2998046875
2025-12-02T00:00:00.000000+0000,91350.203125,4186.60009765625
2025-12-02T12:00:00.000000+0000,91350.203125,4186.60009765625
2025-12-03T00:00:00.000000+0000,93527.8046875,4199.2998046875
2025-12-03T12:00:00.000000+0000,93527.8046875,4199.2998046875
2025-12-04T00:00:00.000000+0000,92141.625,4211.7998046875
2025-12-04T12:00:00.000000+0000,92141.625,4211.7998046875
2025-12-05T00:00:00.000000+0000,89387.7578125,4212.89990234375
2025-12-05T12:00:00.000000+0000,89387.7578125,4212.89990234375
2025-12-06T00:00:00.000000+0000,89272.375,4212.89990234375
2025-12-06T12:00:00.000000+0000,89272.375,4212.89990234375
2025-12-07T00:00:00.000000+0000,90405.640625,4212.89990234375
2025-12-07T12:00:00.000000+0000,90405.640625,4212.89990234375
2025-12-08T00:00:00.000000+0000,90640.203125,4187.2001953125
2025-12-08T12:00:00.000000+0000,90640.203125,4187.2001953125
2025-12-09T00:00:00.000000+0000,92691.7109375,4206.7001953125
2025-12-09T12:00:00.000000+0000,92691.7109375,4206.7001953125
2025-12-10T00:00:00.000000+0000,92020.9453125,4196.39990234375
2025-12-10T12:00:00.000000+0000,92020.9453125,4196.39990234375
2025-12-11T00:00:00.000000+0000,92511.3359375,4285.5
2025-12-11T12:00:00.000000+0000,92511.3359375,4285.5
2025-12-12T00:00:00.000000+0000,90270.4140625,4300.10009765625
2025-12-12T12:00:00.000000+0000,90270.4140625,4300.10009765625
2025-12-13T00:00:00.000000+0000,90298.7109375,4300.10009765625
2025-12-13T12:00:00.000000+0000,90298.7109375,4300.10009765625
2025-12-14T00:00:00.000000+0000,88175.1796875,4300.10009765625
2025-12-14T12:00:00.000000+0000,88175.1796875,4300.10009765625
2025-12-15T00:00:00.000000+0000,86419.78125,4306.7001953125
2025-12-15T12:00:00.000000+0000,86419.78125,4306.7001953125
2025-12-16T00:00:00.000000+0000,87843.984375,4304.5
2025-12-16T12:00:00.000000+0000,87843.984375,4304.5
2025-12-17T00:00:00.000000+0000,86143.7578125,4347.5
2025-12-17T12:00:00.000000+0000,86143.7578125,4347.5
2025-12-18T00:00:00.000000+0000,85462.5078125,4339.5
2025-12-18T12:00:00.000000+0000,85462.5078125,4339.5
2025-12-19T00:00:00.000000+0000,88103.3828125,4361.39990234375
2025-12-19T12:00:00.000000+0000,88103.3828125,4361.39990234375
2025-12-20T00:00:00.000000+0000,88344.0,4361.39990234375
2025-12-20T12:00:00.000000+0000,88344.0,4361.39990234375
2025-12-21T00:00:00.000000+0000,88621.75,4361.39990234375
2025-12-21T12:00:00.000000+0000,88621.75,4361.39990234375
2025-12-22T00:00:00.000000+0000,88490.015625,4444.60009765625
2025-12-22T12:00:00.000000+0000,88490.015625,4444.60009765625
2025-12-23T00:00:00.000000+0000,87414.0,4482.7998046875
2025-12-23T12:00:00.000000+0000,87414.0,4482.7998046875
2025-12-24T00:00:00.000000+0000,87611.9609375,4480.60009765625
2025-12-24T12:00:00.000000+0000,87611.9609375,4480.60009765625
2025-12-25T00:00:00.000000+0000,87234.7421875,4480.60009765625
2025-12-25T12:00:00.000000+0000,87234.7421875,4480.60009765625
2025-12-26T00:00:00.000000+0000,87301.4296875,4529.10009765625
2025-12-26T12:00:00.000000+0000,87301.4296875,4529.10009765625
2025-12-27T00:00:00.000000+0000,87802.15625,4529.10009765625
2025-12-27T12:00:00.000000+0000,87802.15625,4529.10009765625
2025-12-28T00:00:00.000000+0000,87835.8359375,4529.10009765625
2025-12-28T12:00:00.000000+0000,87835.8359375,4529.10009765625
2025-12-29T00:00:00.000000+0000,87138.140625,4325.10009765625
2025-12-29T12:00:00.000000+0000,87138.140625,4325.10009765625
2025-12-30T00:00:00.000000+0000,88430.1328125,4370.10009765625
2025-12-30T12:00:00.000000+0000,88430.1328125,4370.10009765625
2025-12-31T00:00:00.000000+0000,87508.828125,4325.60009765625
2025-12-31T12:00:00.000000+0000,87508.828125,4325.60009765625
2026-01-01T00:00:00.000000+0000,88731.984375,4325.60009765625
2026-01-01T12:00:00.000000+0000,88731.984375,4325.60009765625
2026-01-02T00:00:00.000000+0000,89944.6953125,4314.39990234375
2026-01-02T12:00:00.000000+0000,89944.6953125,4314.39990234375
2026-01-03T00:00:00.000000+0000,90603.1875,4314.39990234375
2026-01-03T12:00:00.000000+0000,90603.1875,4314.39990234375
2026-01-04T00:00:00.000000+0000,91413.4921875,4314.39990234375
2026-01-04T12:00:00.000000+0000,91413.4921875,4314.39990234375
2026-01-05T00:00:00.000000+0000,93882.5546875,4436.89990234375
2026-01-05T12:00:00.000000+0000,93882.5546875,4436.89990234375
2026-01-06T00:00:00.000000+0000,93729.03125,4482.2001953125
2026-01-06T12:00:00.000000+0000,93729.03125,4482.2001953125
2026-01-07T00:00:00.000000+0000,91308.0546875,4449.2998046875
2026-01-07T12:00:00.000000+0000,91308.0546875,4449.2998046875
2026-01-08T00:00:00.000000+0000,91027.125,4449.7001953125
2026-01-08T12:00:00.000000+0000,91027.125,4449.7001953125
2026-01-09T00:00:00.000000+0000,90513.1015625,4490.2998046875
2026-01-09T12:00:00.000000+0000,90513.1015625,4490.2998046875
2026-01-10T00:00:00.000000+0000,90386.6484375,4490.2998046875
2026-01-10T12:00:00.000000+0000,90386.6484375,4490.2998046875
2026-01-11T00:00:00.000000+0000,90827.4609375,4490.2998046875
2026-01-11T12:00:00.000000+0000,90827.4609375,4490.2998046875
2026-01-12T00:00:00.000000+0000,91192.9921875,4604.2998046875
2026-01-12T12:00:00.000000+0000,91192.9921875,4604.2998046875
2026-01-13T00:00:00.000000+0000,95321.78125,4589.2001953125
2026-01-13T12:00:00.000000+0000,95321.78125,4589.2001953125
2026-01-14T00:00:00.000000+0000,96929.328125,4626.2998046875
2026-01-14T12:00:00.000000+0000,96929.328125,4626.2998046875
2026-01-15T00:00:00.000000+0000,95551.1875,4616.2998046875
2026-01-15T12:00:00.000000+0000,95551.1875,4616.2998046875
2026-01-16T00:00:00.000000+0000,95525.1171875,4588.39990234375
2026-01-16T12:00:00.000000+0000,95525.1171875,4588.39990234375
2026-01-17T00:00:00.000000+0000,95099.921875,4588.39990234375
2026-01-17T12:00:00.000000+0000,95099.921875,4588.39990234375
2026-01-18T00:00:00.000000+0000,93634.4296875,4588.39990234375
2026-01-18T12:00:00.000000+0000,93634.4296875,4588.39990234375
2026-01-19T00:00:00.000000+0000,92553.59375,4588.39990234375
2026-01-19T12:00:00.000000+0000,92553.59375,4588.39990234375
2026-01-20T00:00:00.000000+0000,88310.90625,4759.60009765625
2026-01-20T12:00:00.000000+0000,88310.90625,4759.60009765625
2026-01-21T00:00:00.000000+0000,89376.9609375,4831.7998046875
2026-01-21T12:00:00.000000+0000,89376.9609375,4831.7998046875
2026-01-22T00:00:00.000000+0000,89462.453125,4908.7998046875
2026-01-22T12:00:00.000000+0000,89462.453125,4908.7998046875
2026-01-23T00:00:00.000000+0000,89503.875,4976.2001953125
2026-01-23T12:00:00.000000+0000,89503.875,4976.2001953125
2026-01-24T00:00:00.000000+0000,89110.734375,4976.2001953125
2026-01-24T12:00:00.000000+0000,89110.734375,4976.2001953125
2026-01-25T00:00:00.000000+0000,86572.21875,4976.2001953125
2026-01-25T12:00:00.000000+0000,86572.21875,4976.2001953125
2026-01-26T00:00:00.000000+0000,88267.140625,5079.7001953125
2026-01-26T12:00:00.000000+0000,88267.140625,5079.7001953125
2026-01-27T00:00:00.000000+0000,89102.5703125,5079.89990234375
2026-01-27T12:00:00.000000+0000,89102.5703125,5079.89990234375
2026-01-28T00:00:00.000000+0000,89184.5703125,5301.60009765625
2026-01-28T12:00:00.000000+0000,89184.5703125,5301.60009765625
2026-01-29T00:00:00.000000+0000,84561.5859375,5318.39990234375
2026-01-29T12:00:00.000000+0000,84561.5859375,5318.39990234375
2026-01-30T00:00:00.000000+0000,84128.65625,4713.89990234375
2026-01-30T12:00:00.000000+0000,84128.65625,4713.89990234375
2026-01-31T00:00:00.000000+0000,78621.1171875,4713.89990234375
2026-01-31T12:00:00.000000+0000,78621.1171875,4713.89990234375
2026-02-01T00:00:00.000000+0000,76974.4453125,4713.89990234375
2026-02-01T12:00:00.000000+0000,76974.4453125,4713.89990234375
2026-02-02T00:00:00.000000+0000,78688.765625,4622.5
2026-02-02T12:00:00.000000+0000,78688.765625,4622.5
2026-02-03T00:00:00.000000+0000,75633.546875,4903.7001953125
2026-02-03T12:00:00.000000+0000,75633.546875,4903.7001953125
2026-02-04T00:00:00.000000+0000,73019.703125,4920.39990234375
2026-02-04T12:00:00.000000+0000,73019.703125,4920.39990234375
2026-02-05T00:00:00.000000+0000,62702.09765625,4861.39990234375
2026-02-05T12:00:00.000000+0000,62702.09765625,4861.39990234375
2026-02-06T00:00:00.000000+0000,70555.390625,4951.2001953125
2026-02-06T12:00:00.000000+0000,70555.390625,4951.2001953125
2026-02-07T00:00:00.000000+0000,69281.96875,4951.2001953125
2026-02-07T12:00:00.000000+0000,69281.96875,4951.2001953125
2026-02-08T00:00:00.000000+0000,70264.7265625,4951.2001953125
2026-02-08T12:00:00.000000+0000,70264.7265625,4951.2001953125
2026-02-09T00:00:00.000000+0000,70120.78125,5050.89990234375
2026-02-09T12:00:00.000000+0000,70120.78125,5050.89990234375
2026-02-10T00:00:00.000000+0000,68793.9609375,5003.7998046875
2026-02-10T12:00:00.000000+0000,68793.9609375,5003.7998046875
2026-02-11T00:00:00.000000+0000,66991.96875,5071.60009765625
2026-02-11T12:00:00.000000+0000,66991.96875,5071.60009765625
2026-02-12T00:00:00.000000+0000,66221.84375,4923.7001953125
2026-02-12T12:00:00.000000+0000,66221.84375,4923.7001953125
2026-02-13T00:00:00.000000+0000,68857.84375,5022.0
2026-02-13T12:00:00.000000+0000,68857.84375,5022.0
2026-02-14T00:00:00.000000+0000,69767.625,5022.0
2026-02-14T12:00:00.000000+0000,69767.625,5022.0
2026-02-15T00:00:00.000000+0000,68788.1875,5022.0
2026-02-15T12:00:00.000000+0000,68788.1875,5022.0
2026-02-16T00:00:00.000000+0000,68843.15625,5022.0
2026-02-16T12:00:00.000000+0000,68843.15625,5022.0
2026-02-17T00:00:00.000000+0000,67494.21875,4882.89990234375
2026-02-17T12:00:00.000000+0000,67494.21875,4882.89990234375
2026-02-18T00:00:00.000000+0000,66425.3203125,4986.5
2026-02-18T12:00:00.000000+0000,66425.3203125,4986.5
2026-02-19T00:00:00.000000+0000,66957.5234375,4975.89990234375
2026-02-19T12:00:00.000000+0000,66957.5234375,4975.89990234375
2026-02-20T00:00:00.000000+0000,68005.421875,5059.2998046875
2026-02-20T12:00:00.000000+0000,68005.421875,5059.2998046875
2026-02-21T00:00:00.000000+0000,68003.765625,5059.2998046875
2026-02-21T12:00:00.000000+0000,68003.765625,5059.2998046875
2026-02-22T00:00:00.000000+0000,67659.390625,5059.2998046875
2026-02-22T12:00:00.000000+0000,67659.390625,5059.2998046875
2026-02-23T00:00:00.000000+0000,64616.73828125,5204.7001953125
2026-02-23T12:00:00.000000+0000,64616.73828125,5204.7001953125
2026-02-24T00:00:00.000000+0000,64080.04296875,5155.7998046875
2026-02-24T12:00:00.000000+0000,64080.04296875,5155.7998046875
2026-02-25T00:00:00.000000+0000,67960.125,5206.39990234375
2026-02-25T12:00:00.000000+0000,67960.125,5206.39990234375
2026-02-26T00:00:00.000000+0000,67453.7734375,5176.5
2026-02-26T12:00:00.000000+0000,67453.7734375,5176.5
2026-02-27T00:00:00.000000+0000,65881.796875,5230.5
2026-02-27T12:00:00.000000+0000,65881.796875,5230.5
2026-02-28T00:00:00.000000+0000,66995.859375,5230.5
2026-02-28T12:00:00.000000+0000,66995.859375,5230.5
2026-03-01T00:00:00.000000+0000,65738.1015625,5230.5
2026-03-01T12:00:00.000000+0000,65738.1015625,5230.5
2026-03-02T00:00:00.000000+0000,68775.8515625,5294.39990234375
2026-03-02T12:00:00.000000+0000,68775.8515625,5294.39990234375
2026-03-03T00:00:00.000000+0000,68293.6484375,5107.39990234375
2026-03-03T12:00:00.000000+0000,68293.6484375,5107.39990234375
2026-03-04T00:00:00.000000+0000,72710.578125,5120.2001953125
2026-03-04T12:00:00.000000+0000,72710.578125,5120.2001953125
2026-03-05T00:00:00.000000+0000,70841.125,5065.2998046875
2026-03-05T12:00:00.000000+0000,70841.125,5065.2998046875
2026-03-06T00:00:00.000000+0000,68136.4921875,5146.10009765625
2026-03-06T12:00:00.000000+0000,68136.4921875,5146.10009765625
2026-03-07T00:00:00.000000+0000,67272.59375,5146.10009765625
2026-03-07T12:00:00.000000+0000,67272.59375,5146.10009765625
2026-03-08T00:00:00.000000+0000,65969.78125,5146.10009765625
2026-03-08T12:00:00.000000+0000,65969.78125,5146.10009765625
2026-03-09T00:00:00.000000+0000,68402.3828125,5091.5
2026-03-09T12:00:00.000000+0000,68402.3828125,5091.5
2026-03-10T00:00:00.000000+0000,69926.921875,5229.7001953125
2026-03-10T12:00:00.000000+0000,69926.921875,5229.7001953125
2026-03-11T00:00:00.000000+0000,70204.8828125,5167.39990234375
2026-03-11T12:00:00.000000+0000,70204.8828125,5167.39990234375
2026-03-12T00:00:00.000000+0000,70493.4609375,5115.7998046875
2026-03-12T12:00:00.000000+0000,70493.4609375,5115.7998046875
2026-03-13T00:00:00.000000+0000,70968.265625,5052.5
2026-03-13T12:00:00.000000+0000,70968.265625,5052.5
2026-03-14T00:00:00.000000+0000,71214.625,5052.5
2026-03-14T12:00:00.000000+0000,71214.625,5052.5
2026-03-15T00:00:00.000000+0000,72789.9140625,5052.5
2026-03-15T12:00:00.000000+0000,72789.9140625,5052.5
2026-03-16T00:00:00.000000+0000,74861.0859375,4994.0
2026-03-16T12:00:00.000000+0000,74861.0859375,4994.0
2026-03-17T00:00:00.000000+0000,73922.4765625,5001.0
2026-03-17T12:00:00.000000+0000,73922.4765625,5001.0
2026-03-18T00:00:00.000000+0000,71245.578125,4889.89990234375
2026-03-18T12:00:00.000000+0000,71245.578125,4889.89990234375
2026-03-19T00:00:00.000000+0000,69912.7890625,4600.7001953125
2026-03-19T12:00:00.000000+0000,69912.7890625,4600.7001953125
2026-03-20T00:00:00.000000+0000,70522.5859375,4570.39990234375
2026-03-20T12:00:00.000000+0000,70522.5859375,4570.39990234375
2026-03-21T00:00:00.000000+0000,68711.5234375,4570.39990234375
2026-03-21T12:00:00.000000+0000,68711.5234375,4570.39990234375
2026-03-22T00:00:00.000000+0000,67845.2109375,4570.39990234375
2026-03-22T12:00:00.000000+0000,67845.2109375,4570.39990234375
2026-03-23T00:00:00.000000+0000,70914.859375,4404.10009765625
2026-03-23T12:00:00.000000+0000,70914.859375,4404.10009765625
2026-03-24T00:00:00.000000+0000,70517.859375,4399.2998046875
2026-03-24T12:00:00.000000+0000,70517.859375,4399.2998046875
2026-03-25T00:00:00.000000+0000,71309.8828125,4549.7998046875
2026-03-25T12:00:00.000000+0000,71309.8828125,4549.7998046875
2026-03-26T00:00:00.000000+0000,68791.625,4375.5
2026-03-26T12:00:00.000000+0000,68791.625,4375.5
2026-03-27T00:00:00.000000+0000,66338.375,4492.0
2026-03-27T12:00:00.000000+0000,66338.375,4492.0
2026-03-28T00:00:00.000000+0000,66319.6953125,4492.0
2026-03-28T12:00:00.000000+0000,66319.6953125,4492.0
2026-03-29T00:00:00.000000+0000,65954.921875,4492.0
2026-03-29T12:00:00.000000+0000,65954.921875,4492.0
2026-03-30T00:00:00.000000+0000,66691.4453125,4526.0
2026-03-30T12:00:00.000000+0000,66691.4453125,4526.0
2026-03-31T00:00:00.000000+0000,68233.3125,4647.60009765625
2026-03-31T12:00:00.000000+0000,68233.3125,4647.60009765625
2026-04-01T00:00:00.000000+0000,68078.5546875,4783.2001953125
2026-04-01T12:00:00.000000+0000,68078.5546875,4783.2001953125
2026-04-02T00:00:00.000000+0000,66888.5703125,4651.5
2026-04-02T12:00:00.000000+0000,66888.5703125,4651.5
2026-04-03T00:00:00.000000+0000,66931.1015625,4651.5
2026-04-03T12:00:00.000000+0000,66931.1015625,4651.5
2026-04-04T00:00:00.000000+0000,67290.515625,4651.5
2026-04-04T12:00:00.000000+0000,67290.515625,4651.5
2026-04-05T00:00:00.000000+0000,68981.8984375,4651.5
2026-04-05T12:00:00.000000+0000,68981.8984375,4651.5
2026-04-06T00:00:00.000000+0000,68859.828125,4656.7998046875
2026-04-06T12:00:00.000000+0000,68859.828125,4656.7998046875
2026-04-07T00:00:00.000000+0000,71940.703125,4657.10009765625
2026-04-07T12:00:00.000000+0000,71940.703125,4657.10009765625
2026-04-08T00:00:00.000000+0000,71123.359375,4749.5
2026-04-08T12:00:00.000000+0000,71123.359375,4749.5
2026-04-09T00:00:00.000000+0000,71767.828125,4792.2001953125
2026-04-09T12:00:00.000000+0000,71767.828125,4792.2001953125
2026-04-10T00:00:00.000000+0000,72979.046875,4761.89990234375
2026-04-10T12:00:00.000000+0000,72979.046875,4761.89990234375
2026-04-11T00:00:00.000000+0000,73054.2734375,4761.89990234375
2026-04-11T12:00:00.000000+0000,73054.2734375,4761.89990234375
2026-04-12T00:00:00.000000+0000,70753.40625,4761.89990234375
2026-04-12T12:00:00.000000+0000,70753.40625,4761.89990234375
2026-04-13T00:00:00.000000+0000,74484.640625,4742.39990234375
2026-04-13T12:00:00.000000+0000,74484.640625,4742.39990234375
2026-04-14T00:00:00.000000+0000,74181.609375,4825.0
2026-04-14T12:00:00.000000+0000,74181.609375,4825.0
2026-04-15T00:00:00.000000+0000,74143.4296875,4815.60009765625
2026-04-15T12:00:00.000000+0000,74143.4296875,4815.60009765625
