timestamp,spy_close,volume
2015-01-02 00:00:00+00:00,205.42999267578125,121465900.0
2015-01-05 00:00:00+00:00,201.72000122070312,169632600.0
2015-01-06 00:00:00+00:00,199.82000732421875,209151400.0
2015-01-07 00:00:00+00:00,202.30999755859375,125346700.0
2015-01-08 00:00:00+00:00,205.89999389648438,147217800.0
2015-01-09 00:00:00+00:00,204.25,158567300.0
2015-01-12 00:00:00+00:00,202.64999389648438,144396100.0
2015-01-13 00:00:00+00:00,202.0800018310547,214553300.0
2015-01-14 00:00:00+00:00,200.86000061035156,192991100.0
2015-01-15 00:00:00+00:00,199.02000427246094,176613900.0
2015-01-16 00:00:00+00:00,201.6300048828125,211879600.0
2015-01-20 00:00:00+00:00,202.05999755859375,130991100.0
2015-01-21 00:00:00+00:00,203.0800018310547,122942700.0
2015-01-22 00:00:00+00:00,206.10000610351562,174356000.0
2015-01-23 00:00:00+00:00,204.97000122070312,117516800.0
2015-01-26 00:00:00+00:00,205.4499969482422,92009700.0
2015-01-27 00:00:00+00:00,202.74000549316406,134044600.0
2015-01-28 00:00:00+00:00,200.13999938964844,168514300.0
2015-01-29 00:00:00+00:00,201.99000549316406,173585400.0
2015-01-30 00:00:00+00:00,199.4499969482422,197729700.0
2015-02-02 00:00:00+00:00,201.9199981689453,163107000.0
2015-02-03 00:00:00+00:00,204.83999633789062,124212900.0
2015-02-04 00:00:00+00:00,204.05999755859375,134306700.0
2015-02-05 00:00:00+00:00,206.1199951171875,97953200.0
2015-02-06 00:00:00+00:00,205.5500030517578,125672000.0
2015-02-09 00:00:00+00:00,204.6300048828125,87219000.0
2015-02-10 00:00:00+00:00,206.80999755859375,96164200.0
2015-02-11 00:00:00+00:00,206.92999267578125,91087800.0
2015-02-12 00:00:00+00:00,208.9199981689453,97545900.0
2015-02-13 00:00:00+00:00,209.77999877929688,93670400.0
2015-02-17 00:00:00+00:00,210.11000061035156,76968200.0
2015-02-18 00:00:00+00:00,210.1300048828125,80652900.0
2015-02-19 00:00:00+00:00,209.97999572753906,91462500.0
2015-02-20 00:00:00+00:00,211.24000549316406,140896400.0
2015-02-23 00:00:00+00:00,211.2100067138672,74411100.0
2015-02-24 00:00:00+00:00,211.80999755859375,72472300.0
2015-02-25 00:00:00+00:00,211.6300048828125,73061700.0
2015-02-26 00:00:00+00:00,211.3800048828125,72697900.0
2015-02-27 00:00:00+00:00,210.66000366210938,108076000.0
2015-03-02 00:00:00+00:00,211.99000549316406,87491400.0
2015-03-03 00:00:00+00:00,211.1199951171875,110325800.0
2015-03-04 00:00:00+00:00,210.22999572753906,114497200.0
2015-03-05 00:00:00+00:00,210.4600067138672,76873000.0
2015-03-06 00:00:00+00:00,207.5,188128000.0
2015-03-09 00:00:00+00:00,208.36000061035156,89818900.0
2015-03-10 00:00:00+00:00,204.97999572753906,157121300.0
2015-03-11 00:00:00+00:00,204.5,110145700.0
2015-03-12 00:00:00+00:00,207.10000610351562,93993500.0
2015-03-13 00:00:00+00:00,205.8300018310547,162410900.0
2015-03-16 00:00:00+00:00,208.5800018310547,136099200.0
2015-03-17 00:00:00+00:00,207.9600067138672,94510400.0
2015-03-18 00:00:00+00:00,210.4600067138672,228808500.0
2015-03-19 00:00:00+00:00,209.5,117917300.0
2015-03-20 00:00:00+00:00,210.41000366210938,177715100.0
2015-03-23 00:00:00+00:00,210.0,71784500.0
2015-03-24 00:00:00+00:00,208.82000732421875,77805300.0
2015-03-25 00:00:00+00:00,205.75999450683594,159521700.0
2015-03-26 00:00:00+00:00,205.27000427246094,153067200.0
2015-03-27 00:00:00+00:00,205.74000549316406,118939000.0
2015-03-30 00:00:00+00:00,208.25,96180400.0
2015-03-31 00:00:00+00:00,206.42999267578125,126768700.0
2015-04-01 00:00:00+00:00,205.6999969482422,137303600.0
2015-04-02 00:00:00+00:00,206.44000244140625,86900900.0
2015-04-06 00:00:00+00:00,207.8300018310547,114368200.0
2015-04-07 00:00:00+00:00,207.27999877929688,81236300.0
2015-04-08 00:00:00+00:00,207.97999572753906,89351900.0
2015-04-09 00:00:00+00:00,208.89999389648438,85548900.0
2015-04-10 00:00:00+00:00,210.0399932861328,72722900.0
2015-04-13 00:00:00+00:00,209.08999633789062,74436600.0
2015-04-14 00:00:00+00:00,209.49000549316406,75099900.0
2015-04-15 00:00:00+00:00,210.42999267578125,99529300.0
2015-04-16 00:00:00+00:00,210.3699951171875,68934900.0
2015-04-17 00:00:00+00:00,207.9499969482422,191113200.0
2015-04-20 00:00:00+00:00,209.85000610351562,92189500.0
2015-04-21 00:00:00+00:00,209.60000610351562,72559800.0
2015-04-22 00:00:00+00:00,210.6300048828125,78264600.0
2015-04-23 00:00:00+00:00,211.16000366210938,102585900.0
2015-04-24 00:00:00+00:00,211.64999389648438,61327400.0
2015-04-27 00:00:00+00:00,210.77000427246094,79358100.0
2015-04-28 00:00:00+00:00,211.44000244140625,86863500.0
2015-04-29 00:00:00+00:00,210.57000732421875,125684900.0
2015-04-30 00:00:00+00:00,208.4600067138672,161304900.0
2015-05-01 00:00:00+00:00,210.72000122070312,103399700.0
2015-05-04 00:00:00+00:00,211.32000732421875,70927200.0
2015-05-05 00:00:00+00:00,208.89999389648438,113326200.0
2015-05-06 00:00:00+00:00,208.0399932861328,135060200.0
2015-05-07 00:00:00+00:00,208.8699951171875,88244900.0
2015-05-08 00:00:00+00:00,211.6199951171875,155877300.0
2015-05-11 00:00:00+00:00,210.61000061035156,75708100.0
2015-05-12 00:00:00+00:00,209.97999572753906,119727600.0
2015-05-13 00:00:00+00:00,210.02000427246094,94667900.0
2015-05-14 00:00:00+00:00,212.2100067138672,95934000.0
2015-05-15 00:00:00+00:00,212.44000244140625,76510100.0
2015-05-18 00:00:00+00:00,213.10000610351562,74549700.0
2015-05-19 00:00:00+00:00,213.02999877929688,72114600.0
2015-05-20 00:00:00+00:00,212.8800048828125,76857500.0
2015-05-21 00:00:00+00:00,213.5,64764600.0
2015-05-22 00:00:00+00:00,212.99000549316406,57433500.0
2015-05-26 00:00:00+00:00,210.6999969482422,124308600.0
2015-05-27 00:00:00+00:00,212.6999969482422,93214000.0
2015-05-28 00:00:00+00:00,212.4600067138672,74974600.0
2015-05-29 00:00:00+00:00,211.13999938964844,124919600.0
2015-06-01 00:00:00+00:00,211.57000732421875,93338800.0
2015-06-02 00:00:00+00:00,211.36000061035156,91531000.0
2015-06-03 00:00:00+00:00,211.9199981689453,87820900.0
2015-06-04 00:00:00+00:00,210.1300048828125,151882800.0
2015-06-05 00:00:00+00:00,209.77000427246094,121704700.0
2015-06-08 00:00:00+00:00,208.47999572753906,89063300.0
2015-06-09 00:00:00+00:00,208.4499969482422,105034700.0
2015-06-10 00:00:00+00:00,210.9499969482422,134551300.0
2015-06-11 00:00:00+00:00,211.6300048828125,73876400.0
2015-06-12 00:00:00+00:00,210.00999450683594,135382400.0
2015-06-15 00:00:00+00:00,209.11000061035156,124384200.0
2015-06-16 00:00:00+00:00,210.25,85308200.0
2015-06-17 00:00:00+00:00,210.58999633789062,126708600.0
2015-06-18 00:00:00+00:00,212.77999877929688,165867900.0
2015-06-19 00:00:00+00:00,210.80999755859375,130478700.0
2015-06-22 00:00:00+00:00,211.88999938964844,70696000.0
2015-06-23 00:00:00+00:00,212.0399932861328,68476800.0
2015-06-24 00:00:00+00:00,210.5,92307300.0
2015-06-25 00:00:00+00:00,209.86000061035156,97107400.0
2015-06-26 00:00:00+00:00,209.82000732421875,104174800.0
2015-06-29 00:00:00+00:00,205.4199981689453,202621300.0
2015-06-30 00:00:00+00:00,205.85000610351562,182925100.0
2015-07-01 00:00:00+00:00,207.5,135979900.0
2015-07-02 00:00:00+00:00,207.30999755859375,104373700.0
2015-07-06 00:00:00+00:00,206.72000122070312,117975400.0
2015-07-07 00:00:00+00:00,208.02000427246094,173820200.0
2015-07-08 00:00:00+00:00,204.52999877929688,164020100.0
2015-07-09 00:00:00+00:00,204.89999389648438,144113100.0
2015-07-10 00:00:00+00:00,207.47999572753906,129456900.0
2015-07-13 00:00:00+00:00,209.77000427246094,106069400.0
2015-07-14 00:00:00+00:00,210.67999267578125,81709600.0
2015-07-15 00:00:00+00:00,210.61000061035156,97914100.0
2015-07-16 00:00:00+00:00,212.3000030517578,106683300.0
2015-07-17 00:00:00+00:00,212.47999572753906,89030000.0
2015-07-20 00:00:00+00:00,212.58999633789062,70446800.0
2015-07-21 00:00:00+00:00,211.75,77965000.0
2015-07-22 00:00:00+00:00,211.3699951171875,88667900.0
2015-07-23 00:00:00+00:00,210.17999267578125,90509100.0
2015-07-24 00:00:00+00:00,208.0,117755000.0
2015-07-27 00:00:00+00:00,206.7899932861328,132361100.0
2015-07-28 00:00:00+00:00,209.3300018310547,123544800.0
2015-07-29 00:00:00+00:00,210.77000427246094,105791300.0
2015-07-30 00:00:00+00:00,210.82000732421875,91304400.0
2015-07-31 00:00:00+00:00,210.5,103266900.0
2015-08-03 00:00:00+00:00,209.7899932861328,113965700.0
2015-08-04 00:00:00+00:00,209.3800048828125,81820800.0
2015-08-05 00:00:00+00:00,210.07000732421875,85786800.0
2015-08-06 00:00:00+00:00,208.35000610351562,116030800.0
2015-08-07 00:00:00+00:00,207.9499969482422,117858000.0
2015-08-10 00:00:00+00:00,210.57000732421875,80270700.0
2015-08-11 00:00:00+00:00,208.6699981689453,126081400.0
2015-08-12 00:00:00+00:00,208.9199981689453,172123700.0
2015-08-13 00:00:00+00:00,208.66000366210938,89383300.0
2015-08-14 00:00:00+00:00,209.4199981689453,72786500.0
2015-08-17 00:00:00+00:00,210.58999633789062,79072600.0
2015-08-18 00:00:00+00:00,209.97999572753906,71692700.0
2015-08-19 00:00:00+00:00,208.32000732421875,172946000.0
2015-08-20 00:00:00+00:00,203.97000122070312,194327900.0
2015-08-21 00:00:00+00:00,197.8300018310547,346588500.0
2015-08-24 00:00:00+00:00,189.5,507244300.0
2015-08-25 00:00:00+00:00,187.27000427246094,369833100.0
2015-08-26 00:00:00+00:00,194.4600067138672,339257000.0
2015-08-27 00:00:00+00:00,199.27000427246094,274143900.0
2015-08-28 00:00:00+00:00,199.27999877929688,160414400.0
2015-08-31 00:00:00+00:00,197.6699981689453,163298800.0
2015-09-01 00:00:00+00:00,191.77000427246094,256000400.0
2015-09-02 00:00:00+00:00,195.41000366210938,160269300.0
2015-09-03 00:00:00+00:00,195.5500030517578,152087800.0
2015-09-04 00:00:00+00:00,192.58999633789062,207081000.0
2015-09-08 00:00:00+00:00,197.42999267578125,116025700.0
2015-09-09 00:00:00+00:00,194.7899932861328,149347700.0
2015-09-10 00:00:00+00:00,195.85000610351562,158611100.0
2015-09-11 00:00:00+00:00,196.74000549316406,119691200.0
2015-09-14 00:00:00+00:00,196.00999450683594,79452000.0
2015-09-15 00:00:00+00:00,198.4600067138672,113806200.0
2015-09-16 00:00:00+00:00,200.17999267578125,99581600.0
2015-09-17 00:00:00+00:00,199.72999572753906,276046600.0
2015-09-18 00:00:00+00:00,195.4499969482422,223657500.0
2015-09-21 00:00:00+00:00,196.4600067138672,105726200.0
2015-09-22 00:00:00+00:00,193.91000366210938,153890900.0
2015-09-23 00:00:00+00:00,193.60000610351562,92790600.0
2015-09-24 00:00:00+00:00,192.89999389648438,159378800.0
2015-09-25 00:00:00+00:00,192.85000610351562,155054800.0
2015-09-28 00:00:00+00:00,188.00999450683594,178515900.0
2015-09-29 00:00:00+00:00,188.1199951171875,159045600.0
2015-09-30 00:00:00+00:00,191.6300048828125,163452000.0
2015-10-01 00:00:00+00:00,192.1300048828125,131079000.0
2015-10-02 00:00:00+00:00,195.0,211003300.0
2015-10-05 00:00:00+00:00,198.47000122070312,126320800.0
2015-10-06 00:00:00+00:00,197.7899932861328,110274500.0
2015-10-07 00:00:00+00:00,199.41000366210938,124307300.0
2015-10-08 00:00:00+00:00,201.2100067138672,153055200.0
2015-10-09 00:00:00+00:00,201.3300018310547,107069200.0
2015-10-12 00:00:00+00:00,201.52000427246094,56395600.0
2015-10-13 00:00:00+00:00,200.25,88038700.0
2015-10-14 00:00:00+00:00,199.2899932861328,99106200.0
2015-10-15 00:00:00+00:00,202.35000610351562,134142200.0
2015-10-16 00:00:00+00:00,203.27000427246094,114580100.0
2015-10-19 00:00:00+00:00,203.3699951171875,76523900.0
2015-10-20 00:00:00+00:00,203.11000061035156,78448500.0
2015-10-21 00:00:00+00:00,201.85000610351562,102038000.0
2015-10-22 00:00:00+00:00,205.25999450683594,174911700.0
2015-10-23 00:00:00+00:00,207.50999450683594,144442300.0
2015-10-26 00:00:00+00:00,207.0,69033000.0
2015-10-27 00:00:00+00:00,206.60000610351562,77905800.0
2015-10-28 00:00:00+00:00,208.9499969482422,135906700.0
2015-10-29 00:00:00+00:00,208.8300018310547,90525500.0
2015-10-30 00:00:00+00:00,207.92999267578125,131076900.0
2015-11-02 00:00:00+00:00,210.38999938964844,86270800.0
2015-11-03 00:00:00+00:00,211.0,95246100.0
2015-11-04 00:00:00+00:00,210.36000061035156,96224500.0
2015-11-05 00:00:00+00:00,210.14999389648438,78408700.0
2015-11-06 00:00:00+00:00,210.0399932861328,110471500.0
2015-11-09 00:00:00+00:00,208.0800018310547,131008700.0
2015-11-10 00:00:00+00:00,208.55999755859375,75874600.0
2015-11-11 00:00:00+00:00,207.74000549316406,67846000.0
2015-11-12 00:00:00+00:00,204.83999633789062,121315200.0
2015-11-13 00:00:00+00:00,202.5399932861328,153577100.0
2015-11-16 00:00:00+00:00,205.6199951171875,117645200.0
2015-11-17 00:00:00+00:00,205.47000122070312,121123700.0
2015-11-18 00:00:00+00:00,208.72999572753906,121342500.0
2015-11-19 00:00:00+00:00,208.5500030517578,88220500.0
2015-11-20 00:00:00+00:00,209.30999755859375,94011500.0
2015-11-23 00:00:00+00:00,209.07000732421875,64931200.0
2015-11-24 00:00:00+00:00,209.35000610351562,98874400.0
2015-11-25 00:00:00+00:00,209.32000732421875,51980100.0
2015-11-27 00:00:00+00:00,209.55999755859375,37317800.0
2015-11-30 00:00:00+00:00,208.69000244140625,112822700.0
2015-12-01 00:00:00+00:00,210.67999267578125,97858400.0
2015-12-02 00:00:00+00:00,208.52999877929688,108441300.0
2015-12-03 00:00:00+00:00,205.61000061035156,166224200.0
2015-12-04 00:00:00+00:00,209.6199951171875,192913900.0
2015-12-07 00:00:00+00:00,208.35000610351562,102027100.0
2015-12-08 00:00:00+00:00,206.9499969482422,103372400.0
2015-12-09 00:00:00+00:00,205.33999633789062,162401500.0
2015-12-10 00:00:00+00:00,205.8699951171875,116128900.0
2015-12-11 00:00:00+00:00,201.8800048828125,211173300.0
2015-12-14 00:00:00+00:00,202.89999389648438,182385200.0
2015-12-15 00:00:00+00:00,205.02999877929688,154069600.0
2015-12-16 00:00:00+00:00,208.02999877929688,197017000.0
2015-12-17 00:00:00+00:00,204.86000061035156,173092500.0
2015-12-18 00:00:00+00:00,200.02000427246094,251393500.0
2015-12-21 00:00:00+00:00,201.6699981689453,99094300.0
2015-12-22 00:00:00+00:00,203.5,111026200.0
2015-12-23 00:00:00+00:00,206.02000427246094,110987200.0
2015-12-24 00:00:00+00:00,205.67999267578125,48539600.0
2015-12-28 00:00:00+00:00,205.2100067138672,65899900.0
2015-12-29 00:00:00+00:00,207.39999389648438,92640700.0
2015-12-30 00:00:00+00:00,205.92999267578125,63317700.0
2015-12-31 00:00:00+00:00,203.8699951171875,114877900.0
2016-01-04 00:00:00+00:00,201.02000427246094,222353500.0
2016-01-05 00:00:00+00:00,201.36000061035156,110845800.0
2016-01-06 00:00:00+00:00,198.82000732421875,152112600.0
2016-01-07 00:00:00+00:00,194.0500030517578,213436100.0
2016-01-08 00:00:00+00:00,191.9199981689453,209817200.0
2016-01-11 00:00:00+00:00,192.11000061035156,187941300.0
2016-01-12 00:00:00+00:00,193.66000366210938,172330500.0
2016-01-13 00:00:00+00:00,188.8300018310547,221168900.0
2016-01-14 00:00:00+00:00,191.92999267578125,240795600.0
2016-01-15 00:00:00+00:00,187.80999755859375,324846400.0
2016-01-19 00:00:00+00:00,188.05999755859375,195244400.0
2016-01-20 00:00:00+00:00,185.64999389648438,286547800.0
2016-01-21 00:00:00+00:00,186.69000244140625,195772900.0
2016-01-22 00:00:00+00:00,190.52000427246094,168319600.0
2016-01-25 00:00:00+00:00,187.63999938964844,130371700.0
2016-01-26 00:00:00+00:00,190.1999969482422,141036800.0
2016-01-27 00:00:00+00:00,188.1300048828125,185681700.0
2016-01-28 00:00:00+00:00,189.11000061035156,143798800.0
2016-01-29 00:00:00+00:00,193.72000122070312,210529300.0
2016-02-01 00:00:00+00:00,193.64999389648438,136061600.0
2016-02-02 00:00:00+00:00,190.16000366210938,182564900.0
2016-02-03 00:00:00+00:00,191.3000030517578,205054900.0
2016-02-04 00:00:00+00:00,191.60000610351562,139531800.0
2016-02-05 00:00:00+00:00,187.9499969482422,180788300.0
2016-02-08 00:00:00+00:00,185.4199981689453,191526700.0
2016-02-09 00:00:00+00:00,185.42999267578125,184513100.0
2016-02-10 00:00:00+00:00,185.27000427246094,148214100.0
2016-02-11 00:00:00+00:00,182.86000061035156,219058900.0
2016-02-12 00:00:00+00:00,186.6300048828125,127632400.0
2016-02-16 00:00:00+00:00,189.77999877929688,120250700.0
2016-02-17 00:00:00+00:00,192.8800048828125,136009500.0
2016-02-18 00:00:00+00:00,192.08999633789062,102343000.0
2016-02-19 00:00:00+00:00,192.0,114793000.0
2016-02-22 00:00:00+00:00,194.77999877929688,103640300.0
2016-02-23 00:00:00+00:00,192.32000732421875,111455300.0
2016-02-24 00:00:00+00:00,193.1999969482422,150812200.0
2016-02-25 00:00:00+00:00,195.5399932861328,110728300.0
2016-02-26 00:00:00+00:00,195.08999633789062,129833700.0
2016-02-29 00:00:00+00:00,193.55999755859375,125918100.0
2016-03-01 00:00:00+00:00,198.11000061035156,141799700.0
2016-03-02 00:00:00+00:00,199.0,102415000.0
2016-03-03 00:00:00+00:00,199.77999877929688,95172200.0
2016-03-04 00:00:00+00:00,200.42999267578125,129293600.0
2016-03-07 00:00:00+00:00,200.58999633789062,100219000.0
2016-03-08 00:00:00+00:00,198.39999389648438,123974900.0
2016-03-09 00:00:00+00:00,199.3800048828125,94801200.0
2016-03-10 00:00:00+00:00,199.5399932861328,156838700.0
2016-03-11 00:00:00+00:00,202.75999450683594,137964500.0
2016-03-14 00:00:00+00:00,202.5,73612000.0
2016-03-15 00:00:00+00:00,202.1699981689453,93169100.0
2016-03-16 00:00:00+00:00,203.33999633789062,129303200.0
2016-03-17 00:00:00+00:00,204.6300048828125,134278500.0
2016-03-18 00:00:00+00:00,204.3800048828125,138372400.0
2016-03-21 00:00:00+00:00,204.6699981689453,72926700.0
2016-03-22 00:00:00+00:00,204.55999755859375,97471900.0
2016-03-23 00:00:00+00:00,203.2100067138672,81052500.0
2016-03-24 00:00:00+00:00,203.1199951171875,84360900.0
2016-03-28 00:00:00+00:00,203.24000549316406,62408200.0
2016-03-29 00:00:00+00:00,205.1199951171875,92922900.0
2016-03-30 00:00:00+00:00,206.02000427246094,86365300.0
2016-03-31 00:00:00+00:00,205.52000427246094,94584100.0
2016-04-01 00:00:00+00:00,206.9199981689453,114423500.0
2016-04-04 00:00:00+00:00,206.25,63497000.0
2016-04-05 00:00:00+00:00,204.19000244140625,99662200.0
2016-04-06 00:00:00+00:00,206.4199981689453,91839800.0
2016-04-07 00:00:00+00:00,203.9499969482422,113859000.0
2016-04-08 00:00:00+00:00,204.5,95040600.0
2016-04-11 00:00:00+00:00,204.02000427246094,83757500.0
2016-04-12 00:00:00+00:00,205.9199981689453,115350600.0
2016-04-13 00:00:00+00:00,208.0,96336400.0
2016-04-14 00:00:00+00:00,208.00999450683594,65212900.0
2016-04-15 00:00:00+00:00,207.77999877929688,75761600.0
2016-04-18 00:00:00+00:00,209.24000549316406,82531000.0
2016-04-19 00:00:00+00:00,209.89999389648438,88316100.0
2016-04-20 00:00:00+00:00,210.10000610351562,81100300.0
2016-04-21 00:00:00+00:00,208.97000122070312,85695000.0
2016-04-22 00:00:00+00:00,208.97000122070312,99251700.0
2016-04-25 00:00:00+00:00,208.61000061035156,66166500.0
2016-04-26 00:00:00+00:00,208.9199981689453,75864200.0
2016-04-27 00:00:00+00:00,209.35000610351562,77329400.0
2016-04-28 00:00:00+00:00,207.4499969482422,97216200.0
2016-04-29 00:00:00+00:00,206.3300018310547,142424100.0
2016-05-02 00:00:00+00:00,207.97000122070312,62188000.0
2016-05-03 00:00:00+00:00,206.16000366210938,106422100.0
2016-05-04 00:00:00+00:00,205.00999450683594,92243800.0
2016-05-05 00:00:00+00:00,204.97000122070312,67619200.0
2016-05-06 00:00:00+00:00,205.72000122070312,89315000.0
2016-05-09 00:00:00+00:00,205.88999938964844,74374900.0
2016-05-10 00:00:00+00:00,208.4499969482422,77472200.0
2016-05-11 00:00:00+00:00,206.5,81727000.0
2016-05-12 00:00:00+00:00,206.55999755859375,89586300.0
2016-05-13 00:00:00+00:00,204.75999450683594,96474600.0
2016-05-16 00:00:00+00:00,206.77999877929688,77486800.0
2016-05-17 00:00:00+00:00,204.85000610351562,114924900.0
2016-05-18 00:00:00+00:00,204.91000366210938,120062100.0
2016-05-19 00:00:00+00:00,204.1999969482422,115430500.0
2016-05-20 00:00:00+00:00,205.49000549316406,104990400.0
2016-05-23 00:00:00+00:00,205.2100067138672,58682600.0
2016-05-24 00:00:00+00:00,207.8699951171875,93537800.0
2016-05-25 00:00:00+00:00,209.27999877929688,76621400.0
2016-05-26 00:00:00+00:00,209.33999633789062,55280700.0
2016-05-27 00:00:00+00:00,210.24000549316406,64211200.0
2016-05-31 00:00:00+00:00,209.83999633789062,109879400.0
2016-06-01 00:00:00+00:00,210.27000427246094,69936200.0
2016-06-02 00:00:00+00:00,210.91000366210938,63044700.0
2016-06-03 00:00:00+00:00,210.27999877929688,101757100.0
2016-06-06 00:00:00+00:00,211.35000610351562,64887000.0
2016-06-07 00:00:00+00:00,211.67999267578125,60974800.0
2016-06-08 00:00:00+00:00,212.3699951171875,66170900.0
2016-06-09 00:00:00+00:00,212.0800018310547,73786900.0
2016-06-10 00:00:00+00:00,210.07000732421875,113829200.0
2016-06-13 00:00:00+00:00,208.4499969482422,117751200.0
2016-06-14 00:00:00+00:00,208.0399932861328,125059300.0
2016-06-15 00:00:00+00:00,207.75,109124500.0
2016-06-16 00:00:00+00:00,208.3699951171875,149533100.0
2016-06-17 00:00:00+00:00,206.52000427246094,117055700.0
2016-06-20 00:00:00+00:00,207.85000610351562,82789600.0
2016-06-21 00:00:00+00:00,208.44000244140625,72461700.0
2016-06-22 00:00:00+00:00,208.10000610351562,95560500.0
2016-06-23 00:00:00+00:00,210.80999755859375,102731400.0
2016-06-24 00:00:00+00:00,203.24000549316406,333444400.0
2016-06-27 00:00:00+00:00,199.60000610351562,230775800.0
2016-06-28 00:00:00+00:00,203.1999969482422,159382400.0
2016-06-29 00:00:00+00:00,206.66000366210938,137328600.0
2016-06-30 00:00:00+00:00,209.47999572753906,165021900.0
2016-07-01 00:00:00+00:00,209.9199981689453,106055300.0
2016-07-05 00:00:00+00:00,208.41000366210938,109803700.0
2016-07-06 00:00:00+00:00,209.66000366210938,96021500.0
2016-07-07 00:00:00+00:00,209.52999877929688,85593800.0
2016-07-08 00:00:00+00:00,212.64999389648438,133971000.0
2016-07-11 00:00:00+00:00,213.39999389648438,73633900.0
2016-07-12 00:00:00+00:00,214.9499969482422,101275600.0
2016-07-13 00:00:00+00:00,214.9199981689453,87324100.0
2016-07-14 00:00:00+00:00,216.1199951171875,91230900.0
2016-07-15 00:00:00+00:00,215.8300018310547,107155400.0
2016-07-18 00:00:00+00:00,216.41000366210938,58725900.0
2016-07-19 00:00:00+00:00,216.19000244140625,54345700.0
2016-07-20 00:00:00+00:00,217.08999633789062,58159500.0
2016-07-21 00:00:00+00:00,216.27000427246094,67777300.0
2016-07-22 00:00:00+00:00,217.24000549316406,62787500.0
2016-07-25 00:00:00+00:00,216.64999389648438,55873100.0
2016-07-26 00:00:00+00:00,216.75,70080500.0
2016-07-27 00:00:00+00:00,216.52000427246094,84083900.0
2016-07-28 00:00:00+00:00,216.77000427246094,65035700.0
2016-07-29 00:00:00+00:00,217.1199951171875,79519400.0
2016-08-01 00:00:00+00:00,216.94000244140625,73311400.0
2016-08-02 00:00:00+00:00,215.5500030517578,92295500.0
2016-08-03 00:00:00+00:00,216.17999267578125,53993600.0
2016-08-04 00:00:00+00:00,216.41000366210938,46585500.0
2016-08-05 00:00:00+00:00,218.17999267578125,71892200.0
2016-08-08 00:00:00+00:00,218.0500030517578,39906500.0
2016-08-09 00:00:00+00:00,218.17999267578125,51251700.0
2016-08-10 00:00:00+00:00,217.63999938964844,57941100.0
2016-08-11 00:00:00+00:00,218.64999389648438,72504300.0
2016-08-12 00:00:00+00:00,218.4600067138672,61313500.0
2016-08-15 00:00:00+00:00,219.08999633789062,49813500.0
2016-08-16 00:00:00+00:00,217.9600067138672,53213600.0
2016-08-17 00:00:00+00:00,218.3699951171875,75134300.0
2016-08-18 00:00:00+00:00,218.86000061035156,52989300.0
2016-08-19 00:00:00+00:00,218.5399932861328,75443000.0
2016-08-22 00:00:00+00:00,218.52999877929688,61368800.0
2016-08-23 00:00:00+00:00,218.97000122070312,53399200.0
2016-08-24 00:00:00+00:00,217.85000610351562,71728900.0
2016-08-25 00:00:00+00:00,217.6999969482422,69224800.0
2016-08-26 00:00:00+00:00,217.2899932861328,122506300.0
2016-08-29 00:00:00+00:00,218.36000061035156,70502200.0
2016-08-30 00:00:00+00:00,218.0,58114500.0
2016-08-31 00:00:00+00:00,217.3800048828125,85269500.0
2016-09-01 00:00:00+00:00,217.38999938964844,97844200.0
2016-09-02 00:00:00+00:00,218.3699951171875,79293900.0
2016-09-06 00:00:00+00:00,219.02999877929688,56702100.0
2016-09-07 00:00:00+00:00,219.00999450683594,76554900.0
2016-09-08 00:00:00+00:00,218.50999450683594,74102900.0
2016-09-09 00:00:00+00:00,213.27999877929688,221589100.0
2016-09-12 00:00:00+00:00,216.33999633789062,168110900.0
2016-09-13 00:00:00+00:00,213.22999572753906,182828800.0
2016-09-14 00:00:00+00:00,213.14999389648438,134185500.0
2016-09-15 00:00:00+00:00,215.27999877929688,134427900.0
2016-09-16 00:00:00+00:00,213.3699951171875,155236400.0
2016-09-19 00:00:00+00:00,213.41000366210938,80250500.0
2016-09-20 00:00:00+00:00,213.4199981689453,69665300.0
2016-09-21 00:00:00+00:00,215.82000732421875,110284400.0
2016-09-22 00:00:00+00:00,217.17999267578125,76678700.0
2016-09-23 00:00:00+00:00,215.99000549316406,73630900.0
2016-09-26 00:00:00+00:00,214.24000549316406,89827300.0
2016-09-27 00:00:00+00:00,215.57000732421875,78494800.0
2016-09-28 00:00:00+00:00,216.63999938964844,87411000.0
2016-09-29 00:00:00+00:00,214.67999267578125,128070600.0
2016-09-30 00:00:00+00:00,216.3000030517578,117202900.0
2016-10-03 00:00:00+00:00,215.77999877929688,83512100.0
2016-10-04 00:00:00+00:00,214.67999267578125,119948100.0
2016-10-05 00:00:00+00:00,215.6300048828125,72816000.0
2016-10-06 00:00:00+00:00,215.77999877929688,62927400.0
2016-10-07 00:00:00+00:00,215.0399932861328,89788300.0
2016-10-10 00:00:00+00:00,216.16000366210938,51855000.0
2016-10-11 00:00:00+00:00,213.42999267578125,130367400.0
2016-10-12 00:00:00+00:00,213.7100067138672,73866100.0
2016-10-13 00:00:00+00:00,213.00999450683594,101357000.0
2016-10-14 00:00:00+00:00,213.1199951171875,93346200.0
2016-10-17 00:00:00+00:00,212.3800048828125,58275700.0
2016-10-18 00:00:00+00:00,213.7100067138672,76869700.0
2016-10-19 00:00:00+00:00,214.27999877929688,66519200.0
2016-10-20 00:00:00+00:00,213.8800048828125,73639800.0
2016-10-21 00:00:00+00:00,213.97999572753906,89089100.0
2016-10-24 00:00:00+00:00,214.88999938964844,60146600.0
2016-10-25 00:00:00+00:00,214.1699981689453,66542300.0
2016-10-26 00:00:00+00:00,213.74000549316406,75705500.0
2016-10-27 00:00:00+00:00,213.1699981689453,77220200.0
2016-10-28 00:00:00+00:00,212.5399932861328,140623200.0
2016-10-31 00:00:00+00:00,212.5500030517578,61272500.0
2016-11-01 00:00:00+00:00,211.00999450683594,122781800.0
2016-11-02 00:00:00+00:00,209.74000549316406,103330800.0
2016-11-03 00:00:00+00:00,208.77999877929688,88939300.0
2016-11-04 00:00:00+00:00,208.5500030517578,109122100.0
2016-11-07 00:00:00+00:00,213.14999389648438,109794900.0
2016-11-08 00:00:00+00:00,214.11000061035156,106772100.0
2016-11-09 00:00:00+00:00,216.3800048828125,258429000.0
2016-11-10 00:00:00+00:00,216.9199981689453,172113300.0
2016-11-11 00:00:00+00:00,216.4199981689453,100552700.0
2016-11-14 00:00:00+00:00,216.58999633789062,94580000.0
2016-11-15 00:00:00+00:00,218.27999877929688,91652600.0
2016-11-16 00:00:00+00:00,217.8699951171875,65617700.0
2016-11-17 00:00:00+00:00,218.99000549316406,69797200.0
2016-11-18 00:00:00+00:00,218.5,86265800.0
2016-11-21 00:00:00+00:00,220.14999389648438,72402600.0
2016-11-22 00:00:00+00:00,220.5800018310547,67429000.0
2016-11-23 00:00:00+00:00,220.6999969482422,56620200.0
2016-11-25 00:00:00+00:00,221.52000427246094,37872300.0
2016-11-28 00:00:00+00:00,220.47999572753906,76572500.0
2016-11-29 00:00:00+00:00,220.91000366210938,69886700.0
2016-11-30 00:00:00+00:00,220.3800048828125,113291800.0
2016-12-01 00:00:00+00:00,219.57000732421875,79040500.0
2016-12-02 00:00:00+00:00,219.67999267578125,74840300.0
2016-12-05 00:00:00+00:00,221.0,67837800.0
2016-12-06 00:00:00+00:00,221.6999969482422,59877400.0
2016-12-07 00:00:00+00:00,224.60000610351562,110738100.0
2016-12-08 00:00:00+00:00,225.14999389648438,99714400.0
2016-12-09 00:00:00+00:00,226.50999450683594,88005800.0
2016-12-12 00:00:00+00:00,226.25,102016100.0
2016-12-13 00:00:00+00:00,227.75999450683594,110477500.0
2016-12-14 00:00:00+00:00,225.8800048828125,142501800.0
2016-12-15 00:00:00+00:00,226.80999755859375,124972600.0
2016-12-16 00:00:00+00:00,225.0399932861328,156420200.0
2016-12-19 00:00:00+00:00,225.52999877929688,90341100.0
2016-12-20 00:00:00+00:00,226.39999389648438,89838800.0
2016-12-21 00:00:00+00:00,225.77000427246094,67909000.0
2016-12-22 00:00:00+00:00,225.3800048828125,56219100.0
2016-12-23 00:00:00+00:00,225.7100067138672,36697800.0
2016-12-27 00:00:00+00:00,226.27000427246094,42672500.0
2016-12-28 00:00:00+00:00,224.39999389648438,64095000.0
2016-12-29 00:00:00+00:00,224.35000610351562,48696100.0
2016-12-30 00:00:00+00:00,223.52999877929688,108998300.0
2017-01-03 00:00:00+00:00,225.24000549316406,91366500.0
2017-01-04 00:00:00+00:00,226.5800018310547,78744400.0
2017-01-05 00:00:00+00:00,226.39999389648438,78379000.0
2017-01-06 00:00:00+00:00,227.2100067138672,71559900.0
2017-01-09 00:00:00+00:00,226.4600067138672,46939700.0
2017-01-10 00:00:00+00:00,226.4600067138672,63771900.0
2017-01-11 00:00:00+00:00,227.10000610351562,74650000.0
2017-01-12 00:00:00+00:00,226.52999877929688,72113200.0
2017-01-13 00:00:00+00:00,227.0500030517578,62717900.0
2017-01-17 00:00:00+00:00,226.25,61240800.0
2017-01-18 00:00:00+00:00,226.75,54793300.0
2017-01-19 00:00:00+00:00,225.91000366210938,66608800.0
2017-01-20 00:00:00+00:00,226.74000549316406,129168600.0
2017-01-23 00:00:00+00:00,226.14999389648438,75061600.0
2017-01-24 00:00:00+00:00,227.60000610351562,95555300.0
2017-01-25 00:00:00+00:00,229.57000732421875,84437700.0
2017-01-26 00:00:00+00:00,229.3300018310547,59970700.0
2017-01-27 00:00:00+00:00,228.97000122070312,59711100.0
2017-01-30 00:00:00+00:00,227.5500030517578,79737300.0
2017-01-31 00:00:00+00:00,227.52999877929688,75880800.0
2017-02-01 00:00:00+00:00,227.6199951171875,79117700.0
2017-02-02 00:00:00+00:00,227.77000427246094,69657600.0
2017-02-03 00:00:00+00:00,229.33999633789062,80563200.0
2017-02-06 00:00:00+00:00,228.92999267578125,57790100.0
2017-02-07 00:00:00+00:00,228.94000244140625,57931200.0
2017-02-08 00:00:00+00:00,229.24000549316406,51566200.0
2017-02-09 00:00:00+00:00,230.60000610351562,65955200.0
2017-02-10 00:00:00+00:00,231.50999450683594,66015900.0
2017-02-13 00:00:00+00:00,232.77000427246094,55182100.0
2017-02-14 00:00:00+00:00,233.6999969482422,71109000.0
2017-02-15 00:00:00+00:00,234.9199981689453,86785800.0
2017-02-16 00:00:00+00:00,234.72000122070312,84722400.0
2017-02-17 00:00:00+00:00,235.08999633789062,77204100.0
2017-02-21 00:00:00+00:00,236.49000549316406,88946100.0
2017-02-22 00:00:00+00:00,236.27999877929688,62115200.0
2017-02-23 00:00:00+00:00,236.44000244140625,74615900.0
2017-02-24 00:00:00+00:00,236.74000549316406,82381600.0
2017-02-27 00:00:00+00:00,237.11000061035156,56515400.0
2017-02-28 00:00:00+00:00,236.47000122070312,96961900.0
2017-03-01 00:00:00+00:00,239.77999877929688,149158200.0
2017-03-02 00:00:00+00:00,238.27000427246094,70246000.0
2017-03-03 00:00:00+00:00,238.4199981689453,81974300.0
2017-03-06 00:00:00+00:00,237.7100067138672,55391500.0
2017-03-07 00:00:00+00:00,237.0,65103700.0
2017-03-08 00:00:00+00:00,236.55999755859375,78168800.0
2017-03-09 00:00:00+00:00,236.86000061035156,90683900.0
2017-03-10 00:00:00+00:00,237.69000244140625,81991700.0
2017-03-13 00:00:00+00:00,237.80999755859375,57256800.0
2017-03-14 00:00:00+00:00,236.89999389648438,59880800.0
2017-03-15 00:00:00+00:00,238.9499969482422,96081800.0
2017-03-16 00:00:00+00:00,238.47999572753906,78344000.0
2017-03-17 00:00:00+00:00,237.02999877929688,89002100.0
2017-03-20 00:00:00+00:00,236.77000427246094,52537000.0
2017-03-21 00:00:00+00:00,233.72999572753906,131809300.0
2017-03-22 00:00:00+00:00,234.27999877929688,97569200.0
2017-03-23 00:00:00+00:00,234.02999877929688,100410300.0
2017-03-24 00:00:00+00:00,233.86000061035156,112504900.0
2017-03-27 00:00:00+00:00,233.6199951171875,87454500.0
2017-03-28 00:00:00+00:00,235.32000732421875,93483900.0
2017-03-29 00:00:00+00:00,235.5399932861328,61950400.0
2017-03-30 00:00:00+00:00,236.2899932861328,56737900.0
2017-03-31 00:00:00+00:00,235.74000549316406,73733100.0
2017-04-03 00:00:00+00:00,235.3300018310547,85546500.0
2017-04-04 00:00:00+00:00,235.47999572753906,56466200.0
2017-04-05 00:00:00+00:00,234.77999877929688,108800600.0
2017-04-06 00:00:00+00:00,235.44000244140625,69135800.0
2017-04-07 00:00:00+00:00,235.1999969482422,74412300.0
2017-04-10 00:00:00+00:00,235.33999633789062,67615300.0
2017-04-11 00:00:00+00:00,235.05999755859375,88045300.0
2017-04-12 00:00:00+00:00,234.02999877929688,81864400.0
2017-04-13 00:00:00+00:00,232.50999450683594,92880400.0
2017-04-17 00:00:00+00:00,234.57000732421875,68405400.0
2017-04-18 00:00:00+00:00,233.8699951171875,83225800.0
2017-04-19 00:00:00+00:00,233.44000244140625,68699900.0
2017-04-20 00:00:00+00:00,235.33999633789062,92572200.0
2017-04-21 00:00:00+00:00,234.58999633789062,110389800.0
2017-04-24 00:00:00+00:00,237.1699981689453,119209900.0
2017-04-25 00:00:00+00:00,238.5500030517578,76698300.0
2017-04-26 00:00:00+00:00,238.39999389648438,84702500.0
2017-04-27 00:00:00+00:00,238.60000610351562,57410300.0
2017-04-28 00:00:00+00:00,238.0800018310547,63532800.0
2017-05-01 00:00:00+00:00,238.67999267578125,66882500.0
2017-05-02 00:00:00+00:00,238.77000427246094,57375700.0
2017-05-03 00:00:00+00:00,238.47999572753906,73137700.0
2017-05-04 00:00:00+00:00,238.75999450683594,61462700.0
2017-05-05 00:00:00+00:00,239.6999969482422,62001300.0
2017-05-08 00:00:00+00:00,239.66000366210938,48385700.0
2017-05-09 00:00:00+00:00,239.44000244140625,51363200.0
2017-05-10 00:00:00+00:00,239.8699951171875,54293800.0
2017-05-11 00:00:00+00:00,239.3800048828125,62358300.0
2017-05-12 00:00:00+00:00,238.97999572753906,53912700.0
2017-05-15 00:00:00+00:00,240.3000030517578,61918900.0
2017-05-16 00:00:00+00:00,240.0800018310547,51241800.0
2017-05-17 00:00:00+00:00,235.82000732421875,172174100.0
2017-05-18 00:00:00+00:00,236.77000427246094,107047700.0
2017-05-19 00:00:00+00:00,238.30999755859375,115011400.0
2017-05-22 00:00:00+00:00,239.52000427246094,61010600.0
2017-05-23 00:00:00+00:00,240.0500030517578,48341700.0
2017-05-24 00:00:00+00:00,240.61000061035156,46927700.0
2017-05-25 00:00:00+00:00,241.75999450683594,64071700.0
2017-05-26 00:00:00+00:00,241.7100067138672,46629900.0
2017-05-30 00:00:00+00:00,241.5,35201900.0
2017-05-31 00:00:00+00:00,241.44000244140625,91796000.0
2017-06-01 00:00:00+00:00,243.36000061035156,68962000.0
2017-06-02 00:00:00+00:00,244.1699981689453,88666100.0
2017-06-05 00:00:00+00:00,243.99000549316406,44698800.0
2017-06-06 00:00:00+00:00,243.2100067138672,50375400.0
2017-06-07 00:00:00+00:00,243.66000366210938,54144300.0
2017-06-08 00:00:00+00:00,243.77999877929688,65950700.0
2017-06-09 00:00:00+00:00,243.41000366210938,132256400.0
2017-06-12 00:00:00+00:00,243.36000061035156,86108100.0
2017-06-13 00:00:00+00:00,244.5500030517578,60067000.0
2017-06-14 00:00:00+00:00,244.24000549316406,78602300.0
2017-06-15 00:00:00+00:00,243.77000427246094,66464900.0
2017-06-16 00:00:00+00:00,242.63999938964844,84553100.0
2017-06-19 00:00:00+00:00,244.66000366210938,65123800.0
2017-06-20 00:00:00+00:00,243.00999450683594,56906400.0
2017-06-21 00:00:00+00:00,242.9499969482422,55977600.0
2017-06-22 00:00:00+00:00,242.83999633789062,44148100.0
2017-06-23 00:00:00+00:00,243.1300048828125,66986800.0
2017-06-26 00:00:00+00:00,243.2899932861328,56700500.0
2017-06-27 00:00:00+00:00,241.3300018310547,82247700.0
2017-06-28 00:00:00+00:00,243.49000549316406,70042600.0
2017-06-29 00:00:00+00:00,241.35000610351562,106949700.0
2017-06-30 00:00:00+00:00,241.8000030517578,86820700.0
2017-07-03 00:00:00+00:00,242.2100067138672,39153800.0
2017-07-05 00:00:00+00:00,242.77000427246094,54427600.0
2017-07-06 00:00:00+00:00,240.5500030517578,65400800.0
2017-07-07 00:00:00+00:00,242.11000061035156,57972300.0
2017-07-10 00:00:00+00:00,242.3699951171875,36663300.0
2017-07-11 00:00:00+00:00,242.19000244140625,50354600.0
2017-07-12 00:00:00+00:00,244.00999450683594,59610400.0
2017-07-13 00:00:00+00:00,244.4199981689453,39471600.0
2017-07-14 00:00:00+00:00,245.55999755859375,60262700.0
2017-07-17 00:00:00+00:00,245.52999877929688,33531900.0
2017-07-18 00:00:00+00:00,245.66000366210938,42742500.0
2017-07-19 00:00:00+00:00,246.99000549316406,51034300.0
2017-07-20 00:00:00+00:00,247.10000610351562,47135200.0
2017-07-21 00:00:00+00:00,246.8800048828125,82340800.0
2017-07-24 00:00:00+00:00,246.82000732421875,46622300.0
2017-07-25 00:00:00+00:00,247.4199981689453,54915600.0
2017-07-26 00:00:00+00:00,247.42999267578125,47575400.0
2017-07-27 00:00:00+00:00,247.1999969482422,70766600.0
2017-07-28 00:00:00+00:00,246.91000366210938,50088400.0
2017-07-31 00:00:00+00:00,246.77000427246094,65838700.0
2017-08-01 00:00:00+00:00,247.32000732421875,55050400.0
2017-08-02 00:00:00+00:00,247.44000244140625,47211200.0
2017-08-03 00:00:00+00:00,246.9600067138672,40856000.0
2017-08-04 00:00:00+00:00,247.41000366210938,60191800.0
2017-08-07 00:00:00+00:00,247.8699951171875,31995000.0
2017-08-08 00:00:00+00:00,247.25999450683594,61719400.0
2017-08-09 00:00:00+00:00,247.25,62632600.0
2017-08-10 00:00:00+00:00,243.75999450683594,120479500.0
2017-08-11 00:00:00+00:00,244.1199951171875,74869900.0
2017-08-14 00:00:00+00:00,246.5399932861328,73291900.0
2017-08-15 00:00:00+00:00,246.50999450683594,55242700.0
2017-08-16 00:00:00+00:00,246.94000244140625,56715500.0
2017-08-17 00:00:00+00:00,243.08999633789062,128490400.0
2017-08-18 00:00:00+00:00,242.7100067138672,136748000.0
2017-08-21 00:00:00+00:00,242.89999389648438,65469700.0
2017-08-22 00:00:00+00:00,245.44000244140625,63140100.0
2017-08-23 00:00:00+00:00,244.55999755859375,50203800.0
2017-08-24 00:00:00+00:00,243.99000549316406,50741700.0
2017-08-25 00:00:00+00:00,244.55999755859375,64445900.0
2017-08-28 00:00:00+00:00,244.57000732421875,40565600.0
2017-08-29 00:00:00+00:00,244.85000610351562,51135700.0
2017-08-30 00:00:00+00:00,246.00999450683594,62030800.0
2017-08-31 00:00:00+00:00,247.49000549316406,103803900.0
2017-09-01 00:00:00+00:00,247.83999633789062,62007000.0
2017-09-05 00:00:00+00:00,246.05999755859375,91398800.0
2017-09-06 00:00:00+00:00,246.89999389648438,57916900.0
2017-09-07 00:00:00+00:00,246.8699951171875,58034700.0
2017-09-08 00:00:00+00:00,246.5800018310547,63832800.0
2017-09-11 00:00:00+00:00,249.2100067138672,71364800.0
2017-09-12 00:00:00+00:00,250.0500030517578,56896000.0
2017-09-13 00:00:00+00:00,250.1699981689453,59228000.0
2017-09-14 00:00:00+00:00,250.08999633789062,95446300.0
2017-09-15 00:00:00+00:00,249.19000244140625,95432400.0
2017-09-18 00:00:00+00:00,249.72000122070312,46235200.0
2017-09-19 00:00:00+00:00,249.97000122070312,47108100.0
2017-09-20 00:00:00+00:00,250.05999755859375,59574100.0
2017-09-21 00:00:00+00:00,249.38999938964844,48211400.0
2017-09-22 00:00:00+00:00,249.44000244140625,51214000.0
2017-09-25 00:00:00+00:00,248.92999267578125,57064400.0
2017-09-26 00:00:00+00:00,249.0800018310547,54082000.0
2017-09-27 00:00:00+00:00,250.0500030517578,81001400.0
2017-09-28 00:00:00+00:00,250.35000610351562,44778800.0
2017-09-29 00:00:00+00:00,251.22999572753906,85578000.0
2017-10-02 00:00:00+00:00,252.32000732421875,59023000.0
2017-10-03 00:00:00+00:00,252.86000061035156,66810200.0
2017-10-04 00:00:00+00:00,253.16000366210938,55953600.0
2017-10-05 00:00:00+00:00,254.66000366210938,63522800.0
2017-10-06 00:00:00+00:00,254.3699951171875,80646000.0
2017-10-09 00:00:00+00:00,253.9499969482422,35803100.0
2017-10-10 00:00:00+00:00,254.6199951171875,43057400.0
2017-10-11 00:00:00+00:00,255.02000427246094,47674300.0
2017-10-12 00:00:00+00:00,254.63999938964844,47065100.0
2017-10-13 00:00:00+00:00,254.9499969482422,54800400.0
2017-10-16 00:00:00+00:00,255.2899932861328,38221700.0
2017-10-17 00:00:00+00:00,255.47000122070312,31561000.0
2017-10-18 00:00:00+00:00,255.72000122070312,40888300.0
2017-10-19 00:00:00+00:00,255.7899932861328,61903800.0
2017-10-20 00:00:00+00:00,257.1099853515625,89176400.0
2017-10-23 00:00:00+00:00,256.1099853515625,63915300.0
2017-10-24 00:00:00+00:00,256.55999755859375,66935900.0
2017-10-25 00:00:00+00:00,255.2899932861328,103715300.0
2017-10-26 00:00:00+00:00,255.6199951171875,69798000.0
2017-10-27 00:00:00+00:00,257.7099914550781,85562500.0
2017-10-30 00:00:00+00:00,256.75,54285700.0
2017-10-31 00:00:00+00:00,257.1499938964844,60304800.0
2017-11-01 00:00:00+00:00,257.489990234375,54202700.0
2017-11-02 00:00:00+00:00,257.5899963378906,56449500.0
2017-11-03 00:00:00+00:00,258.45001220703125,59589700.0
2017-11-06 00:00:00+00:00,258.8500061035156,49652600.0
2017-11-07 00:00:00+00:00,258.6700134277344,57502200.0
2017-11-08 00:00:00+00:00,259.1099853515625,50469600.0
2017-11-09 00:00:00+00:00,258.1700134277344,95085500.0
2017-11-10 00:00:00+00:00,258.0899963378906,59984700.0
2017-11-13 00:00:00+00:00,258.3299865722656,50228600.0
2017-11-14 00:00:00+00:00,257.7300109863281,61315200.0
2017-11-15 00:00:00+00:00,256.44000244140625,80811500.0
2017-11-16 00:00:00+00:00,258.6199951171875,67777000.0
2017-11-17 00:00:00+00:00,257.8599853515625,75756800.0
2017-11-20 00:00:00+00:00,258.29998779296875,48075500.0
2017-11-21 00:00:00+00:00,259.989990234375,69176800.0
2017-11-22 00:00:00+00:00,259.760009765625,45033400.0
2017-11-24 00:00:00+00:00,260.3599853515625,27856500.0
2017-11-27 00:00:00+00:00,260.2300109863281,52274900.0
2017-11-28 00:00:00+00:00,262.8699951171875,98971700.0
2017-11-29 00:00:00+00:00,262.7099914550781,77512100.0
2017-11-30 00:00:00+00:00,265.010009765625,127894400.0
2017-12-01 00:00:00+00:00,264.4599914550781,164390900.0
2017-12-04 00:00:00+00:00,264.1400146484375,94040600.0
2017-12-05 00:00:00+00:00,263.19000244140625,77994500.0
2017-12-06 00:00:00+00:00,263.239990234375,75898600.0
2017-12-07 00:00:00+00:00,264.07000732421875,77218600.0
2017-12-08 00:00:00+00:00,265.510009765625,76563900.0
2017-12-11 00:00:00+00:00,266.30999755859375,83077500.0
2017-12-12 00:00:00+00:00,266.7799987792969,85195800.0
2017-12-13 00:00:00+00:00,266.75,102905400.0
2017-12-14 00:00:00+00:00,265.6600036621094,100666700.0
2017-12-15 00:00:00+00:00,266.510009765625,144610300.0
2017-12-18 00:00:00+00:00,268.20001220703125,83653600.0
2017-12-19 00:00:00+00:00,267.1700134277344,82382900.0
2017-12-20 00:00:00+00:00,267.0299987792969,76751500.0
2017-12-21 00:00:00+00:00,267.5799865722656,67032300.0
2017-12-22 00:00:00+00:00,267.510009765625,78720900.0
2017-12-26 00:00:00+00:00,267.19000244140625,45244400.0
2017-12-27 00:00:00+00:00,267.32000732421875,57751000.0
2017-12-28 00:00:00+00:00,267.8699951171875,45116100.0
2017-12-29 00:00:00+00:00,266.8599853515625,96007400.0
2018-01-02 00:00:00+00:00,268.7699890136719,86655700.0
2018-01-03 00:00:00+00:00,270.4700012207031,90070400.0
2018-01-04 00:00:00+00:00,271.6099853515625,80636400.0
2018-01-05 00:00:00+00:00,273.4200134277344,83524000.0
2018-01-08 00:00:00+00:00,273.9200134277344,57319200.0
2018-01-09 00:00:00+00:00,274.5400085449219,57254000.0
2018-01-10 00:00:00+00:00,274.1199951171875,69574300.0
2018-01-11 00:00:00+00:00,276.1199951171875,62361500.0
2018-01-12 00:00:00+00:00,277.9200134277344,90816100.0
2018-01-16 00:00:00+00:00,276.9700012207031,106555100.0
2018-01-17 00:00:00+00:00,279.6099853515625,113258800.0
2018-01-18 00:00:00+00:00,279.1400146484375,100728000.0
2018-01-19 00:00:00+00:00,280.4100036621094,140920100.0
2018-01-22 00:00:00+00:00,282.69000244140625,91322400.0
2018-01-23 00:00:00+00:00,283.2900085449219,97084700.0
2018-01-24 00:00:00+00:00,283.17999267578125,134816100.0
2018-01-25 00:00:00+00:00,283.29998779296875,84587300.0
2018-01-26 00:00:00+00:00,286.5799865722656,107743100.0
2018-01-29 00:00:00+00:00,284.67999267578125,90118300.0
2018-01-30 00:00:00+00:00,281.760009765625,131796400.0
2018-01-31 00:00:00+00:00,281.8999938964844,108364800.0
2018-02-01 00:00:00+00:00,281.5799865722656,90102500.0
2018-02-02 00:00:00+00:00,275.45001220703125,173174800.0
2018-02-05 00:00:00+00:00,263.92999267578125,294681800.0
2018-02-06 00:00:00+00:00,269.1300048828125,355026800.0
2018-02-07 00:00:00+00:00,267.6700134277344,167376100.0
2018-02-08 00:00:00+00:00,257.6300048828125,246449500.0
2018-02-09 00:00:00+00:00,261.5,283565300.0
2018-02-12 00:00:00+00:00,265.3399963378906,143736000.0
2018-02-13 00:00:00+00:00,266.0,81223600.0
2018-02-14 00:00:00+00:00,269.5899963378906,120735700.0
2018-02-15 00:00:00+00:00,273.0299987792969,111200300.0
2018-02-16 00:00:00+00:00,273.1099853515625,160420100.0
2018-02-20 00:00:00+00:00,271.3999938964844,86369700.0
2018-02-21 00:00:00+00:00,270.04998779296875,98883700.0
2018-02-22 00:00:00+00:00,270.3999938964844,110511300.0
2018-02-23 00:00:00+00:00,274.7099914550781,92766400.0
2018-02-26 00:00:00+00:00,277.8999938964844,86491400.0
2018-02-27 00:00:00+00:00,274.42999267578125,99099200.0
2018-02-28 00:00:00+00:00,271.6499938964844,121907800.0
2018-03-01 00:00:00+00:00,267.70001220703125,176855100.0
2018-03-02 00:00:00+00:00,269.0799865722656,139083200.0
2018-03-05 00:00:00+00:00,272.19000244140625,97307400.0
2018-03-06 00:00:00+00:00,272.8800048828125,79213200.0
2018-03-07 00:00:00+00:00,272.7799987792969,87063500.0
2018-03-08 00:00:00+00:00,274.1000061035156,66901200.0
2018-03-09 00:00:00+00:00,278.8699951171875,113625300.0
2018-03-12 00:00:00+00:00,278.5199890136719,71924800.0
2018-03-13 00:00:00+00:00,276.7200012207031,91968900.0
2018-03-14 00:00:00+00:00,275.29998779296875,105895100.0
2018-03-15 00:00:00+00:00,275.0,83433000.0
2018-03-16 00:00:00+00:00,274.20001220703125,100343700.0
2018-03-19 00:00:00+00:00,270.489990234375,109208400.0
2018-03-20 00:00:00+00:00,270.95001220703125,59757300.0
2018-03-21 00:00:00+00:00,270.42999267578125,78709600.0
2018-03-22 00:00:00+00:00,263.6700134277344,148785900.0
2018-03-23 00:00:00+00:00,258.04998779296875,183534800.0
2018-03-26 00:00:00+00:00,265.1099853515625,141956100.0
2018-03-27 00:00:00+00:00,260.6000061035156,129941400.0
2018-03-28 00:00:00+00:00,259.8299865722656,146452300.0
2018-03-29 00:00:00+00:00,263.1499938964844,111601600.0
2018-04-02 00:00:00+00:00,257.4700012207031,186286300.0
2018-04-03 00:00:00+00:00,260.7699890136719,119956900.0
2018-04-04 00:00:00+00:00,263.55999755859375,123715300.0
2018-04-05 00:00:00+00:00,265.6400146484375,82652600.0
2018-04-06 00:00:00+00:00,259.7200012207031,179521200.0
2018-04-09 00:00:00+00:00,261.0,105442900.0
2018-04-10 00:00:00+00:00,265.1499938964844,103529000.0
2018-04-11 00:00:00+00:00,263.760009765625,91140200.0
2018-04-12 00:00:00+00:00,265.92999267578125,68890500.0
2018-04-13 00:00:00+00:00,265.1499938964844,85079200.0
2018-04-16 00:00:00+00:00,267.3299865722656,63405300.0
2018-04-17 00:00:00+00:00,270.19000244140625,64682000.0
2018-04-18 00:00:00+00:00,270.3900146484375,57303900.0
2018-04-19 00:00:00+00:00,268.8900146484375,77655900.0
2018-04-20 00:00:00+00:00,266.6099853515625,99953100.0
2018-04-23 00:00:00+00:00,266.57000732421875,65558000.0
2018-04-24 00:00:00+00:00,262.9800109863281,112885500.0
2018-04-25 00:00:00+00:00,263.6300048828125,103840900.0
2018-04-26 00:00:00+00:00,266.30999755859375,67731900.0
2018-04-27 00:00:00+00:00,266.55999755859375,57053600.0
2018-04-30 00:00:00+00:00,264.510009765625,82182300.0
2018-05-01 00:00:00+00:00,264.9800109863281,74203400.0
2018-05-02 00:00:00+00:00,263.20001220703125,86368900.0
2018-05-03 00:00:00+00:00,262.6199951171875,136311500.0
2018-05-04 00:00:00+00:00,266.0199890136719,91222100.0
2018-05-07 00:00:00+00:00,266.9200134277344,55304900.0
2018-05-08 00:00:00+00:00,266.9200134277344,67499200.0
2018-05-09 00:00:00+00:00,269.5,59666100.0
2018-05-10 00:00:00+00:00,272.0199890136719,72063900.0
2018-05-11 00:00:00+00:00,272.8500061035156,59871500.0
2018-05-14 00:00:00+00:00,272.9800109863281,54790600.0
2018-05-15 00:00:00+00:00,271.1000061035156,87036100.0
2018-05-16 00:00:00+00:00,272.239990234375,53942600.0
2018-05-17 00:00:00+00:00,272.010009765625,56536400.0
2018-05-18 00:00:00+00:00,271.3299865722656,64368000.0
2018-05-21 00:00:00+00:00,273.3699951171875,58025900.0
2018-05-22 00:00:00+00:00,272.6099853515625,52966400.0
2018-05-23 00:00:00+00:00,273.3599853515625,64694200.0
2018-05-24 00:00:00+00:00,272.79998779296875,76043800.0
2018-05-25 00:00:00+00:00,272.1499938964844,56374800.0
2018-05-29 00:00:00+00:00,269.0199890136719,115908600.0
2018-05-30 00:00:00+00:00,272.6099853515625,69678400.0
2018-05-31 00:00:00+00:00,270.94000244140625,93519900.0
2018-06-01 00:00:00+00:00,273.6000061035156,71258400.0
2018-06-04 00:00:00+00:00,274.8999938964844,45385200.0
2018-06-05 00:00:00+00:00,275.1000061035156,51135000.0
2018-06-06 00:00:00+00:00,277.3999938964844,62732200.0
2018-06-07 00:00:00+00:00,277.3699951171875,72969400.0
2018-06-08 00:00:00+00:00,278.19000244140625,72139700.0
2018-06-11 00:00:00+00:00,278.55999755859375,58892500.0
2018-06-12 00:00:00+00:00,278.9200134277344,72329000.0
2018-06-13 00:00:00+00:00,278.0299987792969,79070600.0
2018-06-14 00:00:00+00:00,278.7300109863281,77097600.0
2018-06-15 00:00:00+00:00,277.1300048828125,120041600.0
2018-06-18 00:00:00+00:00,276.55999755859375,52917600.0
2018-06-19 00:00:00+00:00,275.5,97531500.0
2018-06-20 00:00:00+00:00,275.9700012207031,53785500.0
2018-06-21 00:00:00+00:00,274.239990234375,71061400.0
2018-06-22 00:00:00+00:00,274.739990234375,54898500.0
2018-06-25 00:00:00+00:00,271.0,137854200.0
2018-06-26 00:00:00+00:00,271.6000061035156,68547400.0
2018-06-27 00:00:00+00:00,269.3500061035156,105110700.0
2018-06-28 00:00:00+00:00,270.8900146484375,76650500.0
2018-06-29 00:00:00+00:00,271.2799987792969,97592500.0
2018-07-02 00:00:00+00:00,271.8599853515625,63554800.0
2018-07-03 00:00:00+00:00,270.8999938964844,42187100.0
2018-07-05 00:00:00+00:00,273.1099853515625,56925900.0
2018-07-06 00:00:00+00:00,275.4200134277344,66493700.0
2018-07-09 00:00:00+00:00,277.8999938964844,50550400.0
2018-07-10 00:00:00+00:00,278.8999938964844,51966800.0
2018-07-11 00:00:00+00:00,276.8599853515625,77054700.0
2018-07-12 00:00:00+00:00,279.3699951171875,60124700.0
2018-07-13 00:00:00+00:00,279.5899963378906,48216000.0
2018-07-16 00:00:00+00:00,279.3399963378906,48201000.0
2018-07-17 00:00:00+00:00,280.4700012207031,52315500.0
2018-07-18 00:00:00+00:00,281.05999755859375,44593500.0
2018-07-19 00:00:00+00:00,280.0,61412100.0
2018-07-20 00:00:00+00:00,279.67999267578125,82337700.0
2018-07-23 00:00:00+00:00,280.20001220703125,47047600.0
2018-07-24 00:00:00+00:00,281.6099853515625,68026900.0
2018-07-25 00:00:00+00:00,284.010009765625,78882900.0
2018-07-26 00:00:00+00:00,283.3399963378906,57919500.0
2018-07-27 00:00:00+00:00,281.4200134277344,76768700.0
2018-07-30 00:00:00+00:00,279.95001220703125,63742500.0
2018-07-31 00:00:00+00:00,281.3299865722656,68570500.0
2018-08-01 00:00:00+00:00,280.8599853515625,53853300.0
2018-08-02 00:00:00+00:00,282.3900146484375,63426400.0
2018-08-03 00:00:00+00:00,283.6000061035156,53935400.0
2018-08-06 00:00:00+00:00,284.6400146484375,39400900.0
2018-08-07 00:00:00+00:00,285.5799865722656,43196600.0
2018-08-08 00:00:00+00:00,285.4599914550781,42114600.0
2018-08-09 00:00:00+00:00,285.07000732421875,35717000.0
2018-08-10 00:00:00+00:00,283.1600036621094,77076000.0
2018-08-13 00:00:00+00:00,282.1000061035156,65732900.0
2018-08-14 00:00:00+00:00,283.8999938964844,43842000.0
2018-08-15 00:00:00+00:00,281.7799987792969,102925400.0
2018-08-16 00:00:00+00:00,284.05999755859375,69967900.0
2018-08-17 00:00:00+00:00,285.05999755859375,65618500.0
2018-08-20 00:00:00+00:00,285.6700134277344,39807500.0
2018-08-21 00:00:00+00:00,286.3399963378906,67272000.0
2018-08-22 00:00:00+00:00,286.1700134277344,44993300.0
2018-08-23 00:00:00+00:00,285.7900085449219,49204900.0
2018-08-24 00:00:00+00:00,287.510009765625,57487400.0
2018-08-27 00:00:00+00:00,289.7799987792969,57072400.0
2018-08-28 00:00:00+00:00,289.9200134277344,46943500.0
2018-08-29 00:00:00+00:00,291.4800109863281,61485500.0
2018-08-30 00:00:00+00:00,290.29998779296875,61229500.0
2018-08-31 00:00:00+00:00,290.30999755859375,66140800.0
2018-09-04 00:00:00+00:00,289.80999755859375,57594400.0
2018-09-05 00:00:00+00:00,289.0299987792969,72452400.0
2018-09-06 00:00:00+00:00,288.1600036621094,65909900.0
2018-09-07 00:00:00+00:00,287.6000061035156,73524800.0
2018-09-10 00:00:00+00:00,288.1000061035156,50210900.0
2018-09-11 00:00:00+00:00,289.04998779296875,50530500.0
2018-09-12 00:00:00+00:00,289.1199951171875,59810800.0
2018-09-13 00:00:00+00:00,290.8299865722656,51034200.0
2018-09-14 00:00:00+00:00,290.8800048828125,55079900.0
2018-09-17 00:00:00+00:00,289.3399963378906,68244000.0
2018-09-18 00:00:00+00:00,290.9100036621094,61930400.0
2018-09-19 00:00:00+00:00,291.2200012207031,49080600.0
2018-09-20 00:00:00+00:00,293.5799865722656,100360600.0
2018-09-21 00:00:00+00:00,291.989990234375,105479700.0
2018-09-24 00:00:00+00:00,291.0199890136719,53409600.0
2018-09-25 00:00:00+00:00,290.75,44370000.0
2018-09-26 00:00:00+00:00,289.8800048828125,79739700.0
2018-09-27 00:00:00+00:00,290.69000244140625,59249500.0
2018-09-28 00:00:00+00:00,290.7200012207031,70091400.0
2018-10-01 00:00:00+00:00,291.7300109863281,62078900.0
2018-10-02 00:00:00+00:00,291.55999755859375,47258200.0
2018-10-03 00:00:00+00:00,291.7200012207031,64694600.0
2018-10-04 00:00:00+00:00,289.44000244140625,111545900.0
2018-10-05 00:00:00+00:00,287.82000732421875,105951700.0
2018-10-08 00:00:00+00:00,287.82000732421875,87742200.0
2018-10-09 00:00:00+00:00,287.3999938964844,74339000.0
2018-10-10 00:00:00+00:00,278.29998779296875,214731000.0
2018-10-11 00:00:00+00:00,272.1700134277344,274840500.0
2018-10-12 00:00:00+00:00,275.95001220703125,183186500.0
2018-10-15 00:00:00+00:00,274.3999938964844,102263700.0
2018-10-16 00:00:00+00:00,280.3999938964844,118255800.0
2018-10-17 00:00:00+00:00,280.45001220703125,110626000.0
2018-10-18 00:00:00+00:00,276.3999938964844,134557500.0
2018-10-19 00:00:00+00:00,276.25,139901600.0
2018-10-22 00:00:00+00:00,275.010009765625,82415800.0
2018-10-23 00:00:00+00:00,273.6099853515625,146352700.0
2018-10-24 00:00:00+00:00,265.32000732421875,177806700.0
2018-10-25 00:00:00+00:00,270.0799865722656,138061500.0
2018-10-26 00:00:00+00:00,265.3299865722656,201574600.0
2018-10-29 00:00:00+00:00,263.8599853515625,160749100.0
2018-10-30 00:00:00+00:00,267.7699890136719,157116000.0
2018-10-31 00:00:00+00:00,270.6300048828125,128296300.0
2018-11-01 00:00:00+00:00,273.510009765625,99495000.0
2018-11-02 00:00:00+00:00,271.8900146484375,122634100.0
2018-11-05 00:00:00+00:00,273.3900146484375,65622500.0
2018-11-06 00:00:00+00:00,275.1199951171875,60085900.0
2018-11-07 00:00:00+00:00,281.010009765625,102752100.0
2018-11-08 00:00:00+00:00,280.5,65584900.0
2018-11-09 00:00:00+00:00,277.760009765625,98812600.0
2018-11-12 00:00:00+00:00,272.57000732421875,99673600.0
2018-11-13 00:00:00+00:00,272.05999755859375,98176600.0
2018-11-14 00:00:00+00:00,270.20001220703125,125335900.0
2018-11-15 00:00:00+00:00,273.0199890136719,135101400.0
2018-11-16 00:00:00+00:00,273.7300109863281,126668000.0
2018-11-19 00:00:00+00:00,269.1000061035156,103061700.0
2018-11-20 00:00:00+00:00,264.1199951171875,136021300.0
2018-11-21 00:00:00+00:00,265.0199890136719,75563700.0
2018-11-23 00:00:00+00:00,263.25,42807900.0
2018-11-26 00:00:00+00:00,267.5,79981400.0
2018-11-27 00:00:00+00:00,268.3999938964844,75502400.0
2018-11-28 00:00:00+00:00,274.5799865722656,127629600.0
2018-11-29 00:00:00+00:00,273.9800109863281,82346400.0
2018-11-30 00:00:00+00:00,275.6499938964844,98204200.0
2018-12-03 00:00:00+00:00,279.29998779296875,103176300.0
2018-12-04 00:00:00+00:00,270.25,177986000.0
2018-12-06 00:00:00+00:00,269.8399963378906,204185400.0
2018-12-07 00:00:00+00:00,263.57000732421875,161018900.0
2018-12-10 00:00:00+00:00,264.07000732421875,151445900.0
2018-12-11 00:00:00+00:00,264.1300048828125,121504400.0
2018-12-12 00:00:00+00:00,265.4599914550781,97976700.0
2018-12-13 00:00:00+00:00,265.3699951171875,96662700.0
2018-12-14 00:00:00+00:00,260.4700012207031,116961100.0
2018-12-17 00:00:00+00:00,255.36000061035156,165492300.0
2018-12-18 00:00:00+00:00,255.0800018310547,134515100.0
2018-12-19 00:00:00+00:00,251.25999450683594,214992800.0
2018-12-20 00:00:00+00:00,247.1699981689453,252053400.0
2018-12-21 00:00:00+00:00,240.6999969482422,255345600.0
2018-12-24 00:00:00+00:00,234.33999633789062,147311600.0
2018-12-26 00:00:00+00:00,246.17999267578125,218485400.0
2018-12-27 00:00:00+00:00,248.07000732421875,186267300.0
2018-12-28 00:00:00+00:00,247.75,153100200.0
2018-12-31 00:00:00+00:00,249.9199981689453,144299400.0
2019-01-02 00:00:00+00:00,250.17999267578125,126925200.0
2019-01-03 00:00:00+00:00,244.2100067138672,144140700.0
2019-01-04 00:00:00+00:00,252.38999938964844,142628800.0
2019-01-07 00:00:00+00:00,254.3800048828125,103139100.0
2019-01-08 00:00:00+00:00,256.7699890136719,102512600.0
2019-01-09 00:00:00+00:00,257.9700012207031,95006600.0
2019-01-10 00:00:00+00:00,258.8800048828125,96823900.0
2019-01-11 00:00:00+00:00,258.9800109863281,73858100.0
2019-01-14 00:00:00+00:00,257.3999938964844,70908200.0
2019-01-15 00:00:00+00:00,260.3500061035156,85208300.0
2019-01-16 00:00:00+00:00,260.9800109863281,77636700.0
2019-01-17 00:00:00+00:00,262.9599914550781,96118400.0
2019-01-18 00:00:00+00:00,266.4599914550781,127900300.0
2019-01-22 00:00:00+00:00,262.8599853515625,115531200.0
2019-01-23 00:00:00+00:00,263.4100036621094,86030300.0
2019-01-24 00:00:00+00:00,263.54998779296875,59204100.0
2019-01-25 00:00:00+00:00,265.7799987792969,96883400.0
2019-01-28 00:00:00+00:00,263.760009765625,85613700.0
2019-01-29 00:00:00+00:00,263.4100036621094,66136300.0
2019-01-30 00:00:00+00:00,267.5799865722656,92473700.0
2019-01-31 00:00:00+00:00,269.92999267578125,104012100.0
2019-02-01 00:00:00+00:00,270.05999755859375,85782500.0
2019-02-04 00:00:00+00:00,271.9599914550781,60744800.0
2019-02-05 00:00:00+00:00,273.1000061035156,79552800.0
2019-02-06 00:00:00+00:00,272.739990234375,58347800.0
2019-02-07 00:00:00+00:00,270.1400146484375,95482000.0
2019-02-08 00:00:00+00:00,270.4700012207031,75788900.0
2019-02-11 00:00:00+00:00,270.6199951171875,68021400.0
2019-02-12 00:00:00+00:00,274.1000061035156,72270200.0
2019-02-13 00:00:00+00:00,274.989990234375,65277200.0
2019-02-14 00:00:00+00:00,274.3800048828125,83234400.0
2019-02-15 00:00:00+00:00,277.3699951171875,97088700.0
2019-02-19 00:00:00+00:00,277.8500061035156,59120800.0
2019-02-20 00:00:00+00:00,278.4100036621094,76610800.0
2019-02-21 00:00:00+00:00,277.4200134277344,64214700.0
2019-02-22 00:00:00+00:00,279.1400146484375,78114600.0
2019-02-25 00:00:00+00:00,279.5199890136719,69030700.0
2019-02-26 00:00:00+00:00,279.32000732421875,56844100.0
2019-02-27 00:00:00+00:00,279.20001220703125,56921600.0
2019-02-28 00:00:00+00:00,278.67999267578125,69268300.0
2019-03-01 00:00:00+00:00,280.4200134277344,78880500.0
2019-03-04 00:00:00+00:00,279.3999938964844,106494600.0
2019-03-05 00:00:00+00:00,279.0199890136719,59114600.0
2019-03-06 00:00:00+00:00,277.3299865722656,75039800.0
2019-03-07 00:00:00+00:00,275.010009765625,94885100.0
2019-03-08 00:00:00+00:00,274.4599914550781,85795800.0
2019-03-11 00:00:00+00:00,278.44000244140625,65098900.0
2019-03-12 00:00:00+00:00,279.489990234375,79667500.0
2019-03-13 00:00:00+00:00,281.3399963378906,80639200.0
2019-03-14 00:00:00+00:00,281.1600036621094,67518400.0
2019-03-15 00:00:00+00:00,281.30999755859375,81309000.0
2019-03-18 00:00:00+00:00,282.3299865722656,62199800.0
2019-03-19 00:00:00+00:00,282.3999938964844,90268100.0
2019-03-20 00:00:00+00:00,281.54998779296875,84609200.0
2019-03-21 00:00:00+00:00,284.7300109863281,79550400.0
2019-03-22 00:00:00+00:00,279.25,122659300.0
2019-03-25 00:00:00+00:00,279.0400085449219,85575200.0
2019-03-26 00:00:00+00:00,281.1199951171875,68125900.0
2019-03-27 00:00:00+00:00,279.6499938964844,72224700.0
2019-03-28 00:00:00+00:00,280.7099914550781,56238500.0
2019-03-29 00:00:00+00:00,282.4800109863281,82186800.0
2019-04-01 00:00:00+00:00,285.8299865722656,77617900.0
2019-04-02 00:00:00+00:00,285.9700012207031,40070400.0
2019-04-03 00:00:00+00:00,286.4200134277344,68243200.0
2019-04-04 00:00:00+00:00,287.17999267578125,48997500.0
2019-04-05 00:00:00+00:00,288.57000732421875,58621700.0
2019-04-08 00:00:00+00:00,288.7900085449219,53566300.0
2019-04-09 00:00:00+00:00,287.30999755859375,66142300.0
2019-04-10 00:00:00+00:00,288.2900085449219,52601500.0
2019-04-11 00:00:00+00:00,288.2099914550781,55093100.0
2019-04-12 00:00:00+00:00,290.1600036621094,69727800.0
2019-04-15 00:00:00+00:00,289.9700012207031,49596700.0
2019-04-16 00:00:00+00:00,290.1600036621094,52153200.0
2019-04-17 00:00:00+00:00,289.45001220703125,58268300.0
2019-04-18 00:00:00+00:00,290.0199890136719,68708500.0
2019-04-22 00:00:00+00:00,290.2699890136719,40160100.0
2019-04-23 00:00:00+00:00,292.8800048828125,52246600.0
2019-04-24 00:00:00+00:00,292.2300109863281,50392900.0
2019-04-25 00:00:00+00:00,292.04998779296875,57770900.0
2019-04-26 00:00:00+00:00,293.4100036621094,50916400.0
2019-04-29 00:00:00+00:00,293.8699951171875,57197700.0
2019-04-30 00:00:00+00:00,294.0199890136719,81111700.0
2019-05-01 00:00:00+00:00,291.80999755859375,71671900.0
2019-05-02 00:00:00+00:00,291.17999267578125,65030200.0
2019-05-03 00:00:00+00:00,294.0299987792969,56543700.0
2019-05-06 00:00:00+00:00,292.82000732421875,107198100.0
2019-05-07 00:00:00+00:00,287.92999267578125,144729900.0
2019-05-08 00:00:00+00:00,287.5299987792969,91568300.0
2019-05-09 00:00:00+00:00,286.6600036621094,103471100.0
2019-05-10 00:00:00+00:00,288.1000061035156,112429300.0
2019-05-13 00:00:00+00:00,280.8599853515625,127290500.0
2019-05-14 00:00:00+00:00,283.3999938964844,77003200.0
2019-05-15 00:00:00+00:00,285.05999755859375,73956400.0
2019-05-16 00:00:00+00:00,287.70001220703125,76749600.0
2019-05-17 00:00:00+00:00,285.8399963378906,100353000.0
2019-05-20 00:00:00+00:00,283.95001220703125,62877600.0
2019-05-21 00:00:00+00:00,286.510009765625,46847100.0
2019-05-22 00:00:00+00:00,285.6300048828125,49482500.0
2019-05-23 00:00:00+00:00,282.1400146484375,98733800.0
2019-05-24 00:00:00+00:00,282.7799987792969,55268100.0
2019-05-28 00:00:00+00:00,280.1499938964844,70029400.0
2019-05-29 00:00:00+00:00,278.2699890136719,104972900.0
2019-05-30 00:00:00+00:00,279.0299987792969,62523800.0
2019-05-31 00:00:00+00:00,275.2699890136719,86862800.0
2019-06-03 00:00:00+00:00,274.57000732421875,96428000.0
2019-06-04 00:00:00+00:00,280.5299987792969,77231900.0
2019-06-05 00:00:00+00:00,282.9599914550781,71169700.0
2019-06-06 00:00:00+00:00,284.79998779296875,69430400.0
2019-06-07 00:00:00+00:00,287.6499938964844,74272200.0
2019-06-10 00:00:00+00:00,288.9700012207031,60799100.0
2019-06-11 00:00:00+00:00,288.8999938964844,58641300.0
2019-06-12 00:00:00+00:00,288.3900146484375,47096300.0
2019-06-13 00:00:00+00:00,289.5799865722656,48945200.0
2019-06-14 00:00:00+00:00,289.260009765625,52324700.0
2019-06-17 00:00:00+00:00,289.3699951171875,39205700.0
2019-06-18 00:00:00+00:00,292.3999938964844,85434800.0
2019-06-19 00:00:00+00:00,293.05999755859375,78674400.0
2019-06-20 00:00:00+00:00,295.8599853515625,116570000.0
2019-06-21 00:00:00+00:00,294.0,83309500.0
2019-06-24 00:00:00+00:00,293.6400146484375,47582700.0
2019-06-25 00:00:00+00:00,290.760009765625,82028700.0
2019-06-26 00:00:00+00:00,290.4700012207031,51584900.0
2019-06-27 00:00:00+00:00,291.5,40355200.0
2019-06-28 00:00:00+00:00,293.0,59350900.0
2019-07-01 00:00:00+00:00,295.6600036621094,78705600.0
2019-07-02 00:00:00+00:00,296.42999267578125,61504500.0
2019-07-03 00:00:00+00:00,298.79998779296875,40898900.0
2019-07-05 00:00:00+00:00,298.4599914550781,51677300.0
2019-07-08 00:00:00+00:00,296.82000732421875,45841800.0
2019-07-09 00:00:00+00:00,297.19000244140625,41101300.0
2019-07-10 00:00:00+00:00,298.6099853515625,58448500.0
2019-07-11 00:00:00+00:00,299.30999755859375,50826100.0
2019-07-12 00:00:00+00:00,300.6499938964844,40326000.0
2019-07-15 00:00:00+00:00,300.75,33900000.0
2019-07-16 00:00:00+00:00,299.7799987792969,36650100.0
2019-07-17 00:00:00+00:00,297.739990234375,36036300.0
2019-07-18 00:00:00+00:00,298.8299865722656,51392600.0
2019-07-19 00:00:00+00:00,297.1700134277344,58678600.0
2019-07-22 00:00:00+00:00,297.8999938964844,43638100.0
2019-07-23 00:00:00+00:00,300.0299987792969,44564500.0
2019-07-24 00:00:00+00:00,301.44000244140625,47213200.0
2019-07-25 00:00:00+00:00,300.0,55394100.0
2019-07-26 00:00:00+00:00,302.010009765625,45084100.0
2019-07-29 00:00:00+00:00,301.4599914550781,38126500.0
2019-07-30 00:00:00+00:00,300.7200012207031,45849000.0
2019-07-31 00:00:00+00:00,297.42999267578125,104245200.0
2019-08-01 00:00:00+00:00,294.8399963378906,142646600.0
2019-08-02 00:00:00+00:00,292.6199951171875,116749700.0
2019-08-05 00:00:00+00:00,283.82000732421875,178745400.0
2019-08-06 00:00:00+00:00,287.79998779296875,120711700.0
2019-08-07 00:00:00+00:00,287.9700012207031,140572300.0
2019-08-08 00:00:00+00:00,293.6199951171875,87713900.0
2019-08-09 00:00:00+00:00,291.6199951171875,93730000.0
2019-08-12 00:00:00+00:00,288.07000732421875,65527600.0
2019-08-13 00:00:00+00:00,292.54998779296875,94299800.0
2019-08-14 00:00:00+00:00,283.8999938964844,135622100.0
2019-08-15 00:00:00+00:00,284.6499938964844,99556600.0
2019-08-16 00:00:00+00:00,288.8500061035156,83018300.0
2019-08-19 00:00:00+00:00,292.3299865722656,53571800.0
2019-08-20 00:00:00+00:00,290.0899963378906,51596400.0
2019-08-21 00:00:00+00:00,292.45001220703125,49524700.0
2019-08-22 00:00:00+00:00,292.3599853515625,51666400.0
2019-08-23 00:00:00+00:00,284.8500061035156,149161500.0
2019-08-26 00:00:00+00:00,288.0,72423800.0
2019-08-27 00:00:00+00:00,286.8699951171875,66668900.0
2019-08-28 00:00:00+00:00,288.8900146484375,59696700.0
2019-08-29 00:00:00+00:00,292.5799865722656,57899400.0
2019-08-30 00:00:00+00:00,292.45001220703125,62901200.0
2019-09-03 00:00:00+00:00,290.739990234375,69101400.0
2019-09-04 00:00:00+00:00,294.0400085449219,46887300.0
2019-09-05 00:00:00+00:00,297.82000732421875,83258100.0
2019-09-06 00:00:00+00:00,298.04998779296875,49584300.0
2019-09-09 00:00:00+00:00,298.20001220703125,51260300.0
2019-09-10 00:00:00+00:00,298.1300048828125,57947100.0
2019-09-11 00:00:00+00:00,300.25,68821100.0
2019-09-12 00:00:00+00:00,301.2900085449219,72908700.0
2019-09-13 00:00:00+00:00,301.0899963378906,62104800.0
2019-09-16 00:00:00+00:00,300.1600036621094,58191200.0
2019-09-17 00:00:00+00:00,300.9200134277344,41475500.0
2019-09-18 00:00:00+00:00,301.1000061035156,73375800.0
2019-09-19 00:00:00+00:00,301.0799865722656,76560500.0
2019-09-20 00:00:00+00:00,298.2799987792969,89565000.0
2019-09-23 00:00:00+00:00,298.2099914550781,43476800.0
2019-09-24 00:00:00+00:00,295.8699951171875,94869400.0
2019-09-25 00:00:00+00:00,297.6199951171875,71854000.0
2019-09-26 00:00:00+00:00,297.0,56179700.0
2019-09-27 00:00:00+00:00,295.3999938964844,84746600.0
2019-09-30 00:00:00+00:00,296.7699890136719,51662400.0
2019-10-01 00:00:00+00:00,293.239990234375,88242400.0
2019-10-02 00:00:00+00:00,288.05999755859375,122539500.0
2019-10-03 00:00:00+00:00,290.4200134277344,85278800.0
2019-10-04 00:00:00+00:00,294.3500061035156,65091200.0
2019-10-07 00:00:00+00:00,293.0799865722656,59610500.0
2019-10-08 00:00:00+00:00,288.5299987792969,95708100.0
2019-10-09 00:00:00+00:00,291.2699890136719,62359400.0
2019-10-10 00:00:00+00:00,293.239990234375,55296300.0
2019-10-11 00:00:00+00:00,296.2799987792969,98720400.0
2019-10-14 00:00:00+00:00,295.95001220703125,40394800.0
2019-10-15 00:00:00+00:00,298.8800048828125,46754500.0
2019-10-16 00:00:00+00:00,298.3999938964844,48928200.0
2019-10-17 00:00:00+00:00,299.2799987792969,45736600.0
2019-10-18 00:00:00+00:00,297.9700012207031,64304000.0
2019-10-21 00:00:00+00:00,299.989990234375,39048600.0
2019-10-22 00:00:00+00:00,299.010009765625,48594700.0
2019-10-23 00:00:00+00:00,299.8800048828125,34352200.0
2019-10-24 00:00:00+00:00,300.3699951171875,35453100.0
2019-10-25 00:00:00+00:00,301.6000061035156,45205400.0
2019-10-28 00:00:00+00:00,303.29998779296875,42147000.0
2019-10-29 00:00:00+00:00,303.2099914550781,44284900.0
2019-10-30 00:00:00+00:00,304.1400146484375,49643900.0
2019-10-31 00:00:00+00:00,303.3299865722656,69053800.0
2019-11-01 00:00:00+00:00,306.1400146484375,71141500.0
2019-11-04 00:00:00+00:00,307.3699951171875,60606900.0
2019-11-05 00:00:00+00:00,307.0299987792969,42933200.0
2019-11-06 00:00:00+00:00,307.1000061035156,46487100.0
2019-11-07 00:00:00+00:00,308.17999267578125,54272300.0
2019-11-08 00:00:00+00:00,308.94000244140625,49032100.0
2019-11-11 00:00:00+00:00,308.3500061035156,35797300.0
2019-11-12 00:00:00+00:00,309.0,46484600.0
2019-11-13 00:00:00+00:00,309.1000061035156,53917700.0
2019-11-14 00:00:00+00:00,309.54998779296875,51219900.0
2019-11-15 00:00:00+00:00,311.7900085449219,62023600.0
2019-11-18 00:00:00+00:00,312.0199890136719,49228000.0
2019-11-19 00:00:00+00:00,311.92999267578125,67804700.0
2019-11-20 00:00:00+00:00,310.7699890136719,79406200.0
2019-11-21 00:00:00+00:00,310.2699890136719,54664700.0
2019-11-22 00:00:00+00:00,310.9599914550781,44850200.0
2019-11-25 00:00:00+00:00,313.3699951171875,48647200.0
2019-11-26 00:00:00+00:00,314.0799865722656,37569000.0
2019-11-27 00:00:00+00:00,315.4800109863281,44444600.0
2019-11-29 00:00:00+00:00,314.30999755859375,36592700.0
2019-12-02 00:00:00+00:00,311.6400146484375,75767800.0
2019-12-03 00:00:00+00:00,309.54998779296875,73941700.0
2019-12-04 00:00:00+00:00,311.4599914550781,49080000.0
2019-12-05 00:00:00+00:00,312.0199890136719,40709000.0
2019-12-06 00:00:00+00:00,314.8699951171875,48927000.0
2019-12-09 00:00:00+00:00,313.8800048828125,34838500.0
2019-12-10 00:00:00+00:00,313.5299987792969,52649800.0
2019-12-11 00:00:00+00:00,314.4200134277344,53429100.0
2019-12-12 00:00:00+00:00,317.1300048828125,96389600.0
2019-12-13 00:00:00+00:00,317.32000732421875,81503900.0
2019-12-16 00:00:00+00:00,319.5,82749700.0
2019-12-17 00:00:00+00:00,319.57000732421875,61097700.0
2019-12-18 00:00:00+00:00,319.5899963378906,48133000.0
2019-12-19 00:00:00+00:00,320.8999938964844,85310500.0
2019-12-20 00:00:00+00:00,320.7300109863281,147142100.0
2019-12-23 00:00:00+00:00,321.2200012207031,52990000.0
2019-12-24 00:00:00+00:00,321.2300109863281,20270000.0
2019-12-26 00:00:00+00:00,322.94000244140625,30911200.0
2019-12-27 00:00:00+00:00,322.8599853515625,42528800.0
2019-12-30 00:00:00+00:00,321.0799865722656,49729100.0
2019-12-31 00:00:00+00:00,321.8599853515625,57077300.0
2020-01-02 00:00:00+00:00,324.8699951171875,59151200.0
2020-01-03 00:00:00+00:00,322.4100036621094,77709700.0
2020-01-06 00:00:00+00:00,323.6400146484375,55653900.0
2020-01-07 00:00:00+00:00,322.7300109863281,40496400.0
2020-01-08 00:00:00+00:00,324.45001220703125,68296000.0
2020-01-09 00:00:00+00:00,326.6499938964844,48473300.0
2020-01-10 00:00:00+00:00,325.7099914550781,53029300.0
2020-01-13 00:00:00+00:00,327.95001220703125,47086800.0
2020-01-14 00:00:00+00:00,327.45001220703125,62832800.0
2020-01-15 00:00:00+00:00,328.19000244140625,72056600.0
2020-01-16 00:00:00+00:00,330.9200134277344,54050300.0
2020-01-17 00:00:00+00:00,331.95001220703125,95846000.0
2020-01-21 00:00:00+00:00,331.29998779296875,77742400.0
2020-01-22 00:00:00+00:00,331.3399963378906,48914900.0
2020-01-23 00:00:00+00:00,331.7200012207031,51963000.0
2020-01-24 00:00:00+00:00,328.7699890136719,87578400.0
2020-01-27 00:00:00+00:00,323.5,84062500.0
2020-01-28 00:00:00+00:00,326.8900146484375,63834000.0
2020-01-29 00:00:00+00:00,326.6199951171875,53888900.0
2020-01-30 00:00:00+00:00,327.67999267578125,75491800.0
2020-01-31 00:00:00+00:00,321.7300109863281,113845600.0
2020-02-03 00:00:00+00:00,324.1199951171875,69083000.0
2020-02-04 00:00:00+00:00,329.05999755859375,62573200.0
2020-02-05 00:00:00+00:00,332.8599853515625,65951100.0
2020-02-06 00:00:00+00:00,333.9800109863281,50359700.0
2020-02-07 00:00:00+00:00,332.20001220703125,64139400.0
2020-02-10 00:00:00+00:00,334.67999267578125,42070000.0
2020-02-11 00:00:00+00:00,335.260009765625,54864500.0
2020-02-12 00:00:00+00:00,337.4200134277344,43992700.0
2020-02-13 00:00:00+00:00,337.05999755859375,54501900.0
2020-02-14 00:00:00+00:00,337.6000061035156,64582200.0
2020-02-18 00:00:00+00:00,336.7300109863281,57226200.0
2020-02-19 00:00:00+00:00,338.3399963378906,48814700.0
2020-02-20 00:00:00+00:00,336.95001220703125,74163400.0
2020-02-21 00:00:00+00:00,333.4800109863281,113788200.0
2020-02-24 00:00:00+00:00,322.4200134277344,161088400.0
2020-02-25 00:00:00+00:00,312.6499938964844,218913200.0
2020-02-26 00:00:00+00:00,311.5,194773800.0
2020-02-27 00:00:00+00:00,297.510009765625,284353500.0
2020-02-28 00:00:00+00:00,296.260009765625,384975800.0
2020-03-02 00:00:00+00:00,309.0899963378906,238703600.0
2020-03-03 00:00:00+00:00,300.239990234375,300139100.0
2020-03-04 00:00:00+00:00,312.8599853515625,176613400.0
2020-03-05 00:00:00+00:00,302.4599914550781,186366800.0
2020-03-06 00:00:00+00:00,297.4599914550781,228667200.0
2020-03-09 00:00:00+00:00,274.2300109863281,309417300.0
2020-03-10 00:00:00+00:00,288.4200134277344,276444100.0
2020-03-11 00:00:00+00:00,274.3599853515625,255316300.0
2020-03-12 00:00:00+00:00,248.11000061035156,392220700.0
2020-03-13 00:00:00+00:00,269.32000732421875,329566100.0
2020-03-16 00:00:00+00:00,239.85000610351562,297240000.0
2020-03-17 00:00:00+00:00,252.8000030517578,262070500.0
2020-03-18 00:00:00+00:00,240.0,327597100.0
2020-03-19 00:00:00+00:00,240.50999450683594,289322000.0
2020-03-20 00:00:00+00:00,228.8000030517578,347158800.0
2020-03-23 00:00:00+00:00,222.9499969482422,326025200.0
2020-03-24 00:00:00+00:00,243.14999389648438,235494500.0
2020-03-25 00:00:00+00:00,246.7899932861328,299430300.0
2020-03-26 00:00:00+00:00,261.20001220703125,257632800.0
2020-03-27 00:00:00+00:00,253.4199981689453,224341200.0
2020-03-30 00:00:00+00:00,261.6499938964844,171369500.0
2020-03-31 00:00:00+00:00,257.75,194881100.0
2020-04-01 00:00:00+00:00,246.14999389648438,189554600.0
2020-04-02 00:00:00+00:00,251.8300018310547,177660400.0
2020-04-03 00:00:00+00:00,248.19000244140625,135561200.0
2020-04-06 00:00:00+00:00,264.8599853515625,188061200.0
2020-04-07 00:00:00+00:00,265.1300048828125,201427200.0
2020-04-08 00:00:00+00:00,274.0299987792969,153774500.0
2020-04-09 00:00:00+00:00,278.20001220703125,189999200.0
2020-04-13 00:00:00+00:00,275.6600036621094,114839100.0
2020-04-14 00:00:00+00:00,283.7900085449219,134143400.0
2020-04-15 00:00:00+00:00,277.760009765625,121775000.0
2020-04-16 00:00:00+00:00,279.1000061035156,131798300.0
2020-04-17 00:00:00+00:00,286.6400146484375,146684800.0
2020-04-20 00:00:00+00:00,281.5899963378906,100109300.0
2020-04-21 00:00:00+00:00,273.0400085449219,126385700.0
2020-04-22 00:00:00+00:00,279.1000061035156,92951600.0
2020-04-23 00:00:00+00:00,279.0799865722656,104709700.0
2020-04-24 00:00:00+00:00,282.9700012207031,85063200.0
2020-04-27 00:00:00+00:00,287.04998779296875,77896600.0
2020-04-28 00:00:00+00:00,285.7300109863281,105270000.0
2020-04-29 00:00:00+00:00,293.2099914550781,118745600.0
2020-04-30 00:00:00+00:00,290.4800109863281,122901700.0
2020-05-01 00:00:00+00:00,282.7900085449219,125180000.0
2020-05-04 00:00:00+00:00,283.57000732421875,80873200.0
2020-05-05 00:00:00+00:00,286.19000244140625,79569900.0
2020-05-06 00:00:00+00:00,284.25,73632600.0
2020-05-07 00:00:00+00:00,287.67999267578125,75250400.0
2020-05-08 00:00:00+00:00,292.44000244140625,76452400.0
2020-05-11 00:00:00+00:00,292.5,79514200.0
2020-05-12 00:00:00+00:00,286.6700134277344,95870800.0
2020-05-13 00:00:00+00:00,281.6000061035156,144721100.0
2020-05-14 00:00:00+00:00,284.9700012207031,121977900.0
2020-05-15 00:00:00+00:00,286.2799987792969,111146300.0
2020-05-18 00:00:00+00:00,295.0,119703800.0
2020-05-19 00:00:00+00:00,291.9700012207031,95189300.0
2020-05-20 00:00:00+00:00,296.92999267578125,85861700.0
2020-05-21 00:00:00+00:00,294.8800048828125,78293900.0
2020-05-22 00:00:00+00:00,295.44000244140625,63958200.0
2020-05-26 00:00:00+00:00,299.0799865722656,88951400.0
2020-05-27 00:00:00+00:00,303.5299987792969,104817400.0
2020-05-28 00:00:00+00:00,302.9700012207031,90405200.0
2020-05-29 00:00:00+00:00,304.32000732421875,119090800.0
2020-06-01 00:00:00+00:00,305.54998779296875,55758300.0
2020-06-02 00:00:00+00:00,308.0799865722656,74267200.0
2020-06-03 00:00:00+00:00,312.17999267578125,92567600.0
2020-06-04 00:00:00+00:00,311.3599853515625,75794400.0
2020-06-05 00:00:00+00:00,319.3399963378906,150524700.0
2020-06-08 00:00:00+00:00,323.20001220703125,73641200.0
2020-06-09 00:00:00+00:00,320.7900085449219,77479200.0
2020-06-10 00:00:00+00:00,319.0,95000800.0
2020-06-11 00:00:00+00:00,300.6099853515625,209243600.0
2020-06-12 00:00:00+00:00,304.2099914550781,194678900.0
2020-06-15 00:00:00+00:00,307.04998779296875,135782700.0
2020-06-16 00:00:00+00:00,312.9599914550781,137627500.0
2020-06-17 00:00:00+00:00,311.6600036621094,83398900.0
2020-06-18 00:00:00+00:00,311.7799987792969,80828700.0
2020-06-19 00:00:00+00:00,308.6400146484375,135549600.0
2020-06-22 00:00:00+00:00,310.6199951171875,74649400.0
2020-06-23 00:00:00+00:00,312.04998779296875,68471200.0
2020-06-24 00:00:00+00:00,304.0899963378906,132813500.0
2020-06-25 00:00:00+00:00,307.3500061035156,89468000.0
2020-06-26 00:00:00+00:00,300.04998779296875,127961000.0
2020-06-29 00:00:00+00:00,304.4599914550781,79773300.0
2020-06-30 00:00:00+00:00,308.3599853515625,113394800.0
2020-07-01 00:00:00+00:00,310.5199890136719,72396500.0
2020-07-02 00:00:00+00:00,312.2300109863281,69344200.0
2020-07-06 00:00:00+00:00,317.04998779296875,61713800.0
2020-07-07 00:00:00+00:00,313.7799987792969,82910000.0
2020-07-08 00:00:00+00:00,316.17999267578125,54638600.0
2020-07-09 00:00:00+00:00,314.3800048828125,83354200.0
2020-07-10 00:00:00+00:00,317.5899963378906,57550400.0
2020-07-13 00:00:00+00:00,314.8399963378906,102997500.0
2020-07-14 00:00:00+00:00,318.9200134277344,93657000.0
2020-07-15 00:00:00+00:00,321.8500061035156,87196500.0
2020-07-16 00:00:00+00:00,320.7900085449219,54622500.0
2020-07-17 00:00:00+00:00,321.7200012207031,62774900.0
2020-07-20 00:00:00+00:00,324.32000732421875,56308800.0
2020-07-21 00:00:00+00:00,325.010009765625,57292200.0
2020-07-22 00:00:00+00:00,326.8599853515625,57792900.0
2020-07-23 00:00:00+00:00,322.9599914550781,75738000.0
2020-07-24 00:00:00+00:00,320.8800048828125,73766600.0
2020-07-27 00:00:00+00:00,323.2200012207031,48293000.0
2020-07-28 00:00:00+00:00,321.1700134277344,57495000.0
2020-07-29 00:00:00+00:00,325.1199951171875,48454200.0
2020-07-30 00:00:00+00:00,323.9599914550781,61861700.0
2020-07-31 00:00:00+00:00,326.5199890136719,84986800.0
2020-08-03 00:00:00+00:00,328.7900085449219,53077900.0
2020-08-04 00:00:00+00:00,330.05999755859375,41917900.0
2020-08-05 00:00:00+00:00,332.1099853515625,42697700.0
2020-08-06 00:00:00+00:00,334.3299865722656,43679400.0
2020-08-07 00:00:00+00:00,334.57000732421875,57308300.0
2020-08-10 00:00:00+00:00,335.57000732421875,44282100.0
2020-08-11 00:00:00+00:00,332.79998779296875,69601100.0
2020-08-12 00:00:00+00:00,337.44000244140625,53774400.0
2020-08-13 00:00:00+00:00,336.8299865722656,41816100.0
2020-08-14 00:00:00+00:00,336.8399963378906,47260400.0
2020-08-17 00:00:00+00:00,337.9100036621094,35481000.0
2020-08-18 00:00:00+00:00,338.6400146484375,38733900.0
2020-08-19 00:00:00+00:00,337.2300109863281,68054200.0
2020-08-20 00:00:00+00:00,338.2799987792969,42207800.0
2020-08-21 00:00:00+00:00,339.4800109863281,55106600.0
2020-08-24 00:00:00+00:00,342.9200134277344,48588700.0
2020-08-25 00:00:00+00:00,344.1199951171875,38463400.0
2020-08-26 00:00:00+00:00,347.57000732421875,50790200.0
2020-08-27 00:00:00+00:00,348.3299865722656,58034100.0
2020-08-28 00:00:00+00:00,350.5799865722656,48588900.0
2020-08-31 00:00:00+00:00,349.30999755859375,66099200.0
2020-09-01 00:00:00+00:00,352.6000061035156,54908700.0
2020-09-02 00:00:00+00:00,357.70001220703125,69540000.0
2020-09-03 00:00:00+00:00,345.3900146484375,148011100.0
2020-09-04 00:00:00+00:00,342.57000732421875,139156300.0
2020-09-08 00:00:00+00:00,333.2099914550781,114465300.0
2020-09-09 00:00:00+00:00,339.7900085449219,91462300.0
2020-09-10 00:00:00+00:00,333.8900146484375,90569500.0
2020-09-11 00:00:00+00:00,334.05999755859375,84680200.0
2020-09-14 00:00:00+00:00,338.4599914550781,65605700.0
2020-09-15 00:00:00+00:00,340.1700134277344,52920900.0
2020-09-16 00:00:00+00:00,338.82000732421875,82096000.0
2020-09-17 00:00:00+00:00,335.8399963378906,91523300.0
2020-09-18 00:00:00+00:00,330.6499938964844,105877900.0
2020-09-21 00:00:00+00:00,326.9700012207031,99450800.0
2020-09-22 00:00:00+00:00,330.29998779296875,63612100.0
2020-09-23 00:00:00+00:00,322.6400146484375,93112200.0
2020-09-24 00:00:00+00:00,323.5,76681300.0
2020-09-25 00:00:00+00:00,328.7300109863281,71069400.0
2020-09-28 00:00:00+00:00,334.19000244140625,64584600.0
2020-09-29 00:00:00+00:00,332.3699951171875,51304000.0
2020-09-30 00:00:00+00:00,334.8900146484375,104081100.0
2020-10-01 00:00:00+00:00,337.0400085449219,88698700.0
2020-10-02 00:00:00+00:00,333.8399963378906,89431100.0
2020-10-05 00:00:00+00:00,339.760009765625,45713100.0
2020-10-06 00:00:00+00:00,334.92999267578125,90128900.0
2020-10-07 00:00:00+00:00,340.760009765625,56999600.0
2020-10-08 00:00:00+00:00,343.7799987792969,45242500.0
2020-10-09 00:00:00+00:00,346.8500061035156,59528600.0
2020-10-12 00:00:00+00:00,352.42999267578125,80388500.0
2020-10-13 00:00:00+00:00,350.1300048828125,73255500.0
2020-10-14 00:00:00+00:00,347.92999267578125,57727900.0
2020-10-15 00:00:00+00:00,347.5,60357700.0
2020-10-16 00:00:00+00:00,347.2900085449219,89501900.0
2020-10-19 00:00:00+00:00,342.010009765625,68425600.0
2020-10-20 00:00:00+00:00,343.3800048828125,60051900.0
2020-10-21 00:00:00+00:00,342.7300109863281,63575000.0
2020-10-22 00:00:00+00:00,344.6099853515625,55399300.0
2020-10-23 00:00:00+00:00,345.7799987792969,49143900.0
2020-10-26 00:00:00+00:00,339.3900146484375,91473000.0
2020-10-27 00:00:00+00:00,338.2200012207031,65994100.0
2020-10-28 00:00:00+00:00,326.6600036621094,127094300.0
2020-10-29 00:00:00+00:00,329.9800109863281,90597700.0
2020-10-30 00:00:00+00:00,326.5400085449219,120287300.0
2020-11-02 00:00:00+00:00,330.20001220703125,86068300.0
2020-11-03 00:00:00+00:00,336.0299987792969,93294200.0
2020-11-04 00:00:00+00:00,343.5400085449219,126959700.0
2020-11-05 00:00:00+00:00,350.239990234375,82039700.0
2020-11-06 00:00:00+00:00,350.1600036621094,74973000.0
2020-11-09 00:00:00+00:00,354.55999755859375,172304200.0
2020-11-10 00:00:00+00:00,354.0400085449219,85552000.0
2020-11-11 00:00:00+00:00,356.6700134277344,58649000.0
2020-11-12 00:00:00+00:00,353.2099914550781,67546200.0
2020-11-13 00:00:00+00:00,358.1000061035156,62892200.0
2020-11-16 00:00:00+00:00,362.57000732421875,74541100.0
2020-11-17 00:00:00+00:00,360.6199951171875,66111000.0
2020-11-18 00:00:00+00:00,356.2799987792969,70591300.0
2020-11-19 00:00:00+00:00,357.7799987792969,59940900.0
2020-11-20 00:00:00+00:00,355.3299865722656,70417300.0
2020-11-23 00:00:00+00:00,357.4599914550781,63230600.0
2020-11-24 00:00:00+00:00,363.2200012207031,62415900.0
2020-11-25 00:00:00+00:00,362.6600036621094,45330900.0
2020-11-27 00:00:00+00:00,363.6700134277344,28514100.0
2020-11-30 00:00:00+00:00,362.05999755859375,83872700.0
2020-12-01 00:00:00+00:00,366.0199890136719,74231400.0
2020-12-02 00:00:00+00:00,366.7900085449219,45927000.0
2020-12-03 00:00:00+00:00,366.69000244140625,62882000.0
2020-12-04 00:00:00+00:00,369.8500061035156,50749900.0
2020-12-07 00:00:00+00:00,369.0899963378906,48944300.0
2020-12-08 00:00:00+00:00,370.1700134277344,42458900.0
2020-12-09 00:00:00+00:00,366.8500061035156,74098300.0
2020-12-10 00:00:00+00:00,366.7300109863281,57735400.0
2020-12-11 00:00:00+00:00,366.29998779296875,57698600.0
2020-12-14 00:00:00+00:00,364.6600036621094,69216200.0
2020-12-15 00:00:00+00:00,369.5899963378906,63865300.0
2020-12-16 00:00:00+00:00,370.1700134277344,58420500.0
2020-12-17 00:00:00+00:00,372.239990234375,64119500.0
2020-12-18 00:00:00+00:00,369.17999267578125,136542300.0
2020-12-21 00:00:00+00:00,367.8599853515625,96386700.0
2020-12-22 00:00:00+00:00,367.239990234375,47949000.0
2020-12-23 00:00:00+00:00,367.57000732421875,46201400.0
2020-12-24 00:00:00+00:00,369.0,26457900.0
2020-12-28 00:00:00+00:00,372.1700134277344,39000400.0
2020-12-29 00:00:00+00:00,371.4599914550781,53680500.0
2020-12-30 00:00:00+00:00,371.989990234375,49455300.0
2020-12-31 00:00:00+00:00,373.8800048828125,78520700.0
2021-01-04 00:00:00+00:00,368.7900085449219,110210800.0
2021-01-05 00:00:00+00:00,371.3299865722656,66426200.0
2021-01-06 00:00:00+00:00,373.54998779296875,107997700.0
2021-01-07 00:00:00+00:00,379.1000061035156,68766800.0
2021-01-08 00:00:00+00:00,381.260009765625,71677200.0
2021-01-11 00:00:00+00:00,378.69000244140625,51034700.0
2021-01-12 00:00:00+00:00,378.7699890136719,52547700.0
2021-01-13 00:00:00+00:00,379.7900085449219,45303600.0
2021-01-14 00:00:00+00:00,378.4599914550781,49989100.0
2021-01-15 00:00:00+00:00,375.70001220703125,107160000.0
2021-01-19 00:00:00+00:00,378.6499938964844,51233300.0
2021-01-20 00:00:00+00:00,383.8900146484375,61836100.0
2021-01-21 00:00:00+00:00,384.239990234375,47840100.0
2021-01-22 00:00:00+00:00,382.8800048828125,52860500.0
2021-01-25 00:00:00+00:00,384.3900146484375,70402000.0
2021-01-26 00:00:00+00:00,383.7900085449219,42665300.0
2021-01-27 00:00:00+00:00,374.4100036621094,123351100.0
2021-01-28 00:00:00+00:00,377.6300048828125,94198100.0
2021-01-29 00:00:00+00:00,370.07000732421875,126765100.0
2021-02-01 00:00:00+00:00,376.2300109863281,75817600.0
2021-02-02 00:00:00+00:00,381.54998779296875,64450700.0
2021-02-03 00:00:00+00:00,381.8500061035156,52427100.0
2021-02-04 00:00:00+00:00,386.19000244140625,47142600.0
2021-02-05 00:00:00+00:00,387.7099914550781,48669800.0
2021-02-08 00:00:00+00:00,390.510009765625,38365200.0
2021-02-09 00:00:00+00:00,390.25,35551100.0
2021-02-10 00:00:00+00:00,390.0799865722656,59154400.0
2021-02-11 00:00:00+00:00,390.7099914550781,42913300.0
2021-02-12 00:00:00+00:00,392.6400146484375,50593300.0
2021-02-16 00:00:00+00:00,392.29998779296875,50972400.0
2021-02-17 00:00:00+00:00,392.3900146484375,52290600.0
2021-02-18 00:00:00+00:00,390.7200012207031,59712800.0
2021-02-19 00:00:00+00:00,390.0299987792969,83241000.0
2021-02-22 00:00:00+00:00,387.0299987792969,67414200.0
2021-02-23 00:00:00+00:00,387.5,107284100.0
2021-02-24 00:00:00+00:00,391.7699890136719,72433900.0
2021-02-25 00:00:00+00:00,382.3299865722656,146670500.0
2021-02-26 00:00:00+00:00,380.3599853515625,152701600.0
2021-03-01 00:00:00+00:00,389.5799865722656,105348800.0
2021-03-02 00:00:00+00:00,386.5400085449219,79595300.0
2021-03-03 00:00:00+00:00,381.4200134277344,119940200.0
2021-03-04 00:00:00+00:00,376.70001220703125,183433000.0
2021-03-05 00:00:00+00:00,383.6300048828125,152039600.0
2021-03-08 00:00:00+00:00,381.7200012207031,123149200.0
2021-03-09 00:00:00+00:00,387.1700134277344,113633600.0
2021-03-10 00:00:00+00:00,389.5799865722656,109899400.0
2021-03-11 00:00:00+00:00,393.5299987792969,86245000.0
2021-03-12 00:00:00+00:00,394.05999755859375,64653600.0
2021-03-15 00:00:00+00:00,396.4100036621094,73427200.0
2021-03-16 00:00:00+00:00,395.9100036621094,73722500.0
2021-03-17 00:00:00+00:00,397.260009765625,97959300.0
2021-03-18 00:00:00+00:00,391.4800109863281,115349100.0
2021-03-19 00:00:00+00:00,389.4800109863281,113624500.0
2021-03-22 00:00:00+00:00,392.5899963378906,73778600.0
2021-03-23 00:00:00+00:00,389.5,90686600.0
2021-03-24 00:00:00+00:00,387.5199890136719,97588600.0
2021-03-25 00:00:00+00:00,389.70001220703125,116128600.0
2021-03-26 00:00:00+00:00,395.9800109863281,114409100.0
2021-03-29 00:00:00+00:00,395.7799987792969,108107600.0
2021-03-30 00:00:00+00:00,394.7300109863281,76262200.0
2021-03-31 00:00:00+00:00,396.3299865722656,112734200.0
2021-04-01 00:00:00+00:00,400.6099853515625,99682900.0
2021-04-05 00:00:00+00:00,406.3599853515625,91684800.0
2021-04-06 00:00:00+00:00,406.1199951171875,62021000.0
2021-04-07 00:00:00+00:00,406.5899963378906,55836300.0
2021-04-08 00:00:00+00:00,408.5199890136719,57863100.0
2021-04-09 00:00:00+00:00,411.489990234375,61104600.0
2021-04-12 00:00:00+00:00,411.6400146484375,56704900.0
2021-04-13 00:00:00+00:00,412.8599853515625,56551000.0
2021-04-14 00:00:00+00:00,411.45001220703125,61659900.0
2021-04-15 00:00:00+00:00,415.8699951171875,60229800.0
2021-04-16 00:00:00+00:00,417.260009765625,82037300.0
2021-04-19 00:00:00+00:00,415.2099914550781,78498500.0
2021-04-20 00:00:00+00:00,412.1700134277344,81851800.0
2021-04-21 00:00:00+00:00,416.07000732421875,66793000.0
2021-04-22 00:00:00+00:00,412.2699890136719,97582800.0
2021-04-23 00:00:00+00:00,416.739990234375,73209200.0
2021-04-26 00:00:00+00:00,417.6099853515625,52182400.0
2021-04-27 00:00:00+00:00,417.5199890136719,51303100.0
2021-04-28 00:00:00+00:00,417.3999938964844,51238900.0
2021-04-29 00:00:00+00:00,420.05999755859375,78544300.0
2021-04-30 00:00:00+00:00,417.29998779296875,85527000.0
2021-05-03 00:00:00+00:00,418.20001220703125,68128300.0
2021-05-04 00:00:00+00:00,415.6199951171875,101591200.0
2021-05-05 00:00:00+00:00,415.75,60162200.0
2021-05-06 00:00:00+00:00,419.07000732421875,74321400.0
2021-05-07 00:00:00+00:00,422.1199951171875,67733800.0
2021-05-10 00:00:00+00:00,417.94000244140625,81852400.0
2021-05-11 00:00:00+00:00,414.2099914550781,116888000.0
2021-05-12 00:00:00+00:00,405.4100036621094,134811000.0
2021-05-13 00:00:00+00:00,410.2799987792969,106394000.0
2021-05-14 00:00:00+00:00,416.5799865722656,82201600.0
2021-05-17 00:00:00+00:00,415.5199890136719,65129200.0
2021-05-18 00:00:00+00:00,411.94000244140625,59810200.0
2021-05-19 00:00:00+00:00,410.8599853515625,106467100.0
2021-05-20 00:00:00+00:00,415.2799987792969,78022200.0
2021-05-21 00:00:00+00:00,414.94000244140625,76578700.0
2021-05-24 00:00:00+00:00,419.1700134277344,51376700.0
2021-05-25 00:00:00+00:00,418.239990234375,57451400.0
2021-05-26 00:00:00+00:00,419.07000732421875,43088600.0
2021-05-27 00:00:00+00:00,419.2900085449219,56707700.0
2021-05-28 00:00:00+00:00,420.0400085449219,58520200.0
2021-06-01 00:00:00+00:00,419.6700134277344,54216600.0
2021-06-02 00:00:00+00:00,420.3299865722656,49097100.0
2021-06-03 00:00:00+00:00,418.7699890136719,58138800.0
2021-06-04 00:00:00+00:00,422.6000061035156,55938800.0
2021-06-07 00:00:00+00:00,422.19000244140625,51555000.0
2021-06-08 00:00:00+00:00,422.2799987792969,47134300.0
2021-06-09 00:00:00+00:00,421.6499938964844,48436300.0
2021-06-10 00:00:00+00:00,423.6099853515625,51020100.0
2021-06-11 00:00:00+00:00,424.30999755859375,45570800.0
2021-06-14 00:00:00+00:00,425.260009765625,42358500.0
2021-06-15 00:00:00+00:00,424.4800109863281,51508500.0
2021-06-16 00:00:00+00:00,422.1099853515625,80386100.0
2021-06-17 00:00:00+00:00,421.9700012207031,90949700.0
2021-06-18 00:00:00+00:00,414.9200134277344,118676300.0
2021-06-21 00:00:00+00:00,420.8599853515625,72822000.0
2021-06-22 00:00:00+00:00,423.1099853515625,57700300.0
2021-06-23 00:00:00+00:00,422.6000061035156,49445400.0
2021-06-24 00:00:00+00:00,425.1000061035156,45110300.0
2021-06-25 00:00:00+00:00,426.6099853515625,58129500.0
2021-06-28 00:00:00+00:00,427.4700012207031,53159600.0
2021-06-29 00:00:00+00:00,427.70001220703125,35970500.0
2021-06-30 00:00:00+00:00,428.05999755859375,64827900.0
2021-07-01 00:00:00+00:00,430.42999267578125,53441000.0
2021-07-02 00:00:00+00:00,433.7200012207031,57697700.0
2021-07-06 00:00:00+00:00,432.92999267578125,68710400.0
2021-07-07 00:00:00+00:00,434.4599914550781,63549500.0
2021-07-08 00:00:00+00:00,430.9200134277344,97595200.0
2021-07-09 00:00:00+00:00,435.5199890136719,76238600.0
2021-07-12 00:00:00+00:00,437.0799865722656,52889600.0
2021-07-13 00:00:00+00:00,435.5899963378906,52911300.0
2021-07-14 00:00:00+00:00,436.239990234375,64130400.0
2021-07-15 00:00:00+00:00,434.75,55126400.0
2021-07-16 00:00:00+00:00,431.3399963378906,75874700.0
2021-07-19 00:00:00+00:00,424.9700012207031,147987000.0
2021-07-20 00:00:00+00:00,431.05999755859375,99608200.0
2021-07-21 00:00:00+00:00,434.54998779296875,64724400.0
2021-07-22 00:00:00+00:00,435.4599914550781,47878500.0
2021-07-23 00:00:00+00:00,439.94000244140625,63766600.0
2021-07-26 00:00:00+00:00,441.0199890136719,43719200.0
2021-07-27 00:00:00+00:00,439.010009765625,67397100.0
2021-07-28 00:00:00+00:00,438.8299865722656,52472400.0
2021-07-29 00:00:00+00:00,440.6499938964844,47435300.0
2021-07-30 00:00:00+00:00,438.510009765625,68951200.0
2021-08-02 00:00:00+00:00,437.5899963378906,58783300.0
2021-08-03 00:00:00+00:00,441.1499938964844,58053900.0
2021-08-04 00:00:00+00:00,438.9800109863281,46732200.0
2021-08-05 00:00:00+00:00,441.760009765625,38969700.0
2021-08-06 00:00:00+00:00,442.489990234375,46930000.0
2021-08-09 00:00:00+00:00,442.1300048828125,41222600.0
2021-08-10 00:00:00+00:00,442.67999267578125,43339300.0
2021-08-11 00:00:00+00:00,443.7799987792969,44034300.0
2021-08-12 00:00:00+00:00,445.1099853515625,38909400.0
2021-08-13 00:00:00+00:00,445.9200134277344,39470300.0
2021-08-16 00:00:00+00:00,446.9700012207031,73740000.0
2021-08-17 00:00:00+00:00,444.0400085449219,92673900.0
2021-08-18 00:00:00+00:00,439.17999267578125,89351900.0
2021-08-19 00:00:00+00:00,439.8599853515625,92812200.0
2021-08-20 00:00:00+00:00,443.3599853515625,72008700.0
2021-08-23 00:00:00+00:00,447.260009765625,54973000.0
2021-08-24 00:00:00+00:00,447.9700012207031,38744700.0
2021-08-25 00:00:00+00:00,448.9100036621094,40529700.0
2021-08-26 00:00:00+00:00,446.260009765625,57829600.0
2021-08-27 00:00:00+00:00,450.25,77235100.0
2021-08-30 00:00:00+00:00,452.2300109863281,48357400.0
2021-08-31 00:00:00+00:00,451.55999755859375,59300200.0
2021-09-01 00:00:00+00:00,451.79998779296875,48721400.0
2021-09-02 00:00:00+00:00,453.19000244140625,42501000.0
2021-09-03 00:00:00+00:00,453.0799865722656,47170500.0
2021-09-07 00:00:00+00:00,451.4599914550781,51671500.0
2021-09-08 00:00:00+00:00,450.9100036621094,56181900.0
2021-09-09 00:00:00+00:00,448.9800109863281,57970400.0
2021-09-10 00:00:00+00:00,445.44000244140625,89948200.0
2021-09-13 00:00:00+00:00,446.5799865722656,83738600.0
2021-09-14 00:00:00+00:00,444.1700134277344,78197100.0
2021-09-15 00:00:00+00:00,447.8800048828125,78792200.0
2021-09-16 00:00:00+00:00,447.1700134277344,77786700.0
2021-09-17 00:00:00+00:00,441.3999938964844,118425000.0
2021-09-20 00:00:00+00:00,434.0400085449219,166445500.0
2021-09-21 00:00:00+00:00,433.6300048828125,92526100.0
2021-09-22 00:00:00+00:00,437.8599853515625,102350100.0
2021-09-23 00:00:00+00:00,443.17999267578125,76396000.0
2021-09-24 00:00:00+00:00,443.9100036621094,62094800.0
2021-09-27 00:00:00+00:00,442.6400146484375,61371100.0
2021-09-28 00:00:00+00:00,433.7200012207031,130436300.0
2021-09-29 00:00:00+00:00,434.45001220703125,82329200.0
2021-09-30 00:00:00+00:00,429.1400146484375,140506000.0
2021-10-01 00:00:00+00:00,434.239990234375,129240100.0
2021-10-04 00:00:00+00:00,428.6400146484375,128570000.0
2021-10-05 00:00:00+00:00,433.1000061035156,90682500.0
2021-10-06 00:00:00+00:00,434.8999938964844,113032200.0
2021-10-07 00:00:00+00:00,438.6600036621094,72437500.0
2021-10-08 00:00:00+00:00,437.8599853515625,74557400.0
2021-10-11 00:00:00+00:00,434.69000244140625,65233300.0
2021-10-12 00:00:00+00:00,433.6199951171875,71181200.0
2021-10-13 00:00:00+00:00,435.17999267578125,72974000.0
2021-10-14 00:00:00+00:00,442.5,70236800.0
2021-10-15 00:00:00+00:00,445.8699951171875,66260200.0
2021-10-18 00:00:00+00:00,447.19000244140625,62213200.0
2021-10-19 00:00:00+00:00,450.6400146484375,46996800.0
2021-10-20 00:00:00+00:00,452.4100036621094,49571600.0
2021-10-21 00:00:00+00:00,453.5899963378906,41305400.0
2021-10-22 00:00:00+00:00,453.1199951171875,58845100.0
2021-10-25 00:00:00+00:00,455.54998779296875,45214500.0
2021-10-26 00:00:00+00:00,455.9599914550781,56075100.0
2021-10-27 00:00:00+00:00,453.94000244140625,72438000.0
2021-10-28 00:00:00+00:00,458.32000732421875,51437900.0
2021-10-29 00:00:00+00:00,459.25,70162400.0
2021-11-01 00:00:00+00:00,460.0400085449219,48433600.0
2021-11-02 00:00:00+00:00,461.8999938964844,48908400.0
2021-11-03 00:00:00+00:00,464.7200012207031,52509800.0
2021-11-04 00:00:00+00:00,466.9100036621094,52847100.0
2021-11-05 00:00:00+00:00,468.5299987792969,66390600.0
2021-11-08 00:00:00+00:00,468.92999267578125,50405200.0
2021-11-09 00:00:00+00:00,467.3800048828125,51149100.0
2021-11-10 00:00:00+00:00,463.6199951171875,69429700.0
2021-11-11 00:00:00+00:00,463.7699890136719,34848500.0
2021-11-12 00:00:00+00:00,467.2699890136719,53466700.0
2021-11-15 00:00:00+00:00,467.42999267578125,46980500.0
2021-11-16 00:00:00+00:00,469.2799987792969,48857500.0
2021-11-17 00:00:00+00:00,468.1400146484375,47858300.0
2021-11-18 00:00:00+00:00,469.7300109863281,50625600.0
2021-11-19 00:00:00+00:00,468.8900146484375,57315600.0
2021-11-22 00:00:00+00:00,467.57000732421875,72762000.0
2021-11-23 00:00:00+00:00,468.19000244140625,73206500.0
2021-11-24 00:00:00+00:00,469.44000244140625,61858800.0
2021-11-26 00:00:00+00:00,458.9700012207031,112669600.0
2021-11-29 00:00:00+00:00,464.6000061035156,86268800.0
2021-11-30 00:00:00+00:00,455.55999755859375,148559600.0
2021-12-01 00:00:00+00:00,450.5,131939200.0
2021-12-02 00:00:00+00:00,457.3999938964844,127637800.0
2021-12-03 00:00:00+00:00,453.4200134277344,137331600.0
2021-12-06 00:00:00+00:00,458.7900085449219,98977500.0
2021-12-07 00:00:00+00:00,468.2799987792969,95484700.0
2021-12-08 00:00:00+00:00,469.5199890136719,72238800.0
2021-12-09 00:00:00+00:00,466.3500061035156,61272600.0
2021-12-10 00:00:00+00:00,470.739990234375,77159800.0
2021-12-13 00:00:00+00:00,466.57000732421875,87724700.0
2021-12-14 00:00:00+00:00,463.3599853515625,97264100.0
2021-12-15 00:00:00+00:00,470.6000061035156,116899300.0
2021-12-16 00:00:00+00:00,466.45001220703125,116568600.0
2021-12-17 00:00:00+00:00,459.8699951171875,135511600.0
2021-12-20 00:00:00+00:00,454.9800109863281,107134800.0
2021-12-21 00:00:00+00:00,463.05999755859375,69806300.0
2021-12-22 00:00:00+00:00,467.69000244140625,58890200.0
2021-12-23 00:00:00+00:00,470.6000061035156,56439700.0
2021-12-27 00:00:00+00:00,477.260009765625,56808600.0
2021-12-28 00:00:00+00:00,476.8699951171875,47274600.0
2021-12-29 00:00:00+00:00,477.4800109863281,54503000.0
2021-12-30 00:00:00+00:00,476.1600036621094,55329000.0
2021-12-31 00:00:00+00:00,474.9599914550781,65237400.0
2022-01-03 00:00:00+00:00,477.7099914550781,72668200.0
2022-01-04 00:00:00+00:00,477.54998779296875,71178700.0
2022-01-05 00:00:00+00:00,468.3800048828125,104538900.0
2022-01-06 00:00:00+00:00,467.94000244140625,86858900.0
2022-01-07 00:00:00+00:00,466.0899963378906,85111600.0
2022-01-10 00:00:00+00:00,465.510009765625,119362000.0
2022-01-11 00:00:00+00:00,469.75,74303100.0
2022-01-12 00:00:00+00:00,471.0199890136719,67605400.0
2022-01-13 00:00:00+00:00,464.5299987792969,91173100.0
2022-01-14 00:00:00+00:00,464.7200012207031,95890900.0
2022-01-18 00:00:00+00:00,456.489990234375,109709100.0
2022-01-19 00:00:00+00:00,451.75,109357600.0
2022-01-20 00:00:00+00:00,446.75,122379700.0
2022-01-21 00:00:00+00:00,437.9800109863281,202271200.0
2022-01-24 00:00:00+00:00,439.8399963378906,251783900.0
2022-01-25 00:00:00+00:00,434.4700012207031,167997300.0
2022-01-26 00:00:00+00:00,433.3800048828125,186391100.0
2022-01-27 00:00:00+00:00,431.239990234375,149878300.0
2022-01-28 00:00:00+00:00,441.95001220703125,164457400.0
2022-01-31 00:00:00+00:00,449.9100036621094,152251400.0
2022-02-01 00:00:00+00:00,452.95001220703125,123155400.0
2022-02-02 00:00:00+00:00,457.3500061035156,117361000.0
2022-02-03 00:00:00+00:00,446.6000061035156,118024400.0
2022-02-04 00:00:00+00:00,448.70001220703125,118454400.0
2022-02-07 00:00:00+00:00,447.260009765625,84472900.0
2022-02-08 00:00:00+00:00,450.94000244140625,81012000.0
2022-02-09 00:00:00+00:00,457.5400085449219,92589900.0
2022-02-10 00:00:00+00:00,449.32000732421875,140103700.0
2022-02-11 00:00:00+00:00,440.4599914550781,153214600.0
2022-02-14 00:00:00+00:00,439.0199890136719,123006300.0
2022-02-15 00:00:00+00:00,446.1000061035156,88482700.0
2022-02-16 00:00:00+00:00,446.6000061035156,84863600.0
2022-02-17 00:00:00+00:00,437.05999755859375,102259100.0
2022-02-18 00:00:00+00:00,434.2300109863281,132642900.0
2022-02-22 00:00:00+00:00,429.57000732421875,124391800.0
2022-02-23 00:00:00+00:00,421.95001220703125,132578000.0
2022-02-24 00:00:00+00:00,428.29998779296875,213942900.0
2022-02-25 00:00:00+00:00,437.75,121804500.0
2022-02-28 00:00:00+00:00,436.6300048828125,145615000.0
2022-03-01 00:00:00+00:00,429.9800109863281,137785900.0
2022-03-02 00:00:00+00:00,437.8900146484375,117726500.0
2022-03-03 00:00:00+00:00,435.7099914550781,105501700.0
2022-03-04 00:00:00+00:00,432.1700134277344,113978200.0
2022-03-07 00:00:00+00:00,419.42999267578125,137896600.0
2022-03-08 00:00:00+00:00,416.25,164772700.0
2022-03-09 00:00:00+00:00,427.4100036621094,116990800.0
2022-03-10 00:00:00+00:00,425.4800109863281,93972700.0
2022-03-11 00:00:00+00:00,420.07000732421875,95636300.0
2022-03-14 00:00:00+00:00,417.0,95729200.0
2022-03-15 00:00:00+00:00,426.1700134277344,106219100.0
2022-03-16 00:00:00+00:00,435.6199951171875,144954800.0
2022-03-17 00:00:00+00:00,441.07000732421875,102676900.0
2022-03-18 00:00:00+00:00,444.5199890136719,106345500.0
2022-03-21 00:00:00+00:00,444.3900146484375,88349800.0
2022-03-22 00:00:00+00:00,449.5899963378906,74650400.0
2022-03-23 00:00:00+00:00,443.79998779296875,79426100.0
2022-03-24 00:00:00+00:00,450.489990234375,64736900.0
2022-03-25 00:00:00+00:00,452.69000244140625,77101300.0
2022-03-28 00:00:00+00:00,455.9100036621094,68529800.0
2022-03-29 00:00:00+00:00,461.54998779296875,86581500.0
2022-03-30 00:00:00+00:00,458.70001220703125,79666900.0
2022-03-31 00:00:00+00:00,451.6400146484375,121699900.0
2022-04-01 00:00:00+00:00,452.9200134277344,89048800.0
2022-04-04 00:00:00+00:00,456.79998779296875,59601000.0
2022-04-05 00:00:00+00:00,451.0299987792969,74214500.0
2022-04-06 00:00:00+00:00,446.5199890136719,106898000.0
2022-04-07 00:00:00+00:00,448.7699890136719,78097200.0
2022-04-08 00:00:00+00:00,447.57000732421875,79272700.0
2022-04-11 00:00:00+00:00,439.9200134277344,89770500.0
2022-04-12 00:00:00+00:00,438.2900085449219,84363600.0
2022-04-13 00:00:00+00:00,443.30999755859375,74070400.0
2022-04-14 00:00:00+00:00,437.7900085449219,97869500.0
2022-04-18 00:00:00+00:00,437.9700012207031,66002500.0
2022-04-19 00:00:00+00:00,445.0400085449219,77821000.0
2022-04-20 00:00:00+00:00,444.7099914550781,65224400.0
2022-04-21 00:00:00+00:00,438.05999755859375,85417300.0
2022-04-22 00:00:00+00:00,426.0400085449219,132471800.0
2022-04-25 00:00:00+00:00,428.510009765625,119647700.0
2022-04-26 00:00:00+00:00,416.1000061035156,103996300.0
2022-04-27 00:00:00+00:00,417.2699890136719,122030000.0
2022-04-28 00:00:00+00:00,427.80999755859375,105449100.0
2022-04-29 00:00:00+00:00,412.0,145491100.0
2022-05-02 00:00:00+00:00,414.4800109863281,158312500.0
2022-05-03 00:00:00+00:00,416.3800048828125,100028200.0
2022-05-04 00:00:00+00:00,429.05999755859375,144247900.0
2022-05-05 00:00:00+00:00,413.80999755859375,172929100.0
2022-05-06 00:00:00+00:00,411.3399963378906,151770800.0
2022-05-09 00:00:00+00:00,398.1700134277344,155586100.0
2022-05-10 00:00:00+00:00,399.0899963378906,132497200.0
2022-05-11 00:00:00+00:00,392.75,142361000.0
2022-05-12 00:00:00+00:00,392.3399963378906,125090800.0
2022-05-13 00:00:00+00:00,401.7200012207031,104174400.0
2022-05-16 00:00:00+00:00,400.0899963378906,78622400.0
2022-05-17 00:00:00+00:00,408.32000732421875,83029700.0
2022-05-18 00:00:00+00:00,391.8599853515625,117674500.0
2022-05-19 00:00:00+00:00,389.4599914550781,98510700.0
2022-05-20 00:00:00+00:00,389.6300048828125,131432200.0
2022-05-23 00:00:00+00:00,396.9200134277344,76414900.0
2022-05-24 00:00:00+00:00,393.8900146484375,91448800.0
2022-05-25 00:00:00+00:00,397.3699951171875,91472900.0
2022-05-26 00:00:00+00:00,405.30999755859375,82168300.0
2022-05-27 00:00:00+00:00,415.260009765625,84768700.0
2022-05-31 00:00:00+00:00,412.92999267578125,95937000.0
2022-06-01 00:00:00+00:00,409.5899963378906,86585800.0
2022-06-02 00:00:00+00:00,417.3900146484375,79609600.0
2022-06-03 00:00:00+00:00,410.5400085449219,71874300.0
2022-06-06 00:00:00+00:00,411.7900085449219,57508900.0
2022-06-07 00:00:00+00:00,415.739990234375,59272400.0
2022-06-08 00:00:00+00:00,411.2200012207031,64350000.0
2022-06-09 00:00:00+00:00,401.44000244140625,86289800.0
2022-06-10 00:00:00+00:00,389.79998779296875,132893900.0
2022-06-13 00:00:00+00:00,375.0,170004900.0
2022-06-14 00:00:00+00:00,373.8699951171875,104011800.0
2022-06-15 00:00:00+00:00,379.20001220703125,125666800.0
2022-06-16 00:00:00+00:00,366.6499938964844,134473300.0
2022-06-17 00:00:00+00:00,365.8599853515625,111113900.0
2022-06-21 00:00:00+00:00,375.07000732421875,76811900.0
2022-06-22 00:00:00+00:00,374.3900146484375,90059400.0
2022-06-23 00:00:00+00:00,378.05999755859375,79292100.0
2022-06-24 00:00:00+00:00,390.0799865722656,98050300.0
2022-06-27 00:00:00+00:00,388.5899963378906,66009600.0
2022-06-28 00:00:00+00:00,380.6499938964844,86548900.0
2022-06-29 00:00:00+00:00,380.3399963378906,65676000.0
2022-06-30 00:00:00+00:00,377.25,112508300.0
2022-07-01 00:00:00+00:00,381.239990234375,74839700.0
2022-07-05 00:00:00+00:00,381.9599914550781,81438000.0
2022-07-06 00:00:00+00:00,383.25,70426200.0
2022-07-07 00:00:00+00:00,388.989990234375,64525900.0
2022-07-08 00:00:00+00:00,388.6700134277344,72397800.0
2022-07-11 00:00:00+00:00,384.2300109863281,58366900.0
2022-07-12 00:00:00+00:00,380.8299865722656,62219200.0
2022-07-13 00:00:00+00:00,378.8299865722656,84224600.0
2022-07-14 00:00:00+00:00,377.9100036621094,89704800.0
2022-07-15 00:00:00+00:00,385.1300048828125,79060400.0
2022-07-18 00:00:00+00:00,381.95001220703125,63203600.0
2022-07-19 00:00:00+00:00,392.2699890136719,78506000.0
2022-07-20 00:00:00+00:00,394.7699890136719,71843800.0
2022-07-21 00:00:00+00:00,398.7900085449219,64903900.0
2022-07-22 00:00:00+00:00,395.0899963378906,72197300.0
2022-07-25 00:00:00+00:00,395.57000732421875,53631500.0
2022-07-26 00:00:00+00:00,390.8900146484375,52946400.0
2022-07-27 00:00:00+00:00,401.0400085449219,82342100.0
2022-07-28 00:00:00+00:00,406.07000732421875,73966600.0
2022-07-29 00:00:00+00:00,411.989990234375,87003700.0
2022-08-01 00:00:00+00:00,410.7699890136719,69997500.0
2022-08-02 00:00:00+00:00,408.05999755859375,63435400.0
2022-08-03 00:00:00+00:00,414.45001220703125,67820600.0
2022-08-04 00:00:00+00:00,414.1700134277344,45656600.0
2022-08-05 00:00:00+00:00,413.4700012207031,56814900.0
2022-08-08 00:00:00+00:00,412.989990234375,53886100.0
2022-08-09 00:00:00+00:00,411.3500061035156,44931800.0
2022-08-10 00:00:00+00:00,419.989990234375,68665700.0
2022-08-11 00:00:00+00:00,419.989990234375,59489700.0
2022-08-12 00:00:00+00:00,427.1000061035156,61694500.0
2022-08-15 00:00:00+00:00,428.8599853515625,54048300.0
2022-08-16 00:00:00+00:00,429.70001220703125,59289000.0
2022-08-17 00:00:00+00:00,426.6499938964844,63563400.0
2022-08-18 00:00:00+00:00,427.8900146484375,49023200.0
2022-08-19 00:00:00+00:00,422.1400146484375,68016900.0
2022-08-22 00:00:00+00:00,413.3500061035156,77695600.0
2022-08-23 00:00:00+00:00,412.3500061035156,49105200.0
2022-08-24 00:00:00+00:00,413.6700134277344,49177800.0
2022-08-25 00:00:00+00:00,419.510009765625,50942300.0
2022-08-26 00:00:00+00:00,405.30999755859375,103087000.0
2022-08-29 00:00:00+00:00,402.6300048828125,65370800.0
2022-08-30 00:00:00+00:00,398.2099914550781,85652400.0
2022-08-31 00:00:00+00:00,395.17999267578125,76029700.0
2022-09-01 00:00:00+00:00,396.4200134277344,78740100.0
2022-09-02 00:00:00+00:00,392.239990234375,99632100.0
2022-09-06 00:00:00+00:00,390.760009765625,76637400.0
2022-09-07 00:00:00+00:00,397.7799987792969,70964200.0
2022-09-08 00:00:00+00:00,400.3800048828125,80821700.0
2022-09-09 00:00:00+00:00,406.6000061035156,76706900.0
2022-09-12 00:00:00+00:00,410.9700012207031,69256300.0
2022-09-13 00:00:00+00:00,393.1000061035156,122947100.0
2022-09-14 00:00:00+00:00,394.6000061035156,85023700.0
2022-09-15 00:00:00+00:00,390.1199951171875,87633800.0
2022-09-16 00:00:00+00:00,385.55999755859375,103084800.0
2022-09-19 00:00:00+00:00,388.54998779296875,73278500.0
2022-09-20 00:00:00+00:00,384.0899963378906,77274900.0
2022-09-21 00:00:00+00:00,377.3900146484375,106746600.0
2022-09-22 00:00:00+00:00,374.2200012207031,89472600.0
2022-09-23 00:00:00+00:00,367.95001220703125,122346900.0
2022-09-26 00:00:00+00:00,364.30999755859375,92581200.0
2022-09-27 00:00:00+00:00,363.3800048828125,108294100.0
2022-09-28 00:00:00+00:00,370.5299987792969,110802200.0
2022-09-29 00:00:00+00:00,362.7900085449219,112952300.0
2022-09-30 00:00:00+00:00,357.17999267578125,153711200.0
2022-10-03 00:00:00+00:00,366.6099853515625,89756500.0
2022-10-04 00:00:00+00:00,377.9700012207031,103602800.0
2022-10-05 00:00:00+00:00,377.0899963378906,88065700.0
2022-10-06 00:00:00+00:00,373.20001220703125,82333500.0
2022-10-07 00:00:00+00:00,362.7900085449219,107789500.0
2022-10-10 00:00:00+00:00,360.0199890136719,76042800.0
2022-10-11 00:00:00+00:00,357.739990234375,92482800.0
2022-10-12 00:00:00+00:00,356.55999755859375,76991800.0
2022-10-13 00:00:00+00:00,365.9700012207031,147254500.0
2022-10-14 00:00:00+00:00,357.6300048828125,123737000.0
2022-10-17 00:00:00+00:00,366.82000732421875,93168200.0
2022-10-18 00:00:00+00:00,371.1300048828125,97162900.0
2022-10-19 00:00:00+00:00,368.5,79746900.0
2022-10-20 00:00:00+00:00,365.4100036621094,88283100.0
2022-10-21 00:00:00+00:00,374.2900085449219,131038400.0
2022-10-24 00:00:00+00:00,378.8699951171875,85436900.0
2022-10-25 00:00:00+00:00,384.9200134277344,78846300.0
2022-10-26 00:00:00+00:00,382.0199890136719,104087300.0
2022-10-27 00:00:00+00:00,379.9800109863281,81971800.0
2022-10-28 00:00:00+00:00,389.0199890136719,100302000.0
2022-10-31 00:00:00+00:00,386.2099914550781,96631300.0
2022-11-01 00:00:00+00:00,384.5199890136719,85407600.0
2022-11-02 00:00:00+00:00,374.8699951171875,126990400.0
2022-11-03 00:00:00+00:00,371.010009765625,87100100.0
2022-11-04 00:00:00+00:00,376.3500061035156,103505200.0
2022-11-07 00:00:00+00:00,379.95001220703125,68286900.0
2022-11-08 00:00:00+00:00,382.0,84641100.0
2022-11-09 00:00:00+00:00,374.1300048828125,78495500.0
2022-11-10 00:00:00+00:00,394.69000244140625,141455800.0
2022-11-11 00:00:00+00:00,398.510009765625,93839900.0
2022-11-14 00:00:00+00:00,395.1199951171875,71903500.0
2022-11-15 00:00:00+00:00,398.489990234375,93194500.0
2022-11-16 00:00:00+00:00,395.45001220703125,68508500.0
2022-11-17 00:00:00+00:00,394.239990234375,74496300.0
2022-11-18 00:00:00+00:00,396.0299987792969,92922500.0
2022-11-21 00:00:00+00:00,394.5899963378906,51243200.0
2022-11-22 00:00:00+00:00,399.8999938964844,60429000.0
2022-11-23 00:00:00+00:00,402.4200134277344,68261600.0
2022-11-25 00:00:00+00:00,402.3299865722656,30545400.0
2022-11-28 00:00:00+00:00,395.9100036621094,67881600.0
2022-11-29 00:00:00+00:00,395.2300109863281,52310000.0
2022-11-30 00:00:00+00:00,407.67999267578125,144566700.0
2022-12-01 00:00:00+00:00,407.3800048828125,76398200.0
2022-12-02 00:00:00+00:00,406.9100036621094,85342700.0
2022-12-05 00:00:00+00:00,399.5899963378906,77289800.0
2022-12-06 00:00:00+00:00,393.8299865722656,77972200.0
2022-12-07 00:00:00+00:00,393.1600036621094,65927900.0
2022-12-08 00:00:00+00:00,396.239990234375,60737900.0
2022-12-09 00:00:00+00:00,393.2799987792969,81447700.0
2022-12-12 00:00:00+00:00,398.95001220703125,75405800.0
2022-12-13 00:00:00+00:00,401.9700012207031,123782500.0
2022-12-14 00:00:00+00:00,399.3999938964844,108111300.0
2022-12-15 00:00:00+00:00,389.6300048828125,117705900.0
2022-12-16 00:00:00+00:00,383.2699890136719,119858000.0
2022-12-19 00:00:00+00:00,380.0199890136719,79878100.0
2022-12-20 00:00:00+00:00,380.5400085449219,74427200.0
2022-12-21 00:00:00+00:00,386.2300109863281,78167400.0
2022-12-22 00:00:00+00:00,380.7200012207031,100120900.0
2022-12-23 00:00:00+00:00,382.9100036621094,59857300.0
2022-12-27 00:00:00+00:00,381.3999938964844,51638200.0
2022-12-28 00:00:00+00:00,376.6600036621094,70911500.0
2022-12-29 00:00:00+00:00,383.44000244140625,66970900.0
2022-12-30 00:00:00+00:00,382.42999267578125,84022200.0
2023-01-03 00:00:00+00:00,380.82000732421875,74850700.0
2023-01-04 00:00:00+00:00,383.760009765625,85934100.0
2023-01-05 00:00:00+00:00,379.3800048828125,76970500.0
2023-01-06 00:00:00+00:00,388.0799865722656,104189600.0
2023-01-09 00:00:00+00:00,387.8599853515625,73978100.0
2023-01-10 00:00:00+00:00,390.5799865722656,65358100.0
2023-01-11 00:00:00+00:00,395.5199890136719,68881100.0
2023-01-12 00:00:00+00:00,396.9599914550781,90157700.0
2023-01-13 00:00:00+00:00,398.5,63903900.0
2023-01-17 00:00:00+00:00,397.7699890136719,62677300.0
2023-01-18 00:00:00+00:00,391.489990234375,99632300.0
2023-01-19 00:00:00+00:00,388.6400146484375,86958900.0
2023-01-20 00:00:00+00:00,395.8800048828125,91806400.0
2023-01-23 00:00:00+00:00,400.6300048828125,84178800.0
2023-01-24 00:00:00+00:00,400.20001220703125,59524900.0
2023-01-25 00:00:00+00:00,400.3500061035156,84800300.0
2023-01-26 00:00:00+00:00,404.75,72287400.0
2023-01-27 00:00:00+00:00,405.67999267578125,68346200.0
2023-01-30 00:00:00+00:00,400.5899963378906,74202000.0
2023-01-31 00:00:00+00:00,406.4800109863281,86811800.0
2023-02-01 00:00:00+00:00,410.79998779296875,101459200.0
2023-02-02 00:00:00+00:00,416.7799987792969,101654500.0
2023-02-03 00:00:00+00:00,412.3500061035156,94736800.0
2023-02-06 00:00:00+00:00,409.8299865722656,60295300.0
2023-02-07 00:00:00+00:00,415.19000244140625,90990700.0
2023-02-08 00:00:00+00:00,410.6499938964844,76227500.0
2023-02-09 00:00:00+00:00,407.0899963378906,78694900.0
2023-02-10 00:00:00+00:00,408.0400085449219,70769700.0
2023-02-13 00:00:00+00:00,412.8299865722656,64913500.0
2023-02-14 00:00:00+00:00,412.6400146484375,88389300.0
2023-02-15 00:00:00+00:00,413.9800109863281,61555700.0
2023-02-16 00:00:00+00:00,408.2799987792969,76431500.0
2023-02-17 00:00:00+00:00,407.260009765625,89257800.0
2023-02-21 00:00:00+00:00,399.0899963378906,82655900.0
2023-02-22 00:00:00+00:00,398.5400085449219,83742300.0
2023-02-23 00:00:00+00:00,400.6600036621094,96242400.0
2023-02-24 00:00:00+00:00,396.3800048828125,108194400.0
2023-02-27 00:00:00+00:00,397.7300109863281,80444700.0
2023-02-28 00:00:00+00:00,396.260009765625,96438600.0
2023-03-01 00:00:00+00:00,394.739990234375,99706800.0
2023-03-02 00:00:00+00:00,397.80999755859375,85127800.0
2023-03-03 00:00:00+00:00,404.19000244140625,90120000.0
2023-03-06 00:00:00+00:00,404.4700012207031,72795900.0
2023-03-07 00:00:00+00:00,398.2699890136719,108310600.0
2023-03-08 00:00:00+00:00,398.9200134277344,74746600.0
2023-03-09 00:00:00+00:00,391.55999755859375,111945300.0
2023-03-10 00:00:00+00:00,385.9100036621094,189253000.0
2023-03-13 00:00:00+00:00,385.3599853515625,157790000.0
2023-03-14 00:00:00+00:00,391.7300109863281,149752400.0
2023-03-15 00:00:00+00:00,389.2799987792969,172996900.0
2023-03-16 00:00:00+00:00,396.1099853515625,143254200.0
2023-03-17 00:00:00+00:00,389.989990234375,140553400.0
2023-03-20 00:00:00+00:00,393.739990234375,93055800.0
2023-03-21 00:00:00+00:00,398.9100036621094,91524200.0
2023-03-22 00:00:00+00:00,392.1099853515625,111746600.0
2023-03-23 00:00:00+00:00,393.1700134277344,119351300.0
2023-03-24 00:00:00+00:00,395.75,107682400.0
2023-03-27 00:00:00+00:00,396.489990234375,74010400.0
2023-03-28 00:00:00+00:00,395.6000061035156,62871700.0
2023-03-29 00:00:00+00:00,401.3500061035156,77497900.0
2023-03-30 00:00:00+00:00,403.70001220703125,69840000.0
2023-03-31 00:00:00+00:00,409.3900146484375,112062600.0
2023-04-03 00:00:00+00:00,410.95001220703125,67391100.0
2023-04-04 00:00:00+00:00,408.6700134277344,66601500.0
2023-04-05 00:00:00+00:00,407.6000061035156,65200200.0
2023-04-06 00:00:00+00:00,409.19000244140625,63743300.0
2023-04-10 00:00:00+00:00,409.6099853515625,63681000.0
2023-04-11 00:00:00+00:00,409.7200012207031,59297900.0
2023-04-12 00:00:00+00:00,408.04998779296875,86420400.0
2023-04-13 00:00:00+00:00,413.4700012207031,85814800.0
2023-04-14 00:00:00+00:00,412.4599914550781,78161500.0
2023-04-17 00:00:00+00:00,413.94000244140625,66436400.0
2023-04-18 00:00:00+00:00,414.2099914550781,63560000.0
2023-04-19 00:00:00+00:00,414.1400146484375,55227300.0
2023-04-20 00:00:00+00:00,411.8800048828125,75840400.0
2023-04-21 00:00:00+00:00,412.20001220703125,73457400.0
2023-04-24 00:00:00+00:00,412.6300048828125,64332100.0
2023-04-25 00:00:00+00:00,406.0799865722656,97766700.0
2023-04-26 00:00:00+00:00,404.3599853515625,80447000.0
2023-04-27 00:00:00+00:00,412.4100036621094,92968400.0
2023-04-28 00:00:00+00:00,415.92999267578125,89433100.0
2023-05-01 00:00:00+00:00,415.510009765625,62122300.0
2023-05-02 00:00:00+00:00,410.8399963378906,103998500.0
2023-05-03 00:00:00+00:00,408.0199890136719,91531800.0
2023-05-04 00:00:00+00:00,405.1300048828125,94901900.0
2023-05-05 00:00:00+00:00,412.6300048828125,87891800.0
2023-05-08 00:00:00+00:00,412.739990234375,50046800.0
2023-05-09 00:00:00+00:00,410.92999267578125,49220100.0
2023-05-10 00:00:00+00:00,412.8500061035156,96142900.0
2023-05-11 00:00:00+00:00,412.1300048828125,70157100.0
2023-05-12 00:00:00+00:00,411.5899963378906,70481500.0
2023-05-15 00:00:00+00:00,413.010009765625,54289400.0
2023-05-16 00:00:00+00:00,410.25,57705500.0
2023-05-17 00:00:00+00:00,415.2300109863281,87287000.0
2023-05-18 00:00:00+00:00,419.2300109863281,97177200.0
2023-05-19 00:00:00+00:00,418.6199951171875,103793300.0
2023-05-22 00:00:00+00:00,418.7900085449219,60745400.0
2023-05-23 00:00:00+00:00,414.0899963378906,86383500.0
2023-05-24 00:00:00+00:00,411.0899963378906,89213700.0
2023-05-25 00:00:00+00:00,414.6499938964844,90961600.0
2023-05-26 00:00:00+00:00,420.0199890136719,93830000.0
2023-05-30 00:00:00+00:00,420.17999267578125,72216000.0
2023-05-31 00:00:00+00:00,417.8500061035156,110811800.0
2023-06-01 00:00:00+00:00,421.82000732421875,88865000.0
2023-06-02 00:00:00+00:00,427.9200134277344,91426200.0
2023-06-05 00:00:00+00:00,427.1000061035156,65460200.0
2023-06-06 00:00:00+00:00,428.0299987792969,64022200.0
2023-06-07 00:00:00+00:00,426.54998779296875,85373300.0
2023-06-08 00:00:00+00:00,429.1300048828125,61952800.0
2023-06-09 00:00:00+00:00,429.8999938964844,85742800.0
2023-06-12 00:00:00+00:00,433.79998779296875,76104300.0
2023-06-13 00:00:00+00:00,436.6600036621094,95899700.0
2023-06-14 00:00:00+00:00,437.17999267578125,100612100.0
2023-06-15 00:00:00+00:00,442.6000061035156,110303100.0
2023-06-16 00:00:00+00:00,439.4599914550781,114165800.0
2023-06-20 00:00:00+00:00,437.17999267578125,76160400.0
2023-06-21 00:00:00+00:00,434.94000244140625,76982300.0
2023-06-22 00:00:00+00:00,436.510009765625,70637200.0
2023-06-23 00:00:00+00:00,433.2099914550781,92074500.0
2023-06-26 00:00:00+00:00,431.44000244140625,72823600.0
2023-06-27 00:00:00+00:00,436.1700134277344,72813700.0
2023-06-28 00:00:00+00:00,436.3900146484375,75636000.0
2023-06-29 00:00:00+00:00,438.1099853515625,67882300.0
2023-06-30 00:00:00+00:00,443.2799987792969,104964000.0
2023-07-03 00:00:00+00:00,443.7900085449219,32793400.0
2023-07-05 00:00:00+00:00,443.1300048828125,58418400.0
2023-07-06 00:00:00+00:00,439.6600036621094,80658300.0
2023-07-07 00:00:00+00:00,438.54998779296875,86134200.0
2023-07-10 00:00:00+00:00,439.6600036621094,62443500.0
2023-07-11 00:00:00+00:00,442.4599914550781,64463800.0
2023-07-12 00:00:00+00:00,446.0199890136719,91924500.0
2023-07-13 00:00:00+00:00,449.55999755859375,72425200.0
2023-07-14 00:00:00+00:00,449.2799987792969,69815800.0
2023-07-17 00:00:00+00:00,450.8399963378906,52680200.0
2023-07-18 00:00:00+00:00,454.19000244140625,80668200.0
2023-07-19 00:00:00+00:00,455.20001220703125,65891700.0
2023-07-20 00:00:00+00:00,452.17999267578125,70591600.0
2023-07-21 00:00:00+00:00,452.17999267578125,71275600.0
2023-07-24 00:00:00+00:00,454.20001220703125,54023400.0
2023-07-25 00:00:00+00:00,455.44000244140625,55191200.0
2023-07-26 00:00:00+00:00,455.510009765625,71052900.0
2023-07-27 00:00:00+00:00,452.489990234375,92194400.0
2023-07-28 00:00:00+00:00,456.9200134277344,80011800.0
2023-07-31 00:00:00+00:00,457.7900085449219,62040400.0
2023-08-01 00:00:00+00:00,456.4800109863281,55291500.0
2023-08-02 00:00:00+00:00,450.1300048828125,93933400.0
2023-08-03 00:00:00+00:00,448.8399963378906,64276100.0
2023-08-04 00:00:00+00:00,446.80999755859375,100128900.0
2023-08-07 00:00:00+00:00,450.7099914550781,58357500.0
2023-08-08 00:00:00+00:00,448.75,71361300.0
2023-08-09 00:00:00+00:00,445.75,78789600.0
2023-08-10 00:00:00+00:00,445.9100036621094,93005500.0
2023-08-11 00:00:00+00:00,445.6499938964844,68690900.0
2023-08-14 00:00:00+00:00,448.1099853515625,47867400.0
2023-08-15 00:00:00+00:00,442.8900146484375,75707500.0
2023-08-16 00:00:00+00:00,439.6400146484375,80107200.0
2023-08-17 00:00:00+00:00,436.2900085449219,95711300.0
2023-08-18 00:00:00+00:00,436.5,98852000.0
2023-08-21 00:00:00+00:00,439.3399963378906,68719000.0
2023-08-22 00:00:00+00:00,438.1499938964844,64994200.0
2023-08-23 00:00:00+00:00,443.0299987792969,68441000.0
2023-08-24 00:00:00+00:00,436.8900146484375,88517300.0
2023-08-25 00:00:00+00:00,439.9700012207031,102325100.0
2023-08-28 00:00:00+00:00,442.760009765625,61595400.0
2023-08-29 00:00:00+00:00,449.1600036621094,83081900.0
2023-08-30 00:00:00+00:00,451.010009765625,69053900.0
2023-08-31 00:00:00+00:00,450.3500061035156,66084600.0
2023-09-01 00:00:00+00:00,451.19000244140625,58944100.0
2023-09-05 00:00:00+00:00,449.239990234375,55166200.0
2023-09-06 00:00:00+00:00,446.2200012207031,70758500.0
2023-09-07 00:00:00+00:00,444.8500061035156,70355400.0
2023-09-08 00:00:00+00:00,445.5199890136719,61659700.0
2023-09-11 00:00:00+00:00,448.45001220703125,60180100.0
2023-09-12 00:00:00+00:00,445.989990234375,67565400.0
2023-09-13 00:00:00+00:00,446.510009765625,60199300.0
2023-09-14 00:00:00+00:00,450.3599853515625,83430800.0
2023-09-15 00:00:00+00:00,443.3699951171875,111848900.0
2023-09-18 00:00:00+00:00,443.6300048828125,55752200.0
2023-09-19 00:00:00+00:00,442.7099914550781,66514600.0
2023-09-20 00:00:00+00:00,438.6400146484375,82562600.0
2023-09-21 00:00:00+00:00,431.3900146484375,104095800.0
2023-09-22 00:00:00+00:00,430.4200134277344,100829700.0
2023-09-25 00:00:00+00:00,432.2300109863281,70874500.0
2023-09-26 00:00:00+00:00,425.8800048828125,96168400.0
2023-09-27 00:00:00+00:00,426.04998779296875,104705800.0
2023-09-28 00:00:00+00:00,428.5199890136719,92258300.0
2023-09-29 00:00:00+00:00,427.4800109863281,115111300.0
2023-10-02 00:00:00+00:00,427.30999755859375,83798600.0
2023-10-03 00:00:00+00:00,421.5899963378906,103760600.0
2023-10-04 00:00:00+00:00,424.6600036621094,87453000.0
2023-10-05 00:00:00+00:00,424.5,70142700.0
2023-10-06 00:00:00+00:00,429.5400085449219,113273300.0
2023-10-09 00:00:00+00:00,432.2900085449219,80374400.0
2023-10-10 00:00:00+00:00,434.5400085449219,78607300.0
2023-10-11 00:00:00+00:00,436.32000732421875,62451700.0
2023-10-12 00:00:00+00:00,433.6600036621094,81154200.0
2023-10-13 00:00:00+00:00,431.5,95143100.0
2023-10-16 00:00:00+00:00,436.0400085449219,75433200.0
2023-10-17 00:00:00+00:00,436.0199890136719,75324700.0
2023-10-18 00:00:00+00:00,430.2099914550781,93559800.0
2023-10-19 00:00:00+00:00,426.42999267578125,121323000.0
2023-10-20 00:00:00+00:00,421.19000244140625,123919900.0
2023-10-23 00:00:00+00:00,420.4599914550781,92035100.0
2023-10-24 00:00:00+00:00,423.6300048828125,78564200.0
2023-10-25 00:00:00+00:00,417.54998779296875,94223200.0
2023-10-26 00:00:00+00:00,412.54998779296875,115156800.0
2023-10-27 00:00:00+00:00,410.67999267578125,107367700.0
2023-10-30 00:00:00+00:00,415.5899963378906,86562700.0
2023-10-31 00:00:00+00:00,418.20001220703125,79665200.0
2023-11-01 00:00:00+00:00,422.6600036621094,98068100.0
2023-11-02 00:00:00+00:00,430.760009765625,94938900.0
2023-11-03 00:00:00+00:00,434.69000244140625,100167800.0
2023-11-06 00:00:00+00:00,435.69000244140625,67831700.0
2023-11-07 00:00:00+00:00,436.92999267578125,64256100.0
2023-11-08 00:00:00+00:00,437.25,61746000.0
2023-11-09 00:00:00+00:00,433.8399963378906,83174400.0
2023-11-10 00:00:00+00:00,440.6099853515625,89462200.0
2023-11-13 00:00:00+00:00,440.19000244140625,52236100.0
2023-11-14 00:00:00+00:00,448.7300109863281,97176900.0
2023-11-15 00:00:00+00:00,449.67999267578125,77327600.0
2023-11-16 00:00:00+00:00,450.2300109863281,66665800.0
2023-11-17 00:00:00+00:00,450.7900085449219,83133200.0
2023-11-20 00:00:00+00:00,454.260009765625,69936200.0
2023-11-21 00:00:00+00:00,453.2699890136719,49244600.0
2023-11-22 00:00:00+00:00,455.0199890136719,59394900.0
2023-11-24 00:00:00+00:00,455.29998779296875,29737400.0
2023-11-27 00:00:00+00:00,454.4800109863281,50506000.0
2023-11-28 00:00:00+00:00,454.92999267578125,62115000.0
2023-11-29 00:00:00+00:00,454.6099853515625,63146000.0
2023-11-30 00:00:00+00:00,456.3999938964844,79752700.0
2023-12-01 00:00:00+00:00,459.1000061035156,89183400.0
2023-12-04 00:00:00+00:00,456.69000244140625,72430900.0
2023-12-05 00:00:00+00:00,456.6000061035156,69793500.0
2023-12-06 00:00:00+00:00,454.760009765625,69124700.0
2023-12-07 00:00:00+00:00,458.2300109863281,66995400.0
2023-12-08 00:00:00+00:00,460.20001220703125,83194400.0
2023-12-11 00:00:00+00:00,461.989990234375,65002200.0
2023-12-12 00:00:00+00:00,464.1000061035156,68327600.0
2023-12-13 00:00:00+00:00,470.5,93278000.0
2023-12-14 00:00:00+00:00,472.010009765625,119026000.0
2023-12-15 00:00:00+00:00,469.3299865722656,141553700.0
2023-12-18 00:00:00+00:00,471.9700012207031,70375300.0
2023-12-19 00:00:00+00:00,474.8399963378906,55761800.0
2023-12-20 00:00:00+00:00,468.260009765625,102921000.0
2023-12-21 00:00:00+00:00,472.70001220703125,86667500.0
2023-12-22 00:00:00+00:00,473.6499938964844,67160400.0
2023-12-26 00:00:00+00:00,475.6499938964844,55387000.0
2023-12-27 00:00:00+00:00,476.510009765625,68000300.0
2023-12-28 00:00:00+00:00,476.69000244140625,77158100.0
2023-12-29 00:00:00+00:00,475.30999755859375,122283100.0
2024-01-02 00:00:00+00:00,472.6499938964844,123623700.0
2024-01-03 00:00:00+00:00,468.7900085449219,103585900.0
2024-01-04 00:00:00+00:00,467.2799987792969,84232200.0
2024-01-05 00:00:00+00:00,467.9200134277344,86118900.0
2024-01-08 00:00:00+00:00,474.6000061035156,74879100.0
2024-01-09 00:00:00+00:00,473.8800048828125,65931400.0
2024-01-10 00:00:00+00:00,476.55999755859375,67310600.0
2024-01-11 00:00:00+00:00,476.3500061035156,77940700.0
2024-01-12 00:00:00+00:00,476.67999267578125,58026400.0
2024-01-16 00:00:00+00:00,474.92999267578125,85014900.0
2024-01-17 00:00:00+00:00,472.2900085449219,68843900.0
2024-01-18 00:00:00+00:00,476.489990234375,91856200.0
2024-01-19 00:00:00+00:00,482.42999267578125,110834500.0
2024-01-22 00:00:00+00:00,483.45001220703125,75844900.0
2024-01-23 00:00:00+00:00,484.8599853515625,49945300.0
2024-01-24 00:00:00+00:00,485.3900146484375,81765000.0
2024-01-25 00:00:00+00:00,488.0299987792969,72525000.0
2024-01-26 00:00:00+00:00,487.4100036621094,76641600.0
2024-01-29 00:00:00+00:00,491.2699890136719,61322800.0
2024-01-30 00:00:00+00:00,490.8900146484375,58618400.0
2024-01-31 00:00:00+00:00,482.8800048828125,126011100.0
2024-02-01 00:00:00+00:00,489.20001220703125,91891600.0
2024-02-02 00:00:00+00:00,494.3500061035156,99228200.0
2024-02-05 00:00:00+00:00,492.54998779296875,75757100.0
2024-02-06 00:00:00+00:00,493.9800109863281,55918600.0
2024-02-07 00:00:00+00:00,498.1000061035156,70556500.0
2024-02-08 00:00:00+00:00,498.32000732421875,52343600.0
2024-02-09 00:00:00+00:00,501.20001220703125,63979400.0
2024-02-12 00:00:00+00:00,500.9800109863281,56502300.0
2024-02-13 00:00:00+00:00,494.0799865722656,113099200.0
2024-02-14 00:00:00+00:00,498.57000732421875,68387800.0
2024-02-15 00:00:00+00:00,502.010009765625,61683000.0
2024-02-16 00:00:00+00:00,499.510009765625,75532900.0
2024-02-20 00:00:00+00:00,496.760009765625,71736700.0
2024-02-21 00:00:00+00:00,497.2099914550781,59293400.0
2024-02-22 00:00:00+00:00,507.5,76402500.0
2024-02-23 00:00:00+00:00,507.8500061035156,61321800.0
2024-02-26 00:00:00+00:00,505.989990234375,50386700.0
2024-02-27 00:00:00+00:00,506.92999267578125,48854500.0
2024-02-28 00:00:00+00:00,506.260009765625,56506600.0
2024-02-29 00:00:00+00:00,508.0799865722656,83924800.0
2024-03-01 00:00:00+00:00,512.8499755859375,76844800.0
2024-03-04 00:00:00+00:00,512.2999877929688,49799300.0
2024-03-05 00:00:00+00:00,507.17999267578125,72855600.0
2024-03-06 00:00:00+00:00,509.75,68382400.0
2024-03-07 00:00:00+00:00,514.8099975585938,58652100.0
2024-03-08 00:00:00+00:00,511.7200012207031,86532500.0
2024-03-11 00:00:00+00:00,511.2799987792969,62557200.0
2024-03-12 00:00:00+00:00,516.780029296875,73114400.0
2024-03-13 00:00:00+00:00,515.969970703125,55104100.0
2024-03-14 00:00:00+00:00,514.9500122070312,110171800.0
2024-03-15 00:00:00+00:00,509.8299865722656,107646300.0
2024-03-18 00:00:00+00:00,512.8599853515625,88893300.0
2024-03-19 00:00:00+00:00,515.7100219726562,60755300.0
2024-03-20 00:00:00+00:00,520.47998046875,69594600.0
2024-03-21 00:00:00+00:00,522.2000122070312,60256100.0
2024-03-22 00:00:00+00:00,521.2100219726562,79070800.0
2024-03-25 00:00:00+00:00,519.77001953125,48512100.0
2024-03-26 00:00:00+00:00,518.8099975585938,65463700.0
2024-03-27 00:00:00+00:00,523.1699829101562,82999800.0
2024-03-28 00:00:00+00:00,523.0700073242188,96294900.0
2024-04-01 00:00:00+00:00,522.1599731445312,62477500.0
2024-04-02 00:00:00+00:00,518.8400268554688,74230300.0
2024-04-03 00:00:00+00:00,519.4099731445312,59155800.0
2024-04-04 00:00:00+00:00,513.0700073242188,96858100.0
2024-04-05 00:00:00+00:00,518.4299926757812,74546500.0
2024-04-08 00:00:00+00:00,518.719970703125,48401800.0
2024-04-09 00:00:00+00:00,519.3200073242188,68049200.0
2024-04-10 00:00:00+00:00,514.1199951171875,82652800.0
2024-04-11 00:00:00+00:00,518.0,70099000.0
2024-04-12 00:00:00+00:00,510.8500061035156,92561100.0
2024-04-15 00:00:00+00:00,504.45001220703125,92101400.0
2024-04-16 00:00:00+00:00,503.5299987792969,73484000.0
2024-04-17 00:00:00+00:00,500.54998779296875,75910300.0
2024-04-18 00:00:00+00:00,499.5199890136719,74548100.0
2024-04-19 00:00:00+00:00,495.1600036621094,102212600.0
2024-04-22 00:00:00+00:00,499.7200012207031,67961000.0
2024-04-23 00:00:00+00:00,505.6499938964844,64633600.0
2024-04-24 00:00:00+00:00,505.4100036621094,55928100.0
2024-04-25 00:00:00+00:00,503.489990234375,69122400.0
2024-04-26 00:00:00+00:00,508.260009765625,64306100.0
2024-04-29 00:00:00+00:00,510.05999755859375,46415400.0
2024-04-30 00:00:00+00:00,501.9800109863281,77483600.0
2024-05-01 00:00:00+00:00,500.3500061035156,80242800.0
2024-05-02 00:00:00+00:00,505.0299987792969,62550200.0
2024-05-03 00:00:00+00:00,511.2900085449219,72756700.0
2024-05-06 00:00:00+00:00,516.5700073242188,47264700.0
2024-05-07 00:00:00+00:00,517.1400146484375,52561300.0
2024-05-08 00:00:00+00:00,517.1900024414062,42047200.0
2024-05-09 00:00:00+00:00,520.1699829101562,43643700.0
2024-05-10 00:00:00+00:00,520.8400268554688,52233200.0
2024-05-13 00:00:00+00:00,520.9099731445312,36716400.0
2024-05-14 00:00:00+00:00,523.2999877929688,57535900.0
2024-05-15 00:00:00+00:00,529.780029296875,59504900.0
2024-05-16 00:00:00+00:00,528.6900024414062,50244800.0
2024-05-17 00:00:00+00:00,529.4500122070312,59187600.0
2024-05-20 00:00:00+00:00,530.0599975585938,37764200.0
2024-05-21 00:00:00+00:00,531.3599853515625,33437000.0
2024-05-22 00:00:00+00:00,529.8300170898438,48390000.0
2024-05-23 00:00:00+00:00,525.9600219726562,57211200.0
2024-05-24 00:00:00+00:00,529.4400024414062,41291100.0
2024-05-28 00:00:00+00:00,529.8099975585938,36269600.0
2024-05-29 00:00:00+00:00,526.0999755859375,45190300.0
2024-05-30 00:00:00+00:00,522.6099853515625,46377600.0
2024-05-31 00:00:00+00:00,527.3699951171875,90785800.0
2024-06-03 00:00:00+00:00,527.7999877929688,46835700.0
2024-06-04 00:00:00+00:00,528.3900146484375,34632700.0
2024-06-05 00:00:00+00:00,534.6699829101562,47610400.0
2024-06-06 00:00:00+00:00,534.6599731445312,30808500.0
2024-06-07 00:00:00+00:00,534.010009765625,43224500.0
2024-06-10 00:00:00+00:00,535.6599731445312,35686100.0
2024-06-11 00:00:00+00:00,536.9500122070312,36383400.0
2024-06-12 00:00:00+00:00,541.3599853515625,63251300.0
2024-06-13 00:00:00+00:00,542.4500122070312,44760900.0
2024-06-14 00:00:00+00:00,542.780029296875,40089900.0
2024-06-17 00:00:00+00:00,547.0999755859375,55839500.0
2024-06-18 00:00:00+00:00,548.489990234375,41376400.0
2024-06-20 00:00:00+00:00,547.0,70328200.0
2024-06-21 00:00:00+00:00,544.510009765625,64338600.0
2024-06-24 00:00:00+00:00,542.739990234375,45528700.0
2024-06-25 00:00:00+00:00,544.8300170898438,37936200.0
2024-06-26 00:00:00+00:00,545.510009765625,38550600.0
2024-06-27 00:00:00+00:00,546.3699951171875,35041500.0
2024-06-28 00:00:00+00:00,544.219970703125,76144500.0
2024-07-01 00:00:00+00:00,545.3400268554688,40297800.0
2024-07-02 00:00:00+00:00,549.010009765625,40434800.0
2024-07-03 00:00:00+00:00,551.4600219726562,32789900.0
2024-07-05 00:00:00+00:00,554.6400146484375,41488400.0
2024-07-08 00:00:00+00:00,555.280029296875,36110500.0
2024-07-09 00:00:00+00:00,555.8200073242188,27289700.0
2024-07-10 00:00:00+00:00,561.3200073242188,38701200.0
2024-07-11 00:00:00+00:00,556.47998046875,53054200.0
2024-07-12 00:00:00+00:00,559.989990234375,53084400.0
2024-07-15 00:00:00+00:00,561.530029296875,40584300.0
2024-07-16 00:00:00+00:00,564.8599853515625,36475300.0
2024-07-17 00:00:00+00:00,556.9400024414062,57119000.0
2024-07-18 00:00:00+00:00,552.6599731445312,56270400.0
2024-07-19 00:00:00+00:00,548.989990234375,65509100.0
2024-07-22 00:00:00+00:00,554.6500244140625,43346700.0
2024-07-23 00:00:00+00:00,553.780029296875,34439600.0
2024-07-24 00:00:00+00:00,541.22998046875,74515300.0
2024-07-25 00:00:00+00:00,538.4099731445312,61158300.0
2024-07-26 00:00:00+00:00,544.4400024414062,53763800.0
2024-07-29 00:00:00+00:00,544.760009765625,39515800.0
2024-07-30 00:00:00+00:00,542.0,46853600.0
2024-07-31 00:00:00+00:00,550.8099975585938,65663400.0
2024-08-01 00:00:00+00:00,543.010009765625,76428700.0
2024-08-02 00:00:00+00:00,532.9000244140625,82789100.0
2024-08-05 00:00:00+00:00,517.3800048828125,146267400.0
2024-08-06 00:00:00+00:00,522.1500244140625,84826300.0
2024-08-07 00:00:00+00:00,518.6599731445312,70698300.0
2024-08-08 00:00:00+00:00,530.6500244140625,63276600.0
2024-08-09 00:00:00+00:00,532.989990234375,45619600.0
2024-08-12 00:00:00+00:00,533.27001953125,42542100.0
2024-08-13 00:00:00+00:00,542.0399780273438,52333100.0
2024-08-14 00:00:00+00:00,543.75,42446900.0
2024-08-15 00:00:00+00:00,553.0700073242188,60846800.0
2024-08-16 00:00:00+00:00,554.3099975585938,44430700.0
2024-08-19 00:00:00+00:00,559.6099853515625,39121800.0
2024-08-20 00:00:00+00:00,558.7000122070312,33732300.0
2024-08-21 00:00:00+00:00,560.6199951171875,41514600.0
2024-08-22 00:00:00+00:00,556.219970703125,56121500.0
2024-08-23 00:00:00+00:00,562.1300048828125,50639400.0
2024-08-26 00:00:00+00:00,560.7899780273438,35788600.0
2024-08-27 00:00:00+00:00,561.5599975585938,32693900.0
2024-08-28 00:00:00+00:00,558.2999877929688,41066000.0
2024-08-29 00:00:00+00:00,558.3499755859375,38715200.0
2024-08-30 00:00:00+00:00,563.6799926757812,62700100.0
2024-09-03 00:00:00+00:00,552.0800170898438,60600100.0
2024-09-04 00:00:00+00:00,550.9500122070312,47224900.0
2024-09-05 00:00:00+00:00,549.6099853515625,44264300.0
2024-09-06 00:00:00+00:00,540.3599853515625,68493800.0
2024-09-09 00:00:00+00:00,546.4099731445312,40445800.0
2024-09-10 00:00:00+00:00,548.7899780273438,36394600.0
2024-09-11 00:00:00+00:00,554.4199829101562,75248600.0
2024-09-12 00:00:00+00:00,559.0900268554688,51819600.0
2024-09-13 00:00:00+00:00,562.010009765625,39310500.0
2024-09-16 00:00:00+00:00,562.8400268554688,36656100.0
2024-09-17 00:00:00+00:00,563.0700073242188,49321000.0
2024-09-18 00:00:00+00:00,561.4000244140625,59044900.0
2024-09-19 00:00:00+00:00,570.97998046875,75315500.0
2024-09-20 00:00:00+00:00,568.25,77503100.0
2024-09-23 00:00:00+00:00,569.6699829101562,44116900.0
2024-09-24 00:00:00+00:00,571.2999877929688,46805700.0
2024-09-25 00:00:00+00:00,570.0399780273438,38428600.0
2024-09-26 00:00:00+00:00,572.2999877929688,48336000.0
2024-09-27 00:00:00+00:00,571.469970703125,42100900.0
2024-09-30 00:00:00+00:00,573.760009765625,63557400.0
2024-10-01 00:00:00+00:00,568.6199951171875,72668800.0
2024-10-02 00:00:00+00:00,568.8599853515625,38097800.0
2024-10-03 00:00:00+00:00,567.8200073242188,40846500.0
2024-10-04 00:00:00+00:00,572.97998046875,42939100.0
2024-10-07 00:00:00+00:00,567.7999877929688,49964700.0
2024-10-08 00:00:00+00:00,573.1699829101562,37398700.0
2024-10-09 00:00:00+00:00,577.1400146484375,37912200.0
2024-10-10 00:00:00+00:00,576.1300048828125,44138100.0
2024-10-11 00:00:00+00:00,579.5800170898438,42268000.0
2024-10-14 00:00:00+00:00,584.3200073242188,36217200.0
2024-10-15 00:00:00+00:00,579.780029296875,54203600.0
2024-10-16 00:00:00+00:00,582.2999877929688,30725400.0
2024-10-17 00:00:00+00:00,582.3499755859375,34393700.0
2024-10-18 00:00:00+00:00,584.5900268554688,37416800.0
2024-10-21 00:00:00+00:00,583.6300048828125,36439000.0
2024-10-22 00:00:00+00:00,583.3200073242188,34183800.0
2024-10-23 00:00:00+00:00,577.989990234375,49314600.0
2024-10-24 00:00:00+00:00,579.239990234375,34979900.0
2024-10-25 00:00:00+00:00,579.0399780273438,47268200.0
2024-10-28 00:00:00+00:00,580.8300170898438,30174700.0
2024-10-29 00:00:00+00:00,581.77001953125,42899700.0
2024-10-30 00:00:00+00:00,580.010009765625,41435800.0
2024-10-31 00:00:00+00:00,568.6400146484375,60182500.0
2024-11-01 00:00:00+00:00,571.0399780273438,45667500.0
2024-11-04 00:00:00+00:00,569.8099975585938,38217000.0
2024-11-05 00:00:00+00:00,576.7000122070312,39478300.0
2024-11-06 00:00:00+00:00,591.0399780273438,68182000.0
2024-11-07 00:00:00+00:00,595.6099853515625,47233200.0
2024-11-08 00:00:00+00:00,598.1900024414062,46444900.0
2024-11-11 00:00:00+00:00,598.760009765625,37586800.0
2024-11-12 00:00:00+00:00,596.9000244140625,43006100.0
2024-11-13 00:00:00+00:00,597.1900024414062,47388600.0
2024-11-14 00:00:00+00:00,593.3499755859375,38904100.0
2024-11-15 00:00:00+00:00,585.75,75988800.0
2024-11-18 00:00:00+00:00,588.1500244140625,37001700.0
2024-11-19 00:00:00+00:00,590.2999877929688,49412000.0
2024-11-20 00:00:00+00:00,590.5,50032600.0
2024-11-21 00:00:00+00:00,593.6699829101562,46750300.0
2024-11-22 00:00:00+00:00,595.510009765625,38226400.0
2024-11-25 00:00:00+00:00,597.530029296875,42441400.0
2024-11-26 00:00:00+00:00,600.6500244140625,45621300.0
2024-11-27 00:00:00+00:00,598.8300170898438,34000200.0
2024-11-29 00:00:00+00:00,602.5499877929688,30177400.0
2024-12-02 00:00:00+00:00,603.6300048828125,31746000.0
2024-12-03 00:00:00+00:00,603.9099731445312,26906600.0
2024-12-04 00:00:00+00:00,607.6599731445312,42787600.0
2024-12-05 00:00:00+00:00,606.6599731445312,28762200.0
2024-12-06 00:00:00+00:00,607.8099975585938,31241500.0
2024-12-09 00:00:00+00:00,604.6799926757812,34742700.0
2024-12-10 00:00:00+00:00,602.7999877929688,37234500.0
2024-12-11 00:00:00+00:00,607.4600219726562,28677700.0
2024-12-12 00:00:00+00:00,604.3300170898438,31543800.0
2024-12-13 00:00:00+00:00,604.2100219726562,35904700.0
2024-12-16 00:00:00+00:00,606.7899780273438,43695200.0
2024-12-17 00:00:00+00:00,604.2899780273438,55773500.0
2024-12-18 00:00:00+00:00,586.280029296875,108248700.0
2024-12-19 00:00:00+00:00,586.0999755859375,85919500.0
2024-12-20 00:00:00+00:00,591.1500244140625,125716700.0
2024-12-23 00:00:00+00:00,594.6900024414062,57635800.0
2024-12-24 00:00:00+00:00,601.2999877929688,33160100.0
2024-12-26 00:00:00+00:00,601.3400268554688,41219100.0
2024-12-27 00:00:00+00:00,595.010009765625,64969300.0
2024-12-30 00:00:00+00:00,588.219970703125,56578800.0
2024-12-31 00:00:00+00:00,586.0800170898438,57052700.0
2025-01-02 00:00:00+00:00,584.6400146484375,50204000.0
2025-01-03 00:00:00+00:00,591.9500122070312,37888500.0
2025-01-06 00:00:00+00:00,595.3599853515625,47679400.0
2025-01-07 00:00:00+00:00,588.6300048828125,60393100.0
2025-01-08 00:00:00+00:00,589.489990234375,47304700.0
2025-01-10 00:00:00+00:00,580.489990234375,73105000.0
2025-01-13 00:00:00+00:00,581.3900146484375,47910100.0
2025-01-14 00:00:00+00:00,582.1900024414062,48420600.0
2025-01-15 00:00:00+00:00,592.780029296875,56900200.0
2025-01-16 00:00:00+00:00,591.6400146484375,43319700.0
2025-01-17 00:00:00+00:00,597.5800170898438,58070600.0
2025-01-21 00:00:00+00:00,603.0499877929688,42532900.0
2025-01-22 00:00:00+00:00,606.4400024414062,48196000.0
2025-01-23 00:00:00+00:00,609.75,41152100.0
2025-01-24 00:00:00+00:00,607.969970703125,34604700.0
2025-01-27 00:00:00+00:00,599.3699951171875,70361100.0
2025-01-28 00:00:00+00:00,604.52001953125,44433300.0
2025-01-29 00:00:00+00:00,601.8099975585938,37177400.0
2025-01-30 00:00:00+00:00,605.0399780273438,39281300.0
2025-01-31 00:00:00+00:00,601.8200073242188,66566900.0
2025-02-03 00:00:00+00:00,597.77001953125,65857200.0
2025-02-04 00:00:00+00:00,601.780029296875,33457800.0
2025-02-05 00:00:00+00:00,604.219970703125,30653100.0
2025-02-06 00:00:00+00:00,606.3200073242188,35771500.0
2025-02-07 00:00:00+00:00,600.77001953125,50788500.0
2025-02-10 00:00:00+00:00,604.8499755859375,26048700.0
2025-02-11 00:00:00+00:00,605.3099975585938,30056700.0
2025-02-12 00:00:00+00:00,603.3599853515625,45076100.0
2025-02-13 00:00:00+00:00,609.72998046875,40921300.0
2025-02-14 00:00:00+00:00,609.7000122070312,26910400.0
2025-02-18 00:00:00+00:00,611.489990234375,26749000.0
2025-02-19 00:00:00+00:00,612.9299926757812,31011100.0
2025-02-20 00:00:00+00:00,610.3800048828125,36554000.0
2025-02-21 00:00:00+00:00,599.9400024414062,76519800.0
2025-02-24 00:00:00+00:00,597.2100219726562,50737200.0
2025-02-25 00:00:00+00:00,594.239990234375,58266500.0
2025-02-26 00:00:00+00:00,594.5399780273438,43321600.0
2025-02-27 00:00:00+00:00,585.0499877929688,74196700.0
2025-02-28 00:00:00+00:00,594.1799926757812,88744100.0
2025-03-03 00:00:00+00:00,583.77001953125,74249200.0
2025-03-04 00:00:00+00:00,576.8599853515625,109648200.0
2025-03-05 00:00:00+00:00,583.0599975585938,71230500.0
2025-03-06 00:00:00+00:00,572.7100219726562,80094900.0
2025-03-07 00:00:00+00:00,575.9199829101562,81158800.0
2025-03-10 00:00:00+00:00,560.5800170898438,99326600.0
2025-03-11 00:00:00+00:00,555.9199829101562,88102100.0
2025-03-12 00:00:00+00:00,558.8699951171875,69588200.0
2025-03-13 00:00:00+00:00,551.4199829101562,74079400.0
2025-03-14 00:00:00+00:00,562.8099975585938,62660300.0
2025-03-17 00:00:00+00:00,567.1500244140625,49008700.0
2025-03-18 00:00:00+00:00,561.02001953125,66041400.0
2025-03-19 00:00:00+00:00,567.1300048828125,66556000.0
2025-03-20 00:00:00+00:00,565.489990234375,62958200.0
2025-03-21 00:00:00+00:00,563.97998046875,83763000.0
2025-03-24 00:00:00+00:00,574.0800170898438,58766800.0
2025-03-25 00:00:00+00:00,575.4600219726562,38355700.0
2025-03-26 00:00:00+00:00,568.5900268554688,51848300.0
2025-03-27 00:00:00+00:00,567.0800170898438,42164200.0
2025-03-28 00:00:00+00:00,555.6599731445312,71662700.0
2025-03-31 00:00:00+00:00,559.3900146484375,95328200.0
2025-04-01 00:00:00+00:00,560.969970703125,54609600.0
2025-04-02 00:00:00+00:00,564.52001953125,76014500.0
2025-04-03 00:00:00+00:00,536.7000122070312,125986000.0
2025-04-04 00:00:00+00:00,505.2799987792969,217965100.0
2025-04-07 00:00:00+00:00,504.3800048828125,256611400.0
2025-04-08 00:00:00+00:00,496.4800109863281,165816600.0
2025-04-09 00:00:00+00:00,548.6199951171875,241867300.0
2025-04-10 00:00:00+00:00,524.5800170898438,162331200.0
2025-04-11 00:00:00+00:00,533.9400024414062,97866300.0
2025-04-14 00:00:00+00:00,539.1199951171875,68034000.0
2025-04-15 00:00:00+00:00,537.6099853515625,56892900.0
2025-04-16 00:00:00+00:00,525.6599731445312,83484800.0
2025-04-17 00:00:00+00:00,526.4099731445312,79868100.0
2025-04-21 00:00:00+00:00,513.8800048828125,69368100.0
2025-04-22 00:00:00+00:00,527.25,75948100.0
2025-04-23 00:00:00+00:00,535.4199829101562,90590700.0
2025-04-24 00:00:00+00:00,546.6900024414062,64150400.0
2025-04-25 00:00:00+00:00,550.6400146484375,61119600.0
2025-04-28 00:00:00+00:00,550.8499755859375,47613800.0
2025-04-29 00:00:00+00:00,554.3200073242188,47775100.0
2025-04-30 00:00:00+00:00,554.5399780273438,93101500.0
2025-05-01 00:00:00+00:00,558.469970703125,63186100.0
2025-05-02 00:00:00+00:00,566.760009765625,60717300.0
2025-05-05 00:00:00+00:00,563.510009765625,38659200.0
2025-05-06 00:00:00+00:00,558.7999877929688,48264700.0
2025-05-07 00:00:00+00:00,561.1500244140625,55588000.0
2025-05-08 00:00:00+00:00,565.0599975585938,65130800.0
2025-05-09 00:00:00+00:00,564.3400268554688,37603400.0
2025-05-12 00:00:00+00:00,582.989990234375,78993600.0
2025-05-13 00:00:00+00:00,586.8400268554688,67947200.0
2025-05-14 00:00:00+00:00,587.5900268554688,66283500.0
2025-05-15 00:00:00+00:00,590.4600219726562,71268100.0
2025-05-16 00:00:00+00:00,594.2000122070312,76052100.0
2025-05-19 00:00:00+00:00,594.8499755859375,68168500.0
2025-05-20 00:00:00+00:00,592.8499755859375,60614500.0
2025-05-21 00:00:00+00:00,582.8599853515625,95197700.0
2025-05-22 00:00:00+00:00,583.0900268554688,70860400.0
2025-05-23 00:00:00+00:00,579.1099853515625,76029000.0
2025-05-27 00:00:00+00:00,591.1500244140625,72588500.0
2025-05-28 00:00:00+00:00,587.72998046875,68445500.0
2025-05-29 00:00:00+00:00,590.0499877929688,69973300.0
2025-05-30 00:00:00+00:00,589.3900146484375,90601200.0
2025-06-02 00:00:00+00:00,592.7100219726562,61630500.0
2025-06-03 00:00:00+00:00,596.0900268554688,63606200.0
2025-06-04 00:00:00+00:00,595.9299926757812,57314200.0
2025-06-05 00:00:00+00:00,593.0499877929688,92278700.0
2025-06-06 00:00:00+00:00,599.1400146484375,66588700.0
2025-06-09 00:00:00+00:00,599.6799926757812,53016400.0
2025-06-10 00:00:00+00:00,603.0800170898438,66247000.0
2025-06-11 00:00:00+00:00,601.3599853515625,73658200.0
2025-06-12 00:00:00+00:00,603.75,64129000.0
2025-06-13 00:00:00+00:00,597.0,89506000.0
2025-06-16 00:00:00+00:00,602.6799926757812,79984100.0
2025-06-17 00:00:00+00:00,597.530029296875,82209400.0
2025-06-18 00:00:00+00:00,597.4400024414062,76605000.0
2025-06-20 00:00:00+00:00,594.280029296875,94051400.0
2025-06-23 00:00:00+00:00,600.1500244140625,87426000.0
2025-06-24 00:00:00+00:00,606.780029296875,67735300.0
2025-06-25 00:00:00+00:00,607.1199951171875,62114800.0
2025-06-26 00:00:00+00:00,611.8699951171875,78548400.0
2025-06-27 00:00:00+00:00,614.9099731445312,86258400.0
2025-06-30 00:00:00+00:00,617.8499755859375,92502500.0
2025-07-01 00:00:00+00:00,617.6500244140625,70030100.0
2025-07-02 00:00:00+00:00,620.4500122070312,66510400.0
2025-07-03 00:00:00+00:00,625.3400268554688,51065800.0
2025-07-07 00:00:00+00:00,620.6799926757812,74814500.0
2025-07-08 00:00:00+00:00,620.3400268554688,59024600.0
2025-07-09 00:00:00+00:00,624.0599975585938,66113300.0
2025-07-10 00:00:00+00:00,625.8200073242188,57529000.0
2025-07-11 00:00:00+00:00,623.6199951171875,63670200.0
2025-07-14 00:00:00+00:00,624.8099975585938,51898500.0
2025-07-15 00:00:00+00:00,622.1400146484375,74317300.0
2025-07-16 00:00:00+00:00,624.219970703125,88987500.0
2025-07-17 00:00:00+00:00,628.0399780273438,68885700.0
2025-07-18 00:00:00+00:00,627.5800170898438,65621600.0
2025-07-21 00:00:00+00:00,628.77001953125,63375000.0
2025-07-22 00:00:00+00:00,628.8599853515625,60046300.0
2025-07-23 00:00:00+00:00,634.2100219726562,70511000.0
2025-07-24 00:00:00+00:00,634.4199829101562,71307100.0
2025-07-25 00:00:00+00:00,637.0999755859375,56865400.0
2025-07-28 00:00:00+00:00,636.9400024414062,54917100.0
2025-07-29 00:00:00+00:00,635.260009765625,60556300.0
2025-07-30 00:00:00+00:00,634.4600219726562,80418900.0
2025-07-31 00:00:00+00:00,632.0800170898438,103385200.0
2025-08-01 00:00:00+00:00,621.719970703125,140103600.0
2025-08-04 00:00:00+00:00,631.1699829101562,73218000.0
2025-08-05 00:00:00+00:00,627.969970703125,68051400.0
2025-08-06 00:00:00+00:00,632.780029296875,64357500.0
2025-08-07 00:00:00+00:00,632.25,74205800.0
2025-08-08 00:00:00+00:00,637.1799926757812,64051600.0
2025-08-11 00:00:00+00:00,635.9199829101562,58742300.0
2025-08-12 00:00:00+00:00,642.6900024414062,64730800.0
2025-08-13 00:00:00+00:00,644.8900146484375,60092800.0
2025-08-14 00:00:00+00:00,644.9500122070312,59327500.0
2025-08-15 00:00:00+00:00,643.4400024414062,68592500.0
2025-08-18 00:00:00+00:00,643.2999877929688,43804900.0
2025-08-19 00:00:00+00:00,639.8099975585938,69750700.0
2025-08-20 00:00:00+00:00,638.1099853515625,88890300.0
2025-08-21 00:00:00+00:00,635.5499877929688,54805800.0
2025-08-22 00:00:00+00:00,645.3099975585938,84083200.0
2025-08-25 00:00:00+00:00,642.469970703125,51274300.0
2025-08-26 00:00:00+00:00,645.1599731445312,51581600.0
2025-08-27 00:00:00+00:00,646.6300048828125,48341100.0
2025-08-28 00:00:00+00:00,648.9199829101562,61519500.0
2025-08-29 00:00:00+00:00,645.0499877929688,74522200.0
2025-09-02 00:00:00+00:00,640.27001953125,81983500.0
2025-09-03 00:00:00+00:00,643.739990234375,70820900.0
2025-09-04 00:00:00+00:00,649.1199951171875,65219200.0
2025-09-05 00:00:00+00:00,647.239990234375,85178900.0
2025-09-08 00:00:00+00:00,648.8300170898438,63133100.0
2025-09-09 00:00:00+00:00,650.3300170898438,66133900.0
2025-09-10 00:00:00+00:00,652.2100219726562,78034500.0
2025-09-11 00:00:00+00:00,657.6300048828125,69934400.0
2025-09-12 00:00:00+00:00,657.4099731445312,72780100.0
2025-09-15 00:00:00+00:00,660.9099731445312,63772400.0
2025-09-16 00:00:00+00:00,660.0,61169000.0
2025-09-17 00:00:00+00:00,659.1799926757812,101952200.0
2025-09-18 00:00:00+00:00,662.260009765625,90459200.0
2025-09-19 00:00:00+00:00,663.7000122070312,97945600.0
2025-09-22 00:00:00+00:00,666.8400268554688,69452200.0
2025-09-23 00:00:00+00:00,663.2100219726562,81708900.0
2025-09-24 00:00:00+00:00,661.0999755859375,68082200.0
2025-09-25 00:00:00+00:00,658.0499877929688,89622100.0
2025-09-26 00:00:00+00:00,661.8200073242188,69179200.0
2025-09-29 00:00:00+00:00,663.6799926757812,73499000.0
2025-09-30 00:00:00+00:00,666.1799926757812,86288000.0
2025-10-01 00:00:00+00:00,668.4500122070312,72545400.0
2025-10-02 00:00:00+00:00,669.219970703125,56896000.0
2025-10-03 00:00:00+00:00,669.2100219726562,70494400.0
2025-10-06 00:00:00+00:00,671.6099853515625,54623300.0
2025-10-07 00:00:00+00:00,669.1199951171875,72020100.0
2025-10-08 00:00:00+00:00,673.1099853515625,60702200.0
2025-10-09 00:00:00+00:00,671.1599731445312,66501900.0
2025-10-10 00:00:00+00:00,653.02001953125,159422600.0
2025-10-13 00:00:00+00:00,663.0399780273438,79560500.0
2025-10-14 00:00:00+00:00,662.22998046875,88779600.0
2025-10-15 00:00:00+00:00,665.1699829101562,81702600.0
2025-10-16 00:00:00+00:00,660.6400146484375,110563300.0
2025-10-17 00:00:00+00:00,664.3900146484375,96500900.0
2025-10-20 00:00:00+00:00,671.2999877929688,60493400.0
2025-10-21 00:00:00+00:00,671.2899780273438,56249000.0
2025-10-22 00:00:00+00:00,667.7999877929688,80564000.0
2025-10-23 00:00:00+00:00,671.760009765625,65604500.0
2025-10-24 00:00:00+00:00,677.25,74356500.0
2025-10-27 00:00:00+00:00,685.239990234375,63339800.0
2025-10-28 00:00:00+00:00,687.0599975585938,61738100.0
2025-10-29 00:00:00+00:00,687.3900146484375,85657100.0
2025-10-30 00:00:00+00:00,679.8300170898438,76335800.0
2025-10-31 00:00:00+00:00,682.0599975585938,87164100.0
2025-11-03 00:00:00+00:00,683.3400268554688,57315000.0
2025-11-04 00:00:00+00:00,675.239990234375,78427000.0
2025-11-05 00:00:00+00:00,677.5800170898438,74402400.0
2025-11-06 00:00:00+00:00,670.3099975585938,85035300.0
2025-11-07 00:00:00+00:00,670.969970703125,100592400.0
2025-11-10 00:00:00+00:00,681.4400024414062,75842900.0
2025-11-11 00:00:00+00:00,683.0,58953400.0
2025-11-12 00:00:00+00:00,683.3800048828125,62312500.0
2025-11-13 00:00:00+00:00,672.0399780273438,103457800.0
2025-11-14 00:00:00+00:00,671.9299926757812,96846700.0
2025-11-17 00:00:00+00:00,665.6699829101562,90456100.0
2025-11-18 00:00:00+00:00,660.0800170898438,114467500.0
2025-11-19 00:00:00+00:00,662.6300048828125,94703000.0
2025-11-20 00:00:00+00:00,652.530029296875,165293500.0
2025-11-21 00:00:00+00:00,659.030029296875,123956200.0
2025-11-24 00:00:00+00:00,668.72998046875,80437900.0
2025-11-25 00:00:00+00:00,675.02001953125,81077100.0
2025-11-26 00:00:00+00:00,679.6799926757812,71879600.0
2025-11-28 00:00:00+00:00,683.3900146484375,49212000.0
2025-12-01 00:00:00+00:00,680.27001953125,61201200.0
2025-12-02 00:00:00+00:00,681.530029296875,62953800.0
2025-12-03 00:00:00+00:00,683.8900146484375,57238500.0
2025-12-04 00:00:00+00:00,684.3900146484375,61970300.0
2025-12-05 00:00:00+00:00,685.6900024414062,79241000.0
2025-12-08 00:00:00+00:00,683.6300048828125,55231500.0
2025-12-09 00:00:00+00:00,683.0399780273438,58310100.0
2025-12-10 00:00:00+00:00,687.5700073242188,85671300.0
2025-12-11 00:00:00+00:00,689.1699829101562,86173700.0
2025-12-12 00:00:00+00:00,681.760009765625,113160300.0
2025-12-15 00:00:00+00:00,680.72998046875,90811000.0
2025-12-16 00:00:00+00:00,678.8699951171875,122030600.0
2025-12-17 00:00:00+00:00,671.4000244140625,110625200.0
2025-12-18 00:00:00+00:00,676.469970703125,108650100.0
2025-12-19 00:00:00+00:00,680.5900268554688,103599500.0
2025-12-22 00:00:00+00:00,684.8300170898438,69556700.0
2025-12-23 00:00:00+00:00,687.9600219726562,64840000.0
2025-12-24 00:00:00+00:00,690.3800048828125,39445600.0
2025-12-26 00:00:00+00:00,690.3099975585938,41613300.0
2025-12-29 00:00:00+00:00,687.8499755859375,62559500.0
2025-12-30 00:00:00+00:00,687.010009765625,47160700.0
2025-12-31 00:00:00+00:00,681.9199829101562,74144800.0
2026-01-02 00:00:00+00:00,683.1699829101562,89377200.0
2026-01-05 00:00:00+00:00,687.719970703125,71927200.0
2026-01-06 00:00:00+00:00,691.8099975585938,69273800.0
2026-01-07 00:00:00+00:00,689.5800170898438,75588300.0
2026-01-08 00:00:00+00:00,689.510009765625,64019200.0
2026-01-09 00:00:00+00:00,694.0700073242188,80125500.0
2026-01-12 00:00:00+00:00,695.1599731445312,63976000.0
2026-01-13 00:00:00+00:00,693.77001953125,78309700.0
2026-01-14 00:00:00+00:00,690.3599853515625,94676700.0
2026-01-15 00:00:00+00:00,692.239990234375,77862000.0
2026-01-16 00:00:00+00:00,691.6599731445312,79289200.0
2026-01-20 00:00:00+00:00,677.5800170898438,111623300.0
2026-01-21 00:00:00+00:00,685.4000244140625,127844500.0
2026-01-22 00:00:00+00:00,688.97998046875,77112200.0
2026-01-23 00:00:00+00:00,689.22998046875,63059600.0
2026-01-26 00:00:00+00:00,692.72998046875,60473800.0
2026-01-27 00:00:00+00:00,695.489990234375,55506100.0
2026-01-28 00:00:00+00:00,695.4199829101562,61172200.0
2026-01-29 00:00:00+00:00,694.0399780273438,97486200.0
2026-01-30 00:00:00+00:00,691.969970703125,101835100.0
2026-02-02 00:00:00+00:00,695.4099731445312,79286500.0
2026-02-03 00:00:00+00:00,689.530029296875,107904600.0
2026-02-04 00:00:00+00:00,686.1900024414062,105204600.0
2026-02-05 00:00:00+00:00,677.6199951171875,113610800.0
2026-02-06 00:00:00+00:00,690.6199951171875,89127600.0
2026-02-09 00:00:00+00:00,693.9500122070312,73885200.0
2026-02-10 00:00:00+00:00,692.1199951171875,65185700.0
2026-02-11 00:00:00+00:00,691.9600219726562,76353900.0
2026-02-12 00:00:00+00:00,681.27001953125,118829000.0
2026-02-13 00:00:00+00:00,681.75,96267500.0
2026-02-17 00:00:00+00:00,682.8499755859375,81354700.0
2026-02-18 00:00:00+00:00,686.2899780273438,73570300.0
2026-02-19 00:00:00+00:00,684.47998046875,58649400.0
2026-02-20 00:00:00+00:00,689.4299926757812,100034000.0
2026-02-23 00:00:00+00:00,682.3900146484375,90558100.0
2026-02-24 00:00:00+00:00,687.3499755859375,73798700.0
2026-02-25 00:00:00+00:00,693.1500244140625,56369500.0
2026-02-26 00:00:00+00:00,689.2999877929688,71671000.0
2026-02-27 00:00:00+00:00,685.989990234375,83308900.0
2026-03-02 00:00:00+00:00,686.3800048828125,87477200.0
2026-03-03 00:00:00+00:00,680.3300170898438,105003100.0
2026-03-04 00:00:00+00:00,685.1300048828125,79182200.0
2026-03-05 00:00:00+00:00,681.3099975585938,106606500.0
2026-03-06 00:00:00+00:00,672.3800048828125,100687000.0
2026-03-09 00:00:00+00:00,678.27001953125,102667700.0
2026-03-10 00:00:00+00:00,677.1799926757812,81505300.0
2026-03-11 00:00:00+00:00,676.3300170898438,68441700.0
2026-03-12 00:00:00+00:00,666.0599975585938,108882200.0
2026-03-13 00:00:00+00:00,662.2899780273438,97200200.0
2026-03-16 00:00:00+00:00,669.030029296875,82023100.0
2026-03-17 00:00:00+00:00,670.7899780273438,87128000.0
2026-03-18 00:00:00+00:00,661.4299926757812,82062600.0
2026-03-19 00:00:00+00:00,659.7999877929688,111272500.0
2026-03-20 00:00:00+00:00,648.5700073242188,163617500.0
2026-03-23 00:00:00+00:00,655.3800048828125,134802700.0
2026-03-24 00:00:00+00:00,653.1799926757812,96457500.0
2026-03-25 00:00:00+00:00,656.8200073242188,90653800.0
2026-03-26 00:00:00+00:00,645.0900268554688,96494400.0
2026-03-27 00:00:00+00:00,634.0900268554688,103649400.0
2026-03-30 00:00:00+00:00,631.969970703125,99275900.0
2026-03-31 00:00:00+00:00,650.3400268554688,152534100.0
2026-04-01 00:00:00+00:00,655.239990234375,97841500.0
2026-04-02 00:00:00+00:00,655.8300170898438,68358700.0
2026-04-06 00:00:00+00:00,658.9299926757812,39105800.0
2026-04-07 00:00:00+00:00,659.219970703125,69980400.0
2026-04-08 00:00:00+00:00,676.010009765625,93606100.0
2026-04-09 00:00:00+00:00,679.9099731445312,57134400.0
2026-04-10 00:00:00+00:00,679.4600219726562,42253500.0
2026-04-13 00:00:00+00:00,686.0999755859375,54185800.0
2026-04-14 00:00:00+00:00,694.4600219726562,63310200.0
2026-04-15 00:00:00+00:00,698.3200073242188,32757716.0
