timestamp,close,volume
2015-01-02 00:00:00+00:00,315.0320129394531,7860650.0
2015-01-03 00:00:00+00:00,281.0820007324219,33054400.0
2015-01-04 00:00:00+00:00,264.19500732421875,55629100.0
2015-01-05 00:00:00+00:00,274.4739990234375,43962800.0
2015-01-06 00:00:00+00:00,286.1889953613281,23245700.0
2015-01-07 00:00:00+00:00,294.3370056152344,24866800.0
2015-01-08 00:00:00+00:00,283.3489990234375,19982500.0
2015-01-09 00:00:00+00:00,290.4079895019531,18718600.0
2015-01-10 00:00:00+00:00,274.7959899902344,15264300.0
2015-01-11 00:00:00+00:00,265.6600036621094,18200800.0
2015-01-12 00:00:00+00:00,267.7959899902344,18880300.0
2015-01-13 00:00:00+00:00,225.86099243164062,72843904.0
2015-01-14 00:00:00+00:00,178.10299682617188,97638704.0
2015-01-15 00:00:00+00:00,209.843994140625,81773504.0
2015-01-16 00:00:00+00:00,208.0970001220703,38421000.0
2015-01-17 00:00:00+00:00,199.25999450683594,23469700.0
2015-01-18 00:00:00+00:00,210.33900451660156,30085100.0
2015-01-19 00:00:00+00:00,214.86099243164062,18658300.0
2015-01-20 00:00:00+00:00,211.31500244140625,24051100.0
2015-01-21 00:00:00+00:00,226.89700317382812,29924600.0
2015-01-22 00:00:00+00:00,233.406005859375,33544600.0
2015-01-23 00:00:00+00:00,232.87899780273438,24621700.0
2015-01-24 00:00:00+00:00,247.8470001220703,24782500.0
2015-01-25 00:00:00+00:00,253.71800231933594,33582700.0
2015-01-26 00:00:00+00:00,273.4729919433594,106794000.0
2015-01-27 00:00:00+00:00,263.4750061035156,44399000.0
2015-01-28 00:00:00+00:00,233.9149932861328,44352200.0
2015-01-29 00:00:00+00:00,233.51300048828125,32213400.0
2015-01-30 00:00:00+00:00,226.4250030517578,26605200.0
2015-01-31 00:00:00+00:00,217.46400451660156,23348200.0
2015-02-01 00:00:00+00:00,226.9720001220703,29128500.0
2015-02-02 00:00:00+00:00,238.22900390625,30612100.0
2015-02-03 00:00:00+00:00,227.26800537109375,40783700.0
2015-02-04 00:00:00+00:00,226.85299682617188,26594300.0
2015-02-05 00:00:00+00:00,217.11099243164062,22516400.0
2015-02-06 00:00:00+00:00,222.26600646972656,24435300.0
2015-02-07 00:00:00+00:00,227.75399780273438,21604200.0
2015-02-08 00:00:00+00:00,223.41200256347656,17145200.0
2015-02-09 00:00:00+00:00,220.11000061035156,27791300.0
2015-02-10 00:00:00+00:00,219.83900451660156,21115100.0
2015-02-11 00:00:00+00:00,219.18499755859375,17201900.0
2015-02-12 00:00:00+00:00,221.76400756835938,15206200.0
2015-02-13 00:00:00+00:00,235.427001953125,42744400.0
2015-02-14 00:00:00+00:00,257.3210144042969,49732500.0
2015-02-15 00:00:00+00:00,234.8249969482422,56552400.0
2015-02-16 00:00:00+00:00,233.84300231933594,28153700.0
2015-02-17 00:00:00+00:00,243.61000061035156,27363100.0
2015-02-18 00:00:00+00:00,236.3260040283203,25200800.0
2015-02-19 00:00:00+00:00,240.2830047607422,18270500.0
2015-02-20 00:00:00+00:00,243.7790069580078,23876700.0
2015-02-21 00:00:00+00:00,244.53399658203125,12284200.0
2015-02-22 00:00:00+00:00,235.9770050048828,19527000.0
2015-02-23 00:00:00+00:00,238.89199829101562,16400000.0
2015-02-24 00:00:00+00:00,238.73500061035156,14200400.0
2015-02-25 00:00:00+00:00,237.47000122070312,11496200.0
2015-02-26 00:00:00+00:00,236.42599487304688,13619400.0
2015-02-27 00:00:00+00:00,253.8280029296875,44013900.0
2015-02-28 00:00:00+00:00,254.26300048828125,13949300.0
2015-03-01 00:00:00+00:00,260.2019958496094,25213700.0
2015-03-02 00:00:00+00:00,275.6700134277344,40465700.0
2015-03-03 00:00:00+00:00,281.7019958496094,50461300.0
2015-03-04 00:00:00+00:00,273.0920104980469,41383000.0
2015-03-05 00:00:00+00:00,276.1780090332031,41302400.0
2015-03-06 00:00:00+00:00,272.7229919433594,28918900.0
2015-03-07 00:00:00+00:00,276.260986328125,17825900.0
2015-03-08 00:00:00+00:00,274.35400390625,22067900.0
2015-03-09 00:00:00+00:00,289.60699462890625,59178200.0
2015-03-10 00:00:00+00:00,291.760009765625,67770800.0
2015-03-11 00:00:00+00:00,296.3789978027344,33963900.0
2015-03-12 00:00:00+00:00,294.35400390625,32585200.0
2015-03-13 00:00:00+00:00,285.3370056152344,31421500.0
2015-03-14 00:00:00+00:00,281.885009765625,22612300.0
2015-03-15 00:00:00+00:00,286.39300537109375,11970100.0
2015-03-16 00:00:00+00:00,290.5929870605469,21516100.0
2015-03-17 00:00:00+00:00,285.5050048828125,21497200.0
2015-03-18 00:00:00+00:00,256.29901123046875,57008000.0
2015-03-19 00:00:00+00:00,260.9280090332031,52732000.0
2015-03-20 00:00:00+00:00,261.7489929199219,18456700.0
2015-03-21 00:00:00+00:00,260.0249938964844,17130100.0
2015-03-22 00:00:00+00:00,267.9599914550781,18438100.0
2015-03-23 00:00:00+00:00,266.739990234375,22811900.0
2015-03-24 00:00:00+00:00,245.59500122070312,40073700.0
2015-03-25 00:00:00+00:00,246.19700622558594,35866900.0
2015-03-26 00:00:00+00:00,248.53199768066406,25730000.0
2015-03-27 00:00:00+00:00,247.0290069580078,17274900.0
2015-03-28 00:00:00+00:00,252.79800415039062,16040900.0
2015-03-29 00:00:00+00:00,242.71299743652344,21699400.0
2015-03-30 00:00:00+00:00,247.5260009765625,23009600.0
2015-03-31 00:00:00+00:00,244.2239990234375,22672000.0
2015-04-01 00:00:00+00:00,247.27200317382812,22877200.0
2015-04-02 00:00:00+00:00,253.0050048828125,26272600.0
2015-04-03 00:00:00+00:00,254.32200622558594,23146600.0
2015-04-04 00:00:00+00:00,253.69700622558594,12493500.0
2015-04-05 00:00:00+00:00,260.5979919433594,19649200.0
2015-04-06 00:00:00+00:00,255.49200439453125,20034200.0
2015-04-07 00:00:00+00:00,253.17999267578125,18467400.0
2015-04-08 00:00:00+00:00,245.02200317382812,30086400.0
2015-04-09 00:00:00+00:00,243.67599487304688,21643500.0
2015-04-10 00:00:00+00:00,236.07200622558594,28882000.0
2015-04-11 00:00:00+00:00,236.552001953125,16365200.0
2015-04-12 00:00:00+00:00,236.1529998779297,12387900.0
2015-04-13 00:00:00+00:00,224.58700561523438,31181800.0
2015-04-14 00:00:00+00:00,219.15899658203125,31719000.0
2015-04-15 00:00:00+00:00,223.83299255371094,22562000.0
2015-04-16 00:00:00+00:00,228.572998046875,24805400.0
2015-04-17 00:00:00+00:00,222.8820037841797,20429800.0
2015-04-18 00:00:00+00:00,223.3560028076172,12939000.0
2015-04-19 00:00:00+00:00,222.60000610351562,15021500.0
2015-04-20 00:00:00+00:00,224.62600708007812,18364700.0
2015-04-21 00:00:00+00:00,235.2689971923828,24978000.0
2015-04-22 00:00:00+00:00,234.17599487304688,23847900.0
2015-04-23 00:00:00+00:00,236.46200561523438,17036000.0
2015-04-24 00:00:00+00:00,231.26800537109375,21448700.0
2015-04-25 00:00:00+00:00,226.38999938964844,13957200.0
2015-04-26 00:00:00+00:00,219.42999267578125,28943700.0
2015-04-27 00:00:00+00:00,229.28599548339844,38574000.0
2015-04-28 00:00:00+00:00,225.85499572753906,21469200.0
2015-04-29 00:00:00+00:00,225.80799865722656,18936500.0
2015-04-30 00:00:00+00:00,236.14500427246094,33818600.0
2015-05-01 00:00:00+00:00,232.07899475097656,18815300.0
2015-05-02 00:00:00+00:00,234.92999267578125,12535500.0
2015-05-03 00:00:00+00:00,240.35800170898438,18494100.0
2015-05-04 00:00:00+00:00,239.01800537109375,21223400.0
2015-05-05 00:00:00+00:00,236.12100219726562,23929100.0
2015-05-06 00:00:00+00:00,229.78199768066406,29587200.0
2015-05-07 00:00:00+00:00,237.33399963378906,29064400.0
2015-05-08 00:00:00+00:00,243.86300659179688,27445500.0
2015-05-09 00:00:00+00:00,241.83200073242188,19790500.0
2015-05-10 00:00:00+00:00,240.29600524902344,15019100.0
2015-05-11 00:00:00+00:00,242.1580047607422,20892300.0
2015-05-12 00:00:00+00:00,241.11199951171875,19282600.0
2015-05-13 00:00:00+00:00,236.3769989013672,27180100.0
2015-05-14 00:00:00+00:00,236.9290008544922,24413700.0
2015-05-15 00:00:00+00:00,237.60499572753906,16329400.0
2015-05-16 00:00:00+00:00,236.1529998779297,11089700.0
2015-05-17 00:00:00+00:00,236.802001953125,11134300.0
2015-05-18 00:00:00+00:00,233.1280059814453,16780300.0
2015-05-19 00:00:00+00:00,231.94700622558594,14241900.0
2015-05-20 00:00:00+00:00,234.01800537109375,15499400.0
2015-05-21 00:00:00+00:00,235.343994140625,15108900.0
2015-05-22 00:00:00+00:00,240.34800720214844,27003000.0
2015-05-23 00:00:00+00:00,238.8719940185547,14605000.0
2015-05-24 00:00:00+00:00,240.9530029296875,11508000.0
2015-05-25 00:00:00+00:00,237.11000061035156,14423900.0
2015-05-26 00:00:00+00:00,237.11599731445312,16425000.0
2015-05-27 00:00:00+00:00,237.2830047607422,18837000.0
2015-05-28 00:00:00+00:00,237.4080047607422,13829600.0
2015-05-29 00:00:00+00:00,237.0959930419922,14805000.0
2015-05-30 00:00:00+00:00,233.34500122070312,14098600.0
2015-05-31 00:00:00+00:00,230.19000244140625,14730800.0
2015-06-01 00:00:00+00:00,222.92599487304688,26090500.0
2015-06-02 00:00:00+00:00,225.80299377441406,20459000.0
2015-06-03 00:00:00+00:00,225.87399291992188,17752400.0
2015-06-04 00:00:00+00:00,224.32400512695312,14728100.0
2015-06-05 00:00:00+00:00,224.95199584960938,18056500.0
2015-06-06 00:00:00+00:00,225.61900329589844,11131500.0
2015-06-07 00:00:00+00:00,222.88099670410156,13318400.0
2015-06-08 00:00:00+00:00,228.48899841308594,23378400.0
2015-06-09 00:00:00+00:00,229.04800415039062,28353100.0
2015-06-10 00:00:00+00:00,228.80299377441406,15904800.0
2015-06-11 00:00:00+00:00,229.7050018310547,14416000.0
2015-06-12 00:00:00+00:00,229.98199462890625,14017700.0
2015-06-13 00:00:00+00:00,232.40199279785156,13305300.0
2015-06-14 00:00:00+00:00,233.54299926757812,12165900.0
2015-06-15 00:00:00+00:00,236.822998046875,19912100.0
2015-06-16 00:00:00+00:00,250.89500427246094,41612000.0
2015-06-17 00:00:00+00:00,249.28399658203125,43858400.0
2015-06-18 00:00:00+00:00,249.0070037841797,30980200.0
2015-06-19 00:00:00+00:00,244.6060028076172,23965300.0
2015-06-20 00:00:00+00:00,245.21200561523438,20608100.0
2015-06-21 00:00:00+00:00,243.94400024414062,10600900.0
2015-06-22 00:00:00+00:00,246.99000549316406,17692500.0
2015-06-23 00:00:00+00:00,244.29600524902344,15108700.0
2015-06-24 00:00:00+00:00,240.51499938964844,17344900.0
2015-06-25 00:00:00+00:00,242.7989959716797,16133100.0
2015-06-26 00:00:00+00:00,243.593994140625,13983500.0
2015-06-27 00:00:00+00:00,250.99000549316406,20488600.0
2015-06-28 00:00:00+00:00,249.01100158691406,15137600.0
2015-06-29 00:00:00+00:00,257.0639953613281,34742900.0
2015-06-30 00:00:00+00:00,263.0719909667969,44533800.0
2015-07-01 00:00:00+00:00,258.6210021972656,27029800.0
2015-07-02 00:00:00+00:00,255.41200256347656,21551900.0
2015-07-03 00:00:00+00:00,256.33599853515625,19033800.0
2015-07-04 00:00:00+00:00,260.885986328125,15620400.0
2015-07-05 00:00:00+00:00,271.9129943847656,44156100.0
2015-07-06 00:00:00+00:00,269.0299987792969,49154800.0
2015-07-07 00:00:00+00:00,266.2070007324219,28857600.0
2015-07-08 00:00:00+00:00,270.7850036621094,36980200.0
2015-07-09 00:00:00+00:00,269.2279968261719,40301200.0
2015-07-10 00:00:00+00:00,284.8940124511719,100390000.0
2015-07-11 00:00:00+00:00,293.114990234375,41109900.0
2015-07-12 00:00:00+00:00,310.86700439453125,56405000.0
2015-07-13 00:00:00+00:00,292.0539855957031,62053900.0
2015-07-14 00:00:00+00:00,287.4639892578125,28727200.0
2015-07-15 00:00:00+00:00,285.8290100097656,27486600.0
2015-07-16 00:00:00+00:00,278.0889892578125,49482600.0
2015-07-17 00:00:00+00:00,279.47198486328125,27591400.0
2015-07-18 00:00:00+00:00,274.9010009765625,25187100.0
2015-07-19 00:00:00+00:00,273.614013671875,15332500.0
2015-07-20 00:00:00+00:00,278.9809875488281,22711400.0
2015-07-21 00:00:00+00:00,275.8330078125,22930700.0
2015-07-22 00:00:00+00:00,277.22198486328125,19389800.0
2015-07-23 00:00:00+00:00,276.04901123046875,18531300.0
2015-07-24 00:00:00+00:00,288.27801513671875,37199400.0
2015-07-25 00:00:00+00:00,288.6969909667969,20662200.0
2015-07-26 00:00:00+00:00,292.6860046386719,16032300.0
2015-07-27 00:00:00+00:00,293.6239929199219,30592000.0
2015-07-28 00:00:00+00:00,294.427001953125,25453600.0
2015-07-29 00:00:00+00:00,289.5899963378906,24672600.0
2015-07-30 00:00:00+00:00,287.72198486328125,21635800.0
2015-07-31 00:00:00+00:00,284.6499938964844,23629100.0
2015-08-01 00:00:00+00:00,281.60101318359375,18995000.0
2015-08-02 00:00:00+00:00,282.614013671875,17722200.0
2015-08-03 00:00:00+00:00,281.22698974609375,21474100.0
2015-08-04 00:00:00+00:00,285.2179870605469,21908700.0
2015-08-05 00:00:00+00:00,281.8819885253906,20128000.0
2015-08-06 00:00:00+00:00,278.5769958496094,18792100.0
2015-08-07 00:00:00+00:00,279.5849914550781,42484800.0
2015-08-08 00:00:00+00:00,260.99700927734375,58533000.0
2015-08-09 00:00:00+00:00,265.0830078125,23789600.0
2015-08-10 00:00:00+00:00,264.4700012207031,20979400.0
2015-08-11 00:00:00+00:00,270.385986328125,25433900.0
2015-08-12 00:00:00+00:00,266.3760070800781,26815400.0
2015-08-13 00:00:00+00:00,264.0799865722656,27685500.0
2015-08-14 00:00:00+00:00,265.67999267578125,27091200.0
2015-08-15 00:00:00+00:00,261.5509948730469,19321100.0
2015-08-16 00:00:00+00:00,258.5069885253906,29717000.0
2015-08-17 00:00:00+00:00,257.97601318359375,21617900.0
2015-08-18 00:00:00+00:00,211.07899475097656,42147200.0
2015-08-19 00:00:00+00:00,226.6840057373047,60869200.0
2015-08-20 00:00:00+00:00,235.35000610351562,32275000.0
2015-08-21 00:00:00+00:00,232.56900024414062,23173800.0
2015-08-22 00:00:00+00:00,230.38999938964844,23205900.0
2015-08-23 00:00:00+00:00,228.16900634765625,18406600.0
2015-08-24 00:00:00+00:00,210.4949951171875,59220700.0
2015-08-25 00:00:00+00:00,221.60899353027344,61089200.0
2015-08-26 00:00:00+00:00,225.83099365234375,31808000.0
2015-08-27 00:00:00+00:00,224.7689971923828,21905400.0
2015-08-28 00:00:00+00:00,231.39599609375,31336600.0
2015-08-29 00:00:00+00:00,229.77999877929688,17142500.0
2015-08-30 00:00:00+00:00,228.76100158691406,19412600.0
2015-08-31 00:00:00+00:00,230.05599975585938,20710700.0
2015-09-01 00:00:00+00:00,228.12100219726562,20575200.0
2015-09-02 00:00:00+00:00,229.28399658203125,18760400.0
2015-09-03 00:00:00+00:00,227.18299865722656,17482000.0
2015-09-04 00:00:00+00:00,230.29800415039062,20962400.0
2015-09-05 00:00:00+00:00,235.0189971923828,20671400.0
2015-09-06 00:00:00+00:00,239.83999633789062,25473700.0
2015-09-07 00:00:00+00:00,239.8470001220703,21192200.0
2015-09-08 00:00:00+00:00,243.60699462890625,26879200.0
2015-09-09 00:00:00+00:00,238.16799926757812,23635700.0
2015-09-10 00:00:00+00:00,238.4770050048828,21215500.0
2015-09-11 00:00:00+00:00,240.10699462890625,19224700.0
2015-09-12 00:00:00+00:00,235.22900390625,17962600.0
2015-09-13 00:00:00+00:00,230.51199340820312,18478800.0
2015-09-14 00:00:00+00:00,230.6439971923828,20997800.0
2015-09-15 00:00:00+00:00,230.3040008544922,19177800.0
2015-09-16 00:00:00+00:00,229.09100341796875,20144200.0
2015-09-17 00:00:00+00:00,229.80999755859375,18935400.0
2015-09-18 00:00:00+00:00,232.97500610351562,20242200.0
2015-09-19 00:00:00+00:00,231.4929962158203,12712600.0
2015-09-20 00:00:00+00:00,231.21200561523438,14444700.0
2015-09-21 00:00:00+00:00,227.0850067138672,19678800.0
2015-09-22 00:00:00+00:00,230.6179962158203,25009300.0
2015-09-23 00:00:00+00:00,230.2830047607422,17254100.0
2015-09-24 00:00:00+00:00,234.5290069580078,25097800.0
2015-09-25 00:00:00+00:00,235.1439971923828,22363600.0
2015-09-26 00:00:00+00:00,234.33999633789062,13724100.0
2015-09-27 00:00:00+00:00,232.7570037841797,14179900.0
2015-09-28 00:00:00+00:00,239.14199829101562,24713000.0
2015-09-29 00:00:00+00:00,236.68699645996094,22691300.0
2015-09-30 00:00:00+00:00,236.05999755859375,19743500.0
2015-10-01 00:00:00+00:00,237.5489959716797,20488800.0
2015-10-02 00:00:00+00:00,237.29299926757812,19677900.0
2015-10-03 00:00:00+00:00,238.72999572753906,16482700.0
2015-10-04 00:00:00+00:00,238.25900268554688,12999000.0
2015-10-05 00:00:00+00:00,240.38299560546875,23335900.0
2015-10-06 00:00:00+00:00,246.06300354003906,27535100.0
2015-10-07 00:00:00+00:00,242.968994140625,22999200.0
2015-10-08 00:00:00+00:00,242.3040008544922,18515300.0
2015-10-09 00:00:00+00:00,243.93099975585938,17353100.0
2015-10-10 00:00:00+00:00,244.9409942626953,15912700.0
2015-10-11 00:00:00+00:00,247.0500030517578,16827300.0
2015-10-12 00:00:00+00:00,245.30799865722656,17388300.0
2015-10-13 00:00:00+00:00,249.50799560546875,28198500.0
2015-10-14 00:00:00+00:00,251.98899841308594,27462600.0
2015-10-15 00:00:00+00:00,254.32000732421875,25223500.0
2015-10-16 00:00:00+00:00,262.8689880371094,35901500.0
2015-10-17 00:00:00+00:00,270.6400146484375,43199600.0
2015-10-18 00:00:00+00:00,261.64300537109375,22434300.0
2015-10-19 00:00:00+00:00,263.43701171875,25258800.0
2015-10-20 00:00:00+00:00,269.4630126953125,30889800.0
2015-10-21 00:00:00+00:00,266.2720031738281,25637300.0
2015-10-22 00:00:00+00:00,274.02301025390625,37808600.0
2015-10-23 00:00:00+00:00,276.4960021972656,29442500.0
2015-10-24 00:00:00+00:00,281.65399169921875,25942400.0
2015-10-25 00:00:00+00:00,283.67999267578125,45717100.0
2015-10-26 00:00:00+00:00,285.29998779296875,32108800.0
2015-10-27 00:00:00+00:00,293.7879943847656,46331800.0
2015-10-28 00:00:00+00:00,304.6180114746094,50808100.0
2015-10-29 00:00:00+00:00,313.8550109863281,64495900.0
2015-10-30 00:00:00+00:00,328.0150146484375,78305000.0
2015-10-31 00:00:00+00:00,314.1659851074219,48598100.0
2015-11-01 00:00:00+00:00,325.4309997558594,37001100.0
2015-11-02 00:00:00+00:00,361.1889953613281,101918000.0
2015-11-03 00:00:00+00:00,403.4169921875,206162000.0
2015-11-04 00:00:00+00:00,411.56298828125,263900000.0
2015-11-05 00:00:00+00:00,386.35400390625,151824992.0
2015-11-06 00:00:00+00:00,374.4700012207031,122687000.0
2015-11-07 00:00:00+00:00,386.48199462890625,56625100.0
2015-11-08 00:00:00+00:00,373.3680114746094,51817600.0
2015-11-09 00:00:00+00:00,380.2569885253906,68224400.0
2015-11-10 00:00:00+00:00,336.8190002441406,95797904.0
2015-11-11 00:00:00+00:00,311.0840148925781,107070000.0
2015-11-12 00:00:00+00:00,338.1520080566406,78477800.0
2015-11-13 00:00:00+00:00,336.75299072265625,52003000.0
2015-11-14 00:00:00+00:00,332.906005859375,38612000.0
2015-11-15 00:00:00+00:00,320.1659851074219,44213100.0
2015-11-16 00:00:00+00:00,330.7510070800781,47980100.0
2015-11-17 00:00:00+00:00,335.093994140625,51001600.0
2015-11-18 00:00:00+00:00,334.5899963378906,43783800.0
2015-11-19 00:00:00+00:00,326.14898681640625,45011100.0
2015-11-20 00:00:00+00:00,322.0220031738281,53152900.0
2015-11-21 00:00:00+00:00,326.927001953125,28200500.0
2015-11-22 00:00:00+00:00,324.5360107421875,23439400.0
2015-11-23 00:00:00+00:00,323.0459899902344,27478900.0
2015-11-24 00:00:00+00:00,320.0459899902344,29362600.0
2015-11-25 00:00:00+00:00,328.20599365234375,41666900.0
2015-11-26 00:00:00+00:00,352.6839904785156,106105000.0
2015-11-27 00:00:00+00:00,358.0419921875,55179100.0
2015-11-28 00:00:00+00:00,357.3810119628906,36816600.0
2015-11-29 00:00:00+00:00,371.29400634765625,40409300.0
2015-11-30 00:00:00+00:00,377.3210144042969,71701600.0
2015-12-01 00:00:00+00:00,362.4880065917969,60452200.0
2015-12-02 00:00:00+00:00,359.18701171875,54160500.0
2015-12-03 00:00:00+00:00,361.0459899902344,50714900.0
2015-12-04 00:00:00+00:00,363.1830139160156,35784100.0
2015-12-05 00:00:00+00:00,388.9490051269531,66282200.0
2015-12-06 00:00:00+00:00,388.7829895019531,77762000.0
2015-12-07 00:00:00+00:00,395.5360107421875,63455800.0
2015-12-08 00:00:00+00:00,415.56298828125,57801400.0
2015-12-09 00:00:00+00:00,417.56298828125,90917200.0
2015-12-10 00:00:00+00:00,415.47900390625,52138900.0
2015-12-11 00:00:00+00:00,451.93798828125,110944000.0
2015-12-12 00:00:00+00:00,434.99700927734375,131969000.0
2015-12-13 00:00:00+00:00,433.7550048828125,55050600.0
2015-12-14 00:00:00+00:00,444.1820068359375,130496000.0
2015-12-15 00:00:00+00:00,465.3210144042969,83121104.0
2015-12-16 00:00:00+00:00,454.9339904785156,107944000.0
2015-12-17 00:00:00+00:00,456.0780029296875,47978400.0
2015-12-18 00:00:00+00:00,463.6159973144531,60220100.0
2015-12-19 00:00:00+00:00,462.3219909667969,47892700.0
2015-12-20 00:00:00+00:00,442.68499755859375,75409400.0
2015-12-21 00:00:00+00:00,438.6390075683594,77639696.0
2015-12-22 00:00:00+00:00,436.5719909667969,50840400.0
2015-12-23 00:00:00+00:00,442.4010009765625,47161400.0
2015-12-24 00:00:00+00:00,454.9849853515625,57157200.0
2015-12-25 00:00:00+00:00,455.65301513671875,39078500.0
2015-12-26 00:00:00+00:00,417.27398681640625,116166000.0
2015-12-27 00:00:00+00:00,422.822998046875,53591200.0
2015-12-28 00:00:00+00:00,422.27899169921875,49638600.0
2015-12-29 00:00:00+00:00,432.9830017089844,51596500.0
2015-12-30 00:00:00+00:00,426.6199951171875,46889400.0
2015-12-31 00:00:00+00:00,430.5669860839844,45996600.0
2016-01-01 00:00:00+00:00,434.3340148925781,36278900.0
2016-01-02 00:00:00+00:00,433.43798828125,30096600.0
2016-01-03 00:00:00+00:00,430.010986328125,39633800.0
2016-01-04 00:00:00+00:00,433.09100341796875,38477500.0
2016-01-05 00:00:00+00:00,431.9599914550781,34522600.0
2016-01-06 00:00:00+00:00,429.1050109863281,34042500.0
2016-01-07 00:00:00+00:00,458.0480041503906,87562200.0
2016-01-08 00:00:00+00:00,453.2300109863281,56993000.0
2016-01-09 00:00:00+00:00,447.6109924316406,32278000.0
2016-01-10 00:00:00+00:00,447.9909973144531,35995900.0
2016-01-11 00:00:00+00:00,448.4280090332031,40450000.0
2016-01-12 00:00:00+00:00,435.69000244140625,115607000.0
2016-01-13 00:00:00+00:00,432.3710021972656,173888000.0
2016-01-14 00:00:00+00:00,430.3059997558594,43945500.0
2016-01-15 00:00:00+00:00,364.33099365234375,153351008.0
2016-01-16 00:00:00+00:00,387.5360107421875,120352000.0
2016-01-17 00:00:00+00:00,382.29901123046875,45319600.0
2016-01-18 00:00:00+00:00,387.1679992675781,54403900.0
2016-01-19 00:00:00+00:00,380.14898681640625,46819800.0
2016-01-20 00:00:00+00:00,420.2300109863281,121720000.0
2016-01-21 00:00:00+00:00,410.2619934082031,68338000.0
2016-01-22 00:00:00+00:00,382.49200439453125,91546600.0
2016-01-23 00:00:00+00:00,387.4909973144531,56247400.0
2016-01-24 00:00:00+00:00,402.97100830078125,54824800.0
2016-01-25 00:00:00+00:00,391.72601318359375,59062400.0
2016-01-26 00:00:00+00:00,392.15301513671875,58147000.0
2016-01-27 00:00:00+00:00,394.97198486328125,47424400.0
2016-01-28 00:00:00+00:00,380.28900146484375,59247900.0
2016-01-29 00:00:00+00:00,379.4739990234375,86125296.0
2016-01-30 00:00:00+00:00,378.2550048828125,30284400.0
2016-01-31 00:00:00+00:00,368.7669982910156,37894300.0
2016-02-01 00:00:00+00:00,373.0559997558594,51656700.0
2016-02-02 00:00:00+00:00,374.447998046875,40378700.0
2016-02-03 00:00:00+00:00,369.9490051269531,45933400.0
2016-02-04 00:00:00+00:00,389.593994140625,69285504.0
2016-02-05 00:00:00+00:00,386.54901123046875,43825000.0
2016-02-06 00:00:00+00:00,376.5220031738281,49249300.0
2016-02-07 00:00:00+00:00,376.6199951171875,37076300.0
2016-02-08 00:00:00+00:00,373.4469909667969,47671100.0
2016-02-09 00:00:00+00:00,376.02899169921875,55318500.0
2016-02-10 00:00:00+00:00,381.64898681640625,85130896.0
2016-02-11 00:00:00+00:00,379.65399169921875,74375600.0
2016-02-12 00:00:00+00:00,384.26300048828125,67042800.0
2016-02-13 00:00:00+00:00,391.8599853515625,61911700.0
2016-02-14 00:00:00+00:00,407.2300109863281,74469800.0
2016-02-15 00:00:00+00:00,400.18499755859375,74070496.0
2016-02-16 00:00:00+00:00,407.4880065917969,73093104.0
2016-02-17 00:00:00+00:00,416.3219909667969,83193600.0
2016-02-18 00:00:00+00:00,422.37298583984375,76752600.0
2016-02-19 00:00:00+00:00,420.7850036621094,55711300.0
2016-02-20 00:00:00+00:00,437.16400146484375,93992096.0
2016-02-21 00:00:00+00:00,438.7980041503906,89820704.0
2016-02-22 00:00:00+00:00,437.74798583984375,85385200.0
2016-02-23 00:00:00+00:00,420.7359924316406,85244896.0
2016-02-24 00:00:00+00:00,424.9549865722656,67743696.0
2016-02-25 00:00:00+00:00,424.54400634765625,70798000.0
2016-02-26 00:00:00+00:00,432.1520080566406,61486000.0
2016-02-27 00:00:00+00:00,432.5190124511719,41893600.0
2016-02-28 00:00:00+00:00,433.5039978027344,53033400.0
2016-02-29 00:00:00+00:00,437.6969909667969,60694700.0
2016-03-01 00:00:00+00:00,435.12298583984375,74895800.0
2016-03-02 00:00:00+00:00,423.989013671875,74955296.0
2016-03-03 00:00:00+00:00,421.6510009765625,100484000.0
2016-03-04 00:00:00+00:00,410.9389953613281,90856096.0
2016-03-05 00:00:00+00:00,400.57000732421875,135384992.0
2016-03-06 00:00:00+00:00,407.7070007324219,91212496.0
2016-03-07 00:00:00+00:00,414.3210144042969,85762400.0
2016-03-08 00:00:00+00:00,413.97198486328125,70311696.0
2016-03-09 00:00:00+00:00,414.8599853515625,70012304.0
2016-03-10 00:00:00+00:00,417.1310119628906,81022896.0
2016-03-11 00:00:00+00:00,421.69000244140625,73969696.0
2016-03-12 00:00:00+00:00,411.6239929199219,92712896.0
2016-03-13 00:00:00+00:00,414.06500244140625,74322800.0
2016-03-14 00:00:00+00:00,416.43798828125,95259400.0
2016-03-15 00:00:00+00:00,416.8299865722656,66781700.0
2016-03-16 00:00:00+00:00,417.010986328125,65185800.0
2016-03-17 00:00:00+00:00,420.6210021972656,83528600.0
2016-03-18 00:00:00+00:00,409.5480041503906,104940000.0
2016-03-19 00:00:00+00:00,410.4440002441406,58423000.0
2016-03-20 00:00:00+00:00,413.7550048828125,45947900.0
2016-03-21 00:00:00+00:00,413.3070068359375,61655400.0
2016-03-22 00:00:00+00:00,418.0889892578125,66813300.0
2016-03-23 00:00:00+00:00,418.0409851074219,61444200.0
2016-03-24 00:00:00+00:00,416.3940124511719,68346704.0
2016-03-25 00:00:00+00:00,417.177001953125,52560000.0
2016-03-26 00:00:00+00:00,417.94500732421875,44650400.0
2016-03-27 00:00:00+00:00,426.7650146484375,71229400.0
2016-03-28 00:00:00+00:00,424.2309875488281,68522800.0
2016-03-29 00:00:00+00:00,416.5159912109375,75411504.0
2016-03-30 00:00:00+00:00,414.8160095214844,66034100.0
2016-03-31 00:00:00+00:00,416.72900390625,60215200.0
2016-04-01 00:00:00+00:00,417.9599914550781,51235700.0
2016-04-02 00:00:00+00:00,420.87298583984375,45681200.0
2016-04-03 00:00:00+00:00,420.90399169921875,38053700.0
2016-04-04 00:00:00+00:00,421.4440002441406,50634300.0
2016-04-05 00:00:00+00:00,424.0299987792969,60718000.0
2016-04-06 00:00:00+00:00,423.4129943847656,59091000.0
2016-04-07 00:00:00+00:00,422.7449951171875,57858600.0
2016-04-08 00:00:00+00:00,420.3489990234375,63454700.0
2016-04-09 00:00:00+00:00,419.4110107421875,49792700.0
2016-04-10 00:00:00+00:00,421.5639953613281,73478600.0
2016-04-11 00:00:00+00:00,422.4830017089844,50747500.0
2016-04-12 00:00:00+00:00,425.19000244140625,70728800.0
2016-04-13 00:00:00+00:00,423.7340087890625,69060400.0
2016-04-14 00:00:00+00:00,424.2820129394531,45281000.0
2016-04-15 00:00:00+00:00,429.7130126953125,54801500.0
2016-04-16 00:00:00+00:00,430.5719909667969,39392800.0
2016-04-17 00:00:00+00:00,427.39898681640625,52125900.0
2016-04-18 00:00:00+00:00,428.59100341796875,55670900.0
2016-04-19 00:00:00+00:00,435.5090026855469,52810500.0
2016-04-20 00:00:00+00:00,441.3890075683594,72890096.0
2016-04-21 00:00:00+00:00,449.42498779296875,68204704.0
2016-04-22 00:00:00+00:00,445.73699951171875,58804400.0
2016-04-23 00:00:00+00:00,450.2820129394531,50485400.0
2016-04-24 00:00:00+00:00,458.55499267578125,68198400.0
2016-04-25 00:00:00+00:00,461.4259948730469,87091800.0
2016-04-26 00:00:00+00:00,466.0889892578125,78971904.0
2016-04-27 00:00:00+00:00,444.68701171875,93564896.0
2016-04-28 00:00:00+00:00,449.010986328125,74064704.0
2016-04-29 00:00:00+00:00,455.09698486328125,49258500.0
2016-04-30 00:00:00+00:00,448.3179931640625,69322600.0
2016-05-01 00:00:00+00:00,451.875,40660100.0
2016-05-02 00:00:00+00:00,444.66900634765625,92127000.0
2016-05-03 00:00:00+00:00,450.3039855957031,59366400.0
2016-05-04 00:00:00+00:00,446.72198486328125,50407300.0
2016-05-05 00:00:00+00:00,447.97601318359375,50440800.0
2016-05-06 00:00:00+00:00,459.6029968261719,72796800.0
2016-05-07 00:00:00+00:00,458.5360107421875,38364500.0
2016-05-08 00:00:00+00:00,458.5480041503906,40315000.0
2016-05-09 00:00:00+00:00,460.4830017089844,55493100.0
2016-05-10 00:00:00+00:00,450.8949890136719,58956100.0
2016-05-11 00:00:00+00:00,452.7279968261719,50605200.0
2016-05-12 00:00:00+00:00,454.7659912109375,59849300.0
2016-05-13 00:00:00+00:00,455.6700134277344,60845000.0
2016-05-14 00:00:00+00:00,455.6709899902344,37209000.0
2016-05-15 00:00:00+00:00,457.5679931640625,28514000.0
2016-05-16 00:00:00+00:00,454.1629943847656,59171500.0
2016-05-17 00:00:00+00:00,453.7829895019531,64100300.0
2016-05-18 00:00:00+00:00,454.6189880371094,86850096.0
2016-05-19 00:00:00+00:00,438.7149963378906,96027400.0
2016-05-20 00:00:00+00:00,442.6759948730469,81987904.0
2016-05-21 00:00:00+00:00,443.18798828125,42762300.0
2016-05-22 00:00:00+00:00,439.322998046875,39657600.0
2016-05-23 00:00:00+00:00,444.1549987792969,50582500.0
2016-05-24 00:00:00+00:00,445.9809875488281,65783100.0
2016-05-25 00:00:00+00:00,449.5989990234375,65231000.0
2016-05-26 00:00:00+00:00,453.3840026855469,65203800.0
2016-05-27 00:00:00+00:00,473.4639892578125,164780992.0
2016-05-28 00:00:00+00:00,530.0399780273438,181199008.0
2016-05-29 00:00:00+00:00,526.2329711914062,148736992.0
2016-05-30 00:00:00+00:00,533.864013671875,87958704.0
2016-05-31 00:00:00+00:00,531.385986328125,138450000.0
2016-06-01 00:00:00+00:00,536.9199829101562,86061800.0
2016-06-02 00:00:00+00:00,537.9719848632812,60378200.0
2016-06-03 00:00:00+00:00,569.1939697265625,122020000.0
2016-06-04 00:00:00+00:00,572.7269897460938,94925296.0
2016-06-05 00:00:00+00:00,574.9769897460938,68874096.0
2016-06-06 00:00:00+00:00,585.5369873046875,72138896.0
2016-06-07 00:00:00+00:00,576.5969848632812,107770000.0
2016-06-08 00:00:00+00:00,581.64501953125,80265800.0
2016-06-09 00:00:00+00:00,574.6300048828125,71301000.0
2016-06-10 00:00:00+00:00,577.469970703125,66991900.0
2016-06-11 00:00:00+00:00,606.7269897460938,82357000.0
2016-06-12 00:00:00+00:00,672.7839965820312,277084992.0
2016-06-13 00:00:00+00:00,704.3759765625,243295008.0
2016-06-14 00:00:00+00:00,685.5590209960938,186694000.0
2016-06-15 00:00:00+00:00,694.468994140625,99223800.0
2016-06-16 00:00:00+00:00,766.3079833984375,271633984.0
2016-06-17 00:00:00+00:00,748.9089965820312,363320992.0
2016-06-18 00:00:00+00:00,756.2269897460938,252718000.0
2016-06-19 00:00:00+00:00,763.781005859375,136184992.0
2016-06-20 00:00:00+00:00,737.2260131835938,174511008.0
2016-06-21 00:00:00+00:00,666.6519775390625,309944000.0
2016-06-22 00:00:00+00:00,596.1160278320312,266392992.0
2016-06-23 00:00:00+00:00,623.9769897460938,253462000.0
2016-06-24 00:00:00+00:00,665.2990112304688,224316992.0
2016-06-25 00:00:00+00:00,665.1229858398438,126656000.0
2016-06-26 00:00:00+00:00,629.3670043945312,109225000.0
2016-06-27 00:00:00+00:00,655.2750244140625,122134000.0
2016-06-28 00:00:00+00:00,647.0009765625,138384992.0
2016-06-29 00:00:00+00:00,639.8900146484375,142456000.0
2016-06-30 00:00:00+00:00,673.3369750976562,138980000.0
2016-07-01 00:00:00+00:00,676.2960205078125,134431008.0
2016-07-02 00:00:00+00:00,703.7020263671875,112354000.0
2016-07-03 00:00:00+00:00,658.6640014648438,129512000.0
2016-07-04 00:00:00+00:00,683.6619873046875,92008400.0
2016-07-05 00:00:00+00:00,670.6270141601562,130476000.0
2016-07-06 00:00:00+00:00,677.3309936523438,134960992.0
2016-07-07 00:00:00+00:00,640.56201171875,258091008.0
2016-07-08 00:00:00+00:00,666.5230102539062,141970000.0
2016-07-09 00:00:00+00:00,650.9600219726562,180536000.0
2016-07-10 00:00:00+00:00,649.3599853515625,102532000.0
2016-07-11 00:00:00+00:00,647.6589965820312,107910000.0
2016-07-12 00:00:00+00:00,664.551025390625,138172992.0
2016-07-13 00:00:00+00:00,654.468017578125,131449000.0
2016-07-14 00:00:00+00:00,658.0780029296875,98511400.0
2016-07-15 00:00:00+00:00,663.2550048828125,81673104.0
2016-07-16 00:00:00+00:00,660.7670288085938,50330200.0
2016-07-17 00:00:00+00:00,679.458984375,74407904.0
2016-07-18 00:00:00+00:00,673.1060180664062,69465000.0
2016-07-19 00:00:00+00:00,672.864013671875,61203300.0
2016-07-20 00:00:00+00:00,665.6849975585938,94636400.0
2016-07-21 00:00:00+00:00,665.0120239257812,60491800.0
2016-07-22 00:00:00+00:00,650.6190185546875,134169000.0
2016-07-23 00:00:00+00:00,655.5560302734375,69532200.0
2016-07-24 00:00:00+00:00,661.2849731445312,118184000.0
2016-07-25 00:00:00+00:00,654.0969848632812,78176496.0
2016-07-26 00:00:00+00:00,651.7839965820312,225135008.0
2016-07-27 00:00:00+00:00,654.3519897460938,147460992.0
2016-07-28 00:00:00+00:00,655.0349731445312,86428400.0
2016-07-29 00:00:00+00:00,656.9920043945312,60703500.0
2016-07-30 00:00:00+00:00,655.0469970703125,38456100.0
2016-07-31 00:00:00+00:00,624.6810302734375,110818000.0
2016-08-01 00:00:00+00:00,606.27197265625,121887000.0
2016-08-02 00:00:00+00:00,547.4650268554688,330932992.0
2016-08-03 00:00:00+00:00,566.35498046875,207982000.0
2016-08-04 00:00:00+00:00,578.2890014648438,125292000.0
2016-08-05 00:00:00+00:00,575.0430297851562,66127900.0
2016-08-06 00:00:00+00:00,587.7780151367188,80797296.0
2016-08-07 00:00:00+00:00,592.6900024414062,82398400.0
2016-08-08 00:00:00+00:00,591.0540161132812,61194100.0
2016-08-09 00:00:00+00:00,587.801025390625,92228096.0
2016-08-10 00:00:00+00:00,592.10302734375,102905000.0
2016-08-11 00:00:00+00:00,589.1199951171875,74514400.0
2016-08-12 00:00:00+00:00,587.5590209960938,69218000.0
2016-08-13 00:00:00+00:00,585.5880126953125,43563000.0
2016-08-14 00:00:00+00:00,570.4730224609375,60851100.0
2016-08-15 00:00:00+00:00,567.239990234375,57262300.0
2016-08-16 00:00:00+00:00,577.4390258789062,58405200.0
2016-08-17 00:00:00+00:00,573.2160034179688,54443000.0
2016-08-18 00:00:00+00:00,574.3179931640625,59896600.0
2016-08-19 00:00:00+00:00,575.6300048828125,50631600.0
2016-08-20 00:00:00+00:00,581.697021484375,45301400.0
2016-08-21 00:00:00+00:00,581.3079833984375,38299400.0
2016-08-22 00:00:00+00:00,586.7529907226562,72844000.0
2016-08-23 00:00:00+00:00,583.4149780273438,85349200.0
2016-08-24 00:00:00+00:00,580.1820068359375,56328200.0
2016-08-25 00:00:00+00:00,577.760986328125,136130000.0
2016-08-26 00:00:00+00:00,579.6510009765625,48856800.0
2016-08-27 00:00:00+00:00,569.947021484375,59698300.0
2016-08-28 00:00:00+00:00,573.9119873046875,86301600.0
2016-08-29 00:00:00+00:00,574.1069946289062,110398000.0
2016-08-30 00:00:00+00:00,577.5029907226562,70342400.0
2016-08-31 00:00:00+00:00,575.4719848632812,75840896.0
2016-09-01 00:00:00+00:00,572.302978515625,76923400.0
2016-09-02 00:00:00+00:00,575.5369873046875,79910800.0
2016-09-03 00:00:00+00:00,598.2119750976562,159014000.0
2016-09-04 00:00:00+00:00,608.6339721679688,97942896.0
2016-09-05 00:00:00+00:00,606.5900268554688,82446800.0
2016-09-06 00:00:00+00:00,610.4359741210938,78529104.0
2016-09-07 00:00:00+00:00,614.5440063476562,75032400.0
2016-09-08 00:00:00+00:00,626.3159790039062,86713000.0
2016-09-09 00:00:00+00:00,622.8610229492188,64550200.0
2016-09-10 00:00:00+00:00,623.5089721679688,45016800.0
2016-09-11 00:00:00+00:00,606.718994140625,73610800.0
2016-09-12 00:00:00+00:00,608.2429809570312,72812304.0
2016-09-13 00:00:00+00:00,609.2410278320312,86920600.0
2016-09-14 00:00:00+00:00,610.6840209960938,47877700.0
2016-09-15 00:00:00+00:00,607.155029296875,59464600.0
2016-09-16 00:00:00+00:00,606.9730224609375,64963400.0
2016-09-17 00:00:00+00:00,605.9840087890625,37140300.0
2016-09-18 00:00:00+00:00,609.8740234375,48679400.0
2016-09-19 00:00:00+00:00,609.2269897460938,54796400.0
2016-09-20 00:00:00+00:00,608.31201171875,72710896.0
2016-09-21 00:00:00+00:00,597.1489868164062,82776200.0
2016-09-22 00:00:00+00:00,596.2979736328125,67085300.0
2016-09-23 00:00:00+00:00,602.8419799804688,51067000.0
2016-09-24 00:00:00+00:00,602.625,35359500.0
2016-09-25 00:00:00+00:00,600.8259887695312,33977800.0
2016-09-26 00:00:00+00:00,608.0430297851562,59153800.0
2016-09-27 00:00:00+00:00,606.166015625,49422400.0
2016-09-28 00:00:00+00:00,604.72802734375,48722600.0
2016-09-29 00:00:00+00:00,605.6929931640625,55658600.0
2016-09-30 00:00:00+00:00,609.7349853515625,56122400.0
2016-10-01 00:00:00+00:00,613.9829711914062,56357000.0
2016-10-02 00:00:00+00:00,610.8920288085938,39249800.0
2016-10-03 00:00:00+00:00,612.1329956054688,46798300.0
2016-10-04 00:00:00+00:00,610.2039794921875,49801600.0
2016-10-05 00:00:00+00:00,612.510986328125,68077504.0
2016-10-06 00:00:00+00:00,613.02099609375,56812100.0
2016-10-07 00:00:00+00:00,617.1209716796875,64071400.0
2016-10-08 00:00:00+00:00,619.1079711914062,42345900.0
2016-10-09 00:00:00+00:00,616.7520141601562,39243400.0
2016-10-10 00:00:00+00:00,618.9940185546875,67481104.0
2016-10-11 00:00:00+00:00,641.072021484375,103590000.0
2016-10-12 00:00:00+00:00,636.1920166015625,92370200.0
2016-10-13 00:00:00+00:00,636.7860107421875,61620700.0
2016-10-14 00:00:00+00:00,640.3779907226562,58144600.0
2016-10-15 00:00:00+00:00,638.64599609375,39035400.0
2016-10-16 00:00:00+00:00,641.6309814453125,40298100.0
2016-10-17 00:00:00+00:00,639.1929931640625,58063600.0
2016-10-18 00:00:00+00:00,637.9600219726562,65546700.0
2016-10-19 00:00:00+00:00,630.52001953125,69381696.0
2016-10-20 00:00:00+00:00,630.8569946289062,56957300.0
2016-10-21 00:00:00+00:00,632.8280029296875,55951000.0
2016-10-22 00:00:00+00:00,657.2940063476562,78556496.0
2016-10-23 00:00:00+00:00,657.0709838867188,54474600.0
2016-10-24 00:00:00+00:00,653.760986328125,62218200.0
2016-10-25 00:00:00+00:00,657.5880126953125,90378800.0
2016-10-26 00:00:00+00:00,678.3040161132812,88877104.0
2016-10-27 00:00:00+00:00,688.31298828125,96105296.0
2016-10-28 00:00:00+00:00,689.6510009765625,81145504.0
2016-10-29 00:00:00+00:00,714.47900390625,134760992.0
2016-10-30 00:00:00+00:00,701.864013671875,100665000.0
2016-10-31 00:00:00+00:00,700.9719848632812,97064400.0
2016-11-01 00:00:00+00:00,729.7930297851562,130527000.0
2016-11-02 00:00:00+00:00,740.8289794921875,84865200.0
2016-11-03 00:00:00+00:00,688.7000122070312,172808000.0
2016-11-04 00:00:00+00:00,703.2349853515625,99907696.0
2016-11-05 00:00:00+00:00,703.4180297851562,53752300.0
2016-11-06 00:00:00+00:00,711.52197265625,59902200.0
2016-11-07 00:00:00+00:00,703.1309814453125,65047100.0
2016-11-08 00:00:00+00:00,709.8480224609375,79660800.0
2016-11-09 00:00:00+00:00,723.2730102539062,132429000.0
2016-11-10 00:00:00+00:00,715.5339965820312,68807800.0
2016-11-11 00:00:00+00:00,716.4110107421875,63119700.0
2016-11-12 00:00:00+00:00,705.0540161132812,64622500.0
2016-11-13 00:00:00+00:00,702.031005859375,80318096.0
2016-11-14 00:00:00+00:00,705.02099609375,62993000.0
2016-11-15 00:00:00+00:00,711.6190185546875,72038496.0
2016-11-16 00:00:00+00:00,744.197998046875,141294000.0
2016-11-17 00:00:00+00:00,740.9769897460938,108579000.0
2016-11-18 00:00:00+00:00,751.5850219726562,87363104.0
2016-11-19 00:00:00+00:00,751.6160278320312,110608000.0
2016-11-20 00:00:00+00:00,731.0260009765625,154116000.0
2016-11-21 00:00:00+00:00,739.2479858398438,60802400.0
2016-11-22 00:00:00+00:00,751.3469848632812,129906000.0
2016-11-23 00:00:00+00:00,744.593994140625,76543800.0
2016-11-24 00:00:00+00:00,740.2890014648438,85919296.0
2016-11-25 00:00:00+00:00,741.6489868164062,67807600.0
2016-11-26 00:00:00+00:00,735.3820190429688,54962700.0
2016-11-27 00:00:00+00:00,732.0349731445312,52601800.0
2016-11-28 00:00:00+00:00,735.81298828125,61888600.0
2016-11-29 00:00:00+00:00,735.60400390625,68511104.0
2016-11-30 00:00:00+00:00,745.6909790039062,84070800.0
2016-12-01 00:00:00+00:00,756.7739868164062,80461904.0
2016-12-02 00:00:00+00:00,777.9439697265625,127605000.0
2016-12-03 00:00:00+00:00,771.155029296875,69547296.0
2016-12-04 00:00:00+00:00,773.8720092773438,60557900.0
2016-12-05 00:00:00+00:00,758.7000122070312,106363000.0
2016-12-06 00:00:00+00:00,764.2239990234375,116218000.0
2016-12-07 00:00:00+00:00,768.1320190429688,96426096.0
2016-12-08 00:00:00+00:00,770.8099975585938,80111904.0
2016-12-09 00:00:00+00:00,772.7940063476562,68705296.0
2016-12-10 00:00:00+00:00,774.6500244140625,53843100.0
2016-12-11 00:00:00+00:00,769.7310180664062,57313400.0
2016-12-12 00:00:00+00:00,780.0869750976562,76571000.0
2016-12-13 00:00:00+00:00,780.5560302734375,81645600.0
2016-12-14 00:00:00+00:00,781.4810180664062,75979000.0
2016-12-15 00:00:00+00:00,778.0880126953125,81580096.0
2016-12-16 00:00:00+00:00,784.906982421875,83608200.0
2016-12-17 00:00:00+00:00,790.8289794921875,78989800.0
2016-12-18 00:00:00+00:00,790.530029296875,60524400.0
2016-12-19 00:00:00+00:00,792.7139892578125,74886400.0
2016-12-20 00:00:00+00:00,800.8759765625,99629296.0
2016-12-21 00:00:00+00:00,834.281005859375,155576000.0
2016-12-22 00:00:00+00:00,864.5399780273438,200027008.0
2016-12-23 00:00:00+00:00,921.9840087890625,275564000.0
2016-12-24 00:00:00+00:00,898.822021484375,137727008.0
2016-12-25 00:00:00+00:00,896.1829833984375,143664992.0
2016-12-26 00:00:00+00:00,907.6099853515625,123771000.0
2016-12-27 00:00:00+00:00,933.197998046875,167308000.0
2016-12-28 00:00:00+00:00,975.9210205078125,236630000.0
2016-12-29 00:00:00+00:00,973.4970092773438,199320000.0
2016-12-30 00:00:00+00:00,961.2379760742188,187474000.0
2016-12-31 00:00:00+00:00,963.7429809570312,99135104.0
2017-01-01 00:00:00+00:00,998.3250122070312,147775008.0
2017-01-02 00:00:00+00:00,1021.75,222184992.0
2017-01-03 00:00:00+00:00,1043.8399658203125,185168000.0
2017-01-04 00:00:00+00:00,1154.72998046875,344945984.0
2017-01-05 00:00:00+00:00,1013.3800048828125,510199008.0
2017-01-06 00:00:00+00:00,902.2009887695312,351876000.0
2017-01-07 00:00:00+00:00,908.5850219726562,279550016.0
2017-01-08 00:00:00+00:00,911.198974609375,158715008.0
2017-01-09 00:00:00+00:00,902.8280029296875,141876992.0
2017-01-10 00:00:00+00:00,907.6790161132812,115808000.0
2017-01-11 00:00:00+00:00,777.7570190429688,310928992.0
2017-01-12 00:00:00+00:00,804.833984375,222326000.0
2017-01-13 00:00:00+00:00,823.9840087890625,168968000.0
2017-01-14 00:00:00+00:00,818.4119873046875,93063296.0
2017-01-15 00:00:00+00:00,821.7979736328125,71013600.0
2017-01-16 00:00:00+00:00,831.5339965820312,82755200.0
2017-01-17 00:00:00+00:00,907.93798828125,155095008.0
2017-01-18 00:00:00+00:00,886.6179809570312,225676992.0
2017-01-19 00:00:00+00:00,899.072998046875,105625000.0
2017-01-20 00:00:00+00:00,895.0260009765625,86728400.0
2017-01-21 00:00:00+00:00,921.7890014648438,111158000.0
2017-01-22 00:00:00+00:00,924.6729736328125,116573000.0
2017-01-23 00:00:00+00:00,921.0120239257812,73588600.0
2017-01-24 00:00:00+00:00,892.68701171875,111349000.0
2017-01-25 00:00:00+00:00,901.5419921875,120831000.0
2017-01-26 00:00:00+00:00,917.5859985351562,131958000.0
2017-01-27 00:00:00+00:00,919.75,125594000.0
2017-01-28 00:00:00+00:00,921.5900268554688,68979600.0
2017-01-29 00:00:00+00:00,919.4959716796875,60851700.0
2017-01-30 00:00:00+00:00,920.3820190429688,78227296.0
2017-01-31 00:00:00+00:00,970.4030151367188,164582000.0
2017-02-01 00:00:00+00:00,989.0230102539062,150110000.0
2017-02-02 00:00:00+00:00,1011.7999877929688,145820992.0
2017-02-03 00:00:00+00:00,1029.9100341796875,201278000.0
2017-02-04 00:00:00+00:00,1042.9000244140625,155064000.0
2017-02-05 00:00:00+00:00,1027.3399658203125,114208000.0
2017-02-06 00:00:00+00:00,1038.1500244140625,111762000.0
2017-02-07 00:00:00+00:00,1061.3499755859375,146007008.0
2017-02-08 00:00:00+00:00,1063.0699462890625,201855008.0
2017-02-09 00:00:00+00:00,994.3829956054688,407220000.0
2017-02-10 00:00:00+00:00,988.6740112304688,190452000.0
2017-02-11 00:00:00+00:00,1004.4500122070312,102261000.0
2017-02-12 00:00:00+00:00,999.1810302734375,67530000.0
2017-02-13 00:00:00+00:00,990.6420288085938,100607000.0
2017-02-14 00:00:00+00:00,1004.5499877929688,137946000.0
2017-02-15 00:00:00+00:00,1007.47998046875,89759400.0
2017-02-16 00:00:00+00:00,1027.43994140625,122277000.0
2017-02-17 00:00:00+00:00,1046.2099609375,136474000.0
2017-02-18 00:00:00+00:00,1054.4200439453125,99073504.0
2017-02-19 00:00:00+00:00,1047.8699951171875,77423296.0
2017-02-20 00:00:00+00:00,1079.97998046875,109478000.0
2017-02-21 00:00:00+00:00,1115.300048828125,186868992.0
2017-02-22 00:00:00+00:00,1117.43994140625,136100000.0
2017-02-23 00:00:00+00:00,1166.719970703125,189454000.0
2017-02-24 00:00:00+00:00,1173.6800537109375,330759008.0
2017-02-25 00:00:00+00:00,1143.8399658203125,139960992.0
2017-02-26 00:00:00+00:00,1165.199951171875,116486000.0
2017-02-27 00:00:00+00:00,1179.969970703125,131570000.0
2017-02-28 00:00:00+00:00,1179.969970703125,184956000.0
2017-03-01 00:00:00+00:00,1222.5,229056992.0
2017-03-02 00:00:00+00:00,1251.010009765625,368275008.0
2017-03-03 00:00:00+00:00,1274.989990234375,315739008.0
2017-03-04 00:00:00+00:00,1255.1500244140625,183270000.0
2017-03-05 00:00:00+00:00,1267.1199951171875,134127000.0
2017-03-06 00:00:00+00:00,1272.8299560546875,153656992.0
2017-03-07 00:00:00+00:00,1223.5400390625,291256000.0
2017-03-08 00:00:00+00:00,1150.0,332603008.0
2017-03-09 00:00:00+00:00,1188.489990234375,212283008.0
2017-03-10 00:00:00+00:00,1116.719970703125,563795968.0
2017-03-11 00:00:00+00:00,1175.8299560546875,283320000.0
2017-03-12 00:00:00+00:00,1221.3800048828125,227176000.0
2017-03-13 00:00:00+00:00,1231.9200439453125,380276992.0
2017-03-14 00:00:00+00:00,1240.0,245306000.0
2017-03-15 00:00:00+00:00,1249.6099853515625,297804992.0
2017-03-16 00:00:00+00:00,1187.81005859375,638568000.0
2017-03-17 00:00:00+00:00,1100.22998046875,706598976.0
2017-03-18 00:00:00+00:00,973.8179931640625,621302016.0
2017-03-19 00:00:00+00:00,1036.739990234375,406648000.0
2017-03-20 00:00:00+00:00,1054.22998046875,286529984.0
2017-03-21 00:00:00+00:00,1120.5400390625,337391008.0
2017-03-22 00:00:00+00:00,1049.1400146484375,380840992.0
2017-03-23 00:00:00+00:00,1038.5899658203125,248540000.0
2017-03-24 00:00:00+00:00,937.52001953125,491038016.0
2017-03-25 00:00:00+00:00,972.7789916992188,435803008.0
2017-03-26 00:00:00+00:00,966.7249755859375,303668000.0
2017-03-27 00:00:00+00:00,1045.77001953125,372535008.0
2017-03-28 00:00:00+00:00,1047.1500244140625,326332000.0
2017-03-29 00:00:00+00:00,1039.969970703125,298457984.0
2017-03-30 00:00:00+00:00,1026.4300537109375,352968992.0
2017-03-31 00:00:00+00:00,1071.7900390625,447287008.0
2017-04-01 00:00:00+00:00,1080.5,289633984.0
2017-04-02 00:00:00+00:00,1102.1700439453125,514187008.0
2017-04-03 00:00:00+00:00,1143.81005859375,580444032.0
2017-04-04 00:00:00+00:00,1133.25,436310016.0
2017-04-05 00:00:00+00:00,1124.780029296875,414784000.0
2017-04-06 00:00:00+00:00,1182.6800537109375,511222016.0
2017-04-07 00:00:00+00:00,1176.9000244140625,317022016.0
2017-04-08 00:00:00+00:00,1175.949951171875,209312000.0
2017-04-09 00:00:00+00:00,1187.8699951171875,242343008.0
2017-04-10 00:00:00+00:00,1187.1300048828125,215883008.0
2017-04-11 00:00:00+00:00,1205.010009765625,216182000.0
2017-04-12 00:00:00+00:00,1200.3699951171875,288702016.0
2017-04-13 00:00:00+00:00,1169.280029296875,351968992.0
2017-04-14 00:00:00+00:00,1167.5400390625,254827008.0
2017-04-15 00:00:00+00:00,1172.52001953125,203559008.0
2017-04-16 00:00:00+00:00,1182.93994140625,183231008.0
2017-04-17 00:00:00+00:00,1193.9100341796875,253206000.0
2017-04-18 00:00:00+00:00,1211.6700439453125,270524000.0
2017-04-19 00:00:00+00:00,1210.2900390625,288060992.0
2017-04-20 00:00:00+00:00,1229.0799560546875,315108000.0
2017-04-21 00:00:00+00:00,1222.050048828125,272167008.0
2017-04-22 00:00:00+00:00,1231.7099609375,249320000.0
2017-04-23 00:00:00+00:00,1207.2099609375,258951008.0
2017-04-24 00:00:00+00:00,1250.1500244140625,235806000.0
2017-04-25 00:00:00+00:00,1265.489990234375,242556000.0
2017-04-26 00:00:00+00:00,1281.0799560546875,329631008.0
2017-04-27 00:00:00+00:00,1317.72998046875,449196992.0
2017-04-28 00:00:00+00:00,1316.47998046875,527488992.0
2017-04-29 00:00:00+00:00,1321.7900390625,422705984.0
2017-04-30 00:00:00+00:00,1347.8900146484375,413115008.0
2017-05-01 00:00:00+00:00,1421.5999755859375,713624000.0
2017-05-02 00:00:00+00:00,1452.8199462890625,477337984.0
2017-05-03 00:00:00+00:00,1490.0899658203125,583795968.0
2017-05-04 00:00:00+00:00,1537.6700439453125,933548992.0
2017-05-05 00:00:00+00:00,1555.449951171875,946035968.0
2017-05-06 00:00:00+00:00,1578.800048828125,582529984.0
2017-05-07 00:00:00+00:00,1596.7099609375,1080029952.0
2017-05-08 00:00:00+00:00,1723.3499755859375,1340320000.0
2017-05-09 00:00:00+00:00,1755.3599853515625,1167920000.0
2017-05-10 00:00:00+00:00,1787.1300048828125,915723008.0
2017-05-11 00:00:00+00:00,1848.5699462890625,799489984.0
2017-05-12 00:00:00+00:00,1724.239990234375,740984000.0
2017-05-13 00:00:00+00:00,1804.9100341796875,579635008.0
2017-05-14 00:00:00+00:00,1808.9100341796875,437196000.0
2017-05-15 00:00:00+00:00,1738.4300537109375,731529024.0
2017-05-16 00:00:00+00:00,1734.449951171875,959044992.0
2017-05-17 00:00:00+00:00,1839.0899658203125,1064729984.0
2017-05-18 00:00:00+00:00,1888.6500244140625,894321024.0
2017-05-19 00:00:00+00:00,1987.7099609375,1157289984.0
2017-05-20 00:00:00+00:00,2084.72998046875,961336000.0
2017-05-21 00:00:00+00:00,2041.199951171875,1147859968.0
2017-05-22 00:00:00+00:00,2173.39990234375,1942220032.0
2017-05-23 00:00:00+00:00,2320.419921875,1378749952.0
2017-05-24 00:00:00+00:00,2443.639892578125,1725379968.0
2017-05-25 00:00:00+00:00,2304.97998046875,2406700032.0
2017-05-26 00:00:00+00:00,2202.419921875,1763480064.0
2017-05-27 00:00:00+00:00,2038.8699951171875,1700480000.0
2017-05-28 00:00:00+00:00,2155.800048828125,1147139968.0
2017-05-29 00:00:00+00:00,2255.610107421875,994625024.0
2017-05-30 00:00:00+00:00,2175.469970703125,1443970048.0
2017-05-31 00:00:00+00:00,2286.409912109375,1544829952.0
2017-06-01 00:00:00+00:00,2407.8798828125,1653180032.0
2017-06-02 00:00:00+00:00,2488.550048828125,1317030016.0
2017-06-03 00:00:00+00:00,2515.35009765625,1514950016.0
2017-06-04 00:00:00+00:00,2511.81005859375,1355120000.0
2017-06-05 00:00:00+00:00,2686.81005859375,1369309952.0
2017-06-06 00:00:00+00:00,2863.199951171875,2089609984.0
2017-06-07 00:00:00+00:00,2732.159912109375,1517709952.0
2017-06-08 00:00:00+00:00,2805.6201171875,1281170048.0
2017-06-09 00:00:00+00:00,2823.81005859375,1348950016.0
2017-06-10 00:00:00+00:00,2947.7099609375,2018889984.0
2017-06-11 00:00:00+00:00,2958.110107421875,1752400000.0
2017-06-12 00:00:00+00:00,2659.6298828125,2569530112.0
2017-06-13 00:00:00+00:00,2717.02001953125,1781200000.0
2017-06-14 00:00:00+00:00,2506.3701171875,1696560000.0
2017-06-15 00:00:00+00:00,2464.580078125,2026259968.0
2017-06-16 00:00:00+00:00,2518.56005859375,1195190016.0
2017-06-17 00:00:00+00:00,2655.8798828125,1534509952.0
2017-06-18 00:00:00+00:00,2548.2900390625,1178659968.0
2017-06-19 00:00:00+00:00,2589.60009765625,1446840064.0
2017-06-20 00:00:00+00:00,2721.7900390625,1854189952.0
2017-06-21 00:00:00+00:00,2689.10009765625,1626579968.0
2017-06-22 00:00:00+00:00,2705.409912109375,1097939968.0
2017-06-23 00:00:00+00:00,2744.909912109375,961318976.0
2017-06-24 00:00:00+00:00,2608.719970703125,982750016.0
2017-06-25 00:00:00+00:00,2589.409912109375,1161100032.0
2017-06-26 00:00:00+00:00,2478.449951171875,1663280000.0
2017-06-27 00:00:00+00:00,2552.449951171875,1489789952.0
2017-06-28 00:00:00+00:00,2574.7900390625,1183869952.0
2017-06-29 00:00:00+00:00,2539.320068359375,949979008.0
2017-06-30 00:00:00+00:00,2480.840087890625,860273024.0
2017-07-01 00:00:00+00:00,2434.550048828125,779913984.0
2017-07-02 00:00:00+00:00,2506.469970703125,803747008.0
2017-07-03 00:00:00+00:00,2564.06005859375,964112000.0
2017-07-04 00:00:00+00:00,2601.639892578125,985516032.0
2017-07-05 00:00:00+00:00,2601.989990234375,941566016.0
2017-07-06 00:00:00+00:00,2608.56005859375,761956992.0
2017-07-07 00:00:00+00:00,2518.659912109375,917411968.0
2017-07-08 00:00:00+00:00,2571.340087890625,733329984.0
2017-07-09 00:00:00+00:00,2518.43994140625,527856000.0
2017-07-10 00:00:00+00:00,2372.56005859375,1111200000.0
2017-07-11 00:00:00+00:00,2337.7900390625,1329760000.0
2017-07-12 00:00:00+00:00,2398.840087890625,1117410048.0
2017-07-13 00:00:00+00:00,2357.89990234375,835769984.0
2017-07-14 00:00:00+00:00,2233.340087890625,882502976.0
2017-07-15 00:00:00+00:00,1998.8599853515625,993608000.0
2017-07-16 00:00:00+00:00,1929.8199462890625,1182870016.0
2017-07-17 00:00:00+00:00,2228.409912109375,1201760000.0
2017-07-18 00:00:00+00:00,2318.8798828125,1512450048.0
2017-07-19 00:00:00+00:00,2273.429931640625,1245100032.0
2017-07-20 00:00:00+00:00,2817.60009765625,2249260032.0
2017-07-21 00:00:00+00:00,2667.760009765625,1489449984.0
2017-07-22 00:00:00+00:00,2810.1201171875,1177129984.0
2017-07-23 00:00:00+00:00,2730.39990234375,1072840000.0
2017-07-24 00:00:00+00:00,2754.860107421875,866473984.0
2017-07-25 00:00:00+00:00,2576.47998046875,1460089984.0
2017-07-26 00:00:00+00:00,2529.449951171875,937404032.0
2017-07-27 00:00:00+00:00,2671.780029296875,789104000.0
2017-07-28 00:00:00+00:00,2809.010009765625,1380099968.0
2017-07-29 00:00:00+00:00,2726.449951171875,803745984.0
2017-07-30 00:00:00+00:00,2757.179931640625,705942976.0
2017-07-31 00:00:00+00:00,2875.340087890625,860574976.0
2017-08-01 00:00:00+00:00,2718.260009765625,1324669952.0
2017-08-02 00:00:00+00:00,2710.669921875,1094950016.0
2017-08-03 00:00:00+00:00,2804.72998046875,804796992.0
2017-08-04 00:00:00+00:00,2895.889892578125,1002120000.0
2017-08-05 00:00:00+00:00,3252.909912109375,1945699968.0
2017-08-06 00:00:00+00:00,3213.93994140625,1105030016.0
2017-08-07 00:00:00+00:00,3378.93994140625,1482279936.0
2017-08-08 00:00:00+00:00,3419.93994140625,1752760064.0
2017-08-09 00:00:00+00:00,3342.469970703125,1468960000.0
2017-08-10 00:00:00+00:00,3381.280029296875,1515110016.0
2017-08-11 00:00:00+00:00,3650.6201171875,2021190016.0
2017-08-12 00:00:00+00:00,3884.7099609375,2219589888.0
2017-08-13 00:00:00+00:00,4073.260009765625,3159089920.0
2017-08-14 00:00:00+00:00,4325.1298828125,2463089920.0
2017-08-15 00:00:00+00:00,4181.93017578125,3258050048.0
2017-08-16 00:00:00+00:00,4376.6298828125,2272039936.0
2017-08-17 00:00:00+00:00,4331.68994140625,2553359872.0
2017-08-18 00:00:00+00:00,4160.6201171875,2941710080.0
2017-08-19 00:00:00+00:00,4193.7001953125,2975820032.0
2017-08-20 00:00:00+00:00,4087.659912109375,2109769984.0
2017-08-21 00:00:00+00:00,4001.739990234375,2800890112.0
2017-08-22 00:00:00+00:00,4100.52001953125,3764239872.0
2017-08-23 00:00:00+00:00,4151.52001953125,2369819904.0
2017-08-24 00:00:00+00:00,4334.68017578125,2037750016.0
2017-08-25 00:00:00+00:00,4371.60009765625,1727970048.0
2017-08-26 00:00:00+00:00,4352.39990234375,1511609984.0
2017-08-27 00:00:00+00:00,4382.8798828125,1537459968.0
2017-08-28 00:00:00+00:00,4382.66015625,1959330048.0
2017-08-29 00:00:00+00:00,4579.02001953125,2486080000.0
2017-08-30 00:00:00+00:00,4565.2998046875,1937849984.0
2017-08-31 00:00:00+00:00,4703.39013671875,1944930048.0
2017-09-01 00:00:00+00:00,4892.009765625,2599079936.0
2017-09-02 00:00:00+00:00,4578.77001953125,2722139904.0
2017-09-03 00:00:00+00:00,4582.9599609375,1933190016.0
2017-09-04 00:00:00+00:00,4236.31005859375,2987330048.0
2017-09-05 00:00:00+00:00,4376.52978515625,2697969920.0
2017-09-06 00:00:00+00:00,4597.1201171875,2172100096.0
2017-09-07 00:00:00+00:00,4599.8798828125,1844620032.0
2017-09-08 00:00:00+00:00,4228.75,2700890112.0
2017-09-09 00:00:00+00:00,4226.06005859375,1386230016.0
2017-09-10 00:00:00+00:00,4122.93994140625,1679090048.0
2017-09-11 00:00:00+00:00,4161.27001953125,1557330048.0
2017-09-12 00:00:00+00:00,4130.81005859375,1864530048.0
2017-09-13 00:00:00+00:00,3882.590087890625,2219409920.0
2017-09-14 00:00:00+00:00,3154.949951171875,2716310016.0
2017-09-15 00:00:00+00:00,3637.52001953125,4148069888.0
2017-09-16 00:00:00+00:00,3625.0400390625,1818400000.0
2017-09-17 00:00:00+00:00,3582.8798828125,1239149952.0
2017-09-18 00:00:00+00:00,4065.199951171875,1943209984.0
2017-09-19 00:00:00+00:00,3924.969970703125,1563980032.0
2017-09-20 00:00:00+00:00,3905.949951171875,1213830016.0
2017-09-21 00:00:00+00:00,3631.0400390625,1411480064.0
2017-09-22 00:00:00+00:00,3630.699951171875,1194829952.0
2017-09-23 00:00:00+00:00,3792.39990234375,928113984.0
2017-09-24 00:00:00+00:00,3682.840087890625,768014976.0
2017-09-25 00:00:00+00:00,3926.070068359375,1374210048.0
2017-09-26 00:00:00+00:00,3892.35009765625,1043740032.0
2017-09-27 00:00:00+00:00,4200.669921875,1686880000.0
2017-09-28 00:00:00+00:00,4174.72998046875,1712320000.0
2017-09-29 00:00:00+00:00,4163.06982421875,1367049984.0
2017-09-30 00:00:00+00:00,4338.7099609375,1207449984.0
2017-10-01 00:00:00+00:00,4403.740234375,1208210048.0
2017-10-02 00:00:00+00:00,4409.31982421875,1431730048.0
2017-10-03 00:00:00+00:00,4317.47998046875,1288019968.0
2017-10-04 00:00:00+00:00,4229.35986328125,1116770048.0
2017-10-05 00:00:00+00:00,4328.41015625,1161769984.0
2017-10-06 00:00:00+00:00,4370.81005859375,1069939968.0
2017-10-07 00:00:00+00:00,4426.89013671875,906928000.0
2017-10-08 00:00:00+00:00,4610.47998046875,1313869952.0
2017-10-09 00:00:00+00:00,4772.02001953125,1968739968.0
2017-10-10 00:00:00+00:00,4781.990234375,1597139968.0
2017-10-11 00:00:00+00:00,4826.47998046875,1222279936.0
2017-10-12 00:00:00+00:00,5446.91015625,2791610112.0
2017-10-13 00:00:00+00:00,5647.2099609375,3615480064.0
2017-10-14 00:00:00+00:00,5831.7900390625,1669030016.0
2017-10-15 00:00:00+00:00,5678.18994140625,1976039936.0
2017-10-16 00:00:00+00:00,5725.58984375,2008070016.0
2017-10-17 00:00:00+00:00,5605.509765625,1821570048.0
2017-10-18 00:00:00+00:00,5590.68994140625,2399269888.0
2017-10-19 00:00:00+00:00,5708.52001953125,1780540032.0
2017-10-20 00:00:00+00:00,6011.4501953125,2354429952.0
2017-10-21 00:00:00+00:00,6031.60009765625,2207099904.0
2017-10-22 00:00:00+00:00,6008.419921875,2034630016.0
2017-10-23 00:00:00+00:00,5930.31982421875,2401840128.0
2017-10-24 00:00:00+00:00,5526.64013671875,2735699968.0
2017-10-25 00:00:00+00:00,5750.7998046875,1966989952.0
2017-10-26 00:00:00+00:00,5904.830078125,1905040000.0
2017-10-27 00:00:00+00:00,5780.89990234375,1710130048.0
2017-10-28 00:00:00+00:00,5753.08984375,1403920000.0
2017-10-29 00:00:00+00:00,6153.85009765625,2859040000.0
2017-10-30 00:00:00+00:00,6130.52978515625,1772150016.0
2017-10-31 00:00:00+00:00,6468.39990234375,2311379968.0
2017-11-01 00:00:00+00:00,6767.31005859375,2870320128.0
2017-11-02 00:00:00+00:00,7078.5,4653770240.0
2017-11-03 00:00:00+00:00,7207.759765625,3369860096.0
2017-11-04 00:00:00+00:00,7379.9501953125,2483800064.0
2017-11-05 00:00:00+00:00,7407.41015625,2380410112.0
2017-11-06 00:00:00+00:00,7022.759765625,3111899904.0
2017-11-07 00:00:00+00:00,7144.3798828125,2326340096.0
2017-11-08 00:00:00+00:00,7459.68994140625,4602200064.0
2017-11-09 00:00:00+00:00,7143.580078125,3226249984.0
2017-11-10 00:00:00+00:00,6618.14013671875,5208249856.0
2017-11-11 00:00:00+00:00,6357.60009765625,4908680192.0
2017-11-12 00:00:00+00:00,5950.06982421875,8957349888.0
2017-11-13 00:00:00+00:00,6559.490234375,6263249920.0
2017-11-14 00:00:00+00:00,6635.75,3197110016.0
2017-11-15 00:00:00+00:00,7315.5400390625,4200880128.0
2017-11-16 00:00:00+00:00,7871.68994140625,5123809792.0
2017-11-17 00:00:00+00:00,7708.990234375,4651670016.0
2017-11-18 00:00:00+00:00,7790.14990234375,3667190016.0
2017-11-19 00:00:00+00:00,8036.490234375,3149319936.0
2017-11-20 00:00:00+00:00,8200.6396484375,3488450048.0
2017-11-21 00:00:00+00:00,8071.259765625,4277609984.0
2017-11-22 00:00:00+00:00,8253.5498046875,3633530112.0
2017-11-23 00:00:00+00:00,8038.77001953125,4225179904.0
2017-11-24 00:00:00+00:00,8253.6904296875,5058610176.0
2017-11-25 00:00:00+00:00,8790.919921875,4342060032.0
2017-11-26 00:00:00+00:00,9330.5498046875,5475579904.0
2017-11-27 00:00:00+00:00,9818.349609375,5653320192.0
2017-11-28 00:00:00+00:00,10058.7998046875,6348819968.0
2017-11-29 00:00:00+00:00,9888.6103515625,11568799744.0
2017-11-30 00:00:00+00:00,10233.599609375,8310689792.0
2017-12-01 00:00:00+00:00,10975.599609375,6783119872.0
2017-12-02 00:00:00+00:00,11074.599609375,5138500096.0
2017-12-03 00:00:00+00:00,11323.2001953125,6608309760.0
2017-12-04 00:00:00+00:00,11657.2001953125,6132409856.0
2017-12-05 00:00:00+00:00,11916.7001953125,6895260160.0
2017-12-06 00:00:00+00:00,14291.5,12656300032.0
2017-12-07 00:00:00+00:00,17899.69921875,17950699520.0
2017-12-08 00:00:00+00:00,16569.400390625,21135998976.0
2017-12-09 00:00:00+00:00,15178.2001953125,13911300096.0
2017-12-10 00:00:00+00:00,15455.400390625,13433299968.0
2017-12-11 00:00:00+00:00,16936.80078125,12153900032.0
2017-12-12 00:00:00+00:00,17415.400390625,14603799552.0
2017-12-13 00:00:00+00:00,16408.19921875,12976900096.0
2017-12-14 00:00:00+00:00,16564.0,13777399808.0
2017-12-15 00:00:00+00:00,17706.900390625,14309999616.0
2017-12-16 00:00:00+00:00,19497.400390625,12740599808.0
2017-12-17 00:00:00+00:00,19140.80078125,13314599936.0
2017-12-18 00:00:00+00:00,19114.19921875,14839499776.0
2017-12-19 00:00:00+00:00,17776.69921875,16894499840.0
2017-12-20 00:00:00+00:00,16624.599609375,22149699584.0
2017-12-21 00:00:00+00:00,15802.900390625,16516599808.0
2017-12-22 00:00:00+00:00,13831.7998046875,22197999616.0
2017-12-23 00:00:00+00:00,14699.2001953125,13086000128.0
2017-12-24 00:00:00+00:00,13925.7998046875,11572299776.0
2017-12-25 00:00:00+00:00,14026.599609375,10664699904.0
2017-12-26 00:00:00+00:00,16099.7998046875,13454300160.0
2017-12-27 00:00:00+00:00,15838.5,12487600128.0
2017-12-28 00:00:00+00:00,14606.5,12336499712.0
2017-12-29 00:00:00+00:00,14656.2001953125,13025500160.0
2017-12-30 00:00:00+00:00,12952.2001953125,14452599808.0
2017-12-31 00:00:00+00:00,14156.400390625,12136299520.0
2018-01-01 00:00:00+00:00,13657.2001953125,10291200000.0
2018-01-02 00:00:00+00:00,14982.099609375,16846600192.0
2018-01-03 00:00:00+00:00,15201.0,16871900160.0
2018-01-04 00:00:00+00:00,15599.2001953125,21783199744.0
2018-01-05 00:00:00+00:00,17429.5,23840899072.0
2018-01-06 00:00:00+00:00,17527.0,18314600448.0
2018-01-07 00:00:00+00:00,16477.599609375,15866000384.0
2018-01-08 00:00:00+00:00,15170.099609375,18413899776.0
2018-01-09 00:00:00+00:00,14595.400390625,16659999744.0
2018-01-10 00:00:00+00:00,14973.2998046875,18500800512.0
2018-01-11 00:00:00+00:00,13405.7998046875,16534099968.0
2018-01-12 00:00:00+00:00,13980.599609375,12065699840.0
2018-01-13 00:00:00+00:00,14360.2001953125,12763599872.0
2018-01-14 00:00:00+00:00,13772.0,11084099584.0
2018-01-15 00:00:00+00:00,13819.7998046875,12750799872.0
2018-01-16 00:00:00+00:00,11490.5,18853799936.0
2018-01-17 00:00:00+00:00,11188.599609375,18830600192.0
2018-01-18 00:00:00+00:00,11474.900390625,15020399616.0
2018-01-19 00:00:00+00:00,11607.400390625,10740400128.0
2018-01-20 00:00:00+00:00,12899.2001953125,11801700352.0
2018-01-21 00:00:00+00:00,11600.099609375,9935179776.0
2018-01-22 00:00:00+00:00,10931.400390625,10537400320.0
2018-01-23 00:00:00+00:00,10868.400390625,9660609536.0
2018-01-24 00:00:00+00:00,11359.400390625,9940989952.0
2018-01-25 00:00:00+00:00,11259.400390625,8873169920.0
2018-01-26 00:00:00+00:00,11171.400390625,9746199552.0
2018-01-27 00:00:00+00:00,11440.7001953125,7583269888.0
2018-01-28 00:00:00+00:00,11786.2998046875,8350360064.0
2018-01-29 00:00:00+00:00,11296.400390625,7107359744.0
2018-01-30 00:00:00+00:00,10106.2998046875,8637859840.0
2018-01-31 00:00:00+00:00,10221.099609375,8041160192.0
2018-02-01 00:00:00+00:00,9170.5400390625,9959400448.0
2018-02-02 00:00:00+00:00,8830.75,12726899712.0
2018-02-03 00:00:00+00:00,9174.91015625,7263790080.0
2018-02-04 00:00:00+00:00,8277.009765625,7073549824.0
2018-02-05 00:00:00+00:00,6955.27001953125,9285289984.0
2018-02-06 00:00:00+00:00,7754.0,13999800320.0
2018-02-07 00:00:00+00:00,7621.2998046875,9169280000.0
2018-02-08 00:00:00+00:00,8265.58984375,9346750464.0
2018-02-09 00:00:00+00:00,8736.98046875,6784820224.0
2018-02-10 00:00:00+00:00,8621.900390625,7780960256.0
2018-02-11 00:00:00+00:00,8129.97021484375,6122189824.0
2018-02-12 00:00:00+00:00,8926.5703125,6256439808.0
2018-02-13 00:00:00+00:00,8598.3095703125,5696719872.0
2018-02-14 00:00:00+00:00,9494.6298828125,7909819904.0
2018-02-15 00:00:00+00:00,10166.400390625,9062540288.0
2018-02-16 00:00:00+00:00,10233.900390625,7296159744.0
2018-02-17 00:00:00+00:00,11112.7001953125,8660880384.0
2018-02-18 00:00:00+00:00,10551.7998046875,8744009728.0
2018-02-19 00:00:00+00:00,11225.2998046875,7652089856.0
2018-02-20 00:00:00+00:00,11403.7001953125,9926540288.0
2018-02-21 00:00:00+00:00,10690.400390625,9405339648.0
2018-02-22 00:00:00+00:00,10005.0,8040079872.0
2018-02-23 00:00:00+00:00,10301.099609375,7739500032.0
2018-02-24 00:00:00+00:00,9813.0703125,6917929984.0
2018-02-25 00:00:00+00:00,9664.73046875,5706939904.0
2018-02-26 00:00:00+00:00,10366.7001953125,7287690240.0
2018-02-27 00:00:00+00:00,10725.599609375,6966179840.0
2018-02-28 00:00:00+00:00,10397.900390625,6936189952.0
2018-03-01 00:00:00+00:00,10951.0,7317279744.0
2018-03-02 00:00:00+00:00,11086.400390625,7620590080.0
2018-03-03 00:00:00+00:00,11489.7001953125,6690570240.0
2018-03-04 00:00:00+00:00,11512.599609375,6084149760.0
2018-03-05 00:00:00+00:00,11573.2998046875,6468539904.0
2018-03-06 00:00:00+00:00,10779.900390625,6832169984.0
2018-03-07 00:00:00+00:00,9965.5703125,8797910016.0
2018-03-08 00:00:00+00:00,9395.009765625,7186089984.0
2018-03-09 00:00:00+00:00,9337.5498046875,8704190464.0
2018-03-10 00:00:00+00:00,8866.0,5386319872.0
2018-03-11 00:00:00+00:00,9578.6298828125,6296370176.0
2018-03-12 00:00:00+00:00,9205.1201171875,6457399808.0
2018-03-13 00:00:00+00:00,9194.849609375,5991139840.0
2018-03-14 00:00:00+00:00,8269.8095703125,6438230016.0
2018-03-15 00:00:00+00:00,8300.8603515625,6834429952.0
2018-03-16 00:00:00+00:00,8338.349609375,5289379840.0
2018-03-17 00:00:00+00:00,7916.8798828125,4426149888.0
2018-03-18 00:00:00+00:00,8223.6796875,6639190016.0
2018-03-19 00:00:00+00:00,8630.650390625,6729110016.0
2018-03-20 00:00:00+00:00,8913.4697265625,6361789952.0
2018-03-21 00:00:00+00:00,8929.2802734375,6043129856.0
2018-03-22 00:00:00+00:00,8728.4697265625,5530390016.0
2018-03-23 00:00:00+00:00,8879.6201171875,5954120192.0
2018-03-24 00:00:00+00:00,8668.1201171875,5664600064.0
2018-03-25 00:00:00+00:00,8495.7802734375,4569880064.0
2018-03-26 00:00:00+00:00,8209.400390625,5921039872.0
2018-03-27 00:00:00+00:00,7833.0400390625,5378250240.0
2018-03-28 00:00:00+00:00,7954.47998046875,4935289856.0
2018-03-29 00:00:00+00:00,7165.7001953125,6361229824.0
2018-03-30 00:00:00+00:00,6890.52001953125,6289509888.0
2018-03-31 00:00:00+00:00,6973.52978515625,4553269760.0
2018-04-01 00:00:00+00:00,6844.22998046875,4532100096.0
2018-04-02 00:00:00+00:00,7083.7998046875,4333440000.0
2018-04-03 00:00:00+00:00,7456.10986328125,5499700224.0
2018-04-04 00:00:00+00:00,6853.83984375,4936000000.0
2018-04-05 00:00:00+00:00,6811.47021484375,5639320064.0
2018-04-06 00:00:00+00:00,6636.31982421875,3766810112.0
2018-04-07 00:00:00+00:00,6911.08984375,3976610048.0
2018-04-08 00:00:00+00:00,7023.52001953125,3652499968.0
2018-04-09 00:00:00+00:00,6770.72998046875,4894060032.0
2018-04-10 00:00:00+00:00,6834.759765625,4272750080.0
2018-04-11 00:00:00+00:00,6968.31982421875,4641889792.0
2018-04-12 00:00:00+00:00,7889.25,8906250240.0
2018-04-13 00:00:00+00:00,7895.9599609375,7764460032.0
2018-04-14 00:00:00+00:00,7986.240234375,5191430144.0
2018-04-15 00:00:00+00:00,8329.1103515625,5244480000.0
2018-04-16 00:00:00+00:00,8058.669921875,5631309824.0
2018-04-17 00:00:00+00:00,7902.08984375,6900879872.0
2018-04-18 00:00:00+00:00,8163.419921875,6529909760.0
2018-04-19 00:00:00+00:00,8294.3095703125,7063209984.0
2018-04-20 00:00:00+00:00,8845.830078125,8438110208.0
2018-04-21 00:00:00+00:00,8895.580078125,7548550144.0
2018-04-22 00:00:00+00:00,8802.4599609375,6629899776.0
2018-04-23 00:00:00+00:00,8930.8798828125,6925190144.0
2018-04-24 00:00:00+00:00,9697.5,10678800384.0
2018-04-25 00:00:00+00:00,8845.740234375,11083100160.0
2018-04-26 00:00:00+00:00,9281.509765625,8970559488.0
2018-04-27 00:00:00+00:00,8987.0498046875,7566289920.0
2018-04-28 00:00:00+00:00,9348.48046875,7805479936.0
2018-04-29 00:00:00+00:00,9419.080078125,8853000192.0
2018-04-30 00:00:00+00:00,9240.5498046875,8673920000.0
2018-05-01 00:00:00+00:00,9119.009765625,7713019904.0
2018-05-02 00:00:00+00:00,9235.919921875,7558159872.0
2018-05-03 00:00:00+00:00,9743.8603515625,10207299584.0
2018-05-04 00:00:00+00:00,9700.759765625,8217829888.0
2018-05-05 00:00:00+00:00,9858.150390625,7651939840.0
2018-05-06 00:00:00+00:00,9654.7998046875,7222280192.0
2018-05-07 00:00:00+00:00,9373.009765625,7394019840.0
2018-05-08 00:00:00+00:00,9234.8203125,7415869952.0
2018-05-09 00:00:00+00:00,9325.1796875,7226890240.0
2018-05-10 00:00:00+00:00,9043.9404296875,6906699776.0
2018-05-11 00:00:00+00:00,8441.490234375,8488520192.0
2018-05-12 00:00:00+00:00,8504.8896484375,6821380096.0
2018-05-13 00:00:00+00:00,8723.9404296875,5866379776.0
2018-05-14 00:00:00+00:00,8716.7900390625,7364149760.0
2018-05-15 00:00:00+00:00,8510.3798828125,6705710080.0
2018-05-16 00:00:00+00:00,8368.830078125,6760220160.0
2018-05-17 00:00:00+00:00,8094.31982421875,5862530048.0
2018-05-18 00:00:00+00:00,8250.9697265625,5764190208.0
2018-05-19 00:00:00+00:00,8247.1796875,4712399872.0
2018-05-20 00:00:00+00:00,8513.25,5191059968.0
2018-05-21 00:00:00+00:00,8418.990234375,5154990080.0
2018-05-22 00:00:00+00:00,8041.77978515625,5137010176.0
2018-05-23 00:00:00+00:00,7557.81982421875,6491120128.0
2018-05-24 00:00:00+00:00,7587.33984375,6049220096.0
2018-05-25 00:00:00+00:00,7480.14013671875,4867829760.0
2018-05-26 00:00:00+00:00,7355.8798828125,4051539968.0
2018-05-27 00:00:00+00:00,7368.22021484375,4056519936.0
2018-05-28 00:00:00+00:00,7135.990234375,5040600064.0
2018-05-29 00:00:00+00:00,7472.58984375,5662660096.0
2018-05-30 00:00:00+00:00,7406.52001953125,4922540032.0
2018-05-31 00:00:00+00:00,7494.169921875,5127130112.0
2018-06-01 00:00:00+00:00,7541.4501953125,4921460224.0
2018-06-02 00:00:00+00:00,7643.4501953125,4939299840.0
2018-06-03 00:00:00+00:00,7720.25,4851760128.0
2018-06-04 00:00:00+00:00,7514.47021484375,4993169920.0
2018-06-05 00:00:00+00:00,7633.759765625,4961739776.0
2018-06-06 00:00:00+00:00,7653.97998046875,4692259840.0
2018-06-07 00:00:00+00:00,7678.240234375,4485799936.0
2018-06-08 00:00:00+00:00,7624.919921875,4227579904.0
2018-06-09 00:00:00+00:00,7531.97998046875,3845220096.0
2018-06-10 00:00:00+00:00,6786.02001953125,5804839936.0
2018-06-11 00:00:00+00:00,6906.919921875,4745269760.0
2018-06-12 00:00:00+00:00,6582.35986328125,4654380032.0
2018-06-13 00:00:00+00:00,6349.89990234375,5052349952.0
2018-06-14 00:00:00+00:00,6675.35009765625,5138710016.0
2018-06-15 00:00:00+00:00,6456.580078125,3955389952.0
2018-06-16 00:00:00+00:00,6550.16015625,3194170112.0
2018-06-17 00:00:00+00:00,6499.27001953125,3104019968.0
2018-06-18 00:00:00+00:00,6734.81982421875,4039200000.0
2018-06-19 00:00:00+00:00,6769.93994140625,4057029888.0
2018-06-20 00:00:00+00:00,6776.5498046875,3888640000.0
2018-06-21 00:00:00+00:00,6729.740234375,3529129984.0
2018-06-22 00:00:00+00:00,6083.68994140625,5079810048.0
2018-06-23 00:00:00+00:00,6162.47998046875,3431360000.0
2018-06-24 00:00:00+00:00,6173.22998046875,4566909952.0
2018-06-25 00:00:00+00:00,6249.18017578125,5500810240.0
2018-06-26 00:00:00+00:00,6093.669921875,3279759872.0
2018-06-27 00:00:00+00:00,6157.1298828125,3296219904.0
2018-06-28 00:00:00+00:00,5903.43994140625,3467800064.0
2018-06-29 00:00:00+00:00,6218.2998046875,3966230016.0
2018-06-30 00:00:00+00:00,6404.0,4543860224.0
2018-07-01 00:00:00+00:00,6385.81982421875,4788259840.0
2018-07-02 00:00:00+00:00,6614.18017578125,4396930048.0
2018-07-03 00:00:00+00:00,6529.58984375,4672309760.0
2018-07-04 00:00:00+00:00,6597.5498046875,4176689920.0
2018-07-05 00:00:00+00:00,6639.14013671875,4999240192.0
2018-07-06 00:00:00+00:00,6673.5,4313959936.0
2018-07-07 00:00:00+00:00,6856.93017578125,3961080064.0
2018-07-08 00:00:00+00:00,6773.8798828125,3386210048.0
2018-07-09 00:00:00+00:00,6741.75,3718129920.0
2018-07-10 00:00:00+00:00,6329.9501953125,4052430080.0
2018-07-11 00:00:00+00:00,6394.7099609375,3644859904.0
2018-07-12 00:00:00+00:00,6228.81005859375,3770170112.0
2018-07-13 00:00:00+00:00,6238.0498046875,3805400064.0
2018-07-14 00:00:00+00:00,6276.1201171875,2923670016.0
2018-07-15 00:00:00+00:00,6359.64013671875,3285459968.0
2018-07-16 00:00:00+00:00,6741.75,4725799936.0
2018-07-17 00:00:00+00:00,7321.0400390625,5961950208.0
2018-07-18 00:00:00+00:00,7370.77978515625,6103410176.0
2018-07-19 00:00:00+00:00,7466.85986328125,5111629824.0
2018-07-20 00:00:00+00:00,7354.1298828125,4936869888.0
2018-07-21 00:00:00+00:00,7419.2900390625,3726609920.0
2018-07-22 00:00:00+00:00,7418.490234375,3695460096.0
2018-07-23 00:00:00+00:00,7711.10986328125,5132480000.0
2018-07-24 00:00:00+00:00,8424.26953125,7277689856.0
2018-07-25 00:00:00+00:00,8181.39013671875,5845400064.0
2018-07-26 00:00:00+00:00,7951.580078125,4899089920.0
2018-07-27 00:00:00+00:00,8165.009765625,5195879936.0
2018-07-28 00:00:00+00:00,8192.150390625,3988750080.0
2018-07-29 00:00:00+00:00,8218.4599609375,4107190016.0
2018-07-30 00:00:00+00:00,8180.47998046875,5551400000.0
2018-07-31 00:00:00+00:00,7780.43994140625,5287530000.0
2018-08-01 00:00:00+00:00,7624.91015625,4797620000.0
2018-08-02 00:00:00+00:00,7567.14990234375,4214110000.0
2018-08-03 00:00:00+00:00,7434.39013671875,4627150000.0
2018-08-04 00:00:00+00:00,7032.85009765625,4268390000.0
2018-08-05 00:00:00+00:00,7068.47998046875,3679110000.0
2018-08-06 00:00:00+00:00,6951.7998046875,3925900000.0
2018-08-07 00:00:00+00:00,6753.1201171875,4682800000.0
2018-08-08 00:00:00+00:00,6305.7998046875,5064430000.0
2018-08-09 00:00:00+00:00,6568.22998046875,4267040000.0
2018-08-10 00:00:00+00:00,6184.7099609375,4528680000.0
2018-08-11 00:00:00+00:00,6295.72998046875,4047850000.0
2018-08-12 00:00:00+00:00,6322.68994140625,5665250000.0
2018-08-13 00:00:00+00:00,6297.56982421875,4083980000.0
2018-08-14 00:00:00+00:00,6199.7099609375,5301700000.0
2018-08-15 00:00:00+00:00,6308.52001953125,4895450000.0
2018-08-16 00:00:00+00:00,6334.72998046875,4328420000.0
2018-08-17 00:00:00+00:00,6580.6298828125,4992990000.0
2018-08-18 00:00:00+00:00,6423.759765625,3984520000.0
2018-08-19 00:00:00+00:00,6506.06982421875,3311170000.0
2018-08-20 00:00:00+00:00,6308.52978515625,3665100000.0
2018-08-21 00:00:00+00:00,6488.759765625,3377180000.0
2018-08-22 00:00:00+00:00,6376.7099609375,4668110000.0
2018-08-23 00:00:00+00:00,6534.8798828125,3426180000.0
2018-08-24 00:00:00+00:00,6719.9599609375,4097820000.0
2018-08-25 00:00:00+00:00,6763.18994140625,3312600000.0
2018-08-26 00:00:00+00:00,6707.259765625,3295500000.0
2018-08-27 00:00:00+00:00,6884.64013671875,4019000000.0
2018-08-28 00:00:00+00:00,7096.27978515625,4659940000.0
2018-08-29 00:00:00+00:00,7047.16015625,4145880000.0
2018-08-30 00:00:00+00:00,6978.22998046875,4463250000.0
2018-08-31 00:00:00+00:00,7037.580078125,4495650000.0
2018-09-01 00:00:00+00:00,7193.25,4116050000.0
2018-09-02 00:00:00+00:00,7272.72021484375,4329540000.0
2018-09-03 00:00:00+00:00,7260.06005859375,4087760000.0
2018-09-04 00:00:00+00:00,7361.66015625,4273640000.0
2018-09-05 00:00:00+00:00,6792.830078125,5800460000.0
2018-09-06 00:00:00+00:00,6529.169921875,5523470000.0
2018-09-07 00:00:00+00:00,6467.06982421875,4264680000.0
2018-09-08 00:00:00+00:00,6225.97998046875,3835060000.0
2018-09-09 00:00:00+00:00,6300.85986328125,3671890000.0
2018-09-10 00:00:00+00:00,6329.7001953125,3714100000.0
2018-09-11 00:00:00+00:00,6321.2001953125,3849910000.0
2018-09-12 00:00:00+00:00,6351.7998046875,4064230000.0
2018-09-13 00:00:00+00:00,6517.31005859375,4210910000.0
2018-09-14 00:00:00+00:00,6512.7099609375,4076220000.0
2018-09-15 00:00:00+00:00,6543.2001953125,3216300000.0
2018-09-16 00:00:00+00:00,6517.18017578125,3273730000.0
2018-09-17 00:00:00+00:00,6281.2001953125,3910780000.0
2018-09-18 00:00:00+00:00,6371.2998046875,4180090000.0
2018-09-19 00:00:00+00:00,6398.5400390625,4431340000.0
2018-09-20 00:00:00+00:00,6519.669921875,4348110000.0
2018-09-21 00:00:00+00:00,6734.9501953125,6531940000.0
2018-09-22 00:00:00+00:00,6721.97998046875,4509660000.0
2018-09-23 00:00:00+00:00,6710.6298828125,4197500000.0
2018-09-24 00:00:00+00:00,6595.41015625,4177310000.0
2018-09-25 00:00:00+00:00,6446.47021484375,4726180000.0
2018-09-26 00:00:00+00:00,6495.0,4437300000.0
2018-09-27 00:00:00+00:00,6676.75,4606810000.0
2018-09-28 00:00:00+00:00,6644.1298828125,5014430000.0
2018-09-29 00:00:00+00:00,6601.9599609375,4363690000.0
2018-09-30 00:00:00+00:00,6625.56005859375,4002280000.0
2018-10-01 00:00:00+00:00,6589.6201171875,4000970000.0
2018-10-02 00:00:00+00:00,6556.10009765625,3979260000.0
2018-10-03 00:00:00+00:00,6502.58984375,3887310000.0
2018-10-04 00:00:00+00:00,6576.68994140625,3838410000.0
2018-10-05 00:00:00+00:00,6622.47998046875,3671500000.0
2018-10-06 00:00:00+00:00,6588.31005859375,3259740000.0
2018-10-07 00:00:00+00:00,6602.9501953125,3306630000.0
2018-10-08 00:00:00+00:00,6652.22998046875,3979460000.0
2018-10-09 00:00:00+00:00,6642.64013671875,3580810000.0
2018-10-10 00:00:00+00:00,6585.52978515625,3787650000.0
2018-10-11 00:00:00+00:00,6256.240234375,5181640000.0
2018-10-12 00:00:00+00:00,6274.580078125,3783500000.0
2018-10-13 00:00:00+00:00,6285.990234375,3064030000.0
2018-10-14 00:00:00+00:00,6290.93017578125,3085320000.0
2018-10-15 00:00:00+00:00,6596.5400390625,7370770000.0
2018-10-16 00:00:00+00:00,6596.10986328125,4074800000.0
2018-10-17 00:00:00+00:00,6544.43017578125,4088420000.0
2018-10-18 00:00:00+00:00,6476.7099609375,3924080000.0
2018-10-19 00:00:00+00:00,6465.41015625,3578870000.0
2018-10-20 00:00:00+00:00,6489.18994140625,3379130000.0
2018-10-21 00:00:00+00:00,6482.35009765625,3253610000.0
2018-10-22 00:00:00+00:00,6487.16015625,3672860000.0
2018-10-23 00:00:00+00:00,6475.740234375,3716150000.0
2018-10-24 00:00:00+00:00,6495.83984375,3424670000.0
2018-10-25 00:00:00+00:00,6476.2900390625,3230550000.0
2018-10-26 00:00:00+00:00,6474.75,3306050000.0
2018-10-27 00:00:00+00:00,6480.3798828125,3393250000.0
2018-10-28 00:00:00+00:00,6486.39013671875,3445190000.0
2018-10-29 00:00:00+00:00,6332.6298828125,4199910000.0
2018-10-30 00:00:00+00:00,6334.27001953125,3781100000.0
2018-10-31 00:00:00+00:00,6317.60986328125,4191240000.0
2018-11-01 00:00:00+00:00,6377.77978515625,3789400000.0
2018-11-02 00:00:00+00:00,6388.43994140625,4234870000.0
2018-11-03 00:00:00+00:00,6361.259765625,3658640000.0
2018-11-04 00:00:00+00:00,6376.1298828125,4390020000.0
2018-11-05 00:00:00+00:00,6419.66015625,4174800000.0
2018-11-06 00:00:00+00:00,6461.009765625,4700040000.0
2018-11-07 00:00:00+00:00,6530.14013671875,4941260000.0
2018-11-08 00:00:00+00:00,6453.72021484375,4665260000.0
2018-11-09 00:00:00+00:00,6385.6201171875,4346820000.0
2018-11-10 00:00:00+00:00,6409.22021484375,3705320000.0
2018-11-11 00:00:00+00:00,6411.27001953125,3939060000.0
2018-11-12 00:00:00+00:00,6371.27001953125,4295770000.0
2018-11-13 00:00:00+00:00,6359.490234375,4503800000.0
2018-11-14 00:00:00+00:00,5738.35009765625,7398940000.0
2018-11-15 00:00:00+00:00,5648.02978515625,7032140000.0
2018-11-16 00:00:00+00:00,5575.5498046875,5279320000.0
2018-11-17 00:00:00+00:00,5554.330078125,4303150000.0
2018-11-18 00:00:00+00:00,5623.5400390625,4159680000.0
2018-11-19 00:00:00+00:00,4871.490234375,7039560000.0
2018-11-20 00:00:00+00:00,4451.8701171875,8428290000.0
2018-11-21 00:00:00+00:00,4602.169921875,6120120000.0
2018-11-22 00:00:00+00:00,4365.93994140625,4569370000.0
2018-11-23 00:00:00+00:00,4347.10986328125,4871490000.0
2018-11-24 00:00:00+00:00,3880.760009765625,4679500000.0
2018-11-25 00:00:00+00:00,4009.969970703125,6825640000.0
2018-11-26 00:00:00+00:00,3779.1298828125,6476900000.0
2018-11-27 00:00:00+00:00,3820.719970703125,5998720000.0
2018-11-28 00:00:00+00:00,4257.419921875,7280280000.0
2018-11-29 00:00:00+00:00,4278.8466796875,6503347767.0
2018-11-30 00:00:00+00:00,4017.2685546875,6048016717.0
2018-12-01 00:00:00+00:00,4214.671875,5375314093.0
2018-12-02 00:00:00+00:00,4139.8779296875,5262697895.0
2018-12-03 00:00:00+00:00,3894.130859375,5089570994.0
2018-12-04 00:00:00+00:00,3956.893798828125,5028069239.0
2018-12-05 00:00:00+00:00,3753.994873046875,5302481574.0
2018-12-06 00:00:00+00:00,3521.101806640625,5878333109.0
2018-12-07 00:00:00+00:00,3419.937255859375,6835615448.0
2018-12-08 00:00:00+00:00,3476.11474609375,5305024497.0
2018-12-09 00:00:00+00:00,3614.234375,4947372847.0
2018-12-10 00:00:00+00:00,3502.656005859375,5020968740.0
2018-12-11 00:00:00+00:00,3424.588134765625,4696765188.0
2018-12-12 00:00:00+00:00,3486.9501953125,4139364829.0
2018-12-13 00:00:00+00:00,3313.67724609375,4343372456.0
2018-12-14 00:00:00+00:00,3242.48486328125,4372763663.0
2018-12-15 00:00:00+00:00,3236.76171875,3551763561.0
2018-12-16 00:00:00+00:00,3252.839111328125,3744248994.0
2018-12-17 00:00:00+00:00,3545.86474609375,5409247918.0
2018-12-18 00:00:00+00:00,3696.05908203125,5911325473.0
2018-12-19 00:00:00+00:00,3745.95068359375,6810689119.0
2018-12-20 00:00:00+00:00,4134.44140625,8927129279.0
2018-12-21 00:00:00+00:00,3896.543701171875,7206015706.0
2018-12-22 00:00:00+00:00,4014.1826171875,5605823233.0
2018-12-23 00:00:00+00:00,3998.980224609375,6151275490.0
2018-12-24 00:00:00+00:00,4078.59912109375,7240968501.0
2018-12-25 00:00:00+00:00,3815.49072265625,6158207293.0
2018-12-26 00:00:00+00:00,3857.297607421875,5326547918.0
2018-12-27 00:00:00+00:00,3654.83349609375,5130222366.0
2018-12-28 00:00:00+00:00,3923.918701171875,5631554348.0
2018-12-29 00:00:00+00:00,3820.40869140625,4991655917.0
2018-12-30 00:00:00+00:00,3865.95263671875,4770578575.0
2018-12-31 00:00:00+00:00,3742.700439453125,4661840806.0
2019-01-01 00:00:00+00:00,3843.52001953125,4324200990.0
2019-01-02 00:00:00+00:00,3943.409423828125,5244856836.0
2019-01-03 00:00:00+00:00,3836.7412109375,4530215219.0
2019-01-04 00:00:00+00:00,3857.717529296875,4847965467.0
2019-01-05 00:00:00+00:00,3845.194580078125,5137609824.0
2019-01-06 00:00:00+00:00,4076.632568359375,5597027440.0
2019-01-07 00:00:00+00:00,4025.248291015625,5228625637.0
2019-01-08 00:00:00+00:00,4030.847900390625,5306593305.0
2019-01-09 00:00:00+00:00,4035.29638671875,5115905225.0
2019-01-10 00:00:00+00:00,3678.924560546875,6874143796.0
2019-01-11 00:00:00+00:00,3687.365478515625,5538712865.0
2019-01-12 00:00:00+00:00,3661.301025390625,4778170883.0
2019-01-13 00:00:00+00:00,3552.953125,4681302466.0
2019-01-14 00:00:00+00:00,3706.05224609375,5651384490.0
2019-01-15 00:00:00+00:00,3630.67529296875,5537192302.0
2019-01-16 00:00:00+00:00,3655.0068359375,5394457145.0
2019-01-17 00:00:00+00:00,3678.56396484375,5464420383.0
2019-01-18 00:00:00+00:00,3657.83935546875,5002961727.0
2019-01-19 00:00:00+00:00,3728.568359375,5955691380.0
2019-01-20 00:00:00+00:00,3601.013671875,5582489560.0
2019-01-21 00:00:00+00:00,3576.032470703125,5004347059.0
2019-01-22 00:00:00+00:00,3604.5771484375,5313623556.0
2019-01-23 00:00:00+00:00,3585.123046875,5433755649.0
2019-01-24 00:00:00+00:00,3600.865478515625,5262869046.0
2019-01-25 00:00:00+00:00,3599.765869140625,5265847539.0
2019-01-26 00:00:00+00:00,3602.46044921875,5098183235.0
2019-01-27 00:00:00+00:00,3583.9658203125,5570752966.0
2019-01-28 00:00:00+00:00,3470.450439453125,6908930483.0
2019-01-29 00:00:00+00:00,3448.116943359375,5897159493.0
2019-01-30 00:00:00+00:00,3486.181640625,5955112627.0
2019-01-31 00:00:00+00:00,3457.792724609375,5831198271.0
2019-02-01 00:00:00+00:00,3487.9453125,5422926707.0
2019-02-02 00:00:00+00:00,3521.060791015625,5071623601.0
2019-02-03 00:00:00+00:00,3464.013427734375,5043937584.0
2019-02-04 00:00:00+00:00,3459.154052734375,5332718886.0
2019-02-05 00:00:00+00:00,3466.357421875,5227549545.0
2019-02-06 00:00:00+00:00,3413.767822265625,5482196038.0
2019-02-07 00:00:00+00:00,3399.4716796875,5004962683.0
2019-02-08 00:00:00+00:00,3666.7802734375,7735623101.0
2019-02-09 00:00:00+00:00,3671.20361328125,6158833645.0
2019-02-10 00:00:00+00:00,3690.188232421875,6282256903.0
2019-02-11 00:00:00+00:00,3648.4306640625,6277056434.0
2019-02-12 00:00:00+00:00,3653.528564453125,6480384532.0
2019-02-13 00:00:00+00:00,3632.070556640625,6438903823.0
2019-02-14 00:00:00+00:00,3616.880859375,6271044418.0
2019-02-15 00:00:00+00:00,3620.810791015625,6091952231.0
2019-02-16 00:00:00+00:00,3629.78759765625,5934744052.0
2019-02-17 00:00:00+00:00,3673.836181640625,7039512503.0
2019-02-18 00:00:00+00:00,3915.71435546875,9908216640.0
2019-02-19 00:00:00+00:00,3947.094482421875,9933626655.0
2019-02-20 00:00:00+00:00,3999.820556640625,8693373948.0
2019-02-21 00:00:00+00:00,3954.1181640625,7775128102.0
2019-02-22 00:00:00+00:00,4005.526611328125,7826525254.0
2019-02-23 00:00:00+00:00,4142.52685546875,8922258316.0
2019-02-24 00:00:00+00:00,3810.427490234375,10794227451.0
2019-02-25 00:00:00+00:00,3882.6962890625,9318796067.0
2019-02-26 00:00:00+00:00,3854.35791015625,7931218996.0
2019-02-27 00:00:00+00:00,3851.04736328125,8301309684.0
2019-02-28 00:00:00+00:00,3854.785400390625,8399767798.0
2019-03-01 00:00:00+00:00,3859.583740234375,7661247975.0
2019-03-02 00:00:00+00:00,3864.4150390625,7578786076.0
2019-03-03 00:00:00+00:00,3847.17578125,7253558152.0
2019-03-04 00:00:00+00:00,3761.55712890625,9029175788.0
2019-03-05 00:00:00+00:00,3896.375,10174126415.0
2019-03-06 00:00:00+00:00,3903.942626953125,9175291529.0
2019-03-07 00:00:00+00:00,3911.484375,9584165519.0
2019-03-08 00:00:00+00:00,3901.131591796875,10638638944.0
2019-03-09 00:00:00+00:00,3963.313720703125,10796103518.0
2019-03-10 00:00:00+00:00,3951.599853515625,9713267607.0
2019-03-11 00:00:00+00:00,3905.227294921875,10125901903.0
2019-03-12 00:00:00+00:00,3909.15625,9809887079.0
2019-03-13 00:00:00+00:00,3906.71728515625,9469184841.0
2019-03-14 00:00:00+00:00,3924.369140625,10480789570.0
2019-03-15 00:00:00+00:00,3960.9111328125,9394210605.0
2019-03-16 00:00:00+00:00,4048.725830078125,9856166973.0
2019-03-17 00:00:00+00:00,4025.22900390625,8221625400.0
2019-03-18 00:00:00+00:00,4032.50732421875,9646954186.0
2019-03-19 00:00:00+00:00,4071.190185546875,9344919956.0
2019-03-20 00:00:00+00:00,4087.476318359375,10175916388.0
2019-03-21 00:00:00+00:00,4029.326904296875,10831212662.0
2019-03-22 00:00:00+00:00,4023.96826171875,9252935969.0
2019-03-23 00:00:00+00:00,4035.826416015625,9578850549.0
2019-03-24 00:00:00+00:00,4022.168212890625,9144851065.0
2019-03-25 00:00:00+00:00,3963.070556640625,10359818883.0
2019-03-26 00:00:00+00:00,3985.080810546875,10707678815.0
2019-03-27 00:00:00+00:00,4087.066162109375,10897131934.0
2019-03-28 00:00:00+00:00,4069.107177734375,9353915899.0
2019-03-29 00:00:00+00:00,4098.37451171875,10918665557.0
2019-03-30 00:00:00+00:00,4106.66015625,9732688060.0
2019-03-31 00:00:00+00:00,4105.404296875,9045122443.0
2019-04-01 00:00:00+00:00,4158.18310546875,10157794171.0
2019-04-02 00:00:00+00:00,4879.8779296875,21315047816.0
2019-04-03 00:00:00+00:00,4973.02197265625,22899891582.0
2019-04-04 00:00:00+00:00,4922.798828125,18251810240.0
2019-04-05 00:00:00+00:00,5036.68115234375,16837325387.0
2019-04-06 00:00:00+00:00,5059.8173828125,16929795194.0
2019-04-07 00:00:00+00:00,5198.89697265625,16655416140.0
2019-04-08 00:00:00+00:00,5289.77099609375,17154113634.0
2019-04-09 00:00:00+00:00,5204.95849609375,14722104361.0
2019-04-10 00:00:00+00:00,5324.5517578125,15504590933.0
2019-04-11 00:00:00+00:00,5064.48779296875,16555616019.0
2019-04-12 00:00:00+00:00,5089.5390625,13675206312.0
2019-04-13 00:00:00+00:00,5096.58642578125,10823289598.0
2019-04-14 00:00:00+00:00,5167.72216796875,10391952498.0
2019-04-15 00:00:00+00:00,5067.1083984375,12290155061.0
2019-04-16 00:00:00+00:00,5235.5595703125,11618660197.0
2019-04-17 00:00:00+00:00,5251.93798828125,12438480677.0
2019-04-18 00:00:00+00:00,5298.3857421875,13256489918.0
2019-04-19 00:00:00+00:00,5303.8125,13780238655.0
2019-04-20 00:00:00+00:00,5337.88623046875,13169647522.0
2019-04-21 00:00:00+00:00,5314.53125,13731844223.0
2019-04-22 00:00:00+00:00,5399.365234375,14601631648.0
2019-04-23 00:00:00+00:00,5572.3623046875,15867308108.0
2019-04-24 00:00:00+00:00,5464.86669921875,17048033399.0
2019-04-25 00:00:00+00:00,5210.515625,15330283408.0
2019-04-26 00:00:00+00:00,5279.34814453125,16812108040.0
2019-04-27 00:00:00+00:00,5268.291015625,13111274675.0
2019-04-28 00:00:00+00:00,5285.13916015625,12819992056.0
2019-04-29 00:00:00+00:00,5247.3525390625,13735490672.0
2019-04-30 00:00:00+00:00,5350.7265625,13878964574.0
2019-05-01 00:00:00+00:00,5402.697265625,13679528236.0
2019-05-02 00:00:00+00:00,5505.28369140625,14644460907.0
2019-05-03 00:00:00+00:00,5768.28955078125,18720780006.0
2019-05-04 00:00:00+00:00,5831.16748046875,17567780766.0
2019-05-05 00:00:00+00:00,5795.70849609375,14808830723.0
2019-05-06 00:00:00+00:00,5746.80712890625,15737171804.0
2019-05-07 00:00:00+00:00,5829.50146484375,18026409033.0
2019-05-08 00:00:00+00:00,5982.45751953125,15320605300.0
2019-05-09 00:00:00+00:00,6174.52880859375,16784645411.0
2019-05-10 00:00:00+00:00,6378.84912109375,19419875368.0
2019-05-11 00:00:00+00:00,7204.771484375,28867562329.0
2019-05-12 00:00:00+00:00,6972.37158203125,27773333680.0
2019-05-13 00:00:00+00:00,7814.9150390625,28677672181.0
2019-05-14 00:00:00+00:00,7994.416015625,32031452227.0
2019-05-15 00:00:00+00:00,8205.16796875,28344112920.0
2019-05-16 00:00:00+00:00,7884.9091796875,33167197581.0
2019-05-17 00:00:00+00:00,7343.8955078125,30066644905.0
2019-05-18 00:00:00+00:00,7271.2080078125,21354286562.0
2019-05-19 00:00:00+00:00,8197.689453125,25902422040.0
2019-05-20 00:00:00+00:00,7978.30908203125,23843404340.0
2019-05-21 00:00:00+00:00,7963.32763671875,25127245056.0
2019-05-22 00:00:00+00:00,7680.06640625,24719473175.0
2019-05-23 00:00:00+00:00,7881.8466796875,24457107820.0
2019-05-24 00:00:00+00:00,7987.37158203125,25919126991.0
2019-05-25 00:00:00+00:00,8052.5439453125,22256813107.0
2019-05-26 00:00:00+00:00,8673.2158203125,26677970091.0
2019-05-27 00:00:00+00:00,8805.7783203125,27949839564.0
2019-05-28 00:00:00+00:00,8719.9619140625,24226919267.0
2019-05-29 00:00:00+00:00,8659.4873046875,23473479966.0
2019-05-30 00:00:00+00:00,8319.47265625,29246528551.0
2019-05-31 00:00:00+00:00,8574.501953125,25365190957.0
2019-06-01 00:00:00+00:00,8564.0166015625,22488303544.0
2019-06-02 00:00:00+00:00,8742.9580078125,20266216022.0
2019-06-03 00:00:00+00:00,8208.9951171875,22004511436.0
2019-06-04 00:00:00+00:00,7707.77099609375,24609731549.0
2019-06-05 00:00:00+00:00,7824.2314453125,21760923463.0
2019-06-06 00:00:00+00:00,7822.0234375,19474611077.0
2019-06-07 00:00:00+00:00,8043.951171875,19141423231.0
2019-06-08 00:00:00+00:00,7954.1279296875,16522722810.0
2019-06-09 00:00:00+00:00,7688.0771484375,16610726547.0
2019-06-10 00:00:00+00:00,8000.32958984375,18689275117.0
2019-06-11 00:00:00+00:00,7927.71435546875,17107279932.0
2019-06-12 00:00:00+00:00,8145.857421875,19034432883.0
2019-06-13 00:00:00+00:00,8230.923828125,18669407147.0
2019-06-14 00:00:00+00:00,8693.8330078125,19831162906.0
2019-06-15 00:00:00+00:00,8838.375,18371033226.0
2019-06-16 00:00:00+00:00,8994.48828125,23348550311.0
2019-06-17 00:00:00+00:00,9320.3525390625,15562951919.0
2019-06-18 00:00:00+00:00,9081.7626953125,15848210536.0
2019-06-19 00:00:00+00:00,9273.521484375,15546809946.0
2019-06-20 00:00:00+00:00,9527.16015625,17846823784.0
2019-06-21 00:00:00+00:00,10144.556640625,20624008643.0
2019-06-22 00:00:00+00:00,10701.69140625,29995204861.0
2019-06-23 00:00:00+00:00,10855.37109375,20998326502.0
2019-06-24 00:00:00+00:00,11011.1025390625,19271652365.0
2019-06-25 00:00:00+00:00,11790.9169921875,24879684533.0
2019-06-26 00:00:00+00:00,13016.2314453125,45105733173.0
2019-06-27 00:00:00+00:00,11182.806640625,39977475223.0
2019-06-28 00:00:00+00:00,12407.33203125,35087757766.0
2019-06-29 00:00:00+00:00,11959.37109375,29923961128.0
2019-06-30 00:00:00+00:00,10817.1552734375,27256473494.0
2019-07-01 00:00:00+00:00,10583.134765625,29378589324.0
2019-07-02 00:00:00+00:00,10801.677734375,31015895223.0
2019-07-03 00:00:00+00:00,11961.26953125,30796494294.0
2019-07-04 00:00:00+00:00,11215.4375,25920294033.0
2019-07-05 00:00:00+00:00,10978.4599609375,23838480210.0
2019-07-06 00:00:00+00:00,11208.55078125,21092024306.0
2019-07-07 00:00:00+00:00,11450.8466796875,19369044277.0
2019-07-08 00:00:00+00:00,12285.9580078125,23482551458.0
2019-07-09 00:00:00+00:00,12573.8125,28167921523.0
2019-07-10 00:00:00+00:00,12156.5126953125,33627574244.0
2019-07-11 00:00:00+00:00,11358.662109375,28595327690.0
2019-07-12 00:00:00+00:00,11815.986328125,23534692797.0
2019-07-13 00:00:00+00:00,11392.37890625,21042616384.0
2019-07-14 00:00:00+00:00,10256.05859375,22486000001.0
2019-07-15 00:00:00+00:00,10895.08984375,25384047207.0
2019-07-16 00:00:00+00:00,9477.6416015625,24151199070.0
2019-07-17 00:00:00+00:00,9693.802734375,24569921549.0
2019-07-18 00:00:00+00:00,10666.482421875,25187024648.0
2019-07-19 00:00:00+00:00,10530.732421875,20727426310.0
2019-07-20 00:00:00+00:00,10767.1396484375,20206615155.0
2019-07-21 00:00:00+00:00,10599.10546875,17130580467.0
2019-07-22 00:00:00+00:00,10343.1064453125,16334414913.0
2019-07-23 00:00:00+00:00,9900.767578125,17851916995.0
2019-07-24 00:00:00+00:00,9811.92578125,17398734322.0
2019-07-25 00:00:00+00:00,9911.841796875,15821952090.0
2019-07-26 00:00:00+00:00,9870.3037109375,14495714483.0
2019-07-27 00:00:00+00:00,9477.677734375,16817809536.0
2019-07-28 00:00:00+00:00,9552.8603515625,13738687093.0
2019-07-29 00:00:00+00:00,9519.1455078125,13791445323.0
2019-07-30 00:00:00+00:00,9607.423828125,13829811132.0
2019-07-31 00:00:00+00:00,10085.6279296875,16631520648.0
2019-08-01 00:00:00+00:00,10399.6689453125,17165337858.0
2019-08-02 00:00:00+00:00,10518.1748046875,17489094082.0
2019-08-03 00:00:00+00:00,10821.7265625,15352685061.0
2019-08-04 00:00:00+00:00,10970.1845703125,16530894787.0
2019-08-05 00:00:00+00:00,11805.6533203125,23875988832.0
2019-08-06 00:00:00+00:00,11478.1689453125,23635107660.0
2019-08-07 00:00:00+00:00,11941.96875,22194988641.0
2019-08-08 00:00:00+00:00,11966.4072265625,19481591730.0
2019-08-09 00:00:00+00:00,11862.9365234375,18339989960.0
2019-08-10 00:00:00+00:00,11354.0244140625,18125355447.0
2019-08-11 00:00:00+00:00,11523.5791015625,15774371518.0
2019-08-12 00:00:00+00:00,11382.6162109375,13647198229.0
2019-08-13 00:00:00+00:00,10895.830078125,16681503537.0
2019-08-14 00:00:00+00:00,10051.7041015625,19990838300.0
2019-08-15 00:00:00+00:00,10311.5458984375,22899115082.0
2019-08-16 00:00:00+00:00,10374.3388671875,20228207096.0
2019-08-17 00:00:00+00:00,10231.744140625,13778035685.0
2019-08-18 00:00:00+00:00,10345.810546875,12999813869.0
2019-08-19 00:00:00+00:00,10916.0537109375,16038264603.0
2019-08-20 00:00:00+00:00,10763.232421875,15053082175.0
2019-08-21 00:00:00+00:00,10138.0498046875,19473084768.0
2019-08-22 00:00:00+00:00,10131.0556640625,17097508856.0
2019-08-23 00:00:00+00:00,10407.96484375,15627023886.0
2019-08-24 00:00:00+00:00,10159.9609375,15451030650.0
2019-08-25 00:00:00+00:00,10138.517578125,14153856610.0
2019-08-26 00:00:00+00:00,10370.8203125,18438654080.0
2019-08-27 00:00:00+00:00,10185.5,14762609503.0
2019-08-28 00:00:00+00:00,9754.4228515625,17603790323.0
2019-08-29 00:00:00+00:00,9510.2001953125,17045878501.0
2019-08-30 00:00:00+00:00,9598.173828125,13595263986.0
2019-08-31 00:00:00+00:00,9630.6640625,11454806419.0
2019-09-01 00:00:00+00:00,9757.970703125,11445355859.0
2019-09-02 00:00:00+00:00,10346.7607421875,17248102294.0
2019-09-03 00:00:00+00:00,10623.5400390625,19384917989.0
2019-09-04 00:00:00+00:00,10594.4931640625,16742664769.0
2019-09-05 00:00:00+00:00,10575.533203125,14551239508.0
2019-09-06 00:00:00+00:00,10353.302734375,19536574783.0
2019-09-07 00:00:00+00:00,10517.2548828125,15307366476.0
2019-09-08 00:00:00+00:00,10441.2763671875,13670567493.0
2019-09-09 00:00:00+00:00,10334.974609375,17595943368.0
2019-09-10 00:00:00+00:00,10115.9755859375,14906809639.0
2019-09-11 00:00:00+00:00,10178.3720703125,15428063426.0
2019-09-12 00:00:00+00:00,10410.126953125,15323563925.0
2019-09-13 00:00:00+00:00,10360.546875,14109864675.0
2019-09-14 00:00:00+00:00,10358.048828125,13468713124.0
2019-09-15 00:00:00+00:00,10347.712890625,12043433567.0
2019-09-16 00:00:00+00:00,10276.7939453125,15160167779.0
2019-09-17 00:00:00+00:00,10241.2724609375,15304603363.0
2019-09-18 00:00:00+00:00,10198.248046875,16169268880.0
2019-09-19 00:00:00+00:00,10266.4150390625,19937691247.0
2019-09-20 00:00:00+00:00,10181.6416015625,14734189639.0
2019-09-21 00:00:00+00:00,10019.716796875,13425266806.0
2019-09-22 00:00:00+00:00,10070.392578125,13199651698.0
2019-09-23 00:00:00+00:00,9729.32421875,15144925408.0
2019-09-24 00:00:00+00:00,8620.56640625,25002886689.0
2019-09-25 00:00:00+00:00,8486.9931640625,21744728353.0
2019-09-26 00:00:00+00:00,8118.9677734375,19258205289.0
2019-09-27 00:00:00+00:00,8251.845703125,16408941156.0
2019-09-28 00:00:00+00:00,8245.9150390625,14141152736.0
2019-09-29 00:00:00+00:00,8104.185546875,13034629109.0
2019-09-30 00:00:00+00:00,8293.8681640625,17115474183.0
2019-10-01 00:00:00+00:00,8343.2763671875,15305343413.0
2019-10-02 00:00:00+00:00,8393.0419921875,13125712443.0
2019-10-03 00:00:00+00:00,8259.9921875,13668823409.0
2019-10-04 00:00:00+00:00,8205.939453125,13139456229.0
2019-10-05 00:00:00+00:00,8151.50048828125,12200497197.0
2019-10-06 00:00:00+00:00,7988.15576171875,13160830305.0
2019-10-07 00:00:00+00:00,8245.623046875,18009742607.0
2019-10-08 00:00:00+00:00,8228.783203125,15592264032.0
2019-10-09 00:00:00+00:00,8595.740234375,19384942333.0
2019-10-10 00:00:00+00:00,8586.4736328125,17618660671.0
2019-10-11 00:00:00+00:00,8321.7568359375,19604381101.0
2019-10-12 00:00:00+00:00,8336.5556640625,14532641605.0
2019-10-13 00:00:00+00:00,8321.005859375,13808286059.0
2019-10-14 00:00:00+00:00,8374.6865234375,15151387859.0
2019-10-15 00:00:00+00:00,8205.369140625,15220412632.0
2019-10-16 00:00:00+00:00,8047.52685546875,16071646996.0
2019-10-17 00:00:00+00:00,8103.9111328125,14313052244.0
2019-10-18 00:00:00+00:00,7973.20751953125,15651592610.0
2019-10-19 00:00:00+00:00,7988.560546875,13797825640.0
2019-10-20 00:00:00+00:00,8222.078125,15504249442.0
2019-10-21 00:00:00+00:00,8243.720703125,15868748866.0
2019-10-22 00:00:00+00:00,8078.203125,16803377857.0
2019-10-23 00:00:00+00:00,7514.671875,21942878958.0
2019-10-24 00:00:00+00:00,7493.48876953125,16268708849.0
2019-10-25 00:00:00+00:00,8660.7001953125,28705065488.0
2019-10-26 00:00:00+00:00,9244.97265625,44496255609.0
2019-10-27 00:00:00+00:00,9551.71484375,32593129501.0
2019-10-28 00:00:00+00:00,9256.1484375,30948255332.0
2019-10-29 00:00:00+00:00,9427.6875,28426779937.0
2019-10-30 00:00:00+00:00,9205.7265625,27706531577.0
2019-10-31 00:00:00+00:00,9199.5849609375,26583653947.0
2019-11-01 00:00:00+00:00,9261.1044921875,24324691031.0
2019-11-02 00:00:00+00:00,9324.7177734375,21242676385.0
2019-11-03 00:00:00+00:00,9235.3544921875,21132220847.0
2019-11-04 00:00:00+00:00,9412.6123046875,26170255634.0
2019-11-05 00:00:00+00:00,9342.52734375,26198609048.0
2019-11-06 00:00:00+00:00,9360.8798828125,23133895765.0
2019-11-07 00:00:00+00:00,9267.5615234375,22700383839.0
2019-11-08 00:00:00+00:00,8804.880859375,24333037836.0
2019-11-09 00:00:00+00:00,8813.58203125,17578630606.0
2019-11-10 00:00:00+00:00,9055.5263671875,20587919881.0
2019-11-11 00:00:00+00:00,8757.7880859375,20265510765.0
2019-11-12 00:00:00+00:00,8815.662109375,20309769107.0
2019-11-13 00:00:00+00:00,8808.2626953125,17545755405.0
2019-11-14 00:00:00+00:00,8708.0947265625,19084739975.0
2019-11-15 00:00:00+00:00,8491.9921875,21796856471.0
2019-11-16 00:00:00+00:00,8550.7607421875,16495389808.0
2019-11-17 00:00:00+00:00,8577.9755859375,18668638897.0
2019-11-18 00:00:00+00:00,8309.2861328125,21579470673.0
2019-11-19 00:00:00+00:00,8206.1455078125,21083613816.0
2019-11-20 00:00:00+00:00,8027.26806640625,20764300437.0
2019-11-21 00:00:00+00:00,7642.75,22514243371.0
2019-11-22 00:00:00+00:00,7296.57763671875,34242315785.0
2019-11-23 00:00:00+00:00,7397.796875,21008924418.0
2019-11-24 00:00:00+00:00,7047.9169921875,30433517289.0
2019-11-25 00:00:00+00:00,7146.1337890625,42685231262.0
2019-11-26 00:00:00+00:00,7218.37109375,21129505542.0
2019-11-27 00:00:00+00:00,7531.66357421875,23991412764.0
2019-11-28 00:00:00+00:00,7463.10595703125,19050116751.0
2019-11-29 00:00:00+00:00,7761.24365234375,19709695456.0
2019-11-30 00:00:00+00:00,7569.6298828125,17158194786.0
2019-12-01 00:00:00+00:00,7424.29248046875,18720708479.0
2019-12-02 00:00:00+00:00,7321.98828125,17082040706.0
2019-12-03 00:00:00+00:00,7320.1455078125,14797485769.0
2019-12-04 00:00:00+00:00,7252.03466796875,21664240918.0
2019-12-05 00:00:00+00:00,7448.3076171875,18816085231.0
2019-12-06 00:00:00+00:00,7546.99658203125,18104466307.0
2019-12-07 00:00:00+00:00,7556.23779296875,15453520564.0
2019-12-08 00:00:00+00:00,7564.34521484375,15409908086.0
2019-12-09 00:00:00+00:00,7400.8994140625,17872021272.0
2019-12-10 00:00:00+00:00,7278.11962890625,18249031195.0
2019-12-11 00:00:00+00:00,7217.42724609375,16350490689.0
2019-12-12 00:00:00+00:00,7243.13427734375,18927080224.0
2019-12-13 00:00:00+00:00,7269.6845703125,17125736940.0
2019-12-14 00:00:00+00:00,7124.673828125,17137029730.0
2019-12-15 00:00:00+00:00,7152.3017578125,16881129804.0
2019-12-16 00:00:00+00:00,6932.48046875,20213265950.0
2019-12-17 00:00:00+00:00,6640.51513671875,22363804217.0
2019-12-18 00:00:00+00:00,7276.802734375,31836522778.0
2019-12-19 00:00:00+00:00,7202.84423828125,25904604416.0
2019-12-20 00:00:00+00:00,7218.81640625,22633815180.0
2019-12-21 00:00:00+00:00,7191.15869140625,19312552168.0
2019-12-22 00:00:00+00:00,7511.5888671875,23134537956.0
2019-12-23 00:00:00+00:00,7355.62841796875,27831788041.0
2019-12-24 00:00:00+00:00,7322.5322265625,22991622105.0
2019-12-25 00:00:00+00:00,7275.15576171875,21559505149.0
2019-12-26 00:00:00+00:00,7238.966796875,22787010034.0
2019-12-27 00:00:00+00:00,7290.08837890625,22777360996.0
2019-12-28 00:00:00+00:00,7317.990234375,21365673026.0
2019-12-29 00:00:00+00:00,7422.65283203125,22445257702.0
2019-12-30 00:00:00+00:00,7292.9951171875,22874131672.0
2019-12-31 00:00:00+00:00,7193.59912109375,21167946112.0
2020-01-01 00:00:00+00:00,7200.17431640625,18565664997.0
2020-01-02 00:00:00+00:00,6985.47021484375,20802083465.0
2020-01-03 00:00:00+00:00,7344.88427734375,28111481032.0
2020-01-04 00:00:00+00:00,7410.65673828125,18444271275.0
2020-01-05 00:00:00+00:00,7411.3173828125,19725074095.0
2020-01-06 00:00:00+00:00,7769.21923828125,23276261598.0
2020-01-07 00:00:00+00:00,8163.6923828125,28767291327.0
2020-01-08 00:00:00+00:00,8079.86279296875,31672559265.0
2020-01-09 00:00:00+00:00,7879.0712890625,24045990466.0
2020-01-10 00:00:00+00:00,8166.55419921875,28714583844.0
2020-01-11 00:00:00+00:00,8037.53759765625,25521165085.0
2020-01-12 00:00:00+00:00,8192.494140625,22903438381.0
2020-01-13 00:00:00+00:00,8144.1943359375,22482910688.0
2020-01-14 00:00:00+00:00,8827.7646484375,44841784107.0
2020-01-15 00:00:00+00:00,8807.0107421875,40102834650.0
2020-01-16 00:00:00+00:00,8723.7861328125,31313981931.0
2020-01-17 00:00:00+00:00,8929.0380859375,36372139320.0
2020-01-18 00:00:00+00:00,8942.80859375,32337772627.0
2020-01-19 00:00:00+00:00,8706.2451171875,34217320471.0
2020-01-20 00:00:00+00:00,8657.642578125,26422375678.0
2020-01-21 00:00:00+00:00,8745.89453125,24097418512.0
2020-01-22 00:00:00+00:00,8680.8759765625,22600204051.0
2020-01-23 00:00:00+00:00,8406.515625,25770680779.0
2020-01-24 00:00:00+00:00,8445.4345703125,24397913026.0
2020-01-25 00:00:00+00:00,8367.84765625,19647331549.0
2020-01-26 00:00:00+00:00,8596.830078125,22177678796.0
2020-01-27 00:00:00+00:00,8909.8193359375,28647338393.0
2020-01-28 00:00:00+00:00,9358.58984375,34398744403.0
2020-01-29 00:00:00+00:00,9316.6298828125,30682598115.0
2020-01-30 00:00:00+00:00,9508.9931640625,32378792851.0
2020-01-31 00:00:00+00:00,9350.529296875,29432489719.0
2020-02-01 00:00:00+00:00,9392.875,25922656496.0
2020-02-02 00:00:00+00:00,9344.365234375,30835736946.0
2020-02-03 00:00:00+00:00,9293.521484375,30934096509.0
2020-02-04 00:00:00+00:00,9180.962890625,29893183716.0
2020-02-05 00:00:00+00:00,9613.423828125,35222060874.0
2020-02-06 00:00:00+00:00,9729.8017578125,37628823716.0
2020-02-07 00:00:00+00:00,9795.943359375,34522718159.0
2020-02-08 00:00:00+00:00,9865.119140625,35172043762.0
2020-02-09 00:00:00+00:00,10116.673828125,35807884663.0
2020-02-10 00:00:00+00:00,9856.611328125,39386548075.0
2020-02-11 00:00:00+00:00,10208.236328125,37648059389.0
2020-02-12 00:00:00+00:00,10326.0546875,43444303830.0
2020-02-13 00:00:00+00:00,10214.3798828125,49356071373.0
2020-02-14 00:00:00+00:00,10312.1162109375,43338264162.0
2020-02-15 00:00:00+00:00,9889.4248046875,43865054831.0
2020-02-16 00:00:00+00:00,9934.43359375,43374780305.0
2020-02-17 00:00:00+00:00,9690.142578125,45998298413.0
2020-02-18 00:00:00+00:00,10141.99609375,47271023953.0
2020-02-19 00:00:00+00:00,9633.38671875,46992019710.0
2020-02-20 00:00:00+00:00,9608.4755859375,44925260237.0
2020-02-21 00:00:00+00:00,9686.44140625,40930547513.0
2020-02-22 00:00:00+00:00,9663.181640625,35838025154.0
2020-02-23 00:00:00+00:00,9924.515625,41185185761.0
2020-02-24 00:00:00+00:00,9650.1748046875,45080496648.0
2020-02-25 00:00:00+00:00,9341.705078125,42515259129.0
2020-02-26 00:00:00+00:00,8820.5224609375,50420050762.0
2020-02-27 00:00:00+00:00,8784.494140625,45470195695.0
2020-02-28 00:00:00+00:00,8672.455078125,44605450443.0
2020-02-29 00:00:00+00:00,8599.5087890625,35792392544.0
2020-03-01 00:00:00+00:00,8562.4541015625,35349164300.0
2020-03-02 00:00:00+00:00,8869.669921875,42857674409.0
2020-03-03 00:00:00+00:00,8787.7861328125,42386715821.0
2020-03-04 00:00:00+00:00,8755.24609375,34746706368.0
2020-03-05 00:00:00+00:00,9078.7626953125,39698054597.0
2020-03-06 00:00:00+00:00,9122.5458984375,40826885651.0
2020-03-07 00:00:00+00:00,8909.9541015625,36216930370.0
2020-03-08 00:00:00+00:00,8108.1162109375,39973102121.0
2020-03-09 00:00:00+00:00,7923.64453125,46936995808.0
2020-03-10 00:00:00+00:00,7909.7294921875,42213940994.0
2020-03-11 00:00:00+00:00,7911.43017578125,38682762605.0
2020-03-12 00:00:00+00:00,4970.7880859375,53980357243.0
2020-03-13 00:00:00+00:00,5563.70703125,74156772075.0
2020-03-14 00:00:00+00:00,5200.3662109375,36154506008.0
2020-03-15 00:00:00+00:00,5392.31494140625,33997889639.0
2020-03-16 00:00:00+00:00,5014.47998046875,45368026430.0
2020-03-17 00:00:00+00:00,5225.62939453125,38622642935.0
2020-03-18 00:00:00+00:00,5238.4384765625,37878801016.0
2020-03-19 00:00:00+00:00,6191.19287109375,51000731797.0
2020-03-20 00:00:00+00:00,6198.7783203125,54442976103.0
2020-03-21 00:00:00+00:00,6185.06640625,42494390880.0
2020-03-22 00:00:00+00:00,5830.2548828125,40099664740.0
2020-03-23 00:00:00+00:00,6416.31494140625,46491916000.0
2020-03-24 00:00:00+00:00,6734.8037109375,48221910672.0
2020-03-25 00:00:00+00:00,6681.06298828125,44590107888.0
2020-03-26 00:00:00+00:00,6716.4404296875,35319797642.0
2020-03-27 00:00:00+00:00,6469.79833984375,34585598367.0
2020-03-28 00:00:00+00:00,6242.19384765625,34885225901.0
2020-03-29 00:00:00+00:00,5922.04296875,28373690931.0
2020-03-30 00:00:00+00:00,6429.841796875,37101651525.0
2020-03-31 00:00:00+00:00,6438.64453125,32786468812.0
2020-04-01 00:00:00+00:00,6606.7763671875,40346426266.0
2020-04-02 00:00:00+00:00,6793.62451171875,47660646124.0
2020-04-03 00:00:00+00:00,6733.38720703125,38976504903.0
2020-04-04 00:00:00+00:00,6867.52734375,33185988584.0
2020-04-05 00:00:00+00:00,6791.12939453125,29510409856.0
2020-04-06 00:00:00+00:00,7271.78125,46896904615.0
2020-04-07 00:00:00+00:00,7176.41455078125,44243482668.0
2020-04-08 00:00:00+00:00,7334.0986328125,37563249549.0
2020-04-09 00:00:00+00:00,7302.08935546875,34815139178.0
2020-04-10 00:00:00+00:00,6865.4931640625,43622840992.0
2020-04-11 00:00:00+00:00,6859.0830078125,31222085946.0
2020-04-12 00:00:00+00:00,6971.091796875,35759567632.0
2020-04-13 00:00:00+00:00,6845.03759765625,38619308647.0
2020-04-14 00:00:00+00:00,6842.427734375,34110434052.0
2020-04-15 00:00:00+00:00,6642.10986328125,32288311031.0
2020-04-16 00:00:00+00:00,7116.80419921875,46783242377.0
2020-04-17 00:00:00+00:00,7096.1845703125,32513423567.0
2020-04-18 00:00:00+00:00,7257.6650390625,32447188386.0
2020-04-19 00:00:00+00:00,7189.4248046875,31311210215.0
2020-04-20 00:00:00+00:00,6881.95849609375,37747113936.0
2020-04-21 00:00:00+00:00,6880.3232421875,32589741511.0
2020-04-22 00:00:00+00:00,7117.20751953125,33249153866.0
2020-04-23 00:00:00+00:00,7429.724609375,43500782316.0
2020-04-24 00:00:00+00:00,7550.90087890625,34636526286.0
2020-04-25 00:00:00+00:00,7569.93603515625,32941541447.0
2020-04-26 00:00:00+00:00,7679.8671875,33070154491.0
2020-04-27 00:00:00+00:00,7795.60107421875,36162144725.0
2020-04-28 00:00:00+00:00,7807.05859375,33187959921.0
2020-04-29 00:00:00+00:00,8801.0380859375,60201052203.0
2020-04-30 00:00:00+00:00,8658.5537109375,66964629541.0
2020-05-01 00:00:00+00:00,8864.7666015625,44068389997.0
2020-05-02 00:00:00+00:00,8988.5966796875,40134388683.0
2020-05-03 00:00:00+00:00,8897.46875,47101785174.0
2020-05-04 00:00:00+00:00,8912.654296875,45718796276.0
2020-05-05 00:00:00+00:00,9003.0703125,43148462663.0
2020-05-06 00:00:00+00:00,9268.76171875,49371886931.0
2020-05-07 00:00:00+00:00,9951.5185546875,61112700562.0
2020-05-08 00:00:00+00:00,9842.666015625,51780748042.0
2020-05-09 00:00:00+00:00,9593.896484375,46566121841.0
2020-05-10 00:00:00+00:00,8756.4306640625,63325279337.0
2020-05-11 00:00:00+00:00,8601.7958984375,57119858802.0
2020-05-12 00:00:00+00:00,8804.4775390625,42142717533.0
2020-05-13 00:00:00+00:00,9269.9873046875,45558144023.0
2020-05-14 00:00:00+00:00,9733.7216796875,56426907637.0
2020-05-15 00:00:00+00:00,9328.197265625,48158802327.0
2020-05-16 00:00:00+00:00,9377.013671875,36164766408.0
2020-05-17 00:00:00+00:00,9670.7392578125,40084250663.0
2020-05-18 00:00:00+00:00,9726.5751953125,41827139896.0
2020-05-19 00:00:00+00:00,9729.0380859375,39254288955.0
2020-05-20 00:00:00+00:00,9522.9814453125,36546239703.0
2020-05-21 00:00:00+00:00,9081.76171875,39326160532.0
2020-05-22 00:00:00+00:00,9182.5771484375,29810773699.0
2020-05-23 00:00:00+00:00,9209.287109375,27727866812.0
2020-05-24 00:00:00+00:00,8790.3681640625,32518803300.0
2020-05-25 00:00:00+00:00,8906.9345703125,31288157264.0
2020-05-26 00:00:00+00:00,8835.052734375,29584186947.0
2020-05-27 00:00:00+00:00,9181.017578125,32740536902.0
2020-05-28 00:00:00+00:00,9525.7509765625,34367073114.0
2020-05-29 00:00:00+00:00,9439.1240234375,32896642044.0
2020-05-30 00:00:00+00:00,9700.4140625,32722975141.0
2020-05-31 00:00:00+00:00,9461.05859375,27773290299.0
2020-06-01 00:00:00+00:00,10167.2685546875,35198901068.0
2020-06-02 00:00:00+00:00,9529.8037109375,39137252109.0
2020-06-03 00:00:00+00:00,9656.7177734375,25007459262.0
2020-06-04 00:00:00+00:00,9800.63671875,25921805072.0
2020-06-05 00:00:00+00:00,9665.533203125,23509628646.0
2020-06-06 00:00:00+00:00,9653.6796875,20438419222.0
2020-06-07 00:00:00+00:00,9758.8525390625,25015250846.0
2020-06-08 00:00:00+00:00,9771.4892578125,21486346312.0
2020-06-09 00:00:00+00:00,9795.7001953125,23717842783.0
2020-06-10 00:00:00+00:00,9870.0947265625,25706567601.0
2020-06-11 00:00:00+00:00,9321.78125,30247143440.0
2020-06-12 00:00:00+00:00,9480.84375,22610564515.0
2020-06-13 00:00:00+00:00,9475.27734375,17564322315.0
2020-06-14 00:00:00+00:00,9386.7880859375,18991732746.0
2020-06-15 00:00:00+00:00,9450.7021484375,26699704768.0
2020-06-16 00:00:00+00:00,9538.0244140625,21565537209.0
2020-06-17 00:00:00+00:00,9480.2548828125,20177709879.0
2020-06-18 00:00:00+00:00,9411.8408203125,17770083003.0
2020-06-19 00:00:00+00:00,9288.0185546875,19632223107.0
2020-06-20 00:00:00+00:00,9332.3408203125,17130541557.0
2020-06-21 00:00:00+00:00,9303.6298828125,15324301169.0
2020-06-22 00:00:00+00:00,9648.7177734375,21104009514.0
2020-06-23 00:00:00+00:00,9629.658203125,17006433272.0
2020-06-24 00:00:00+00:00,9313.6103515625,18961716076.0
2020-06-25 00:00:00+00:00,9264.8134765625,18616048626.0
2020-06-26 00:00:00+00:00,9162.91796875,18341465837.0
2020-06-27 00:00:00+00:00,9045.390625,17273093144.0
2020-06-28 00:00:00+00:00,9143.58203125,14560870760.0
2020-06-29 00:00:00+00:00,9190.8544921875,16460547078.0
2020-06-30 00:00:00+00:00,9137.9931640625,15735797744.0
2020-07-01 00:00:00+00:00,9228.3251953125,15971550355.0
2020-07-02 00:00:00+00:00,9123.41015625,16338916796.0
2020-07-03 00:00:00+00:00,9087.3037109375,13078970999.0
2020-07-04 00:00:00+00:00,9132.48828125,12290528515.0
2020-07-05 00:00:00+00:00,9073.9423828125,12903406143.0
2020-07-06 00:00:00+00:00,9375.474609375,17889263252.0
2020-07-07 00:00:00+00:00,9252.27734375,13839652595.0
2020-07-08 00:00:00+00:00,9428.3330078125,19702359883.0
2020-07-09 00:00:00+00:00,9277.9677734375,18000702524.0
2020-07-10 00:00:00+00:00,9278.8076171875,16860035605.0
2020-07-11 00:00:00+00:00,9240.3466796875,13249910444.0
2020-07-12 00:00:00+00:00,9276.5,14452361907.0
2020-07-13 00:00:00+00:00,9243.6142578125,17519821266.0
2020-07-14 00:00:00+00:00,9243.2138671875,18085038362.0
2020-07-15 00:00:00+00:00,9192.8369140625,15844731575.0
2020-07-16 00:00:00+00:00,9132.2275390625,15713967523.0
2020-07-17 00:00:00+00:00,9151.392578125,13944570749.0
2020-07-18 00:00:00+00:00,9159.0400390625,12252601475.0
2020-07-19 00:00:00+00:00,9185.8173828125,12939002784.0
2020-07-20 00:00:00+00:00,9164.2314453125,13755604146.0
2020-07-21 00:00:00+00:00,9374.8876953125,18069581956.0
2020-07-22 00:00:00+00:00,9525.36328125,16532254884.0
2020-07-23 00:00:00+00:00,9581.072265625,18146399002.0
2020-07-24 00:00:00+00:00,9536.892578125,16552768325.0
2020-07-25 00:00:00+00:00,9677.11328125,16610070933.0
2020-07-26 00:00:00+00:00,9905.1669921875,20507998997.0
2020-07-27 00:00:00+00:00,10990.873046875,35359749590.0
2020-07-28 00:00:00+00:00,10912.8232421875,28766551142.0
2020-07-29 00:00:00+00:00,11100.4677734375,24617249715.0
2020-07-30 00:00:00+00:00,11111.2138671875,22857247901.0
2020-07-31 00:00:00+00:00,11323.466796875,23160469766.0
2020-08-01 00:00:00+00:00,11759.5927734375,26075670303.0
2020-08-02 00:00:00+00:00,11053.6142578125,27410067336.0
2020-08-03 00:00:00+00:00,11246.3486328125,20271713443.0
2020-08-04 00:00:00+00:00,11205.892578125,21250197042.0
2020-08-05 00:00:00+00:00,11747.0224609375,24411254471.0
2020-08-06 00:00:00+00:00,11779.7734375,23400740340.0
2020-08-07 00:00:00+00:00,11601.47265625,23132312867.0
2020-08-08 00:00:00+00:00,11754.0458984375,17572057837.0
2020-08-09 00:00:00+00:00,11675.7392578125,17489608833.0
2020-08-10 00:00:00+00:00,11878.111328125,26114112569.0
2020-08-11 00:00:00+00:00,11410.525390625,27039782640.0
2020-08-12 00:00:00+00:00,11584.9345703125,25064548486.0
2020-08-13 00:00:00+00:00,11784.1376953125,27522199497.0
2020-08-14 00:00:00+00:00,11768.87109375,24237958589.0
2020-08-15 00:00:00+00:00,11865.6982421875,23354924400.0
2020-08-16 00:00:00+00:00,11892.8037109375,20583375490.0
2020-08-17 00:00:00+00:00,12254.40234375,28227687027.0
2020-08-18 00:00:00+00:00,11991.2333984375,26043227672.0
2020-08-19 00:00:00+00:00,11758.283203125,24502851117.0
2020-08-20 00:00:00+00:00,11878.3720703125,20175242945.0
2020-08-21 00:00:00+00:00,11592.4892578125,23762425999.0
2020-08-22 00:00:00+00:00,11681.8251953125,20224191306.0
2020-08-23 00:00:00+00:00,11664.84765625,18482062658.0
2020-08-24 00:00:00+00:00,11774.595703125,20681511755.0
2020-08-25 00:00:00+00:00,11366.134765625,26301509932.0
2020-08-26 00:00:00+00:00,11488.36328125,22466660958.0
2020-08-27 00:00:00+00:00,11323.3974609375,23240415076.0
2020-08-28 00:00:00+00:00,11542.5,19807127588.0
2020-08-29 00:00:00+00:00,11506.865234375,17485597759.0
2020-08-30 00:00:00+00:00,11711.505859375,19760127945.0
2020-08-31 00:00:00+00:00,11680.8203125,22285928250.0
2020-09-01 00:00:00+00:00,11970.478515625,27311555343.0
2020-09-02 00:00:00+00:00,11414.0341796875,28037405299.0
2020-09-03 00:00:00+00:00,10245.296875,31927261555.0
2020-09-04 00:00:00+00:00,10511.8134765625,29965130374.0
2020-09-05 00:00:00+00:00,10169.5673828125,44916565292.0
2020-09-06 00:00:00+00:00,10280.3515625,37071460174.0
2020-09-07 00:00:00+00:00,10369.5634765625,33703098409.0
2020-09-08 00:00:00+00:00,10131.5166015625,33430927462.0
2020-09-09 00:00:00+00:00,10242.34765625,24128292755.0
2020-09-10 00:00:00+00:00,10363.138671875,54406443211.0
2020-09-11 00:00:00+00:00,10400.9150390625,45201121775.0
2020-09-12 00:00:00+00:00,10442.1708984375,36750077324.0
2020-09-13 00:00:00+00:00,10323.755859375,36506852789.0
2020-09-14 00:00:00+00:00,10680.837890625,35453581940.0
2020-09-15 00:00:00+00:00,10796.951171875,32509451925.0
2020-09-16 00:00:00+00:00,10974.9052734375,30769986455.0
2020-09-17 00:00:00+00:00,10948.990234375,38151810523.0
2020-09-18 00:00:00+00:00,10944.5859375,26341903912.0
2020-09-19 00:00:00+00:00,11094.3466796875,22764204008.0
2020-09-20 00:00:00+00:00,10938.271484375,24699523788.0
2020-09-21 00:00:00+00:00,10462.259765625,28884999244.0
2020-09-22 00:00:00+00:00,10538.4599609375,23621787804.0
2020-09-23 00:00:00+00:00,10246.1865234375,23788661867.0
2020-09-24 00:00:00+00:00,10760.06640625,47144380902.0
2020-09-25 00:00:00+00:00,10692.716796875,39348590957.0
2020-09-26 00:00:00+00:00,10750.7236328125,46852525493.0
2020-09-27 00:00:00+00:00,10775.26953125,53745972818.0
2020-09-28 00:00:00+00:00,10709.65234375,47762394731.0
2020-09-29 00:00:00+00:00,10844.640625,46582396602.0
2020-09-30 00:00:00+00:00,10784.4912109375,44171073700.0
2020-10-01 00:00:00+00:00,10619.4521484375,40023134100.0
2020-10-02 00:00:00+00:00,10575.974609375,48661453918.0
2020-10-03 00:00:00+00:00,10549.3291015625,44660271563.0
2020-10-04 00:00:00+00:00,10669.5830078125,71251776995.0
2020-10-05 00:00:00+00:00,10793.33984375,47537578009.0
2020-10-06 00:00:00+00:00,10604.40625,42623695307.0
2020-10-07 00:00:00+00:00,10668.96875,37799458436.0
2020-10-08 00:00:00+00:00,10915.685546875,63314794397.0
2020-10-09 00:00:00+00:00,11064.4580078125,22799117613.0
2020-10-10 00:00:00+00:00,11296.361328125,22877978588.0
2020-10-11 00:00:00+00:00,11384.181640625,19968627060.0
2020-10-12 00:00:00+00:00,11555.36328125,26163972642.0
2020-10-13 00:00:00+00:00,11425.8994140625,24241420251.0
2020-10-14 00:00:00+00:00,11429.5068359375,24103426719.0
2020-10-15 00:00:00+00:00,11495.349609375,24487233058.0
2020-10-16 00:00:00+00:00,11322.123046875,25635480772.0
2020-10-17 00:00:00+00:00,11358.1015625,19130430174.0
2020-10-18 00:00:00+00:00,11483.359375,18283314340.0
2020-10-19 00:00:00+00:00,11742.037109375,23860769928.0
2020-10-20 00:00:00+00:00,11916.3349609375,30915821592.0
2020-10-21 00:00:00+00:00,12823.689453125,43414712626.0
2020-10-22 00:00:00+00:00,12965.8916015625,34729759598.0
2020-10-23 00:00:00+00:00,12931.5390625,28974975003.0
2020-10-24 00:00:00+00:00,13108.0625,24542317940.0
2020-10-25 00:00:00+00:00,13031.173828125,24406920575.0
2020-10-26 00:00:00+00:00,13075.248046875,29461458313.0
2020-10-27 00:00:00+00:00,13654.21875,33749878156.0
2020-10-28 00:00:00+00:00,13271.28515625,35867318895.0
2020-10-29 00:00:00+00:00,13437.8828125,56499499598.0
2020-10-30 00:00:00+00:00,13546.5224609375,30581485201.0
2020-10-31 00:00:00+00:00,13780.9951171875,30306464719.0
2020-11-01 00:00:00+00:00,13737.109375,24453857900.0
2020-11-02 00:00:00+00:00,13550.4892578125,30771455468.0
2020-11-03 00:00:00+00:00,13950.30078125,29869951617.0
2020-11-04 00:00:00+00:00,14133.70703125,35116364962.0
2020-11-05 00:00:00+00:00,15579.8486328125,40856321439.0
2020-11-06 00:00:00+00:00,15565.880859375,39837841971.0
2020-11-07 00:00:00+00:00,14833.75390625,35024953706.0
2020-11-08 00:00:00+00:00,15479.5673828125,26632075029.0
2020-11-09 00:00:00+00:00,15332.3154296875,34149115566.0
2020-11-10 00:00:00+00:00,15290.90234375,25574938143.0
2020-11-11 00:00:00+00:00,15701.33984375,29772374934.0
2020-11-12 00:00:00+00:00,16276.34375,34175758344.0
2020-11-13 00:00:00+00:00,16317.80859375,31599492172.0
2020-11-14 00:00:00+00:00,16068.138671875,27481710135.0
2020-11-15 00:00:00+00:00,15955.587890625,23653867583.0
2020-11-16 00:00:00+00:00,16716.111328125,31526766675.0
2020-11-17 00:00:00+00:00,17645.40625,39006849170.0
2020-11-18 00:00:00+00:00,17804.005859375,49064800278.0
2020-11-19 00:00:00+00:00,17817.08984375,36985055355.0
2020-11-20 00:00:00+00:00,18621.314453125,36992873940.0
2020-11-21 00:00:00+00:00,18642.232421875,39650210707.0
2020-11-22 00:00:00+00:00,18370.001953125,41280434226.0
2020-11-23 00:00:00+00:00,18364.12109375,42741112308.0
2020-11-24 00:00:00+00:00,19107.46484375,51469565009.0
2020-11-25 00:00:00+00:00,18732.12109375,43710357371.0
2020-11-26 00:00:00+00:00,17150.623046875,61396835737.0
2020-11-27 00:00:00+00:00,17108.40234375,38886494645.0
2020-11-28 00:00:00+00:00,17717.4140625,32601040734.0
2020-11-29 00:00:00+00:00,18177.484375,31133957704.0
2020-11-30 00:00:00+00:00,19625.8359375,47728480399.0
2020-12-01 00:00:00+00:00,18802.998046875,49633658712.0
2020-12-02 00:00:00+00:00,19201.091796875,37387697139.0
2020-12-03 00:00:00+00:00,19445.3984375,31930317405.0
2020-12-04 00:00:00+00:00,18699.765625,33872388058.0
2020-12-05 00:00:00+00:00,19154.23046875,27242455064.0
2020-12-06 00:00:00+00:00,19345.12109375,25293775714.0
2020-12-07 00:00:00+00:00,19191.630859375,26896357742.0
2020-12-08 00:00:00+00:00,18321.14453125,31692288756.0
2020-12-09 00:00:00+00:00,18553.916015625,34420373071.0
2020-12-10 00:00:00+00:00,18264.9921875,25547132265.0
2020-12-11 00:00:00+00:00,18058.904296875,27919640985.0
2020-12-12 00:00:00+00:00,18803.65625,21752580802.0
2020-12-13 00:00:00+00:00,19142.3828125,25450468637.0
2020-12-14 00:00:00+00:00,19246.64453125,22473997681.0
2020-12-15 00:00:00+00:00,19417.076171875,26741982541.0
2020-12-16 00:00:00+00:00,21310.59765625,44409011479.0
2020-12-17 00:00:00+00:00,22805.162109375,71378606374.0
2020-12-18 00:00:00+00:00,23137.9609375,40387896275.0
2020-12-19 00:00:00+00:00,23869.83203125,38487546580.0
2020-12-20 00:00:00+00:00,23477.294921875,37844228422.0
2020-12-21 00:00:00+00:00,22803.08203125,45852713981.0
2020-12-22 00:00:00+00:00,23783.029296875,44171632681.0
2020-12-23 00:00:00+00:00,23241.345703125,51146161904.0
2020-12-24 00:00:00+00:00,23735.94921875,41080759713.0
2020-12-25 00:00:00+00:00,24664.791015625,42068395846.0
2020-12-26 00:00:00+00:00,26437.037109375,48332647295.0
2020-12-27 00:00:00+00:00,26272.294921875,66479895605.0
2020-12-28 00:00:00+00:00,27084.80859375,49056742893.0
2020-12-29 00:00:00+00:00,27362.4375,45265946774.0
2020-12-30 00:00:00+00:00,28840.953125,51287442704.0
2020-12-31 00:00:00+00:00,29001.720703125,46754964848.0
2021-01-01 00:00:00+00:00,29374.15234375,40730301359.0
2021-01-02 00:00:00+00:00,32127.267578125,67865420765.0
2021-01-03 00:00:00+00:00,32782.0234375,78665235202.0
2021-01-04 00:00:00+00:00,31971.9140625,81163475344.0
2021-01-05 00:00:00+00:00,33992.4296875,67547324782.0
2021-01-06 00:00:00+00:00,36824.36328125,75289433811.0
2021-01-07 00:00:00+00:00,39371.04296875,84762141031.0
2021-01-08 00:00:00+00:00,40797.609375,88107519480.0
2021-01-09 00:00:00+00:00,40254.546875,61984162837.0
2021-01-10 00:00:00+00:00,38356.44140625,79980747690.0
2021-01-11 00:00:00+00:00,35566.65625,123320567399.0
2021-01-12 00:00:00+00:00,33922.9609375,74773277909.0
2021-01-13 00:00:00+00:00,37316.359375,69364315979.0
2021-01-14 00:00:00+00:00,39187.328125,63615990033.0
2021-01-15 00:00:00+00:00,36825.3671875,67760757881.0
2021-01-16 00:00:00+00:00,36178.140625,57706187875.0
2021-01-17 00:00:00+00:00,35791.27734375,52359854336.0
2021-01-18 00:00:00+00:00,36630.07421875,49511702429.0
2021-01-19 00:00:00+00:00,36069.8046875,57244195486.0
2021-01-20 00:00:00+00:00,35547.75,66834573161.0
2021-01-21 00:00:00+00:00,30825.69921875,75643067688.0
2021-01-22 00:00:00+00:00,33005.76171875,77207272511.0
2021-01-23 00:00:00+00:00,32067.642578125,48354737975.0
2021-01-24 00:00:00+00:00,32289.37890625,48643830599.0
2021-01-25 00:00:00+00:00,32366.392578125,59897054838.0
2021-01-26 00:00:00+00:00,32569.849609375,60255421470.0
2021-01-27 00:00:00+00:00,30432.546875,62576762015.0
2021-01-28 00:00:00+00:00,33466.09765625,76517157706.0
2021-01-29 00:00:00+00:00,34316.38671875,117894572511.0
2021-01-30 00:00:00+00:00,34269.5234375,65141828798.0
2021-01-31 00:00:00+00:00,33114.359375,52754542671.0
2021-02-01 00:00:00+00:00,33537.17578125,61400400660.0
2021-02-02 00:00:00+00:00,35510.2890625,63088585433.0
2021-02-03 00:00:00+00:00,37472.08984375,61166818159.0
2021-02-04 00:00:00+00:00,36926.06640625,68838074392.0
2021-02-05 00:00:00+00:00,38144.30859375,58598066402.0
2021-02-06 00:00:00+00:00,39266.01171875,71326033653.0
2021-02-07 00:00:00+00:00,38903.44140625,65500641143.0
2021-02-08 00:00:00+00:00,46196.46484375,101467222687.0
2021-02-09 00:00:00+00:00,46481.10546875,91809846886.0
2021-02-10 00:00:00+00:00,44918.18359375,87301089896.0
2021-02-11 00:00:00+00:00,47909.33203125,81388911810.0
2021-02-12 00:00:00+00:00,47504.8515625,76555041196.0
2021-02-13 00:00:00+00:00,47105.515625,70250456155.0
2021-02-14 00:00:00+00:00,48717.2890625,71248675228.0
2021-02-15 00:00:00+00:00,47945.05859375,77069903166.0
2021-02-16 00:00:00+00:00,49199.87109375,77049582886.0
2021-02-17 00:00:00+00:00,52149.0078125,80820545404.0
2021-02-18 00:00:00+00:00,51679.796875,52054723579.0
2021-02-19 00:00:00+00:00,55888.1328125,63495496918.0
2021-02-20 00:00:00+00:00,56099.51953125,68145460026.0
2021-02-21 00:00:00+00:00,57539.9453125,51897585191.0
2021-02-22 00:00:00+00:00,54207.3203125,92052420332.0
2021-02-23 00:00:00+00:00,48824.42578125,106102492824.0
2021-02-24 00:00:00+00:00,49705.33203125,63695521388.0
2021-02-25 00:00:00+00:00,47093.8515625,54506565949.0
2021-02-26 00:00:00+00:00,46339.76171875,350967941479.0
2021-02-27 00:00:00+00:00,46188.453125,45910946382.0
2021-02-28 00:00:00+00:00,45137.76953125,53443887451.0
2021-03-01 00:00:00+00:00,49631.2421875,53891300112.0
2021-03-02 00:00:00+00:00,48378.98828125,47530897720.0
2021-03-03 00:00:00+00:00,50538.2421875,53220811975.0
2021-03-04 00:00:00+00:00,48561.16796875,52343816680.0
2021-03-05 00:00:00+00:00,48927.3046875,48625928883.0
2021-03-06 00:00:00+00:00,48912.3828125,34363564661.0
2021-03-07 00:00:00+00:00,51206.69140625,43137459378.0
2021-03-08 00:00:00+00:00,52246.5234375,48597428048.0
2021-03-09 00:00:00+00:00,54824.1171875,50912227385.0
2021-03-10 00:00:00+00:00,56008.55078125,57295577614.0
2021-03-11 00:00:00+00:00,57805.12109375,56772343595.0
2021-03-12 00:00:00+00:00,57332.08984375,55689944702.0
2021-03-13 00:00:00+00:00,61243.0859375,60669829814.0
2021-03-14 00:00:00+00:00,59302.31640625,43901225564.0
2021-03-15 00:00:00+00:00,55907.19921875,66419369890.0
2021-03-16 00:00:00+00:00,56804.90234375,59749798599.0
2021-03-17 00:00:00+00:00,58870.89453125,60258313191.0
2021-03-18 00:00:00+00:00,57858.921875,55746041000.0
2021-03-19 00:00:00+00:00,58346.65234375,49063873786.0
2021-03-20 00:00:00+00:00,58313.64453125,50361731222.0
2021-03-21 00:00:00+00:00,57523.421875,51943414539.0
2021-03-22 00:00:00+00:00,54529.14453125,56521454974.0
2021-03-23 00:00:00+00:00,54738.9453125,56435023914.0
2021-03-24 00:00:00+00:00,52774.265625,70567223787.0
2021-03-25 00:00:00+00:00,51704.16015625,67999812841.0
2021-03-26 00:00:00+00:00,55137.3125,56652197978.0
2021-03-27 00:00:00+00:00,55973.51171875,47266542233.0
2021-03-28 00:00:00+00:00,55950.74609375,47686580918.0
2021-03-29 00:00:00+00:00,57750.19921875,57625587027.0
2021-03-30 00:00:00+00:00,58917.69140625,54414116432.0
2021-03-31 00:00:00+00:00,58918.83203125,65520826225.0
2021-04-01 00:00:00+00:00,59095.80859375,61669163792.0
2021-04-02 00:00:00+00:00,59384.3125,58727860620.0
2021-04-03 00:00:00+00:00,57603.890625,59641344484.0
2021-04-04 00:00:00+00:00,58758.5546875,50749662970.0
2021-04-05 00:00:00+00:00,59057.87890625,60706272115.0
2021-04-06 00:00:00+00:00,58192.359375,66058027988.0
2021-04-07 00:00:00+00:00,56048.9375,75645303584.0
2021-04-08 00:00:00+00:00,58323.953125,53053855641.0
2021-04-09 00:00:00+00:00,58245.00390625,46655208546.0
2021-04-10 00:00:00+00:00,59793.234375,58238470525.0
2021-04-11 00:00:00+00:00,60204.96484375,46280252580.0
2021-04-12 00:00:00+00:00,59893.453125,51828688519.0
2021-04-13 00:00:00+00:00,63503.45703125,69983454362.0
2021-04-14 00:00:00+00:00,63109.6953125,77451779687.0
2021-04-15 00:00:00+00:00,63314.01171875,60954381579.0
2021-04-16 00:00:00+00:00,61572.7890625,84293007468.0
2021-04-17 00:00:00+00:00,60683.8203125,66138759198.0
2021-04-18 00:00:00+00:00,56216.18359375,97468872758.0
2021-04-19 00:00:00+00:00,55724.265625,65344865159.0
2021-04-20 00:00:00+00:00,56473.03125,67849323955.0
2021-04-21 00:00:00+00:00,53906.08984375,54926612466.0
2021-04-22 00:00:00+00:00,51762.2734375,74798630778.0
2021-04-23 00:00:00+00:00,51093.65234375,86668667320.0
2021-04-24 00:00:00+00:00,50050.8671875,49014494781.0
2021-04-25 00:00:00+00:00,49004.25390625,46117114240.0
2021-04-26 00:00:00+00:00,54021.75390625,58284039825.0
2021-04-27 00:00:00+00:00,55033.1171875,49448222757.0
2021-04-28 00:00:00+00:00,54824.703125,48000572955.0
2021-04-29 00:00:00+00:00,53555.109375,46088929780.0
2021-04-30 00:00:00+00:00,57750.17578125,52395931985.0
2021-05-01 00:00:00+00:00,57828.05078125,42836427360.0
2021-05-02 00:00:00+00:00,56631.078125,38177405335.0
2021-05-03 00:00:00+00:00,57200.29296875,51713139031.0
2021-05-04 00:00:00+00:00,53333.5390625,68564706967.0
2021-05-05 00:00:00+00:00,57424.0078125,69241316747.0
2021-05-06 00:00:00+00:00,56396.515625,69523285106.0
2021-05-07 00:00:00+00:00,57356.40234375,68434023376.0
2021-05-08 00:00:00+00:00,58803.77734375,65382980634.0
2021-05-09 00:00:00+00:00,58232.31640625,65906690347.0
2021-05-10 00:00:00+00:00,55859.796875,71776546298.0
2021-05-11 00:00:00+00:00,56704.57421875,61308396325.0
2021-05-12 00:00:00+00:00,49150.53515625,75215403907.0
2021-05-13 00:00:00+00:00,49716.19140625,96721152926.0
2021-05-14 00:00:00+00:00,49880.53515625,55737497453.0
2021-05-15 00:00:00+00:00,46760.1875,59161047474.0
2021-05-16 00:00:00+00:00,46456.05859375,64047871555.0
2021-05-17 00:00:00+00:00,43537.51171875,74903638450.0
2021-05-18 00:00:00+00:00,42909.40234375,56187365084.0
2021-05-19 00:00:00+00:00,37002.44140625,126358098747.0
2021-05-20 00:00:00+00:00,40782.73828125,88281943359.0
2021-05-21 00:00:00+00:00,37304.69140625,82051616861.0
2021-05-22 00:00:00+00:00,37536.6328125,57377273240.0
2021-05-23 00:00:00+00:00,34770.58203125,78469274361.0
2021-05-24 00:00:00+00:00,38705.98046875,67359584098.0
2021-05-25 00:00:00+00:00,38402.22265625,56211915803.0
2021-05-26 00:00:00+00:00,39294.19921875,51346735160.0
2021-05-27 00:00:00+00:00,38436.96875,43210968721.0
2021-05-28 00:00:00+00:00,35697.60546875,55200191952.0
2021-05-29 00:00:00+00:00,34616.06640625,45231013335.0
2021-05-30 00:00:00+00:00,35678.12890625,31646080921.0
2021-05-31 00:00:00+00:00,37332.85546875,39009847639.0
2021-06-01 00:00:00+00:00,36684.92578125,34639423297.0
2021-06-02 00:00:00+00:00,37575.1796875,33070867190.0
2021-06-03 00:00:00+00:00,39208.765625,35460750427.0
2021-06-04 00:00:00+00:00,36894.40625,41831090187.0
2021-06-05 00:00:00+00:00,35551.95703125,35959473399.0
2021-06-06 00:00:00+00:00,35862.37890625,28913440585.0
2021-06-07 00:00:00+00:00,33560.70703125,33683936663.0
2021-06-08 00:00:00+00:00,33472.6328125,49902050442.0
2021-06-09 00:00:00+00:00,37345.12109375,53972919008.0
2021-06-10 00:00:00+00:00,36702.59765625,43576032854.0
2021-06-11 00:00:00+00:00,37334.3984375,38699736985.0
2021-06-12 00:00:00+00:00,35552.515625,37924228550.0
2021-06-13 00:00:00+00:00,39097.859375,40669112838.0
2021-06-14 00:00:00+00:00,40218.4765625,43148914673.0
2021-06-15 00:00:00+00:00,40406.26953125,46420149185.0
2021-06-16 00:00:00+00:00,38347.0625,39211635100.0
2021-06-17 00:00:00+00:00,38053.50390625,37096670047.0
2021-06-18 00:00:00+00:00,35787.24609375,36200887275.0
2021-06-19 00:00:00+00:00,35615.87109375,31207279719.0
2021-06-20 00:00:00+00:00,35698.296875,36664034054.0
2021-06-21 00:00:00+00:00,31676.693359375,52809038594.0
2021-06-22 00:00:00+00:00,32505.66015625,58964353058.0
2021-06-23 00:00:00+00:00,33723.02734375,46317108925.0
2021-06-24 00:00:00+00:00,34662.4375,33123368116.0
2021-06-25 00:00:00+00:00,31637.779296875,40230904226.0
2021-06-26 00:00:00+00:00,32186.27734375,38585385521.0
2021-06-27 00:00:00+00:00,34649.64453125,35511640894.0
2021-06-28 00:00:00+00:00,34434.3359375,33892523752.0
2021-06-29 00:00:00+00:00,35867.77734375,37901460044.0
2021-06-30 00:00:00+00:00,35040.8359375,34059036099.0
2021-07-01 00:00:00+00:00,33572.1171875,37838957079.0
2021-07-02 00:00:00+00:00,33897.046875,38728974942.0
2021-07-03 00:00:00+00:00,34668.546875,24383958643.0
2021-07-04 00:00:00+00:00,35287.78125,24924307911.0
2021-07-05 00:00:00+00:00,33746.00390625,26721554282.0
2021-07-06 00:00:00+00:00,34235.1953125,26501259870.0
2021-07-07 00:00:00+00:00,33855.328125,24796027477.0
2021-07-08 00:00:00+00:00,32877.37109375,29910396946.0
2021-07-09 00:00:00+00:00,33798.01171875,27436021028.0
2021-07-10 00:00:00+00:00,33520.51953125,22971873468.0
2021-07-11 00:00:00+00:00,34240.1875,20108729370.0
2021-07-12 00:00:00+00:00,33155.84765625,24321499537.0
2021-07-13 00:00:00+00:00,32702.025390625,19120856669.0
2021-07-14 00:00:00+00:00,32822.34765625,21376531210.0
2021-07-15 00:00:00+00:00,31780.73046875,21300524237.0
2021-07-16 00:00:00+00:00,31421.5390625,23699476918.0
2021-07-17 00:00:00+00:00,31533.068359375,18895018942.0
2021-07-18 00:00:00+00:00,31796.810546875,18787986667.0
2021-07-19 00:00:00+00:00,30817.83203125,20434789545.0
2021-07-20 00:00:00+00:00,29807.34765625,23148267245.0
2021-07-21 00:00:00+00:00,32110.693359375,28203024559.0
2021-07-22 00:00:00+00:00,32313.10546875,19555230518.0
2021-07-23 00:00:00+00:00,33581.55078125,22552046192.0
2021-07-24 00:00:00+00:00,34292.4453125,21664706865.0
2021-07-25 00:00:00+00:00,35350.1875,20856685287.0
2021-07-26 00:00:00+00:00,37337.53515625,51022126212.0
2021-07-27 00:00:00+00:00,39406.94140625,35097370560.0
2021-07-28 00:00:00+00:00,39995.90625,38702404695.0
2021-07-29 00:00:00+00:00,40008.421875,27167146027.0
2021-07-30 00:00:00+00:00,42235.546875,33072782960.0
2021-07-31 00:00:00+00:00,41626.1953125,25802845343.0
2021-08-01 00:00:00+00:00,39974.89453125,26688438115.0
2021-08-02 00:00:00+00:00,39201.9453125,25595265436.0
2021-08-03 00:00:00+00:00,38152.98046875,26189830450.0
2021-08-04 00:00:00+00:00,39747.50390625,25372562724.0
2021-08-05 00:00:00+00:00,40869.5546875,35185031017.0
2021-08-06 00:00:00+00:00,42816.5,38226483046.0
2021-08-07 00:00:00+00:00,44555.80078125,40030862141.0
2021-08-08 00:00:00+00:00,43798.1171875,36302664750.0
2021-08-09 00:00:00+00:00,46365.40234375,38734079049.0
2021-08-10 00:00:00+00:00,45585.03125,33546019517.0
2021-08-11 00:00:00+00:00,45593.63671875,34319709073.0
2021-08-12 00:00:00+00:00,44428.2890625,33723620826.0
2021-08-13 00:00:00+00:00,47793.3203125,31744259539.0
2021-08-14 00:00:00+00:00,47096.9453125,31211354442.0
2021-08-15 00:00:00+00:00,47047.00390625,30988958446.0
2021-08-16 00:00:00+00:00,46004.484375,32776876610.0
2021-08-17 00:00:00+00:00,44695.359375,33451362600.0
2021-08-18 00:00:00+00:00,44801.1875,32194123075.0
2021-08-19 00:00:00+00:00,46717.578125,37204312299.0
2021-08-20 00:00:00+00:00,49339.17578125,34706867452.0
2021-08-21 00:00:00+00:00,48905.4921875,40585205312.0
2021-08-22 00:00:00+00:00,49321.65234375,25370975378.0
2021-08-23 00:00:00+00:00,49546.1484375,34305053719.0
2021-08-24 00:00:00+00:00,47706.1171875,35361168834.0
2021-08-25 00:00:00+00:00,48960.7890625,32646349931.0
2021-08-26 00:00:00+00:00,46942.21875,32666549568.0
2021-08-27 00:00:00+00:00,49058.66796875,34511076995.0
2021-08-28 00:00:00+00:00,48902.40234375,28568103401.0
2021-08-29 00:00:00+00:00,48829.83203125,25889650240.0
2021-08-30 00:00:00+00:00,47054.984375,31847007016.0
2021-08-31 00:00:00+00:00,47166.6875,34730363427.0
2021-09-01 00:00:00+00:00,48847.02734375,39139399125.0
2021-09-02 00:00:00+00:00,49327.72265625,39508070319.0
2021-09-03 00:00:00+00:00,50025.375,43206179619.0
2021-09-04 00:00:00+00:00,49944.625,37471327794.0
2021-09-05 00:00:00+00:00,51753.41015625,30322676319.0
2021-09-06 00:00:00+00:00,52633.53515625,38884105426.0
2021-09-07 00:00:00+00:00,46811.12890625,65210059683.0
2021-09-08 00:00:00+00:00,46091.390625,49007762488.0
2021-09-09 00:00:00+00:00,46391.421875,38672657013.0
2021-09-10 00:00:00+00:00,44883.91015625,39154666597.0
2021-09-11 00:00:00+00:00,45201.45703125,34499835245.0
2021-09-12 00:00:00+00:00,46063.26953125,27881980161.0
2021-09-13 00:00:00+00:00,44963.07421875,40969943253.0
2021-09-14 00:00:00+00:00,47092.4921875,38652152880.0
2021-09-15 00:00:00+00:00,48176.34765625,30484496466.0
2021-09-16 00:00:00+00:00,47783.359375,31764293754.0
2021-09-17 00:00:00+00:00,47267.51953125,28727713711.0
2021-09-18 00:00:00+00:00,48278.36328125,28575630451.0
2021-09-19 00:00:00+00:00,47260.21875,26967722648.0
2021-09-20 00:00:00+00:00,42843.80078125,43909845642.0
2021-09-21 00:00:00+00:00,40693.67578125,48701090088.0
2021-09-22 00:00:00+00:00,43574.5078125,38139709246.0
2021-09-23 00:00:00+00:00,44895.09765625,34244064430.0
2021-09-24 00:00:00+00:00,42839.75,42839345714.0
2021-09-25 00:00:00+00:00,42716.59375,31604717236.0
2021-09-26 00:00:00+00:00,43208.5390625,30661222077.0
2021-09-27 00:00:00+00:00,42235.73046875,30980029059.0
2021-09-28 00:00:00+00:00,41034.54296875,30214940550.0
2021-09-29 00:00:00+00:00,41564.36328125,30602359905.0
2021-09-30 00:00:00+00:00,43790.89453125,31141681925.0
2021-10-01 00:00:00+00:00,48116.94140625,42850641582.0
2021-10-02 00:00:00+00:00,47711.48828125,30614346492.0
2021-10-03 00:00:00+00:00,48199.953125,26638115879.0
2021-10-04 00:00:00+00:00,49112.90234375,33383173002.0
2021-10-05 00:00:00+00:00,51514.8125,35873904236.0
2021-10-06 00:00:00+00:00,55361.44921875,49034730168.0
2021-10-07 00:00:00+00:00,53805.984375,36807860413.0
2021-10-08 00:00:00+00:00,53967.84765625,34800873924.0
2021-10-09 00:00:00+00:00,54968.22265625,32491211414.0
2021-10-10 00:00:00+00:00,54771.578125,39527792364.0
2021-10-11 00:00:00+00:00,57484.7890625,42637331698.0
2021-10-12 00:00:00+00:00,56041.05859375,41083758949.0
2021-10-13 00:00:00+00:00,57401.09765625,41684252783.0
2021-10-14 00:00:00+00:00,57321.5234375,36615791366.0
2021-10-15 00:00:00+00:00,61593.94921875,51780081801.0
2021-10-16 00:00:00+00:00,60892.1796875,34250964237.0
2021-10-17 00:00:00+00:00,61553.6171875,29032367511.0
2021-10-18 00:00:00+00:00,62026.078125,38055562075.0
2021-10-19 00:00:00+00:00,64261.9921875,40471196346.0
2021-10-20 00:00:00+00:00,65992.8359375,40788955582.0
2021-10-21 00:00:00+00:00,62210.171875,45908121370.0
2021-10-22 00:00:00+00:00,60692.265625,38434082775.0
2021-10-23 00:00:00+00:00,61393.6171875,26882546034.0
2021-10-24 00:00:00+00:00,60930.8359375,27316183882.0
2021-10-25 00:00:00+00:00,63039.82421875,31064911614.0
2021-10-26 00:00:00+00:00,60363.79296875,34878965587.0
2021-10-27 00:00:00+00:00,58482.38671875,43657076893.0
2021-10-28 00:00:00+00:00,60622.13671875,45257083247.0
2021-10-29 00:00:00+00:00,62227.96484375,36856881767.0
2021-10-30 00:00:00+00:00,61888.83203125,32157938616.0
2021-10-31 00:00:00+00:00,61318.95703125,32241199927.0
2021-11-01 00:00:00+00:00,61004.40625,36150572843.0
2021-11-02 00:00:00+00:00,63226.40234375,37746665647.0
2021-11-03 00:00:00+00:00,62970.046875,36124731509.0
2021-11-04 00:00:00+00:00,61452.23046875,32615846901.0
2021-11-05 00:00:00+00:00,61125.67578125,30605102446.0
2021-11-06 00:00:00+00:00,61527.48046875,29094934221.0
2021-11-07 00:00:00+00:00,63326.98828125,24726754302.0
2021-11-08 00:00:00+00:00,67566.828125,41125608330.0
2021-11-09 00:00:00+00:00,66971.828125,42357991721.0
2021-11-10 00:00:00+00:00,64995.23046875,48730828378.0
2021-11-11 00:00:00+00:00,64949.9609375,35880633236.0
2021-11-12 00:00:00+00:00,64155.94140625,36084893887.0
2021-11-13 00:00:00+00:00,64469.52734375,30474228777.0
2021-11-14 00:00:00+00:00,65466.83984375,25122092191.0
2021-11-15 00:00:00+00:00,63557.87109375,30558763548.0
2021-11-16 00:00:00+00:00,60161.24609375,46844335592.0
2021-11-17 00:00:00+00:00,60368.01171875,39178392930.0
2021-11-18 00:00:00+00:00,56942.13671875,41388338699.0
2021-11-19 00:00:00+00:00,58119.578125,38702407772.0
2021-11-20 00:00:00+00:00,59697.1953125,30624264863.0
2021-11-21 00:00:00+00:00,58730.4765625,26123447605.0
2021-11-22 00:00:00+00:00,56289.2890625,35036121783.0
2021-11-23 00:00:00+00:00,57569.07421875,37485803899.0
2021-11-24 00:00:00+00:00,56280.42578125,36635566789.0
2021-11-25 00:00:00+00:00,57274.6796875,34284016248.0
2021-11-26 00:00:00+00:00,53569.765625,41810748221.0
2021-11-27 00:00:00+00:00,54815.078125,30560857714.0
2021-11-28 00:00:00+00:00,57248.45703125,28116886357.0
2021-11-29 00:00:00+00:00,57806.56640625,32370840356.0
2021-11-30 00:00:00+00:00,57005.42578125,36708594618.0
2021-12-01 00:00:00+00:00,57229.828125,36858195307.0
2021-12-02 00:00:00+00:00,56477.81640625,32379968686.0
2021-12-03 00:00:00+00:00,53598.24609375,39789134215.0
2021-12-04 00:00:00+00:00,49200.703125,61385677469.0
2021-12-05 00:00:00+00:00,49368.84765625,37198201161.0
2021-12-06 00:00:00+00:00,50582.625,37707308001.0
2021-12-07 00:00:00+00:00,50700.0859375,33676814852.0
2021-12-08 00:00:00+00:00,50504.796875,28479699446.0
2021-12-09 00:00:00+00:00,47672.12109375,29603577251.0
2021-12-10 00:00:00+00:00,47243.3046875,30966005122.0
2021-12-11 00:00:00+00:00,49362.5078125,25775869261.0
2021-12-12 00:00:00+00:00,50098.3359375,21939223599.0
2021-12-13 00:00:00+00:00,46737.48046875,32166727776.0
2021-12-14 00:00:00+00:00,46612.6328125,34638619079.0
2021-12-15 00:00:00+00:00,48896.72265625,36541828520.0
2021-12-16 00:00:00+00:00,47665.42578125,27268150947.0
2021-12-17 00:00:00+00:00,46202.14453125,32902725329.0
2021-12-18 00:00:00+00:00,46848.77734375,26098292690.0
2021-12-19 00:00:00+00:00,46707.015625,25154053861.0
2021-12-20 00:00:00+00:00,46880.27734375,30961902129.0
2021-12-21 00:00:00+00:00,48936.61328125,27055803928.0
2021-12-22 00:00:00+00:00,48628.51171875,24447979559.0
2021-12-23 00:00:00+00:00,50784.5390625,28223878108.0
2021-12-24 00:00:00+00:00,50822.1953125,24367912228.0
2021-12-25 00:00:00+00:00,50429.859375,19030650914.0
2021-12-26 00:00:00+00:00,50809.515625,20964372926.0
2021-12-27 00:00:00+00:00,50640.41796875,24324345758.0
2021-12-28 00:00:00+00:00,47588.85546875,33430376883.0
2021-12-29 00:00:00+00:00,46444.7109375,30049226299.0
2021-12-30 00:00:00+00:00,47178.125,26686491018.0
2021-12-31 00:00:00+00:00,46306.4453125,36974172400.0
2022-01-01 00:00:00+00:00,47686.8125,24582667004.0
2022-01-02 00:00:00+00:00,47345.21875,27951569547.0
2022-01-03 00:00:00+00:00,46458.1171875,33071628362.0
2022-01-04 00:00:00+00:00,45897.57421875,42494677905.0
2022-01-05 00:00:00+00:00,43569.00390625,36851084859.0
2022-01-06 00:00:00+00:00,43160.9296875,30208048289.0
2022-01-07 00:00:00+00:00,41557.90234375,84196607520.0
2022-01-08 00:00:00+00:00,41733.94140625,28066355845.0
2022-01-09 00:00:00+00:00,41911.6015625,21294384372.0
2022-01-10 00:00:00+00:00,41821.26171875,32104232331.0
2022-01-11 00:00:00+00:00,42735.85546875,26327648900.0
2022-01-12 00:00:00+00:00,43949.1015625,33499938689.0
2022-01-13 00:00:00+00:00,42591.5703125,47691135082.0
2022-01-14 00:00:00+00:00,43099.69921875,23577403399.0
2022-01-15 00:00:00+00:00,43177.3984375,18371348298.0
2022-01-16 00:00:00+00:00,43113.87890625,17902097845.0
2022-01-17 00:00:00+00:00,42250.55078125,21690904261.0
2022-01-18 00:00:00+00:00,42375.6328125,22417209227.0
2022-01-19 00:00:00+00:00,41744.328125,23091543258.0
2022-01-20 00:00:00+00:00,40680.41796875,20382033940.0
2022-01-21 00:00:00+00:00,36457.31640625,43011992031.0
2022-01-22 00:00:00+00:00,35030.25,39714385405.0
2022-01-23 00:00:00+00:00,36276.8046875,26017975951.0
2022-01-24 00:00:00+00:00,36654.328125,41856658597.0
2022-01-25 00:00:00+00:00,36954.00390625,26428189594.0
2022-01-26 00:00:00+00:00,36852.12109375,31324598034.0
2022-01-27 00:00:00+00:00,37138.234375,25041426629.0
2022-01-28 00:00:00+00:00,37784.33203125,22238830523.0
2022-01-29 00:00:00+00:00,38138.1796875,17194183075.0
2022-01-30 00:00:00+00:00,37917.6015625,14643548444.0
2022-01-31 00:00:00+00:00,38483.125,20734730465.0
2022-02-01 00:00:00+00:00,38743.2734375,20288500328.0
2022-02-02 00:00:00+00:00,36952.984375,19155189416.0
2022-02-03 00:00:00+00:00,37154.6015625,18591534769.0
2022-02-04 00:00:00+00:00,41500.875,29412210792.0
2022-02-05 00:00:00+00:00,41441.1640625,19652846215.0
2022-02-06 00:00:00+00:00,42412.43359375,16142097334.0
2022-02-07 00:00:00+00:00,43840.28515625,28641855926.0
2022-02-08 00:00:00+00:00,44118.4453125,33079398868.0
2022-02-09 00:00:00+00:00,44338.796875,23245887300.0
2022-02-10 00:00:00+00:00,43565.11328125,32142048537.0
2022-02-11 00:00:00+00:00,42407.9375,26954925781.0
2022-02-12 00:00:00+00:00,42244.46875,18152390304.0
2022-02-13 00:00:00+00:00,42197.515625,14741589015.0
2022-02-14 00:00:00+00:00,42586.91796875,20827783012.0
2022-02-15 00:00:00+00:00,44575.203125,22721659051.0
2022-02-16 00:00:00+00:00,43961.859375,19792547657.0
2022-02-17 00:00:00+00:00,40538.01171875,26246662813.0
2022-02-18 00:00:00+00:00,40030.9765625,23310007704.0
2022-02-19 00:00:00+00:00,40122.15625,13736557863.0
2022-02-20 00:00:00+00:00,38431.37890625,18340576452.0
2022-02-21 00:00:00+00:00,37075.28125,29280402798.0
2022-02-22 00:00:00+00:00,38286.02734375,25493150450.0
2022-02-23 00:00:00+00:00,37296.5703125,21849073843.0
2022-02-24 00:00:00+00:00,38332.609375,46383802093.0
2022-02-25 00:00:00+00:00,39214.21875,26545599159.0
2022-02-26 00:00:00+00:00,39105.1484375,17467554129.0
2022-02-27 00:00:00+00:00,37709.78515625,23450127612.0
2022-02-28 00:00:00+00:00,43193.234375,35690014104.0
2022-03-01 00:00:00+00:00,44354.63671875,32479047645.0
2022-03-02 00:00:00+00:00,43924.1171875,29183112630.0
2022-03-03 00:00:00+00:00,42451.7890625,24967782593.0
2022-03-04 00:00:00+00:00,39137.60546875,28516271427.0
2022-03-05 00:00:00+00:00,39400.5859375,16975917450.0
2022-03-06 00:00:00+00:00,38419.984375,19745229902.0
2022-03-07 00:00:00+00:00,38062.0390625,28546143503.0
2022-03-08 00:00:00+00:00,38737.26953125,25776583476.0
2022-03-09 00:00:00+00:00,41982.92578125,32284121034.0
2022-03-10 00:00:00+00:00,39437.4609375,31078064711.0
2022-03-11 00:00:00+00:00,38794.97265625,26364890465.0
2022-03-12 00:00:00+00:00,38904.01171875,14616450657.0
2022-03-13 00:00:00+00:00,37849.6640625,17300745310.0
2022-03-14 00:00:00+00:00,39666.75390625,24322159070.0
2022-03-15 00:00:00+00:00,39338.78515625,23934000868.0
2022-03-16 00:00:00+00:00,41143.9296875,39616916192.0
2022-03-17 00:00:00+00:00,40951.37890625,22009601093.0
2022-03-18 00:00:00+00:00,41801.15625,34421564942.0
2022-03-19 00:00:00+00:00,42190.65234375,19664853187.0
2022-03-20 00:00:00+00:00,41247.82421875,20127946682.0
2022-03-21 00:00:00+00:00,41077.99609375,24615543271.0
2022-03-22 00:00:00+00:00,42358.80859375,32004652376.0
2022-03-23 00:00:00+00:00,42892.95703125,25242943069.0
2022-03-24 00:00:00+00:00,43960.93359375,31042992291.0
2022-03-25 00:00:00+00:00,44348.73046875,30574413034.0
2022-03-26 00:00:00+00:00,44500.828125,16950455995.0
2022-03-27 00:00:00+00:00,46820.4921875,28160889722.0
2022-03-28 00:00:00+00:00,47128.00390625,36362175703.0
2022-03-29 00:00:00+00:00,47465.73046875,31397059069.0
2022-03-30 00:00:00+00:00,47062.6640625,29333883962.0
2022-03-31 00:00:00+00:00,45538.67578125,33327427106.0
2022-04-01 00:00:00+00:00,46281.64453125,38162644287.0
2022-04-02 00:00:00+00:00,45868.94921875,29336594194.0
2022-04-03 00:00:00+00:00,46453.56640625,25414397610.0
2022-04-04 00:00:00+00:00,46622.67578125,32499785455.0
2022-04-05 00:00:00+00:00,45555.9921875,29640604055.0
2022-04-06 00:00:00+00:00,43206.73828125,39393395788.0
2022-04-07 00:00:00+00:00,43503.84765625,26101973106.0
2022-04-08 00:00:00+00:00,42287.6640625,27215995394.0
2022-04-09 00:00:00+00:00,42782.13671875,16050772496.0
2022-04-10 00:00:00+00:00,42207.671875,17654475582.0
2022-04-11 00:00:00+00:00,39521.90234375,33949912166.0
2022-04-12 00:00:00+00:00,40127.18359375,30991500854.0
2022-04-13 00:00:00+00:00,41166.73046875,27691105228.0
2022-04-14 00:00:00+00:00,39935.515625,24342001973.0
2022-04-15 00:00:00+00:00,40553.46484375,21756855753.0
2022-04-16 00:00:00+00:00,40424.484375,16833150693.0
2022-04-17 00:00:00+00:00,39716.953125,19087633042.0
2022-04-18 00:00:00+00:00,40826.21484375,33705182072.0
2022-04-19 00:00:00+00:00,41502.75,25303206547.0
2022-04-20 00:00:00+00:00,41374.37890625,27819532341.0
2022-04-21 00:00:00+00:00,40527.36328125,35372786395.0
2022-04-22 00:00:00+00:00,39740.3203125,28011716745.0
2022-04-23 00:00:00+00:00,39486.73046875,16138021249.0
2022-04-24 00:00:00+00:00,39469.29296875,17964398167.0
2022-04-25 00:00:00+00:00,40458.30859375,35445730570.0
2022-04-26 00:00:00+00:00,38117.4609375,34569088416.0
2022-04-27 00:00:00+00:00,39241.12109375,30981015184.0
2022-04-28 00:00:00+00:00,39773.828125,33903704907.0
2022-04-29 00:00:00+00:00,38609.82421875,30882994649.0
2022-04-30 00:00:00+00:00,37714.875,23895713731.0
2022-05-01 00:00:00+00:00,38469.09375,27002760110.0
2022-05-02 00:00:00+00:00,38529.328125,32922642426.0
2022-05-03 00:00:00+00:00,37750.453125,27326943244.0
2022-05-04 00:00:00+00:00,39698.37109375,36754404490.0
2022-05-05 00:00:00+00:00,36575.140625,43106256317.0
2022-05-06 00:00:00+00:00,36040.921875,37795577489.0
2022-05-07 00:00:00+00:00,35501.953125,24375896406.0
2022-05-08 00:00:00+00:00,34059.265625,36763041910.0
2022-05-09 00:00:00+00:00,30296.953125,63355494961.0
2022-05-10 00:00:00+00:00,31022.90625,59811038817.0
2022-05-11 00:00:00+00:00,28936.35546875,70388855818.0
2022-05-12 00:00:00+00:00,29047.751953125,66989173272.0
2022-05-13 00:00:00+00:00,29283.103515625,42841124537.0
2022-05-14 00:00:00+00:00,30101.265625,28579868620.0
2022-05-15 00:00:00+00:00,31305.11328125,25835372065.0
2022-05-16 00:00:00+00:00,29862.91796875,32613897286.0
2022-05-17 00:00:00+00:00,30425.857421875,29101473475.0
2022-05-18 00:00:00+00:00,28720.271484375,31285268319.0
2022-05-19 00:00:00+00:00,30314.333984375,33773447707.0
2022-05-20 00:00:00+00:00,29200.740234375,30749382605.0
2022-05-21 00:00:00+00:00,29432.2265625,17274840442.0
2022-05-22 00:00:00+00:00,30323.72265625,21631532270.0
2022-05-23 00:00:00+00:00,29098.91015625,31483454557.0
2022-05-24 00:00:00+00:00,29655.5859375,26616506245.0
2022-05-25 00:00:00+00:00,29562.361328125,27525063551.0
2022-05-26 00:00:00+00:00,29267.224609375,36774325352.0
2022-05-27 00:00:00+00:00,28627.57421875,36582005748.0
2022-05-28 00:00:00+00:00,28814.900390625,35519577634.0
2022-05-29 00:00:00+00:00,29445.95703125,18093886409.0
2022-05-30 00:00:00+00:00,31726.390625,39277993274.0
2022-05-31 00:00:00+00:00,31792.310546875,33538210634.0
2022-06-01 00:00:00+00:00,29799.080078125,41135817341.0
2022-06-02 00:00:00+00:00,30467.48828125,29083562061.0
2022-06-03 00:00:00+00:00,29704.390625,26175547452.0
2022-06-04 00:00:00+00:00,29832.9140625,16588370958.0
2022-06-05 00:00:00+00:00,29906.662109375,17264085441.0
2022-06-06 00:00:00+00:00,31370.671875,31947336829.0
2022-06-07 00:00:00+00:00,31155.478515625,40770974039.0
2022-06-08 00:00:00+00:00,30214.35546875,30242059107.0
2022-06-09 00:00:00+00:00,30111.998046875,21692004719.0
2022-06-10 00:00:00+00:00,29083.8046875,29867476527.0
2022-06-11 00:00:00+00:00,28360.810546875,27246574439.0
2022-06-12 00:00:00+00:00,26762.6484375,34163220274.0
2022-06-13 00:00:00+00:00,22487.388671875,68204556440.0
2022-06-14 00:00:00+00:00,22206.79296875,50913575242.0
2022-06-15 00:00:00+00:00,22572.83984375,54912007015.0
2022-06-16 00:00:00+00:00,20381.650390625,31183975654.0
2022-06-17 00:00:00+00:00,20471.482421875,27132421514.0
2022-06-18 00:00:00+00:00,19017.642578125,42009436760.0
2022-06-19 00:00:00+00:00,20553.271484375,35329942625.0
2022-06-20 00:00:00+00:00,20599.537109375,30818458597.0
2022-06-21 00:00:00+00:00,20710.59765625,28970212744.0
2022-06-22 00:00:00+00:00,19987.029296875,28574793478.0
2022-06-23 00:00:00+00:00,21085.876953125,26188097173.0
2022-06-24 00:00:00+00:00,21231.65625,24957784918.0
2022-06-25 00:00:00+00:00,21502.337890625,18372538715.0
2022-06-26 00:00:00+00:00,21027.294921875,18027170497.0
2022-06-27 00:00:00+00:00,20735.478515625,20965695707.0
2022-06-28 00:00:00+00:00,20280.634765625,21381535161.0
2022-06-29 00:00:00+00:00,20104.0234375,23552740328.0
2022-06-30 00:00:00+00:00,19784.7265625,26267239923.0
2022-07-01 00:00:00+00:00,19269.3671875,30767551159.0
2022-07-02 00:00:00+00:00,19242.255859375,18100418740.0
2022-07-03 00:00:00+00:00,19297.076171875,16390821947.0
2022-07-04 00:00:00+00:00,20231.26171875,21594638208.0
2022-07-05 00:00:00+00:00,20190.115234375,26715546990.0
2022-07-06 00:00:00+00:00,20548.24609375,24598943708.0
2022-07-07 00:00:00+00:00,21637.587890625,25814972520.0
2022-07-08 00:00:00+00:00,21731.1171875,49899834488.0
2022-07-09 00:00:00+00:00,21592.20703125,29641127858.0
2022-07-10 00:00:00+00:00,20860.44921875,28688807249.0
2022-07-11 00:00:00+00:00,19970.556640625,24150249025.0
2022-07-12 00:00:00+00:00,19323.9140625,25810220018.0
2022-07-13 00:00:00+00:00,20212.07421875,33042430345.0
2022-07-14 00:00:00+00:00,20569.919921875,31158743333.0
2022-07-15 00:00:00+00:00,20836.328125,25905575359.0
2022-07-16 00:00:00+00:00,21190.31640625,24302954056.0
2022-07-17 00:00:00+00:00,20779.34375,22927802083.0
2022-07-18 00:00:00+00:00,22485.689453125,39974475562.0
2022-07-19 00:00:00+00:00,23389.43359375,48765202697.0
2022-07-20 00:00:00+00:00,23231.732421875,42932549127.0
2022-07-21 00:00:00+00:00,23164.62890625,33631012204.0
2022-07-22 00:00:00+00:00,22714.978515625,31421555646.0
2022-07-23 00:00:00+00:00,22465.478515625,24021799169.0
2022-07-24 00:00:00+00:00,22609.1640625,23565495303.0
2022-07-25 00:00:00+00:00,21361.701171875,35574561406.0
2022-07-26 00:00:00+00:00,21239.75390625,28624673855.0
2022-07-27 00:00:00+00:00,22930.548828125,31758955233.0
2022-07-28 00:00:00+00:00,23843.88671875,40212386158.0
2022-07-29 00:00:00+00:00,23804.6328125,35887249746.0
2022-07-30 00:00:00+00:00,23656.20703125,28148218301.0
2022-07-31 00:00:00+00:00,23336.896484375,23553591896.0
2022-08-01 00:00:00+00:00,23314.19921875,25849159141.0
2022-08-02 00:00:00+00:00,22978.1171875,28389250717.0
2022-08-03 00:00:00+00:00,22846.5078125,26288169966.0
2022-08-04 00:00:00+00:00,22630.95703125,25120229769.0
2022-08-05 00:00:00+00:00,23289.314453125,28881249043.0
2022-08-06 00:00:00+00:00,22961.279296875,15978259885.0
2022-08-07 00:00:00+00:00,23175.890625,15886817043.0
2022-08-08 00:00:00+00:00,23809.486328125,28575544847.0
2022-08-09 00:00:00+00:00,23164.318359375,23555719219.0
2022-08-10 00:00:00+00:00,23947.642578125,32837431722.0
2022-08-11 00:00:00+00:00,23957.529296875,37127036580.0
2022-08-12 00:00:00+00:00,24402.818359375,27265804688.0
2022-08-13 00:00:00+00:00,24424.068359375,22987346289.0
2022-08-14 00:00:00+00:00,24319.333984375,22994133555.0
2022-08-15 00:00:00+00:00,24136.97265625,35123501685.0
2022-08-16 00:00:00+00:00,23883.291015625,27753685646.0
2022-08-17 00:00:00+00:00,23335.998046875,30931623076.0
2022-08-18 00:00:00+00:00,23212.73828125,23747613147.0
2022-08-19 00:00:00+00:00,20877.552734375,40509610260.0
2022-08-20 00:00:00+00:00,21166.060546875,27595671000.0
2022-08-21 00:00:00+00:00,21534.12109375,23102307723.0
2022-08-22 00:00:00+00:00,21398.908203125,31666498758.0
2022-08-23 00:00:00+00:00,21528.087890625,31878280659.0
2022-08-24 00:00:00+00:00,21395.01953125,31962253368.0
2022-08-25 00:00:00+00:00,21600.904296875,31028679593.0
2022-08-26 00:00:00+00:00,20260.01953125,42326789564.0
2022-08-27 00:00:00+00:00,20041.73828125,30116729776.0
2022-08-28 00:00:00+00:00,19616.814453125,24366810591.0
2022-08-29 00:00:00+00:00,20297.994140625,32637854078.0
2022-08-30 00:00:00+00:00,19796.80859375,34483360283.0
2022-08-31 00:00:00+00:00,20049.763671875,33225232872.0
2022-09-01 00:00:00+00:00,20127.140625,30182031010.0
2022-09-02 00:00:00+00:00,19969.771484375,29123998928.0
2022-09-03 00:00:00+00:00,19832.087890625,23613051457.0
2022-09-04 00:00:00+00:00,19986.712890625,25245861652.0
2022-09-05 00:00:00+00:00,19812.37109375,28813460025.0
2022-09-06 00:00:00+00:00,18837.66796875,43403978910.0
2022-09-07 00:00:00+00:00,19290.32421875,35239757134.0
2022-09-08 00:00:00+00:00,19329.833984375,32194477850.0
2022-09-09 00:00:00+00:00,21381.15234375,48469528171.0
2022-09-10 00:00:00+00:00,21680.5390625,36913738894.0
2022-09-11 00:00:00+00:00,21769.255859375,34493951963.0
2022-09-12 00:00:00+00:00,22370.44921875,50212088965.0
2022-09-13 00:00:00+00:00,20296.70703125,51091116622.0
2022-09-14 00:00:00+00:00,20241.08984375,37872380889.0
2022-09-15 00:00:00+00:00,19701.2109375,36389011503.0
2022-09-16 00:00:00+00:00,19772.583984375,30123362273.0
2022-09-17 00:00:00+00:00,20127.576171875,24957448100.0
2022-09-18 00:00:00+00:00,19419.505859375,31254779144.0
2022-09-19 00:00:00+00:00,19544.12890625,40177002624.0
2022-09-20 00:00:00+00:00,18890.7890625,36791346508.0
2022-09-21 00:00:00+00:00,18547.400390625,46363793975.0
2022-09-22 00:00:00+00:00,19413.55078125,41135767926.0
2022-09-23 00:00:00+00:00,19297.638671875,38896078052.0
2022-09-24 00:00:00+00:00,18937.01171875,26149643168.0
2022-09-25 00:00:00+00:00,18802.09765625,23359966112.0
2022-09-26 00:00:00+00:00,19222.671875,44148798321.0
2022-09-27 00:00:00+00:00,19110.546875,58571439619.0
2022-09-28 00:00:00+00:00,19426.720703125,53071298734.0
2022-09-29 00:00:00+00:00,19573.05078125,41037843771.0
2022-09-30 00:00:00+00:00,19431.7890625,43975248085.0
2022-10-01 00:00:00+00:00,19312.095703125,18719537670.0
2022-10-02 00:00:00+00:00,19044.107421875,20765955327.0
2022-10-03 00:00:00+00:00,19623.580078125,30484729489.0
2022-10-04 00:00:00+00:00,20336.84375,35887278685.0
2022-10-05 00:00:00+00:00,20160.716796875,33223790572.0
2022-10-06 00:00:00+00:00,19955.443359375,34711412966.0
2022-10-07 00:00:00+00:00,19546.849609375,29227315390.0
2022-10-08 00:00:00+00:00,19416.568359375,16437423167.0
2022-10-09 00:00:00+00:00,19446.42578125,16837262532.0
2022-10-10 00:00:00+00:00,19141.484375,27425022774.0
2022-10-11 00:00:00+00:00,19051.41796875,28711532910.0
2022-10-12 00:00:00+00:00,19157.4453125,24950173846.0
2022-10-13 00:00:00+00:00,19382.904296875,44219840004.0
2022-10-14 00:00:00+00:00,19185.65625,38452356727.0
2022-10-15 00:00:00+00:00,19067.634765625,16192235532.0
2022-10-16 00:00:00+00:00,19268.09375,17988916650.0
2022-10-17 00:00:00+00:00,19550.7578125,27472552998.0
2022-10-18 00:00:00+00:00,19334.416015625,30580012344.0
2022-10-19 00:00:00+00:00,19139.53515625,22425387184.0
2022-10-20 00:00:00+00:00,19053.740234375,24493974420.0
2022-10-21 00:00:00+00:00,19172.46875,32459287866.0
2022-10-22 00:00:00+00:00,19208.189453125,16104440957.0
2022-10-23 00:00:00+00:00,19567.0078125,22128794335.0
2022-10-24 00:00:00+00:00,19345.572265625,30202235805.0
2022-10-25 00:00:00+00:00,20095.857421875,47761524910.0
2022-10-26 00:00:00+00:00,20770.44140625,58895950537.0
2022-10-27 00:00:00+00:00,20285.8359375,49625110402.0
2022-10-28 00:00:00+00:00,20595.3515625,43994715910.0
2022-10-29 00:00:00+00:00,20818.4765625,40369840645.0
2022-10-30 00:00:00+00:00,20635.603515625,31486345556.0
2022-10-31 00:00:00+00:00,20495.7734375,45668466815.0
2022-11-01 00:00:00+00:00,20485.2734375,39819303159.0
2022-11-02 00:00:00+00:00,20159.50390625,55552169483.0
2022-11-03 00:00:00+00:00,20209.98828125,43228750179.0
2022-11-04 00:00:00+00:00,21147.23046875,64072727950.0
2022-11-05 00:00:00+00:00,21282.69140625,37846047609.0
2022-11-06 00:00:00+00:00,20926.486328125,35082693210.0
2022-11-07 00:00:00+00:00,20602.81640625,53510852236.0
2022-11-08 00:00:00+00:00,18541.271484375,118992465607.0
2022-11-09 00:00:00+00:00,15880.7802734375,102905151606.0
2022-11-10 00:00:00+00:00,17586.771484375,83202283721.0
2022-11-11 00:00:00+00:00,17034.29296875,55871616488.0
2022-11-12 00:00:00+00:00,16799.185546875,29717699419.0
2022-11-13 00:00:00+00:00,16353.365234375,27209183682.0
2022-11-14 00:00:00+00:00,16618.19921875,49630243054.0
2022-11-15 00:00:00+00:00,16884.61328125,36599436183.0
2022-11-16 00:00:00+00:00,16669.439453125,33925512989.0
2022-11-17 00:00:00+00:00,16687.517578125,27868914022.0
2022-11-18 00:00:00+00:00,16697.77734375,26862218609.0
2022-11-19 00:00:00+00:00,16711.546875,16106223492.0
2022-11-20 00:00:00+00:00,16291.83203125,21313378652.0
2022-11-21 00:00:00+00:00,15787.2841796875,37429485518.0
2022-11-22 00:00:00+00:00,16189.76953125,30726828760.0
2022-11-23 00:00:00+00:00,16610.70703125,32958875628.0
2022-11-24 00:00:00+00:00,16604.46484375,26129037414.0
2022-11-25 00:00:00+00:00,16521.841796875,18678255976.0
2022-11-26 00:00:00+00:00,16464.28125,18000008764.0
2022-11-27 00:00:00+00:00,16444.626953125,20443898509.0
2022-11-28 00:00:00+00:00,16217.322265625,27743025156.0
2022-11-29 00:00:00+00:00,16444.982421875,23581685468.0
2022-11-30 00:00:00+00:00,17168.56640625,29523576583.0
2022-12-01 00:00:00+00:00,16967.1328125,22895392882.0
2022-12-02 00:00:00+00:00,17088.66015625,19539705127.0
2022-12-03 00:00:00+00:00,16908.236328125,16217776704.0
2022-12-04 00:00:00+00:00,17130.486328125,16824520830.0
2022-12-05 00:00:00+00:00,16974.826171875,22209086834.0
2022-12-06 00:00:00+00:00,17089.50390625,19889922369.0
2022-12-07 00:00:00+00:00,16848.126953125,19675404389.0
2022-12-08 00:00:00+00:00,17233.474609375,20496603770.0
2022-12-09 00:00:00+00:00,17133.15234375,20328426366.0
2022-12-10 00:00:00+00:00,17128.724609375,12706781969.0
2022-12-11 00:00:00+00:00,17104.193359375,14122486832.0
2022-12-12 00:00:00+00:00,17206.4375,19617581341.0
2022-12-13 00:00:00+00:00,17781.318359375,26634741631.0
2022-12-14 00:00:00+00:00,17815.650390625,25534481470.0
2022-12-15 00:00:00+00:00,17364.865234375,20964448341.0
2022-12-16 00:00:00+00:00,16647.484375,24031608960.0
2022-12-17 00:00:00+00:00,16795.091796875,14463581825.0
2022-12-18 00:00:00+00:00,16757.9765625,10924354698.0
2022-12-19 00:00:00+00:00,16439.6796875,17221074814.0
2022-12-20 00:00:00+00:00,16906.3046875,22722096615.0
2022-12-21 00:00:00+00:00,16817.53515625,14882945045.0
2022-12-22 00:00:00+00:00,16830.341796875,16441573050.0
2022-12-23 00:00:00+00:00,16796.953125,15329265213.0
2022-12-24 00:00:00+00:00,16847.755859375,9744636213.0
2022-12-25 00:00:00+00:00,16841.986328125,11656379938.0
2022-12-26 00:00:00+00:00,16919.8046875,11886957804.0
2022-12-27 00:00:00+00:00,16717.173828125,15748580239.0
2022-12-28 00:00:00+00:00,16552.572265625,17005713920.0
2022-12-29 00:00:00+00:00,16642.341796875,14472237479.0
2022-12-30 00:00:00+00:00,16602.5859375,15929162910.0
2022-12-31 00:00:00+00:00,16547.49609375,11239186456.0
2023-01-01 00:00:00+00:00,16625.080078125,9244361700.0
2023-01-02 00:00:00+00:00,16688.470703125,12097775227.0
2023-01-03 00:00:00+00:00,16679.857421875,13903079207.0
2023-01-04 00:00:00+00:00,16863.23828125,18421743322.0
2023-01-05 00:00:00+00:00,16836.736328125,13692758566.0
2023-01-06 00:00:00+00:00,16951.96875,14413662913.0
2023-01-07 00:00:00+00:00,16955.078125,7714767174.0
2023-01-08 00:00:00+00:00,17091.14453125,9768827914.0
2023-01-09 00:00:00+00:00,17196.5546875,18624736866.0
2023-01-10 00:00:00+00:00,17446.29296875,15808338949.0
2023-01-11 00:00:00+00:00,17934.896484375,18372283782.0
2023-01-12 00:00:00+00:00,18869.587890625,34971338710.0
2023-01-13 00:00:00+00:00,19909.57421875,29225029694.0
2023-01-14 00:00:00+00:00,20976.298828125,38967784639.0
2023-01-15 00:00:00+00:00,20880.798828125,19298407543.0
2023-01-16 00:00:00+00:00,21169.6328125,26792494050.0
2023-01-17 00:00:00+00:00,21161.51953125,24999983362.0
2023-01-18 00:00:00+00:00,20688.78125,30005625418.0
2023-01-19 00:00:00+00:00,21086.79296875,21152848261.0
2023-01-20 00:00:00+00:00,22676.552734375,28799154319.0
2023-01-21 00:00:00+00:00,22777.625,32442278429.0
2023-01-22 00:00:00+00:00,22720.416015625,24746386230.0
2023-01-23 00:00:00+00:00,22934.431640625,26518700512.0
2023-01-24 00:00:00+00:00,22636.46875,26405069715.0
2023-01-25 00:00:00+00:00,23117.859375,30685366709.0
2023-01-26 00:00:00+00:00,23032.77734375,26357839322.0
2023-01-27 00:00:00+00:00,23078.728515625,25383335641.0
2023-01-28 00:00:00+00:00,23031.08984375,14712928379.0
2023-01-29 00:00:00+00:00,23774.56640625,27423687259.0
2023-01-30 00:00:00+00:00,22840.138671875,27205595568.0
2023-01-31 00:00:00+00:00,23139.283203125,22837828665.0
2023-02-01 00:00:00+00:00,23723.76953125,26683255504.0
2023-02-02 00:00:00+00:00,23471.87109375,32066936882.0
2023-02-03 00:00:00+00:00,23449.322265625,27083066007.0
2023-02-04 00:00:00+00:00,23331.84765625,15639298538.0
2023-02-05 00:00:00+00:00,22955.666015625,19564262605.0
2023-02-06 00:00:00+00:00,22760.109375,23825006542.0
2023-02-07 00:00:00+00:00,23264.291015625,27187964471.0
2023-02-08 00:00:00+00:00,22939.3984375,25371367758.0
2023-02-09 00:00:00+00:00,21819.0390625,32572572185.0
2023-02-10 00:00:00+00:00,21651.18359375,27078406594.0
2023-02-11 00:00:00+00:00,21870.875,16356226232.0
2023-02-12 00:00:00+00:00,21788.203125,17821046406.0
2023-02-13 00:00:00+00:00,21808.1015625,23918742607.0
2023-02-14 00:00:00+00:00,22220.8046875,26792596581.0
2023-02-15 00:00:00+00:00,24307.841796875,32483312909.0
2023-02-16 00:00:00+00:00,23623.474609375,39316664596.0
2023-02-17 00:00:00+00:00,24565.6015625,41358451255.0
2023-02-18 00:00:00+00:00,24641.27734375,19625427158.0
2023-02-19 00:00:00+00:00,24327.642578125,25555105670.0
2023-02-20 00:00:00+00:00,24829.1484375,28987376573.0
2023-02-21 00:00:00+00:00,24436.353515625,31252098714.0
2023-02-22 00:00:00+00:00,24188.84375,30199996781.0
2023-02-23 00:00:00+00:00,23947.4921875,30476264066.0
2023-02-24 00:00:00+00:00,23198.126953125,26811744928.0
2023-02-25 00:00:00+00:00,23175.375,16100721565.0
2023-02-26 00:00:00+00:00,23561.212890625,16644534842.0
2023-02-27 00:00:00+00:00,23522.87109375,22660763494.0
2023-02-28 00:00:00+00:00,23147.353515625,20535363434.0
2023-03-01 00:00:00+00:00,23646.55078125,24662841200.0
2023-03-02 00:00:00+00:00,23475.466796875,20386398516.0
2023-03-03 00:00:00+00:00,22362.6796875,26062404610.0
2023-03-04 00:00:00+00:00,22353.349609375,11166012913.0
2023-03-05 00:00:00+00:00,22435.513671875,13317001733.0
2023-03-06 00:00:00+00:00,22429.7578125,17353192895.0
2023-03-07 00:00:00+00:00,22219.76953125,22765452204.0
2023-03-08 00:00:00+00:00,21718.080078125,22536575684.0
2023-03-09 00:00:00+00:00,20363.021484375,30364664171.0
2023-03-10 00:00:00+00:00,20187.244140625,39578257695.0
2023-03-11 00:00:00+00:00,20632.41015625,30180288176.0
2023-03-12 00:00:00+00:00,22163.94921875,29279035521.0
2023-03-13 00:00:00+00:00,24197.533203125,49466362688.0
2023-03-14 00:00:00+00:00,24746.07421875,54622230164.0
2023-03-15 00:00:00+00:00,24375.9609375,43655701450.0
2023-03-16 00:00:00+00:00,25052.7890625,33866061747.0
2023-03-17 00:00:00+00:00,27423.9296875,50730261335.0
2023-03-18 00:00:00+00:00,26965.87890625,35723036817.0
2023-03-19 00:00:00+00:00,28038.67578125,37769448859.0
2023-03-20 00:00:00+00:00,27767.236328125,44774027664.0
2023-03-21 00:00:00+00:00,28175.81640625,36102192830.0
2023-03-22 00:00:00+00:00,27307.4375,33382021890.0
2023-03-23 00:00:00+00:00,28333.97265625,24220433689.0
2023-03-24 00:00:00+00:00,27493.28515625,25980310960.0
2023-03-25 00:00:00+00:00,27494.70703125,13383005987.0
2023-03-26 00:00:00+00:00,27994.330078125,13878363192.0
2023-03-27 00:00:00+00:00,27139.888671875,18188895178.0
2023-03-28 00:00:00+00:00,27268.130859375,17783600385.0
2023-03-29 00:00:00+00:00,28348.44140625,20684945906.0
2023-03-30 00:00:00+00:00,28033.5625,22435349951.0
2023-03-31 00:00:00+00:00,28478.484375,19001327598.0
2023-04-01 00:00:00+00:00,28411.03515625,10876469901.0
2023-04-02 00:00:00+00:00,28199.30859375,12284641999.0
2023-04-03 00:00:00+00:00,27790.220703125,19556501327.0
2023-04-04 00:00:00+00:00,28168.08984375,15284538859.0
2023-04-05 00:00:00+00:00,28177.984375,17052315986.0
2023-04-06 00:00:00+00:00,28044.140625,13837809380.0
2023-04-07 00:00:00+00:00,27925.859375,10861680497.0
2023-04-08 00:00:00+00:00,27947.794921875,9373255556.0
2023-04-09 00:00:00+00:00,28333.05078125,12175322951.0
2023-04-10 00:00:00+00:00,29652.98046875,19282400094.0
2023-04-11 00:00:00+00:00,30235.05859375,20121259843.0
2023-04-12 00:00:00+00:00,30139.052734375,18651929926.0
2023-04-13 00:00:00+00:00,30399.06640625,17487721001.0
2023-04-14 00:00:00+00:00,30485.69921875,22659995079.0
2023-04-15 00:00:00+00:00,30318.49609375,11940685378.0
2023-04-16 00:00:00+00:00,30315.35546875,12854816417.0
2023-04-17 00:00:00+00:00,29445.044921875,17872186762.0
2023-04-18 00:00:00+00:00,30397.552734375,19480529496.0
2023-04-19 00:00:00+00:00,28822.6796875,24571565421.0
2023-04-20 00:00:00+00:00,28245.98828125,21340360360.0
2023-04-21 00:00:00+00:00,27276.91015625,20759504330.0
2023-04-22 00:00:00+00:00,27817.5,13125734602.0
2023-04-23 00:00:00+00:00,27591.384765625,12785446832.0
2023-04-24 00:00:00+00:00,27525.33984375,17703288330.0
2023-04-25 00:00:00+00:00,28307.59765625,17733373139.0
2023-04-26 00:00:00+00:00,28422.701171875,31854242019.0
2023-04-27 00:00:00+00:00,29473.787109375,27153445027.0
2023-04-28 00:00:00+00:00,29340.26171875,17544464887.0
2023-04-29 00:00:00+00:00,29248.48828125,10662634333.0
2023-04-30 00:00:00+00:00,29268.806640625,14652199272.0
2023-05-01 00:00:00+00:00,28091.568359375,18655599976.0
2023-05-02 00:00:00+00:00,28680.537109375,16432924527.0
2023-05-03 00:00:00+00:00,29006.30859375,19122972518.0
2023-05-04 00:00:00+00:00,28847.7109375,15548678514.0
2023-05-05 00:00:00+00:00,29534.384765625,17936566518.0
2023-05-06 00:00:00+00:00,28904.623046875,15913866714.0
2023-05-07 00:00:00+00:00,28454.978515625,11301355486.0
2023-05-08 00:00:00+00:00,27694.2734375,19122903752.0
2023-05-09 00:00:00+00:00,27658.775390625,14128593256.0
2023-05-10 00:00:00+00:00,27621.755859375,20656025026.0
2023-05-11 00:00:00+00:00,27000.7890625,16724343943.0
2023-05-12 00:00:00+00:00,26804.990234375,19313599897.0
2023-05-13 00:00:00+00:00,26784.078125,9999171605.0
2023-05-14 00:00:00+00:00,26930.638671875,10014858959.0
2023-05-15 00:00:00+00:00,27192.693359375,14413231792.0
2023-05-16 00:00:00+00:00,27036.650390625,12732238816.0
2023-05-17 00:00:00+00:00,27398.802734375,15140006925.0
2023-05-18 00:00:00+00:00,26832.208984375,15222938600.0
2023-05-19 00:00:00+00:00,26890.12890625,11258983301.0
2023-05-20 00:00:00+00:00,27129.5859375,7044911360.0
2023-05-21 00:00:00+00:00,26753.826171875,8647416921.0
2023-05-22 00:00:00+00:00,26851.27734375,11056770492.0
2023-05-23 00:00:00+00:00,27225.7265625,13697203143.0
2023-05-24 00:00:00+00:00,26334.818359375,16299104428.0
2023-05-25 00:00:00+00:00,26476.20703125,13851122697.0
2023-05-26 00:00:00+00:00,26719.291015625,12711619225.0
2023-05-27 00:00:00+00:00,26868.353515625,7892015141.0
2023-05-28 00:00:00+00:00,28085.646484375,14545229578.0
2023-05-29 00:00:00+00:00,27745.884765625,15181308984.0
2023-05-30 00:00:00+00:00,27702.349609375,13251081851.0
2023-05-31 00:00:00+00:00,27219.658203125,15656371534.0
2023-06-01 00:00:00+00:00,26819.97265625,14678970415.0
2023-06-02 00:00:00+00:00,27249.58984375,14837415000.0
2023-06-03 00:00:00+00:00,27075.12890625,8385597470.0
2023-06-04 00:00:00+00:00,27119.06640625,9360912318.0
2023-06-05 00:00:00+00:00,25760.09765625,21513292646.0
2023-06-06 00:00:00+00:00,27238.783203125,21929670693.0
2023-06-07 00:00:00+00:00,26345.998046875,19530045082.0
2023-06-08 00:00:00+00:00,26508.216796875,11904824295.0
2023-06-09 00:00:00+00:00,26480.375,11015551640.0
2023-06-10 00:00:00+00:00,25851.240234375,19872933189.0
2023-06-11 00:00:00+00:00,25940.16796875,10732609603.0
2023-06-12 00:00:00+00:00,25902.5,11677889997.0
2023-06-13 00:00:00+00:00,25918.728515625,14143474486.0
2023-06-14 00:00:00+00:00,25124.67578125,14265717766.0
2023-06-15 00:00:00+00:00,25576.39453125,15837384409.0
2023-06-16 00:00:00+00:00,26327.462890625,16324646965.0
2023-06-17 00:00:00+00:00,26510.67578125,11090276850.0
2023-06-18 00:00:00+00:00,26336.212890625,9565695129.0
2023-06-19 00:00:00+00:00,26851.029296875,12826986222.0
2023-06-20 00:00:00+00:00,28327.48828125,22211859147.0
2023-06-21 00:00:00+00:00,30027.296875,33346760979.0
2023-06-22 00:00:00+00:00,29912.28125,20653160491.0
2023-06-23 00:00:00+00:00,30695.46875,24115570085.0
2023-06-24 00:00:00+00:00,30548.6953125,12147822496.0
2023-06-25 00:00:00+00:00,30480.26171875,12703464114.0
2023-06-26 00:00:00+00:00,30271.130859375,16493186997.0
2023-06-27 00:00:00+00:00,30688.1640625,16428827944.0
2023-06-28 00:00:00+00:00,30086.24609375,14571500779.0
2023-06-29 00:00:00+00:00,30445.3515625,13180860821.0
2023-06-30 00:00:00+00:00,30477.251953125,26387306197.0
2023-07-01 00:00:00+00:00,30590.078125,9086606733.0
2023-07-02 00:00:00+00:00,30620.76953125,10533418042.0
2023-07-03 00:00:00+00:00,31156.439453125,15271884873.0
2023-07-04 00:00:00+00:00,30777.58203125,12810828427.0
2023-07-05 00:00:00+00:00,30514.166015625,12481622280.0
2023-07-06 00:00:00+00:00,29909.337890625,21129219509.0
2023-07-07 00:00:00+00:00,30342.265625,13384770155.0
2023-07-08 00:00:00+00:00,30292.541015625,7509378699.0
2023-07-09 00:00:00+00:00,30171.234375,7903327692.0
2023-07-10 00:00:00+00:00,30414.470703125,14828209155.0
2023-07-11 00:00:00+00:00,30620.951171875,12151839152.0
2023-07-12 00:00:00+00:00,30391.646484375,14805659717.0
2023-07-13 00:00:00+00:00,31476.048828125,23686079548.0
2023-07-14 00:00:00+00:00,30334.068359375,20917902660.0
2023-07-15 00:00:00+00:00,30295.806640625,8011667756.0
2023-07-16 00:00:00+00:00,30249.1328125,8516564470.0
2023-07-17 00:00:00+00:00,30145.888671875,13240156074.0
2023-07-18 00:00:00+00:00,29856.5625,13138897269.0
2023-07-19 00:00:00+00:00,29913.923828125,12128602812.0
2023-07-20 00:00:00+00:00,29792.015625,14655207121.0
2023-07-21 00:00:00+00:00,29908.744140625,10972789818.0
2023-07-22 00:00:00+00:00,29771.802734375,7873300598.0
2023-07-23 00:00:00+00:00,30084.5390625,9220145050.0
2023-07-24 00:00:00+00:00,29176.916015625,15395817395.0
2023-07-25 00:00:00+00:00,29227.390625,10266772793.0
2023-07-26 00:00:00+00:00,29354.97265625,13497554655.0
2023-07-27 00:00:00+00:00,29210.689453125,10770779217.0
2023-07-28 00:00:00+00:00,29319.24609375,11218474952.0
2023-07-29 00:00:00+00:00,29356.91796875,6481775959.0
2023-07-30 00:00:00+00:00,29275.30859375,8678454527.0
2023-07-31 00:00:00+00:00,29230.111328125,11656781982.0
2023-08-01 00:00:00+00:00,29675.732421875,18272392391.0
2023-08-02 00:00:00+00:00,29151.958984375,19212655598.0
2023-08-03 00:00:00+00:00,29178.6796875,12780357746.0
2023-08-04 00:00:00+00:00,29074.091796875,12036639988.0
2023-08-05 00:00:00+00:00,29042.126953125,6598366353.0
2023-08-06 00:00:00+00:00,29041.85546875,7269806994.0
2023-08-07 00:00:00+00:00,29180.578125,13618163710.0
2023-08-08 00:00:00+00:00,29765.4921875,17570561357.0
2023-08-09 00:00:00+00:00,29561.494140625,18379521213.0
2023-08-10 00:00:00+00:00,29429.591796875,11865344789.0
2023-08-11 00:00:00+00:00,29397.71484375,10195168197.0
2023-08-12 00:00:00+00:00,29415.96484375,6194358008.0
2023-08-13 00:00:00+00:00,29282.9140625,7329897180.0
2023-08-14 00:00:00+00:00,29408.443359375,14013695304.0
2023-08-15 00:00:00+00:00,29170.34765625,12640195779.0
2023-08-16 00:00:00+00:00,28701.779296875,14949271904.0
2023-08-17 00:00:00+00:00,26664.55078125,31120851211.0
2023-08-18 00:00:00+00:00,26049.556640625,24026236529.0
2023-08-19 00:00:00+00:00,26096.205078125,10631443812.0
2023-08-20 00:00:00+00:00,26189.583984375,9036580420.0
2023-08-21 00:00:00+00:00,26124.140625,13371557893.0
2023-08-22 00:00:00+00:00,26031.65625,14503820706.0
2023-08-23 00:00:00+00:00,26431.640625,16985265785.0
2023-08-24 00:00:00+00:00,26162.373046875,12871532023.0
2023-08-25 00:00:00+00:00,26047.66796875,12406045118.0
2023-08-26 00:00:00+00:00,26008.462890625,6034817316.0
2023-08-27 00:00:00+00:00,26089.693359375,6913768611.0
2023-08-28 00:00:00+00:00,26106.150390625,11002805166.0
2023-08-29 00:00:00+00:00,27727.392578125,29368391712.0
2023-08-30 00:00:00+00:00,27297.265625,16343655235.0
2023-08-31 00:00:00+00:00,25931.47265625,20181001451.0
2023-09-01 00:00:00+00:00,25800.724609375,17202862221.0
2023-09-02 00:00:00+00:00,25868.798828125,10100387473.0
2023-09-03 00:00:00+00:00,25969.56640625,8962524523.0
2023-09-04 00:00:00+00:00,25812.416015625,10680635106.0
2023-09-05 00:00:00+00:00,25779.982421875,11094740040.0
2023-09-06 00:00:00+00:00,25753.236328125,12752705327.0
2023-09-07 00:00:00+00:00,26240.1953125,11088307100.0
2023-09-08 00:00:00+00:00,25905.654296875,10817356400.0
2023-09-09 00:00:00+00:00,25895.677734375,5481314132.0
2023-09-10 00:00:00+00:00,25832.2265625,7899553047.0
2023-09-11 00:00:00+00:00,25162.654296875,14600006467.0
2023-09-12 00:00:00+00:00,25833.34375,18657279324.0
2023-09-13 00:00:00+00:00,26228.32421875,13072077070.0
2023-09-14 00:00:00+00:00,26539.673828125,13811359124.0
2023-09-15 00:00:00+00:00,26608.693359375,11479735788.0
2023-09-16 00:00:00+00:00,26568.28125,7402031417.0
2023-09-17 00:00:00+00:00,26534.1875,6774210670.0
2023-09-18 00:00:00+00:00,26754.28125,15615339655.0
2023-09-19 00:00:00+00:00,27211.1171875,13807690550.0
2023-09-20 00:00:00+00:00,27132.0078125,13281116604.0
2023-09-21 00:00:00+00:00,26567.6328125,13371443708.0
2023-09-22 00:00:00+00:00,26579.568359375,10578746709.0
2023-09-23 00:00:00+00:00,26579.390625,7404700301.0
2023-09-24 00:00:00+00:00,26256.826171875,8192867686.0
2023-09-25 00:00:00+00:00,26298.48046875,11997833257.0
2023-09-26 00:00:00+00:00,26217.25,9985498161.0
2023-09-27 00:00:00+00:00,26352.716796875,11718380997.0
2023-09-28 00:00:00+00:00,27021.546875,14079002707.0
2023-09-29 00:00:00+00:00,26911.720703125,10396435377.0
2023-09-30 00:00:00+00:00,26967.916015625,5331172801.0
2023-10-01 00:00:00+00:00,27983.75,9503917434.0
2023-10-02 00:00:00+00:00,27530.78515625,19793041322.0
2023-10-03 00:00:00+00:00,27429.978515625,11407814187.0
2023-10-04 00:00:00+00:00,27799.39453125,11143355314.0
2023-10-05 00:00:00+00:00,27415.912109375,11877253670.0
2023-10-06 00:00:00+00:00,27946.59765625,13492391599.0
2023-10-07 00:00:00+00:00,27968.83984375,6553044316.0
2023-10-08 00:00:00+00:00,27935.08984375,7916875290.0
2023-10-09 00:00:00+00:00,27583.677734375,12007668568.0
2023-10-10 00:00:00+00:00,27391.01953125,9973350678.0
2023-10-11 00:00:00+00:00,26873.3203125,13648094333.0
2023-10-12 00:00:00+00:00,26756.798828125,9392909295.0
2023-10-13 00:00:00+00:00,26862.375,15165312851.0
2023-10-14 00:00:00+00:00,26861.70703125,5388116782.0
2023-10-15 00:00:00+00:00,27159.65234375,7098201980.0
2023-10-16 00:00:00+00:00,28519.466796875,27833876539.0
2023-10-17 00:00:00+00:00,28415.748046875,14872527508.0
2023-10-18 00:00:00+00:00,28328.341796875,12724128586.0
2023-10-19 00:00:00+00:00,28719.806640625,14448058195.0
2023-10-20 00:00:00+00:00,29682.94921875,21536125230.0
2023-10-21 00:00:00+00:00,29918.412109375,11541146996.0
2023-10-22 00:00:00+00:00,29993.896484375,10446520040.0
2023-10-23 00:00:00+00:00,33086.234375,38363572311.0
2023-10-24 00:00:00+00:00,33901.52734375,44934999645.0
2023-10-25 00:00:00+00:00,34502.8203125,25254318008.0
2023-10-26 00:00:00+00:00,34156.6484375,19427195376.0
2023-10-27 00:00:00+00:00,33909.80078125,16418032871.0
2023-10-28 00:00:00+00:00,34089.57421875,10160330825.0
2023-10-29 00:00:00+00:00,34538.48046875,11160323986.0
2023-10-30 00:00:00+00:00,34502.36328125,17184860315.0
2023-10-31 00:00:00+00:00,34667.78125,15758270810.0
2023-11-01 00:00:00+00:00,35437.25390625,22446272005.0
2023-11-02 00:00:00+00:00,34938.2421875,20998158544.0
2023-11-03 00:00:00+00:00,34732.32421875,17158456701.0
2023-11-04 00:00:00+00:00,35082.1953125,9561294264.0
2023-11-05 00:00:00+00:00,35049.35546875,12412743996.0
2023-11-06 00:00:00+00:00,35037.37109375,12693436420.0
2023-11-07 00:00:00+00:00,35443.5625,18834737789.0
2023-11-08 00:00:00+00:00,35655.27734375,17295394918.0
2023-11-09 00:00:00+00:00,36693.125,37762672382.0
2023-11-10 00:00:00+00:00,37313.96875,22711265155.0
2023-11-11 00:00:00+00:00,37138.05078125,13924272142.0
2023-11-12 00:00:00+00:00,37054.51953125,11545715999.0
2023-11-13 00:00:00+00:00,36502.35546875,19057712790.0
2023-11-14 00:00:00+00:00,35537.640625,23857403554.0
2023-11-15 00:00:00+00:00,37880.58203125,27365821679.0
2023-11-16 00:00:00+00:00,36154.76953125,26007385366.0
2023-11-17 00:00:00+00:00,36596.68359375,22445028430.0
2023-11-18 00:00:00+00:00,36585.703125,11886022717.0
2023-11-19 00:00:00+00:00,37386.546875,12915986553.0
2023-11-20 00:00:00+00:00,37476.95703125,20888209068.0
2023-11-21 00:00:00+00:00,35813.8125,25172163756.0
2023-11-22 00:00:00+00:00,37432.33984375,24397247860.0
2023-11-23 00:00:00+00:00,37289.62109375,14214948217.0
2023-11-24 00:00:00+00:00,37720.28125,22922957823.0
2023-11-25 00:00:00+00:00,37796.79296875,9099571165.0
2023-11-26 00:00:00+00:00,37479.12109375,13744796068.0
2023-11-27 00:00:00+00:00,37254.16796875,19002925720.0
2023-11-28 00:00:00+00:00,37831.0859375,21696137014.0
2023-11-29 00:00:00+00:00,37858.4921875,20728546658.0
2023-11-30 00:00:00+00:00,37712.74609375,18115982627.0
2023-12-01 00:00:00+00:00,38688.75,23512784002.0
2023-12-02 00:00:00+00:00,39476.33203125,15534035612.0
2023-12-03 00:00:00+00:00,39978.390625,15769696322.0
2023-12-04 00:00:00+00:00,41980.09765625,39856129827.0
2023-12-05 00:00:00+00:00,44080.6484375,36312154535.0
2023-12-06 00:00:00+00:00,43746.4453125,29909761586.0
2023-12-07 00:00:00+00:00,43292.6640625,27635760671.0
2023-12-08 00:00:00+00:00,44166.6015625,24421116687.0
2023-12-09 00:00:00+00:00,43725.984375,17368210171.0
2023-12-10 00:00:00+00:00,43779.69921875,13000481418.0
2023-12-11 00:00:00+00:00,41243.83203125,40632672038.0
2023-12-12 00:00:00+00:00,41450.22265625,24779520132.0
2023-12-13 00:00:00+00:00,42890.7421875,26797884674.0
2023-12-14 00:00:00+00:00,43023.97265625,25578530178.0
2023-12-15 00:00:00+00:00,41929.7578125,19639442462.0
2023-12-16 00:00:00+00:00,42240.1171875,14386729590.0
2023-12-17 00:00:00+00:00,41364.6640625,16678702876.0
2023-12-18 00:00:00+00:00,42623.5390625,25224642008.0
2023-12-19 00:00:00+00:00,42270.52734375,23171001281.0
2023-12-20 00:00:00+00:00,43652.25,27868908174.0
2023-12-21 00:00:00+00:00,43869.15234375,22452766169.0
2023-12-22 00:00:00+00:00,43997.90234375,21028503216.0
2023-12-23 00:00:00+00:00,43739.54296875,13507796558.0
2023-12-24 00:00:00+00:00,43016.1171875,18830554085.0
2023-12-25 00:00:00+00:00,43613.140625,21115795370.0
2023-12-26 00:00:00+00:00,42520.40234375,30026850982.0
2023-12-27 00:00:00+00:00,43442.85546875,25260941032.0
2023-12-28 00:00:00+00:00,42627.85546875,22992093014.0
2023-12-29 00:00:00+00:00,42099.40234375,26000021055.0
2023-12-30 00:00:00+00:00,42156.90234375,16013925945.0
2023-12-31 00:00:00+00:00,42265.1875,16397498810.0
2024-01-01 00:00:00+00:00,44167.33203125,18426978443.0
2024-01-02 00:00:00+00:00,44957.96875,39335274536.0
2024-01-03 00:00:00+00:00,42848.17578125,46342323118.0
2024-01-04 00:00:00+00:00,44179.921875,30448091210.0
2024-01-05 00:00:00+00:00,44162.69140625,32336029347.0
2024-01-06 00:00:00+00:00,43989.1953125,16092503468.0
2024-01-07 00:00:00+00:00,43943.09765625,19330573863.0
2024-01-08 00:00:00+00:00,46970.50390625,42746192015.0
2024-01-09 00:00:00+00:00,46139.73046875,39821290992.0
2024-01-10 00:00:00+00:00,46627.77734375,50114613298.0
2024-01-11 00:00:00+00:00,46368.5859375,45833734549.0
2024-01-12 00:00:00+00:00,42853.16796875,43332698900.0
2024-01-13 00:00:00+00:00,42842.3828125,20601860469.0
2024-01-14 00:00:00+00:00,41796.26953125,17521429522.0
2024-01-15 00:00:00+00:00,42511.96875,22320220558.0
2024-01-16 00:00:00+00:00,43154.9453125,24062872740.0
2024-01-17 00:00:00+00:00,42742.65234375,20851232595.0
2024-01-18 00:00:00+00:00,41262.05859375,25218357242.0
2024-01-19 00:00:00+00:00,41618.40625,25752407154.0
2024-01-20 00:00:00+00:00,41665.5859375,11586690904.0
2024-01-21 00:00:00+00:00,41545.78515625,9344043642.0
2024-01-22 00:00:00+00:00,39507.3671875,31338708143.0
2024-01-23 00:00:00+00:00,39845.55078125,29244553045.0
2024-01-24 00:00:00+00:00,40077.07421875,22359526178.0
2024-01-25 00:00:00+00:00,39933.80859375,18491782013.0
2024-01-26 00:00:00+00:00,41816.87109375,25598119893.0
2024-01-27 00:00:00+00:00,42120.0546875,11422941934.0
2024-01-28 00:00:00+00:00,42035.59375,16858971687.0
2024-01-29 00:00:00+00:00,43288.24609375,20668476578.0
2024-01-30 00:00:00+00:00,42952.609375,23842814518.0
2024-01-31 00:00:00+00:00,42582.60546875,24673628793.0
2024-02-01 00:00:00+00:00,43075.7734375,21423953779.0
2024-02-02 00:00:00+00:00,43185.859375,18603843039.0
2024-02-03 00:00:00+00:00,42992.25,11169245236.0
2024-02-04 00:00:00+00:00,42583.58203125,14802225490.0
2024-02-05 00:00:00+00:00,42658.66796875,18715487317.0
2024-02-06 00:00:00+00:00,43084.671875,16798476726.0
2024-02-07 00:00:00+00:00,44318.22265625,21126587775.0
2024-02-08 00:00:00+00:00,45301.56640625,26154524080.0
2024-02-09 00:00:00+00:00,47147.19921875,39316770844.0
2024-02-10 00:00:00+00:00,47771.27734375,16398681570.0
2024-02-11 00:00:00+00:00,48293.91796875,19315867136.0
2024-02-12 00:00:00+00:00,49958.22265625,34511985805.0
2024-02-13 00:00:00+00:00,49742.44140625,35593051468.0
2024-02-14 00:00:00+00:00,51826.6953125,39105608050.0
2024-02-15 00:00:00+00:00,51938.5546875,38564360533.0
2024-02-16 00:00:00+00:00,52160.203125,28180567298.0
2024-02-17 00:00:00+00:00,51662.99609375,20009091006.0
2024-02-18 00:00:00+00:00,52122.546875,17595377311.0
2024-02-19 00:00:00+00:00,51779.14453125,21362184346.0
2024-02-20 00:00:00+00:00,52284.875,33353758256.0
2024-02-21 00:00:00+00:00,51839.1796875,28624907020.0
2024-02-22 00:00:00+00:00,51304.97265625,25413900611.0
2024-02-23 00:00:00+00:00,50731.94921875,21427078270.0
2024-02-24 00:00:00+00:00,51571.1015625,15174077879.0
2024-02-25 00:00:00+00:00,51733.23828125,15413239245.0
2024-02-26 00:00:00+00:00,54522.40234375,34074411896.0
2024-02-27 00:00:00+00:00,57085.37109375,49756832031.0
2024-02-28 00:00:00+00:00,62504.7890625,83239156760.0
2024-02-29 00:00:00+00:00,61198.3828125,65496611844.0
2024-03-01 00:00:00+00:00,62440.6328125,40186368423.0
2024-03-02 00:00:00+00:00,62029.84765625,23888473685.0
2024-03-03 00:00:00+00:00,63167.37109375,26253811450.0
2024-03-04 00:00:00+00:00,68330.4140625,70670471105.0
2024-03-05 00:00:00+00:00,63801.19921875,102802940877.0
2024-03-06 00:00:00+00:00,66106.8046875,68750229073.0
2024-03-07 00:00:00+00:00,66925.484375,46989543159.0
2024-03-08 00:00:00+00:00,68300.09375,59202881172.0
2024-03-09 00:00:00+00:00,68498.8828125,21609650379.0
2024-03-10 00:00:00+00:00,69019.7890625,35683977532.0
2024-03-11 00:00:00+00:00,72123.90625,65716656765.0
2024-03-12 00:00:00+00:00,71481.2890625,62554434520.0
2024-03-13 00:00:00+00:00,73083.5,48212536929.0
2024-03-14 00:00:00+00:00,71396.59375,59594605698.0
2024-03-15 00:00:00+00:00,69403.7734375,78320453976.0
2024-03-16 00:00:00+00:00,65315.1171875,46842198371.0
2024-03-17 00:00:00+00:00,68390.625,44716864318.0
2024-03-18 00:00:00+00:00,67548.59375,49261579492.0
2024-03-19 00:00:00+00:00,61912.7734375,74215844794.0
2024-03-20 00:00:00+00:00,67913.671875,66792634382.0
2024-03-21 00:00:00+00:00,65491.390625,44480350565.0
2024-03-22 00:00:00+00:00,63778.76171875,41401116964.0
2024-03-23 00:00:00+00:00,64062.203125,24738964812.0
2024-03-24 00:00:00+00:00,67234.171875,27206630673.0
2024-03-25 00:00:00+00:00,69958.8125,42700139523.0
2024-03-26 00:00:00+00:00,69987.8359375,36010437368.0
2024-03-27 00:00:00+00:00,69455.34375,40827113309.0
2024-03-28 00:00:00+00:00,70744.953125,34374900617.0
2024-03-29 00:00:00+00:00,69892.828125,25230851763.0
2024-03-30 00:00:00+00:00,69645.3046875,17130241883.0
2024-03-31 00:00:00+00:00,71333.6484375,20050941373.0
2024-04-01 00:00:00+00:00,69702.1484375,34873527352.0
2024-04-02 00:00:00+00:00,65446.97265625,50705240709.0
2024-04-03 00:00:00+00:00,65980.8125,34488018367.0
2024-04-04 00:00:00+00:00,68508.84375,34439527442.0
2024-04-05 00:00:00+00:00,67837.640625,33748230056.0
2024-04-06 00:00:00+00:00,68896.109375,19967785809.0
2024-04-07 00:00:00+00:00,69362.5546875,21204930369.0
2024-04-08 00:00:00+00:00,71631.359375,37261432669.0
2024-04-09 00:00:00+00:00,69139.015625,36426900409.0
2024-04-10 00:00:00+00:00,70587.8828125,38318601774.0
2024-04-11 00:00:00+00:00,70060.609375,30153382941.0
2024-04-12 00:00:00+00:00,67195.8671875,44129299406.0
2024-04-13 00:00:00+00:00,63821.47265625,52869738185.0
2024-04-14 00:00:00+00:00,65738.7265625,49084320047.0
2024-04-15 00:00:00+00:00,63426.2109375,43595917654.0
2024-04-16 00:00:00+00:00,63811.86328125,42847528078.0
2024-04-17 00:00:00+00:00,61276.69140625,41915247049.0
2024-04-18 00:00:00+00:00,63512.75390625,36006307335.0
2024-04-19 00:00:00+00:00,63843.5703125,49920425401.0
2024-04-20 00:00:00+00:00,64994.44140625,23097485495.0
2024-04-21 00:00:00+00:00,64926.64453125,20506644853.0
2024-04-22 00:00:00+00:00,66837.6796875,28282686673.0
2024-04-23 00:00:00+00:00,66407.2734375,24310975583.0
2024-04-24 00:00:00+00:00,64276.8984375,30276655120.0
2024-04-25 00:00:00+00:00,64481.70703125,32155786816.0
2024-04-26 00:00:00+00:00,63755.3203125,24139372950.0
2024-04-27 00:00:00+00:00,63419.140625,19530783039.0
2024-04-28 00:00:00+00:00,63113.23046875,17334827993.0
2024-04-29 00:00:00+00:00,63841.12109375,26635912073.0
2024-04-30 00:00:00+00:00,60636.85546875,37840840057.0
2024-05-01 00:00:00+00:00,58254.01171875,48439780271.0
2024-05-02 00:00:00+00:00,59123.43359375,32711813559.0
2024-05-03 00:00:00+00:00,62889.8359375,33172023048.0
2024-05-04 00:00:00+00:00,63891.47265625,20620477992.0
2024-05-05 00:00:00+00:00,64031.1328125,18296164805.0
2024-05-06 00:00:00+00:00,63161.94921875,28697928697.0
2024-05-07 00:00:00+00:00,62334.81640625,25930730982.0
2024-05-08 00:00:00+00:00,61187.94140625,26088172222.0
2024-05-09 00:00:00+00:00,63049.9609375,25453338161.0
2024-05-10 00:00:00+00:00,60792.77734375,27804954694.0
2024-05-11 00:00:00+00:00,60793.7109375,13842272968.0
2024-05-12 00:00:00+00:00,61448.39453125,13800459405.0
2024-05-13 00:00:00+00:00,62901.44921875,27889181179.0
2024-05-14 00:00:00+00:00,61552.7890625,28186271527.0
2024-05-15 00:00:00+00:00,66267.4921875,39815167074.0
2024-05-16 00:00:00+00:00,65231.58203125,31573077994.0
2024-05-17 00:00:00+00:00,67051.875,28031279310.0
2024-05-18 00:00:00+00:00,66940.8046875,16712277406.0
2024-05-19 00:00:00+00:00,66278.3671875,19249094538.0
2024-05-20 00:00:00+00:00,71448.1953125,43850655717.0
2024-05-21 00:00:00+00:00,70136.53125,46932005990.0
2024-05-22 00:00:00+00:00,69122.3359375,32802561717.0
2024-05-23 00:00:00+00:00,67929.5625,41895680979.0
2024-05-24 00:00:00+00:00,68526.1015625,29197308153.0
2024-05-25 00:00:00+00:00,69265.9453125,15473071741.0
2024-05-26 00:00:00+00:00,68518.09375,15628433737.0
2024-05-27 00:00:00+00:00,69394.5546875,25870990717.0
2024-05-28 00:00:00+00:00,68296.21875,32722265965.0
2024-05-29 00:00:00+00:00,67578.09375,26707072906.0
2024-05-30 00:00:00+00:00,68364.9921875,29509712534.0
2024-05-31 00:00:00+00:00,67491.4140625,27387283769.0
2024-06-01 00:00:00+00:00,67706.9375,11641495604.0
2024-06-02 00:00:00+00:00,67751.6015625,17110588415.0
2024-06-03 00:00:00+00:00,68804.78125,32401285324.0
2024-06-04 00:00:00+00:00,70567.765625,33149696545.0
2024-06-05 00:00:00+00:00,71082.8203125,32810771409.0
2024-06-06 00:00:00+00:00,70757.1640625,25223152007.0
2024-06-07 00:00:00+00:00,69342.5859375,36188381096.0
2024-06-08 00:00:00+00:00,69305.7734375,14262185861.0
2024-06-09 00:00:00+00:00,69647.9921875,13534028500.0
2024-06-10 00:00:00+00:00,69512.28125,20597699541.0
2024-06-11 00:00:00+00:00,67332.03125,37116136345.0
2024-06-12 00:00:00+00:00,68241.1875,34497940694.0
2024-06-13 00:00:00+00:00,66756.3984375,28955204146.0
2024-06-14 00:00:00+00:00,66011.09375,27403884779.0
2024-06-15 00:00:00+00:00,66191.0,14121265576.0
2024-06-16 00:00:00+00:00,66639.046875,13281140541.0
2024-06-17 00:00:00+00:00,66490.296875,30006354476.0
2024-06-18 00:00:00+00:00,65140.74609375,39481285950.0
2024-06-19 00:00:00+00:00,64960.296875,21103423504.0
2024-06-20 00:00:00+00:00,64828.65625,25641109124.0
2024-06-21 00:00:00+00:00,64096.19921875,26188171739.0
2024-06-22 00:00:00+00:00,64252.578125,9858198793.0
2024-06-23 00:00:00+00:00,63180.796875,11170471802.0
2024-06-24 00:00:00+00:00,60277.4140625,43152133651.0
2024-06-25 00:00:00+00:00,61804.640625,29201215431.0
2024-06-26 00:00:00+00:00,60811.27734375,22506003064.0
2024-06-27 00:00:00+00:00,61604.80078125,21231745045.0
2024-06-28 00:00:00+00:00,60320.13671875,24952866877.0
2024-06-29 00:00:00+00:00,60887.37890625,12652903396.0
2024-06-30 00:00:00+00:00,62678.29296875,17333226409.0
2024-07-01 00:00:00+00:00,62851.98046875,25468379421.0
2024-07-02 00:00:00+00:00,62029.015625,20151616992.0
2024-07-03 00:00:00+00:00,60173.921875,29756701685.0
2024-07-04 00:00:00+00:00,56977.703125,41149609230.0
2024-07-05 00:00:00+00:00,56662.375,55417544033.0
2024-07-06 00:00:00+00:00,58303.5390625,20610320577.0
2024-07-07 00:00:00+00:00,55849.109375,20553359505.0
2024-07-08 00:00:00+00:00,56705.09765625,39766159899.0
2024-07-09 00:00:00+00:00,58009.2265625,27849512607.0
2024-07-10 00:00:00+00:00,57742.49609375,26175260526.0
2024-07-11 00:00:00+00:00,57344.9140625,28707803842.0
2024-07-12 00:00:00+00:00,57899.46484375,25604805221.0
2024-07-13 00:00:00+00:00,59231.953125,17080061806.0
2024-07-14 00:00:00+00:00,60787.79296875,22223416061.0
2024-07-15 00:00:00+00:00,64870.15234375,38094526099.0
2024-07-16 00:00:00+00:00,65097.1484375,41617346768.0
2024-07-17 00:00:00+00:00,64118.79296875,32525071311.0
2024-07-18 00:00:00+00:00,63974.06640625,27239305337.0
2024-07-19 00:00:00+00:00,66710.15625,37003855410.0
2024-07-20 00:00:00+00:00,67163.6484375,19029581250.0
2024-07-21 00:00:00+00:00,68154.5234375,26652190004.0
2024-07-22 00:00:00+00:00,67585.25,42649109453.0
2024-07-23 00:00:00+00:00,65927.671875,35605668666.0
2024-07-24 00:00:00+00:00,65372.1328125,27470942309.0
2024-07-25 00:00:00+00:00,65777.2265625,38315761670.0
2024-07-26 00:00:00+00:00,67912.0625,30488630457.0
2024-07-27 00:00:00+00:00,67813.3359375,34691905492.0
2024-07-28 00:00:00+00:00,68255.8671875,18043166945.0
2024-07-29 00:00:00+00:00,66819.9140625,40780682628.0
2024-07-30 00:00:00+00:00,66201.015625,31380492109.0
2024-07-31 00:00:00+00:00,64619.25,31292785994.0
2024-08-01 00:00:00+00:00,65357.5,40975554494.0
2024-08-02 00:00:00+00:00,61415.06640625,43060875727.0
2024-08-03 00:00:00+00:00,60680.09375,31753030589.0
2024-08-04 00:00:00+00:00,58116.9765625,31758917219.0
2024-08-05 00:00:00+00:00,53991.45703125,108991085584.0
2024-08-06 00:00:00+00:00,56034.31640625,49300484106.0
2024-08-07 00:00:00+00:00,55027.4609375,41637562185.0
2024-08-08 00:00:00+00:00,61710.13671875,45298472567.0
2024-08-09 00:00:00+00:00,60880.11328125,33425553115.0
2024-08-10 00:00:00+00:00,60945.8125,15745822278.0
2024-08-11 00:00:00+00:00,58719.484375,22759754812.0
2024-08-12 00:00:00+00:00,59354.515625,37078637820.0
2024-08-13 00:00:00+00:00,60609.56640625,30327698167.0
2024-08-14 00:00:00+00:00,58737.26953125,29961696180.0
2024-08-15 00:00:00+00:00,57560.09765625,35682112440.0
2024-08-16 00:00:00+00:00,58894.10546875,29350938673.0
2024-08-17 00:00:00+00:00,59478.97265625,13589684021.0
2024-08-18 00:00:00+00:00,58483.96484375,17740625837.0
2024-08-19 00:00:00+00:00,59493.453125,25911207712.0
2024-08-20 00:00:00+00:00,59012.79296875,31613400008.0
2024-08-21 00:00:00+00:00,61175.19140625,32731154072.0
2024-08-22 00:00:00+00:00,60381.9140625,27625734377.0
2024-08-23 00:00:00+00:00,64094.35546875,42530509233.0
2024-08-24 00:00:00+00:00,64178.9921875,21430585163.0
2024-08-25 00:00:00+00:00,64333.54296875,18827683555.0
2024-08-26 00:00:00+00:00,62880.66015625,27682040631.0
2024-08-27 00:00:00+00:00,59504.1328125,39103882198.0
2024-08-28 00:00:00+00:00,59027.625,40289564698.0
2024-08-29 00:00:00+00:00,59388.1796875,32224990582.0
2024-08-30 00:00:00+00:00,59119.4765625,32292756405.0
2024-08-31 00:00:00+00:00,58969.8984375,12403470760.0
2024-09-01 00:00:00+00:00,57325.48828125,24592449997.0
2024-09-02 00:00:00+00:00,59112.48046875,27036454524.0
2024-09-03 00:00:00+00:00,57431.0234375,26666961053.0
2024-09-04 00:00:00+00:00,57971.5390625,35627680312.0
2024-09-05 00:00:00+00:00,56160.48828125,31030280656.0
2024-09-06 00:00:00+00:00,53948.75390625,49361693566.0
2024-09-07 00:00:00+00:00,54139.6875,19061486526.0
2024-09-08 00:00:00+00:00,54841.56640625,18268287531.0
2024-09-09 00:00:00+00:00,57019.53515625,34618096173.0
2024-09-10 00:00:00+00:00,57648.7109375,28857630507.0
2024-09-11 00:00:00+00:00,57343.171875,37049062672.0
2024-09-12 00:00:00+00:00,58127.01171875,33835707949.0
2024-09-13 00:00:00+00:00,60571.30078125,32490528356.0
2024-09-14 00:00:00+00:00,60005.12109375,16428405496.0
2024-09-15 00:00:00+00:00,59182.8359375,18120960867.0
2024-09-16 00:00:00+00:00,58192.5078125,32032822113.0
2024-09-17 00:00:00+00:00,60308.5390625,38075570118.0
2024-09-18 00:00:00+00:00,61649.6796875,40990702891.0
2024-09-19 00:00:00+00:00,62940.45703125,42710252573.0
2024-09-20 00:00:00+00:00,63192.9765625,35177164222.0
2024-09-21 00:00:00+00:00,63394.83984375,14408616220.0
2024-09-22 00:00:00+00:00,63648.7109375,20183348802.0
2024-09-23 00:00:00+00:00,63329.80078125,31400285425.0
2024-09-24 00:00:00+00:00,64301.96875,29938335243.0
2024-09-25 00:00:00+00:00,63143.14453125,25078377700.0
2024-09-26 00:00:00+00:00,65181.01953125,36873129847.0
2024-09-27 00:00:00+00:00,65790.6640625,32058813449.0
2024-09-28 00:00:00+00:00,65887.6484375,15243637984.0
2024-09-29 00:00:00+00:00,65635.3046875,14788214575.0
2024-09-30 00:00:00+00:00,63329.5,37112957475.0
2024-10-01 00:00:00+00:00,60837.0078125,50220923500.0
2024-10-02 00:00:00+00:00,60632.78515625,40762722398.0
2024-10-03 00:00:00+00:00,60759.40234375,36106447279.0
2024-10-04 00:00:00+00:00,62067.4765625,29585472513.0
2024-10-05 00:00:00+00:00,62089.94921875,13305410749.0
2024-10-06 00:00:00+00:00,62818.953125,14776233667.0
2024-10-07 00:00:00+00:00,62236.66015625,34253562610.0
2024-10-08 00:00:00+00:00,62131.96875,28134475157.0
2024-10-09 00:00:00+00:00,60582.1015625,27670982363.0
2024-10-10 00:00:00+00:00,60274.5,30452813570.0
2024-10-11 00:00:00+00:00,62445.08984375,30327141594.0
2024-10-12 00:00:00+00:00,63193.0234375,16744110886.0
2024-10-13 00:00:00+00:00,62851.375,18177529690.0
2024-10-14 00:00:00+00:00,66046.125,43706958056.0
2024-10-15 00:00:00+00:00,67041.109375,48863870879.0
2024-10-16 00:00:00+00:00,67612.71875,38195189534.0
2024-10-17 00:00:00+00:00,67399.8359375,32790898511.0
2024-10-18 00:00:00+00:00,68418.7890625,36857165014.0
2024-10-19 00:00:00+00:00,68362.734375,14443497908.0
2024-10-20 00:00:00+00:00,69001.703125,18975847518.0
2024-10-21 00:00:00+00:00,67367.8515625,37498611780.0
2024-10-22 00:00:00+00:00,67361.40625,31808472566.0
2024-10-23 00:00:00+00:00,66432.1953125,32263980353.0
2024-10-24 00:00:00+00:00,68161.0546875,31414428647.0
2024-10-25 00:00:00+00:00,66642.4140625,41469984306.0
2024-10-26 00:00:00+00:00,67014.6953125,19588098156.0
2024-10-27 00:00:00+00:00,67929.296875,16721307878.0
2024-10-28 00:00:00+00:00,69907.7578125,38799856657.0
2024-10-29 00:00:00+00:00,72720.4921875,58541874402.0
2024-10-30 00:00:00+00:00,72339.5390625,40646637831.0
2024-10-31 00:00:00+00:00,70215.1875,40627912076.0
2024-11-01 00:00:00+00:00,69482.46875,49989795365.0
2024-11-02 00:00:00+00:00,69289.2734375,18184612091.0
2024-11-03 00:00:00+00:00,68741.1171875,34868307655.0
2024-11-04 00:00:00+00:00,67811.5078125,41184819348.0
2024-11-05 00:00:00+00:00,69359.5625,46046889204.0
2024-11-06 00:00:00+00:00,75639.078125,118592653963.0
2024-11-07 00:00:00+00:00,75904.859375,63467654989.0
2024-11-08 00:00:00+00:00,76545.4765625,55176858003.0
2024-11-09 00:00:00+00:00,76778.8671875,29009480361.0
2024-11-10 00:00:00+00:00,80474.1875,82570594495.0
2024-11-11 00:00:00+00:00,88701.484375,117966845037.0
2024-11-12 00:00:00+00:00,87955.8125,133673285375.0
2024-11-13 00:00:00+00:00,90584.1640625,123559027869.0
2024-11-14 00:00:00+00:00,87250.4296875,87616705248.0
2024-11-15 00:00:00+00:00,91066.0078125,78243109518.0
2024-11-16 00:00:00+00:00,90558.4765625,44333192814.0
2024-11-17 00:00:00+00:00,89845.8515625,46350159305.0
2024-11-18 00:00:00+00:00,90542.640625,75535775084.0
2024-11-19 00:00:00+00:00,92343.7890625,74521048295.0
2024-11-20 00:00:00+00:00,94339.4921875,71730956426.0
2024-11-21 00:00:00+00:00,98504.7265625,106024505582.0
2024-11-22 00:00:00+00:00,98997.6640625,78473580551.0
2024-11-23 00:00:00+00:00,97777.28125,44414644677.0
2024-11-24 00:00:00+00:00,98013.8203125,51712020623.0
2024-11-25 00:00:00+00:00,93102.296875,80909462490.0
2024-11-26 00:00:00+00:00,91985.3203125,91656519855.0
2024-11-27 00:00:00+00:00,95962.53125,71133452438.0
2024-11-28 00:00:00+00:00,95652.46875,52260008261.0
2024-11-29 00:00:00+00:00,97461.5234375,54968682476.0
2024-11-30 00:00:00+00:00,96449.0546875,31634227866.0
2024-12-01 00:00:00+00:00,97279.7890625,36590695296.0
2024-12-02 00:00:00+00:00,95865.3046875,72680784305.0
2024-12-03 00:00:00+00:00,96002.1640625,67067810961.0
2024-12-04 00:00:00+00:00,98768.53125,77199817112.0
2024-12-05 00:00:00+00:00,96593.5703125,149218945580.0
2024-12-06 00:00:00+00:00,99920.7109375,94534772658.0
2024-12-07 00:00:00+00:00,99923.3359375,44177510897.0
2024-12-08 00:00:00+00:00,101236.015625,44125751925.0
2024-12-09 00:00:00+00:00,97432.71875,110676473908.0
2024-12-10 00:00:00+00:00,96675.4296875,104823780634.0
2024-12-11 00:00:00+00:00,101173.03125,85391409936.0
2024-12-12 00:00:00+00:00,100043.0,72073983533.0
2024-12-13 00:00:00+00:00,101459.2578125,56894751583.0
2024-12-14 00:00:00+00:00,101372.96875,40422968793.0
2024-12-15 00:00:00+00:00,104298.6953125,51145914137.0
2024-12-16 00:00:00+00:00,106029.71875,91020417816.0
2024-12-17 00:00:00+00:00,106140.6015625,68589364868.0
2024-12-18 00:00:00+00:00,100041.5390625,93865656139.0
2024-12-19 00:00:00+00:00,97490.953125,97221662392.0
2024-12-20 00:00:00+00:00,97755.9296875,105634083408.0
2024-12-21 00:00:00+00:00,97224.7265625,51765334294.0
2024-12-22 00:00:00+00:00,95104.9375,43147981314.0
2024-12-23 00:00:00+00:00,94686.2421875,65239002919.0
2024-12-24 00:00:00+00:00,98676.09375,47114953674.0
2024-12-25 00:00:00+00:00,99299.1953125,33700394629.0
2024-12-26 00:00:00+00:00,95795.515625,47054980873.0
2024-12-27 00:00:00+00:00,94164.859375,52419934565.0
2024-12-28 00:00:00+00:00,95163.9296875,24107436185.0
2024-12-29 00:00:00+00:00,93530.2265625,29635885267.0
2024-12-30 00:00:00+00:00,92643.2109375,56188003691.0
2024-12-31 00:00:00+00:00,93429.203125,43625106843.0
2025-01-01 00:00:00+00:00,94419.7578125,24519888919.0
2025-01-02 00:00:00+00:00,96886.875,46009564411.0
2025-01-03 00:00:00+00:00,98107.4296875,35611391163.0
2025-01-04 00:00:00+00:00,98236.2265625,22342608078.0
2025-01-05 00:00:00+00:00,98314.9609375,20525254825.0
2025-01-06 00:00:00+00:00,102078.0859375,51823432705.0
2025-01-07 00:00:00+00:00,96922.703125,58685738547.0
2025-01-08 00:00:00+00:00,95043.5234375,63875859171.0
2025-01-09 00:00:00+00:00,92484.0390625,62777261693.0
2025-01-10 00:00:00+00:00,94701.453125,62058693684.0
2025-01-11 00:00:00+00:00,94566.59375,18860894100.0
2025-01-12 00:00:00+00:00,94488.4375,20885130965.0
2025-01-13 00:00:00+00:00,94516.5234375,72978998252.0
2025-01-14 00:00:00+00:00,96534.046875,53769675818.0
2025-01-15 00:00:00+00:00,100504.4921875,57805923627.0
2025-01-16 00:00:00+00:00,99756.90625,54103781805.0
2025-01-17 00:00:00+00:00,104462.0390625,71888972663.0
2025-01-18 00:00:00+00:00,104408.0703125,50445655726.0
2025-01-19 00:00:00+00:00,101089.609375,76789928525.0
2025-01-20 00:00:00+00:00,102016.6640625,126279678351.0
2025-01-21 00:00:00+00:00,106146.265625,88733878242.0
2025-01-22 00:00:00+00:00,103653.0703125,53878181052.0
2025-01-23 00:00:00+00:00,103960.171875,104104515428.0
2025-01-24 00:00:00+00:00,104819.484375,52388229265.0
2025-01-25 00:00:00+00:00,104714.6484375,23888996502.0
2025-01-26 00:00:00+00:00,102682.5,22543395879.0
2025-01-27 00:00:00+00:00,102087.6875,89006608428.0
2025-01-28 00:00:00+00:00,101332.4765625,47180685494.0
2025-01-29 00:00:00+00:00,103703.2109375,47432049818.0
2025-01-30 00:00:00+00:00,104735.3046875,41915744521.0
2025-01-31 00:00:00+00:00,102405.0234375,45732764360.0
2025-02-01 00:00:00+00:00,100655.90625,27757944848.0
2025-02-02 00:00:00+00:00,97688.9765625,63091816853.0
2025-02-03 00:00:00+00:00,101405.421875,115400897748.0
2025-02-04 00:00:00+00:00,97871.8203125,73002130211.0
2025-02-05 00:00:00+00:00,96615.4453125,49125911241.0
2025-02-06 00:00:00+00:00,96593.296875,45302471947.0
2025-02-07 00:00:00+00:00,96529.0859375,55741290456.0
2025-02-08 00:00:00+00:00,96482.453125,22447526395.0
2025-02-09 00:00:00+00:00,96500.09375,27732901800.0
2025-02-10 00:00:00+00:00,97437.5546875,40078962391.0
2025-02-11 00:00:00+00:00,95747.4296875,37488783272.0
2025-02-12 00:00:00+00:00,97885.859375,49340445530.0
2025-02-13 00:00:00+00:00,96623.8671875,37147280860.0
2025-02-14 00:00:00+00:00,97508.96875,32697987277.0
2025-02-15 00:00:00+00:00,97580.3515625,17047266288.0
2025-02-16 00:00:00+00:00,96175.03125,16536755396.0
2025-02-17 00:00:00+00:00,95773.3828125,27336550690.0
2025-02-18 00:00:00+00:00,95539.546875,37325720482.0
2025-02-19 00:00:00+00:00,96635.609375,28990872862.0
2025-02-20 00:00:00+00:00,98333.9375,31668022771.0
2025-02-21 00:00:00+00:00,96125.546875,49608706470.0
2025-02-22 00:00:00+00:00,96577.7578125,18353824477.0
2025-02-23 00:00:00+00:00,96273.921875,16999478976.0
2025-02-24 00:00:00+00:00,91418.171875,44046480529.0
2025-02-25 00:00:00+00:00,88736.171875,92139104128.0
2025-02-26 00:00:00+00:00,84347.0234375,64597492134.0
2025-02-27 00:00:00+00:00,84704.2265625,52659591954.0
2025-02-28 00:00:00+00:00,84373.0078125,83610570576.0
2025-03-01 00:00:00+00:00,86031.9140625,29190628396.0
2025-03-02 00:00:00+00:00,94248.3515625,58398341092.0
2025-03-03 00:00:00+00:00,86065.671875,70072228536.0
2025-03-04 00:00:00+00:00,87222.1953125,68095241474.0
2025-03-05 00:00:00+00:00,90623.5625,50498988027.0
2025-03-06 00:00:00+00:00,89961.7265625,47749810486.0
2025-03-07 00:00:00+00:00,86742.671875,65945677657.0
2025-03-08 00:00:00+00:00,86154.59375,18206118081.0
2025-03-09 00:00:00+00:00,80601.0390625,30899345977.0
2025-03-10 00:00:00+00:00,78532.0,54061099422.0
2025-03-11 00:00:00+00:00,82862.2109375,54702837196.0
2025-03-12 00:00:00+00:00,83722.359375,40353484454.0
2025-03-13 00:00:00+00:00,81066.703125,31412940153.0
2025-03-14 00:00:00+00:00,83969.1015625,29588112414.0
2025-03-15 00:00:00+00:00,84343.109375,13650491277.0
2025-03-16 00:00:00+00:00,82579.6875,21330270174.0
2025-03-17 00:00:00+00:00,84075.6875,25092785558.0
2025-03-18 00:00:00+00:00,82718.5,24095774594.0
2025-03-19 00:00:00+00:00,86854.2265625,34931960257.0
2025-03-20 00:00:00+00:00,84167.1953125,29028988961.0
2025-03-21 00:00:00+00:00,84043.2421875,19030452299.0
2025-03-22 00:00:00+00:00,83832.484375,9863214091.0
2025-03-23 00:00:00+00:00,86054.375,12594615537.0
2025-03-24 00:00:00+00:00,87498.9140625,34582604933.0
2025-03-25 00:00:00+00:00,87471.703125,30005840049.0
2025-03-26 00:00:00+00:00,86900.8828125,26704046038.0
2025-03-27 00:00:00+00:00,87177.1015625,24413471941.0
2025-03-28 00:00:00+00:00,84353.1484375,34198619509.0
2025-03-29 00:00:00+00:00,82597.5859375,16969396135.0
2025-03-30 00:00:00+00:00,82334.5234375,14763760943.0
2025-03-31 00:00:00+00:00,82548.9140625,29004228247.0
2025-04-01 00:00:00+00:00,85169.171875,28175650319.0
2025-04-02 00:00:00+00:00,82485.7109375,47584398470.0
2025-04-03 00:00:00+00:00,83102.828125,36852112080.0
2025-04-04 00:00:00+00:00,83843.8046875,45157640207.0
2025-04-05 00:00:00+00:00,83504.796875,14380803631.0
2025-04-06 00:00:00+00:00,78214.484375,36294853736.0
2025-04-07 00:00:00+00:00,79235.3359375,91262424987.0
2025-04-08 00:00:00+00:00,76271.953125,48314590749.0
2025-04-09 00:00:00+00:00,82573.953125,84213627038.0
2025-04-10 00:00:00+00:00,79626.140625,44718000633.0
2025-04-11 00:00:00+00:00,83404.8359375,41656778779.0
2025-04-12 00:00:00+00:00,85287.109375,24258059104.0
2025-04-13 00:00:00+00:00,83684.9765625,28796984817.0
2025-04-14 00:00:00+00:00,84542.390625,34090769777.0
2025-04-15 00:00:00+00:00,83668.9921875,28040322885.0
2025-04-16 00:00:00+00:00,84033.8671875,29617804112.0
2025-04-17 00:00:00+00:00,84895.75,21276866029.0
2025-04-18 00:00:00+00:00,84450.8046875,12728372364.0
2025-04-19 00:00:00+00:00,85063.4140625,15259300427.0
2025-04-20 00:00:00+00:00,85174.3046875,14664050812.0
2025-04-21 00:00:00+00:00,87518.90625,41396190190.0
2025-04-22 00:00:00+00:00,93441.890625,55899038456.0
2025-04-23 00:00:00+00:00,93699.109375,41719568821.0
2025-04-24 00:00:00+00:00,93943.796875,31483175315.0
2025-04-25 00:00:00+00:00,94720.5,40915232364.0
2025-04-26 00:00:00+00:00,94646.9296875,17612825123.0
2025-04-27 00:00:00+00:00,93754.84375,18090367764.0
2025-04-28 00:00:00+00:00,94978.75,32363449569.0
2025-04-29 00:00:00+00:00,94284.7890625,25806129921.0
2025-04-30 00:00:00+00:00,94207.3125,28344679831.0
2025-05-01 00:00:00+00:00,96492.3359375,32875889623.0
2025-05-02 00:00:00+00:00,96910.0703125,26421924677.0
2025-05-03 00:00:00+00:00,95891.796875,15775154889.0
2025-05-04 00:00:00+00:00,94315.9765625,18198688416.0
2025-05-05 00:00:00+00:00,94748.0546875,25816260327.0
2025-05-06 00:00:00+00:00,96802.4765625,26551275827.0
2025-05-07 00:00:00+00:00,97032.3203125,76983822462.0
2025-05-08 00:00:00+00:00,103241.4609375,69895404397.0
2025-05-09 00:00:00+00:00,102970.8515625,58198593958.0
2025-05-10 00:00:00+00:00,104696.328125,42276713994.0
2025-05-11 00:00:00+00:00,104106.359375,46285517406.0
2025-05-12 00:00:00+00:00,102812.953125,63250475404.0
2025-05-13 00:00:00+00:00,104169.8125,52608876410.0
2025-05-14 00:00:00+00:00,103539.4140625,45956071155.0
2025-05-15 00:00:00+00:00,103744.640625,50408241840.0
2025-05-16 00:00:00+00:00,103489.2890625,44386499364.0
2025-05-17 00:00:00+00:00,103191.0859375,37898552742.0
2025-05-18 00:00:00+00:00,106446.0078125,49887082058.0
2025-05-19 00:00:00+00:00,105606.1796875,61761126647.0
2025-05-20 00:00:00+00:00,106791.0859375,36515726122.0
2025-05-21 00:00:00+00:00,109678.078125,78086364051.0
2025-05-22 00:00:00+00:00,111673.28125,70157575642.0
2025-05-23 00:00:00+00:00,107287.796875,67548133399.0
2025-05-24 00:00:00+00:00,107791.15625,45903627163.0
2025-05-25 00:00:00+00:00,109035.390625,47518041841.0
2025-05-26 00:00:00+00:00,109440.3671875,45950461571.0
2025-05-27 00:00:00+00:00,108994.640625,57450176272.0
2025-05-28 00:00:00+00:00,107802.328125,49155377493.0
2025-05-29 00:00:00+00:00,105641.7578125,56022752042.0
2025-05-30 00:00:00+00:00,103998.5703125,57655287183.0
2025-05-31 00:00:00+00:00,104638.09375,38997843858.0
2025-06-01 00:00:00+00:00,105652.1015625,37397056873.0
2025-06-02 00:00:00+00:00,105881.53125,45819706290.0
2025-06-03 00:00:00+00:00,105432.46875,46196508367.0
2025-06-04 00:00:00+00:00,104731.984375,44544857105.0
2025-06-05 00:00:00+00:00,101575.953125,57479298400.0
2025-06-06 00:00:00+00:00,104390.34375,48856653697.0
2025-06-07 00:00:00+00:00,105615.625,38365033776.0
2025-06-08 00:00:00+00:00,105793.6484375,36626232328.0
2025-06-09 00:00:00+00:00,110294.1015625,55903193732.0
2025-06-10 00:00:00+00:00,110257.234375,54700101509.0
2025-06-11 00:00:00+00:00,108686.625,50842662052.0
2025-06-12 00:00:00+00:00,105929.0546875,54843867968.0
2025-06-13 00:00:00+00:00,106090.96875,69550440846.0
2025-06-14 00:00:00+00:00,105472.40625,38007870453.0
2025-06-15 00:00:00+00:00,105552.0234375,36744307742.0
2025-06-16 00:00:00+00:00,106796.7578125,50366626945.0
2025-06-17 00:00:00+00:00,104601.1171875,55964092176.0
2025-06-18 00:00:00+00:00,104883.328125,47318089133.0
2025-06-19 00:00:00+00:00,104684.2890625,37333806920.0
2025-06-20 00:00:00+00:00,103309.6015625,50951862476.0
2025-06-21 00:00:00+00:00,102257.40625,38360555118.0
2025-06-22 00:00:00+00:00,100987.140625,65536997201.0
2025-06-23 00:00:00+00:00,105577.7734375,65237759656.0
2025-06-24 00:00:00+00:00,106045.6328125,48822986421.0
2025-06-25 00:00:00+00:00,107361.2578125,51624120283.0
2025-06-26 00:00:00+00:00,106960.0,43891990613.0
2025-06-27 00:00:00+00:00,107088.4296875,45353692675.0
2025-06-28 00:00:00+00:00,107327.703125,30037708335.0
2025-06-29 00:00:00+00:00,108385.5703125,35534874438.0
2025-06-30 00:00:00+00:00,107135.3359375,42064804590.0
2025-07-01 00:00:00+00:00,105698.28125,44110692247.0
2025-07-02 00:00:00+00:00,108859.3203125,56248657737.0
2025-07-03 00:00:00+00:00,109647.9765625,50494742270.0
2025-07-04 00:00:00+00:00,108034.3359375,42616442656.0
2025-07-05 00:00:00+00:00,108231.1796875,30615537520.0
2025-07-06 00:00:00+00:00,109232.0703125,36746020463.0
2025-07-07 00:00:00+00:00,108299.8515625,45415696597.0
2025-07-08 00:00:00+00:00,108950.2734375,44282204127.0
2025-07-09 00:00:00+00:00,111326.5546875,57927418065.0
2025-07-10 00:00:00+00:00,115987.203125,95911605728.0
2025-07-11 00:00:00+00:00,117516.9921875,86928361085.0
2025-07-12 00:00:00+00:00,117435.2265625,45524560304.0
2025-07-13 00:00:00+00:00,119116.1171875,49021091807.0
2025-07-14 00:00:00+00:00,119849.703125,181746419401.0
2025-07-15 00:00:00+00:00,117777.1875,98321661181.0
2025-07-16 00:00:00+00:00,118738.5078125,72162029070.0
2025-07-17 00:00:00+00:00,119289.84375,72363841798.0
2025-07-18 00:00:00+00:00,118003.2265625,77945799785.0
2025-07-19 00:00:00+00:00,117939.9765625,47564562765.0
2025-07-20 00:00:00+00:00,117300.7890625,57515447231.0
2025-07-21 00:00:00+00:00,117439.5390625,69820091744.0
2025-07-22 00:00:00+00:00,119995.4140625,79217583118.0
2025-07-23 00:00:00+00:00,118754.9609375,66608604537.0
2025-07-24 00:00:00+00:00,118368.0,72627318560.0
2025-07-25 00:00:00+00:00,117635.8828125,104857024569.0
2025-07-26 00:00:00+00:00,117947.3671875,48508954046.0
2025-07-27 00:00:00+00:00,119448.4921875,54683390892.0
2025-07-28 00:00:00+00:00,117924.4765625,64822943193.0
2025-07-29 00:00:00+00:00,117922.1484375,68463107433.0
2025-07-30 00:00:00+00:00,117831.1875,68896148592.0
2025-07-31 00:00:00+00:00,115758.203125,69370346018.0
2025-08-01 00:00:00+00:00,113320.0859375,91294530181.0
2025-08-02 00:00:00+00:00,112526.9140625,56870866000.0
2025-08-03 00:00:00+00:00,114217.671875,48099615826.0
2025-08-04 00:00:00+00:00,115071.8828125,35783028986.0
2025-08-05 00:00:00+00:00,114141.4453125,61039182286.0
2025-08-06 00:00:00+00:00,115028.0,56379133510.0
2025-08-07 00:00:00+00:00,117496.8984375,64051649681.0
2025-08-08 00:00:00+00:00,116688.7265625,59713005166.0
2025-08-09 00:00:00+00:00,116500.359375,54004312429.0
2025-08-10 00:00:00+00:00,119306.7578125,64755458694.0
2025-08-11 00:00:00+00:00,118731.4453125,90528784177.0
2025-08-12 00:00:00+00:00,120172.90625,72803657984.0
2025-08-13 00:00:00+00:00,123344.0625,90904808795.0
2025-08-14 00:00:00+00:00,118359.578125,104055627395.0
2025-08-15 00:00:00+00:00,117398.3515625,68665353159.0
2025-08-16 00:00:00+00:00,117491.3515625,48036922378.0
2025-08-17 00:00:00+00:00,117453.0625,45852169525.0
2025-08-18 00:00:00+00:00,116252.3125,72787808090.0
2025-08-19 00:00:00+00:00,112831.1796875,71657600353.0
2025-08-20 00:00:00+00:00,114274.7421875,67993811526.0
2025-08-21 00:00:00+00:00,112419.03125,57817883700.0
2025-08-22 00:00:00+00:00,116874.0859375,82528088240.0
2025-08-23 00:00:00+00:00,115374.328125,55377142586.0
2025-08-24 00:00:00+00:00,113458.4296875,73961489632.0
2025-08-25 00:00:00+00:00,110124.3515625,85706860190.0
2025-08-26 00:00:00+00:00,111802.65625,69396320317.0
2025-08-27 00:00:00+00:00,111222.0625,62137056409.0
2025-08-28 00:00:00+00:00,112544.8046875,58860155962.0
2025-08-29 00:00:00+00:00,108410.8359375,77843379644.0
2025-08-30 00:00:00+00:00,108808.0703125,51486264208.0
2025-08-31 00:00:00+00:00,108236.7109375,47986191770.0
2025-09-01 00:00:00+00:00,109250.59375,66870372995.0
2025-09-02 00:00:00+00:00,111200.5859375,74776999491.0
2025-09-03 00:00:00+00:00,111723.2109375,61119643565.0
2025-09-04 00:00:00+00:00,110723.6015625,60131132901.0
2025-09-05 00:00:00+00:00,110650.984375,60241647677.0
2025-09-06 00:00:00+00:00,110224.6953125,21500719036.0
2025-09-07 00:00:00+00:00,111167.6171875,24618007520.0
2025-09-08 00:00:00+00:00,112071.4296875,40212813407.0
2025-09-09 00:00:00+00:00,111530.546875,45984480722.0
2025-09-10 00:00:00+00:00,113955.359375,56377473784.0
2025-09-11 00:00:00+00:00,115507.5390625,45685065332.0
2025-09-12 00:00:00+00:00,116101.578125,54785725894.0
2025-09-13 00:00:00+00:00,115950.5078125,34549454947.0
2025-09-14 00:00:00+00:00,115407.65625,32798036057.0
2025-09-15 00:00:00+00:00,115444.875,52937859416.0
2025-09-16 00:00:00+00:00,116843.1875,45781744593.0
2025-09-17 00:00:00+00:00,116468.5078125,60528025996.0
2025-09-18 00:00:00+00:00,117137.203125,49457272032.0
2025-09-19 00:00:00+00:00,115688.859375,38828473971.0
2025-09-20 00:00:00+00:00,115721.9609375,22864449614.0
2025-09-21 00:00:00+00:00,115306.09375,22495852193.0
2025-09-22 00:00:00+00:00,112748.5078125,70684158591.0
2025-09-23 00:00:00+00:00,112014.5,47211853279.0
2025-09-24 00:00:00+00:00,113328.6328125,48044595085.0
2025-09-25 00:00:00+00:00,109049.2890625,75528654284.0
2025-09-26 00:00:00+00:00,109712.828125,57738288949.0
2025-09-27 00:00:00+00:00,109681.9453125,26308042910.0
2025-09-28 00:00:00+00:00,112122.640625,33371048505.0
2025-09-29 00:00:00+00:00,114400.3828125,60000147466.0
2025-09-30 00:00:00+00:00,114056.0859375,58986330258.0
2025-10-01 00:00:00+00:00,118648.9296875,71328680132.0
2025-10-02 00:00:00+00:00,120681.2578125,71415163912.0
2025-10-03 00:00:00+00:00,122266.53125,83941392228.0
2025-10-04 00:00:00+00:00,122425.4296875,36769171735.0
2025-10-05 00:00:00+00:00,123513.4765625,73689317763.0
2025-10-06 00:00:00+00:00,124752.53125,72568881188.0
2025-10-07 00:00:00+00:00,121451.3828125,76149412513.0
2025-10-08 00:00:00+00:00,123354.8671875,65354305286.0
2025-10-09 00:00:00+00:00,121705.5859375,74653009425.0
2025-10-10 00:00:00+00:00,113214.3671875,153125018868.0
2025-10-11 00:00:00+00:00,110807.8828125,110236934340.0
2025-10-12 00:00:00+00:00,115169.765625,93710414091.0
2025-10-13 00:00:00+00:00,115271.078125,71582026739.0
2025-10-14 00:00:00+00:00,113118.6640625,92212917403.0
2025-10-15 00:00:00+00:00,110783.1640625,72574132855.0
2025-10-16 00:00:00+00:00,108186.0390625,87306423067.0
2025-10-17 00:00:00+00:00,106467.7890625,99703051669.0
2025-10-18 00:00:00+00:00,107198.265625,37779905278.0
2025-10-19 00:00:00+00:00,108666.7109375,47657008953.0
2025-10-20 00:00:00+00:00,110588.9296875,63507793085.0
2025-10-21 00:00:00+00:00,108476.890625,101194375480.0
2025-10-22 00:00:00+00:00,107688.5859375,80807013218.0
2025-10-23 00:00:00+00:00,110069.7265625,54944076060.0
2025-10-24 00:00:00+00:00,111033.921875,48160816980.0
2025-10-25 00:00:00+00:00,111641.7265625,24707667305.0
2025-10-26 00:00:00+00:00,114472.4453125,41708524143.0
2025-10-27 00:00:00+00:00,114119.328125,61761358733.0
2025-10-28 00:00:00+00:00,112956.1640625,64528066504.0
2025-10-29 00:00:00+00:00,110055.3046875,62192043469.0
2025-10-30 00:00:00+00:00,108305.546875,69673964814.0
2025-10-31 00:00:00+00:00,109556.1640625,60090359560.0
2025-11-01 00:00:00+00:00,110064.015625,25871668762.0
2025-11-02 00:00:00+00:00,110639.625,34284209459.0
2025-11-03 00:00:00+00:00,106547.5234375,72852006359.0
2025-11-04 00:00:00+00:00,101590.5234375,110967184773.0
2025-11-05 00:00:00+00:00,103891.8359375,77584934804.0
2025-11-06 00:00:00+00:00,101301.2890625,63932752861.0
2025-11-07 00:00:00+00:00,103372.40625,92168030081.0
2025-11-08 00:00:00+00:00,102282.1171875,51446691095.0
2025-11-09 00:00:00+00:00,104719.640625,59679243013.0
2025-11-10 00:00:00+00:00,105996.59375,69585887229.0
2025-11-11 00:00:00+00:00,102997.46875,71130078574.0
2025-11-12 00:00:00+00:00,101663.1875,64347179408.0
2025-11-13 00:00:00+00:00,99697.4921875,101546815416.0
2025-11-14 00:00:00+00:00,94397.7890625,114346441890.0
2025-11-15 00:00:00+00:00,95549.1484375,38500716654.0
2025-11-16 00:00:00+00:00,94177.078125,71086235862.0
2025-11-17 00:00:00+00:00,92093.875,94186165724.0
2025-11-18 00:00:00+00:00,92948.875,101333569062.0
2025-11-19 00:00:00+00:00,91465.9921875,80350354656.0
2025-11-20 00:00:00+00:00,86631.8984375,97970645638.0
2025-11-21 00:00:00+00:00,85090.6875,129157506112.0
2025-11-22 00:00:00+00:00,84648.359375,40793099246.0
2025-11-23 00:00:00+00:00,86805.0078125,58083435576.0
2025-11-24 00:00:00+00:00,88270.5625,74433896110.0
2025-11-25 00:00:00+00:00,87341.890625,64837343545.0
2025-11-26 00:00:00+00:00,90518.3671875,66496301869.0
2025-11-27 00:00:00+00:00,91285.375,57040622845.0
2025-11-28 00:00:00+00:00,90919.265625,60895830289.0
2025-11-29 00:00:00+00:00,90851.7578125,37921773455.0
2025-11-30 00:00:00+00:00,90394.3125,38497902869.0
2025-12-01 00:00:00+00:00,86321.5703125,87962894424.0
2025-12-02 00:00:00+00:00,91350.203125,78546798211.0
2025-12-03 00:00:00+00:00,93527.8046875,77650204986.0
2025-12-04 00:00:00+00:00,92141.625,64538402681.0
2025-12-05 00:00:00+00:00,89387.7578125,63256398633.0
2025-12-06 00:00:00+00:00,89272.375,37994042405.0
2025-12-07 00:00:00+00:00,90405.640625,47394898960.0
2025-12-08 00:00:00+00:00,90640.203125,57394099056.0
2025-12-09 00:00:00+00:00,92691.7109375,66861721440.0
2025-12-10 00:00:00+00:00,92020.9453125,65420694513.0
2025-12-11 00:00:00+00:00,92511.3359375,64532834621.0
2025-12-12 00:00:00+00:00,90270.4140625,80275884583.0
2025-12-13 00:00:00+00:00,90298.7109375,64237748110.0
2025-12-14 00:00:00+00:00,88175.1796875,50465972205.0
2025-12-15 00:00:00+00:00,86419.78125,45559514323.0
2025-12-16 00:00:00+00:00,87843.984375,41262178223.0
2025-12-17 00:00:00+00:00,86143.7578125,44243392914.0
2025-12-18 00:00:00+00:00,85462.5078125,52667115348.0
2025-12-19 00:00:00+00:00,88103.3828125,46733310561.0
2025-12-20 00:00:00+00:00,88344.0,14688196659.0
2025-12-21 00:00:00+00:00,88621.75,19845522660.0
2025-12-22 00:00:00+00:00,88490.015625,38047472118.0
2025-12-23 00:00:00+00:00,87414.0,43683011533.0
2025-12-24 00:00:00+00:00,87611.9609375,25550297986.0
2025-12-25 00:00:00+00:00,87234.7421875,19953216347.0
2025-12-26 00:00:00+00:00,87301.4296875,42455674908.0
2025-12-27 00:00:00+00:00,87802.15625,13741199310.0
2025-12-28 00:00:00+00:00,87835.8359375,15156557929.0
2025-12-29 00:00:00+00:00,87138.140625,48411625849.0
2025-12-30 00:00:00+00:00,88430.1328125,35586356225.0
2025-12-31 00:00:00+00:00,87508.828125,33830210616.0
2026-01-01 00:00:00+00:00,88731.984375,18849043990.0
2026-01-02 00:00:00+00:00,89944.6953125,46398906171.0
2026-01-03 00:00:00+00:00,90603.1875,20774828592.0
2026-01-04 00:00:00+00:00,91413.4921875,26770491368.0
2026-01-05 00:00:00+00:00,93882.5546875,53376407252.0
2026-01-06 00:00:00+00:00,93729.03125,52430605257.0
2026-01-07 00:00:00+00:00,91308.0546875,43461295053.0
2026-01-08 00:00:00+00:00,91027.125,42386697030.0
2026-01-09 00:00:00+00:00,90513.1015625,38305906684.0
2026-01-10 00:00:00+00:00,90386.6484375,12385895282.0
2026-01-11 00:00:00+00:00,90827.4609375,17165568977.0
2026-01-12 00:00:00+00:00,91192.9921875,41346275358.0
2026-01-13 00:00:00+00:00,95321.78125,54980674354.0
2026-01-14 00:00:00+00:00,96929.328125,60592490863.0
2026-01-15 00:00:00+00:00,95551.1875,53086363027.0
2026-01-16 00:00:00+00:00,95525.1171875,33248170537.0
2026-01-17 00:00:00+00:00,95099.921875,16021715122.0
2026-01-18 00:00:00+00:00,93634.4296875,20809781232.0
2026-01-19 00:00:00+00:00,92553.59375,39195241508.0
2026-01-20 00:00:00+00:00,88310.90625,53072968031.0
2026-01-21 00:00:00+00:00,89376.9609375,56330422434.0
2026-01-22 00:00:00+00:00,89462.453125,35549685694.0
2026-01-23 00:00:00+00:00,89503.875,38997586037.0
2026-01-24 00:00:00+00:00,89110.734375,14558687712.0
2026-01-25 00:00:00+00:00,86572.21875,36124986722.0
2026-01-26 00:00:00+00:00,88267.140625,45329286974.0
2026-01-27 00:00:00+00:00,89102.5703125,38744942267.0
2026-01-28 00:00:00+00:00,89184.5703125,39807419296.0
2026-01-29 00:00:00+00:00,84561.5859375,64653083162.0
2026-01-30 00:00:00+00:00,84128.65625,72083816087.0
2026-01-31 00:00:00+00:00,78621.1171875,70479259159.0
2026-02-01 00:00:00+00:00,76974.4453125,53372509744.0
2026-02-02 00:00:00+00:00,78688.765625,75140589684.0
2026-02-03 00:00:00+00:00,75633.546875,68249110822.0
2026-02-04 00:00:00+00:00,73019.703125,67215363944.0
2026-02-05 00:00:00+00:00,62702.09765625,125509410908.0
2026-02-06 00:00:00+00:00,70555.390625,114674259489.0
2026-02-07 00:00:00+00:00,69281.96875,62347107663.0
2026-02-08 00:00:00+00:00,70264.7265625,39721722619.0
2026-02-09 00:00:00+00:00,70120.78125,52081598792.0
2026-02-10 00:00:00+00:00,68793.9609375,40593063077.0
2026-02-11 00:00:00+00:00,66991.96875,49671946030.0
2026-02-12 00:00:00+00:00,66221.84375,44651071271.0
2026-02-13 00:00:00+00:00,68857.84375,40820775886.0
2026-02-14 00:00:00+00:00,69767.625,36012397645.0
2026-02-15 00:00:00+00:00,68788.1875,40191152750.0
2026-02-16 00:00:00+00:00,68843.15625,33618145426.0
2026-02-17 00:00:00+00:00,67494.21875,34866936040.0
2026-02-18 00:00:00+00:00,66425.3203125,33094301643.0
2026-02-19 00:00:00+00:00,66957.5234375,31492987019.0
2026-02-20 00:00:00+00:00,68005.421875,47507867304.0
2026-02-21 00:00:00+00:00,68003.765625,18357635642.0
2026-02-22 00:00:00+00:00,67659.390625,17893536012.0
2026-02-23 00:00:00+00:00,64616.73828125,50953457309.0
2026-02-24 00:00:00+00:00,64080.04296875,40849331086.0
2026-02-25 00:00:00+00:00,67960.125,53629234355.0
2026-02-26 00:00:00+00:00,67453.7734375,42988597523.0
2026-02-27 00:00:00+00:00,65881.796875,40283655942.0
2026-02-28 00:00:00+00:00,66995.859375,42041497112.0
2026-03-01 00:00:00+00:00,65738.1015625,40733141929.0
2026-03-02 00:00:00+00:00,68775.8515625,56698092052.0
2026-03-03 00:00:00+00:00,68293.6484375,47947999049.0
2026-03-04 00:00:00+00:00,72710.578125,75073101274.0
2026-03-05 00:00:00+00:00,70841.125,51172841727.0
2026-03-06 00:00:00+00:00,68136.4921875,43776962871.0
2026-03-07 00:00:00+00:00,67272.59375,23258701211.0
2026-03-08 00:00:00+00:00,65969.78125,33195080116.0
2026-03-09 00:00:00+00:00,68402.3828125,49499875378.0
2026-03-10 00:00:00+00:00,69926.921875,54003996096.0
2026-03-11 00:00:00+00:00,70204.8828125,45236859848.0
2026-03-12 00:00:00+00:00,70493.4609375,40871848129.0
2026-03-13 00:00:00+00:00,70968.265625,61167226505.0
2026-03-14 00:00:00+00:00,71214.625,22283546496.0
2026-03-15 00:00:00+00:00,72789.9140625,27991268669.0
2026-03-16 00:00:00+00:00,74861.0859375,55572438409.0
2026-03-17 00:00:00+00:00,73922.4765625,49500721728.0
2026-03-18 00:00:00+00:00,71245.578125,46229011155.0
2026-03-19 00:00:00+00:00,69912.7890625,44631433398.0
2026-03-20 00:00:00+00:00,70522.5859375,38299078407.0
2026-03-21 00:00:00+00:00,68711.5234375,21109354718.0
2026-03-22 00:00:00+00:00,67845.2109375,30108051508.0
2026-03-23 00:00:00+00:00,70914.859375,51508669357.0
2026-03-24 00:00:00+00:00,70517.859375,40181522399.0
2026-03-25 00:00:00+00:00,71309.8828125,35409791747.0
2026-03-26 00:00:00+00:00,68791.625,38962070215.0
2026-03-27 00:00:00+00:00,66338.375,46483453594.0
2026-03-28 00:00:00+00:00,66319.6953125,20924883455.0
2026-03-29 00:00:00+00:00,65954.921875,21645889785.0
2026-03-30 00:00:00+00:00,66691.4453125,37694994180.0
2026-03-31 00:00:00+00:00,68233.3125,42997691338.0
2026-04-01 00:00:00+00:00,68078.5546875,36465393617.0
2026-04-02 00:00:00+00:00,66888.5703125,39323384518.0
2026-04-03 00:00:00+00:00,66931.1015625,22815543346.0
2026-04-04 00:00:00+00:00,67290.515625,15878814963.0
2026-04-05 00:00:00+00:00,68981.8984375,22972648674.0
2026-04-06 00:00:00+00:00,68859.828125,39542143229.0
2026-04-07 00:00:00+00:00,71940.703125,44650511480.0
2026-04-08 00:00:00+00:00,71123.359375,42444631703.0
2026-04-09 00:00:00+00:00,71767.828125,38799581473.0
2026-04-10 00:00:00+00:00,72979.046875,37722595732.0
2026-04-11 00:00:00+00:00,73054.2734375,23287073965.0
2026-04-12 00:00:00+00:00,70753.40625,29882740487.0
2026-04-13 00:00:00+00:00,74484.640625,52278211554.0
2026-04-14 00:00:00+00:00,74181.609375,53540826530.0
2026-04-15 00:00:00+00:00,74805.078125,38090174312.0
2026-04-16 00:00:00+00:00,74156.9296875,41454473216.0
