timestamp,close,volume
2015-01-02 00:00:00+00:00,15.734000205993652,13.0
2015-01-05 00:00:00+00:00,16.179000854492188,0.0
2015-01-06 00:00:00+00:00,16.60300064086914,2.0
2015-01-07 00:00:00+00:00,16.510000228881836,9.0
2015-01-08 00:00:00+00:00,16.35099983215332,0.0
2015-01-09 00:00:00+00:00,16.38599967956543,0.0
2015-01-12 00:00:00+00:00,16.53499984741211,0.0
2015-01-13 00:00:00+00:00,17.125,484.0
2015-01-14 00:00:00+00:00,16.95599937438965,13.0
2015-01-15 00:00:00+00:00,17.072999954223633,78.0
2015-01-16 00:00:00+00:00,17.73900032043457,114.0
2015-01-20 00:00:00+00:00,17.94700050354004,24.0
2015-01-21 00:00:00+00:00,18.179000854492188,21.0
2015-01-22 00:00:00+00:00,18.34600067138672,0.0
2015-01-23 00:00:00+00:00,18.284000396728516,20.0
2015-01-26 00:00:00+00:00,17.966999053955078,0.0
2015-01-27 00:00:00+00:00,18.06800079345703,10.0
2015-01-28 00:00:00+00:00,18.06800079345703,166.0
2015-01-29 00:00:00+00:00,16.757999420166016,30.0
2015-01-30 00:00:00+00:00,17.191999435424805,21.0
2015-02-02 00:00:00+00:00,17.235000610351562,4.0
2015-02-03 00:00:00+00:00,17.30500030517578,24.0
2015-02-04 00:00:00+00:00,17.378999710083008,43.0
2015-02-05 00:00:00+00:00,17.18000030517578,11.0
2015-02-06 00:00:00+00:00,16.67799949645996,0.0
2015-02-09 00:00:00+00:00,17.054000854492188,2.0
2015-02-10 00:00:00+00:00,16.85700035095215,0.0
2015-02-11 00:00:00+00:00,16.7450008392334,3.0
2015-02-12 00:00:00+00:00,16.777999877929688,17.0
2015-02-13 00:00:00+00:00,17.277999877929688,20.0
2015-02-17 00:00:00+00:00,16.36199951171875,0.0
2015-02-18 00:00:00+00:00,16.25,0.0
2015-02-19 00:00:00+00:00,16.371000289916992,10.0
2015-02-20 00:00:00+00:00,16.26300048828125,6.0
2015-02-23 00:00:00+00:00,16.246999740600586,20.0
2015-02-24 00:00:00+00:00,16.18199920654297,0.0
2015-02-25 00:00:00+00:00,16.423999786376953,49194.0
2015-02-26 00:00:00+00:00,16.58300018310547,17624.0
2015-02-27 00:00:00+00:00,16.51300048828125,1696.0
2015-03-02 00:00:00+00:00,16.406999588012695,269.0
2015-03-03 00:00:00+00:00,16.257999420166016,293.0
2015-03-04 00:00:00+00:00,16.131999969482422,232.0
2015-03-05 00:00:00+00:00,16.131999969482422,56.0
2015-03-06 00:00:00+00:00,15.784000396728516,112.0
2015-03-09 00:00:00+00:00,15.755000114440918,70.0
2015-03-10 00:00:00+00:00,15.61299991607666,109.0
2015-03-11 00:00:00+00:00,15.345000267028809,160.0
2015-03-12 00:00:00+00:00,15.493000030517578,94.0
2015-03-13 00:00:00+00:00,15.47700023651123,59.0
2015-03-16 00:00:00+00:00,15.60099983215332,71.0
2015-03-17 00:00:00+00:00,15.562000274658203,39.0
2015-03-18 00:00:00+00:00,15.524999618530273,19.0
2015-03-19 00:00:00+00:00,16.097999572753906,8.0
2015-03-20 00:00:00+00:00,16.867000579833984,93.0
2015-03-23 00:00:00+00:00,16.871999740600586,149.0
2015-03-24 00:00:00+00:00,16.96299934387207,295.0
2015-03-25 00:00:00+00:00,16.979999542236328,146.0
2015-03-26 00:00:00+00:00,17.121999740600586,97.0
2015-03-27 00:00:00+00:00,17.052000045776367,180.0
2015-03-30 00:00:00+00:00,16.656999588012695,8.0
2015-03-31 00:00:00+00:00,16.58099937438965,24.0
2015-04-01 00:00:00+00:00,17.04400062561035,50.0
2015-04-02 00:00:00+00:00,16.68600082397461,0.0
2015-04-06 00:00:00+00:00,17.094999313354492,17.0
2015-04-07 00:00:00+00:00,16.825000762939453,200.0
2015-04-08 00:00:00+00:00,16.440000534057617,0.0
2015-04-09 00:00:00+00:00,16.163999557495117,99.0
2015-04-10 00:00:00+00:00,16.3700008392334,5.0
2015-04-13 00:00:00+00:00,16.280000686645508,0.0
2015-04-14 00:00:00+00:00,16.150999069213867,23.0
2015-04-15 00:00:00+00:00,16.268999099731445,0.0
2015-04-16 00:00:00+00:00,16.275999069213867,12.0
2015-04-17 00:00:00+00:00,16.22100067138672,0.0
2015-04-20 00:00:00+00:00,15.883000373840332,0.0
2015-04-21 00:00:00+00:00,16.00200080871582,1.0
2015-04-22 00:00:00+00:00,15.791000366210938,0.0
2015-04-23 00:00:00+00:00,15.824000358581543,0.0
2015-04-24 00:00:00+00:00,15.630999565124512,0.0
2015-04-27 00:00:00+00:00,16.389999389648438,70.0
2015-04-28 00:00:00+00:00,16.586999893188477,60635.0
2015-04-29 00:00:00+00:00,16.670000076293945,16432.0
2015-04-30 00:00:00+00:00,16.124000549316406,2479.0
2015-05-01 00:00:00+00:00,16.111000061035156,733.0
2015-05-04 00:00:00+00:00,16.417999267578125,71.0
2015-05-05 00:00:00+00:00,16.55699920654297,47.0
2015-05-06 00:00:00+00:00,16.483999252319336,98.0
2015-05-07 00:00:00+00:00,16.27199935913086,101.0
2015-05-08 00:00:00+00:00,16.441999435424805,67.0
2015-05-11 00:00:00+00:00,16.29800033569336,242.0
2015-05-12 00:00:00+00:00,16.510000228881836,28.0
2015-05-13 00:00:00+00:00,17.207000732421875,137.0
2015-05-14 00:00:00+00:00,17.448999404907227,15.0
2015-05-15 00:00:00+00:00,17.545000076293945,44.0
2015-05-18 00:00:00+00:00,17.711999893188477,215.0
2015-05-19 00:00:00+00:00,17.049999237060547,24.0
2015-05-20 00:00:00+00:00,17.091999053955078,8.0
2015-05-21 00:00:00+00:00,17.111000061035156,11.0
2015-05-22 00:00:00+00:00,17.030000686645508,15.0
2015-05-26 00:00:00+00:00,16.733999252319336,114.0
2015-05-27 00:00:00+00:00,16.63800048828125,94.0
2015-05-28 00:00:00+00:00,16.652999877929688,73.0
2015-05-29 00:00:00+00:00,16.68400001525879,24.0
2015-06-01 00:00:00+00:00,16.663999557495117,24.0
2015-06-02 00:00:00+00:00,16.783000946044922,0.0
2015-06-03 00:00:00+00:00,16.464000701904297,2.0
2015-06-04 00:00:00+00:00,16.089000701904297,11.0
2015-06-05 00:00:00+00:00,15.970999717712402,14.0
2015-06-08 00:00:00+00:00,15.951000213623047,16.0
2015-06-09 00:00:00+00:00,15.949000358581543,1.0
2015-06-10 00:00:00+00:00,15.95199966430664,0.0
2015-06-11 00:00:00+00:00,15.95300006866455,5.0
2015-06-12 00:00:00+00:00,15.817999839782715,5.0
2015-06-15 00:00:00+00:00,16.076000213623047,2.0
2015-06-16 00:00:00+00:00,15.958000183105469,0.0
2015-06-17 00:00:00+00:00,15.9399995803833,2.0
2015-06-18 00:00:00+00:00,16.148000717163086,46.0
2015-06-19 00:00:00+00:00,16.104000091552734,0.0
2015-06-22 00:00:00+00:00,16.136999130249023,1.0
2015-06-23 00:00:00+00:00,15.732000350952148,4.0
2015-06-24 00:00:00+00:00,15.847999572753906,21.0
2015-06-25 00:00:00+00:00,15.805000305175781,1.0
2015-06-26 00:00:00+00:00,15.734999656677246,56759.0
2015-06-29 00:00:00+00:00,15.663999557495117,19508.0
2015-06-30 00:00:00+00:00,15.550999641418457,1989.0
2015-07-01 00:00:00+00:00,15.552000045776367,220.0
2015-07-02 00:00:00+00:00,15.536999702453613,257.0
2015-07-06 00:00:00+00:00,15.72599983215332,87.0
2015-07-07 00:00:00+00:00,14.949999809265137,1041.0
2015-07-08 00:00:00+00:00,15.147000312805176,109.0
2015-07-09 00:00:00+00:00,15.345000267028809,366.0
2015-07-10 00:00:00+00:00,15.468000411987305,51.0
2015-07-13 00:00:00+00:00,15.435999870300293,152.0
2015-07-14 00:00:00+00:00,15.295000076293945,27.0
2015-07-15 00:00:00+00:00,15.027999877929688,86.0
2015-07-16 00:00:00+00:00,14.96399974822998,12.0
2015-07-17 00:00:00+00:00,14.819999694824219,62.0
2015-07-20 00:00:00+00:00,14.744999885559082,46.0
2015-07-21 00:00:00+00:00,14.769000053405762,102.0
2015-07-22 00:00:00+00:00,14.71399974822998,10.0
2015-07-23 00:00:00+00:00,14.682999610900879,172.0
2015-07-24 00:00:00+00:00,14.47700023651123,29.0
2015-07-27 00:00:00+00:00,14.593999862670898,18.0
2015-07-28 00:00:00+00:00,14.630999565124512,168.0
2015-07-29 00:00:00+00:00,14.734000205993652,206.0
2015-07-30 00:00:00+00:00,14.690999984741211,39.0
2015-07-31 00:00:00+00:00,14.746000289916992,101.0
2015-08-03 00:00:00+00:00,14.515999794006348,131.0
2015-08-04 00:00:00+00:00,14.550000190734863,119.0
2015-08-05 00:00:00+00:00,14.545999526977539,1.0
2015-08-06 00:00:00+00:00,14.670000076293945,0.0
2015-08-07 00:00:00+00:00,14.815999984741211,16.0
2015-08-10 00:00:00+00:00,15.288999557495117,6.0
2015-08-11 00:00:00+00:00,15.281000137329102,15.0
2015-08-12 00:00:00+00:00,15.472999572753906,4.0
2015-08-13 00:00:00+00:00,15.395999908447266,0.0
2015-08-14 00:00:00+00:00,15.210000038146973,1.0
2015-08-17 00:00:00+00:00,15.295000076293945,0.0
2015-08-18 00:00:00+00:00,14.786999702453613,0.0
2015-08-19 00:00:00+00:00,15.175999641418457,0.0
2015-08-20 00:00:00+00:00,15.517000198364258,252.0
2015-08-21 00:00:00+00:00,15.300999641418457,0.0
2015-08-24 00:00:00+00:00,14.76200008392334,9.0
2015-08-25 00:00:00+00:00,14.609999656677246,13.0
2015-08-26 00:00:00+00:00,14.045000076293945,35.0
2015-08-27 00:00:00+00:00,14.420999526977539,59871.0
2015-08-28 00:00:00+00:00,14.53499984741211,13209.0
2015-08-31 00:00:00+00:00,14.57699966430664,1441.0
2015-09-01 00:00:00+00:00,14.61299991607666,779.0
2015-09-02 00:00:00+00:00,14.66100025177002,382.0
2015-09-03 00:00:00+00:00,14.70199966430664,123.0
2015-09-04 00:00:00+00:00,14.543999671936035,120.0
2015-09-08 00:00:00+00:00,14.75,233.0
2015-09-09 00:00:00+00:00,14.567999839782715,85.0
2015-09-10 00:00:00+00:00,14.633999824523926,155.0
2015-09-11 00:00:00+00:00,14.489999771118164,47.0
2015-09-14 00:00:00+00:00,14.357000350952148,33.0
2015-09-15 00:00:00+00:00,14.319000244140625,24.0
2015-09-16 00:00:00+00:00,14.878000259399414,25.0
2015-09-17 00:00:00+00:00,14.975000381469727,28.0
2015-09-18 00:00:00+00:00,15.154000282287598,3.0
2015-09-21 00:00:00+00:00,15.215999603271484,57.0
2015-09-22 00:00:00+00:00,14.75,37.0
2015-09-23 00:00:00+00:00,14.779999732971191,12.0
2015-09-24 00:00:00+00:00,15.125,189.0
2015-09-25 00:00:00+00:00,15.105999946594238,21.0
2015-09-28 00:00:00+00:00,14.538000106811523,37.0
2015-09-29 00:00:00+00:00,14.569000244140625,19.0
2015-09-30 00:00:00+00:00,14.512999534606934,10.0
2015-10-01 00:00:00+00:00,14.505999565124512,15.0
2015-10-02 00:00:00+00:00,15.256999969482422,3.0
2015-10-05 00:00:00+00:00,15.70199966430664,8.0
2015-10-06 00:00:00+00:00,15.979000091552734,37.0
2015-10-07 00:00:00+00:00,16.08799934387207,10.0
2015-10-08 00:00:00+00:00,15.760000228881836,7.0
2015-10-09 00:00:00+00:00,15.809000015258789,1.0
2015-10-12 00:00:00+00:00,15.854999542236328,5.0
2015-10-13 00:00:00+00:00,15.897000312805176,15.0
2015-10-14 00:00:00+00:00,16.101999282836914,18.0
2015-10-15 00:00:00+00:00,16.152000427246094,16.0
2015-10-16 00:00:00+00:00,16.101999282836914,12.0
2015-10-19 00:00:00+00:00,15.829000473022461,1.0
2015-10-20 00:00:00+00:00,15.904999732971191,6.0
2015-10-21 00:00:00+00:00,15.696000099182129,10.0
2015-10-22 00:00:00+00:00,15.822999954223633,0.0
2015-10-23 00:00:00+00:00,15.817999839782715,5.0
2015-10-26 00:00:00+00:00,15.899999618530273,1.0
2015-10-27 00:00:00+00:00,15.857999801635742,7.0
2015-10-28 00:00:00+00:00,16.288000106811523,45.0
2015-10-29 00:00:00+00:00,15.543999671936035,31.0
2015-10-30 00:00:00+00:00,15.565999984741211,19.0
2015-11-02 00:00:00+00:00,15.413000106811523,4.0
2015-11-03 00:00:00+00:00,15.244000434875488,1.0
2015-11-04 00:00:00+00:00,15.062999725341797,1.0
2015-11-05 00:00:00+00:00,14.98799991607666,0.0
2015-11-06 00:00:00+00:00,14.696000099182129,14.0
2015-11-09 00:00:00+00:00,14.418000221252441,0.0
2015-11-10 00:00:00+00:00,14.355999946594238,3.0
2015-11-11 00:00:00+00:00,14.26200008392334,10.0
2015-11-12 00:00:00+00:00,14.223999977111816,16.0
2015-11-13 00:00:00+00:00,14.20300006866455,0.0
2015-11-16 00:00:00+00:00,14.220999717712402,4.0
2015-11-17 00:00:00+00:00,14.170000076293945,2.0
2015-11-18 00:00:00+00:00,14.079999923706055,14.0
2015-11-19 00:00:00+00:00,14.241999626159668,33.0
2015-11-20 00:00:00+00:00,14.105999946594238,1.0
2015-11-23 00:00:00+00:00,14.041999816894531,3.0
2015-11-24 00:00:00+00:00,14.168999671936035,5.0
2015-11-25 00:00:00+00:00,14.168000221252441,54195.0
2015-11-27 00:00:00+00:00,14.008000373840332,17231.0
2015-11-30 00:00:00+00:00,14.050000190734863,1623.0
2015-12-01 00:00:00+00:00,14.055000305175781,281.0
2015-12-02 00:00:00+00:00,13.979000091552734,210.0
2015-12-03 00:00:00+00:00,14.053000450134277,498.0
2015-12-04 00:00:00+00:00,14.505000114440918,92.0
2015-12-07 00:00:00+00:00,14.307000160217285,60.0
2015-12-08 00:00:00+00:00,14.090999603271484,72.0
2015-12-09 00:00:00+00:00,14.163999557495117,37.0
2015-12-10 00:00:00+00:00,14.085000038146973,6.0
2015-12-11 00:00:00+00:00,13.859000205993652,20.0
2015-12-14 00:00:00+00:00,13.666000366210938,90.0
2015-12-15 00:00:00+00:00,13.739999771118164,2.0
2015-12-16 00:00:00+00:00,14.218000411987305,22.0
2015-12-17 00:00:00+00:00,13.682999610900879,150.0
2015-12-18 00:00:00+00:00,14.079999923706055,20.0
2015-12-21 00:00:00+00:00,14.300999641418457,19.0
2015-12-22 00:00:00+00:00,14.302000045776367,35.0
2015-12-23 00:00:00+00:00,14.277000427246094,71.0
2015-12-24 00:00:00+00:00,14.369000434875488,4.0
2015-12-28 00:00:00+00:00,13.873000144958496,10.0
2015-12-29 00:00:00+00:00,13.916999816894531,108.0
2015-12-30 00:00:00+00:00,13.814000129699707,106.0
2015-12-31 00:00:00+00:00,13.774999618530273,13.0
2016-01-04 00:00:00+00:00,13.817000389099121,27.0
2016-01-05 00:00:00+00:00,13.949000358581543,4.0
2016-01-06 00:00:00+00:00,13.956999778747559,105.0
2016-01-07 00:00:00+00:00,14.335000038146973,286.0
2016-01-08 00:00:00+00:00,13.907999992370605,6.0
2016-01-11 00:00:00+00:00,13.854999542236328,17.0
2016-01-12 00:00:00+00:00,13.739999771118164,15.0
2016-01-13 00:00:00+00:00,14.145000457763672,17.0
2016-01-14 00:00:00+00:00,13.737000465393066,1.0
2016-01-15 00:00:00+00:00,13.883999824523926,0.0
2016-01-19 00:00:00+00:00,14.109999656677246,3.0
2016-01-20 00:00:00+00:00,14.147000312805176,1.0
2016-01-21 00:00:00+00:00,14.083000183105469,2.0
2016-01-22 00:00:00+00:00,14.043000221252441,7.0
2016-01-25 00:00:00+00:00,14.239999771118164,8.0
2016-01-26 00:00:00+00:00,14.543999671936035,1.0
2016-01-27 00:00:00+00:00,14.4399995803833,53.0
2016-01-28 00:00:00+00:00,14.215999603271484,27.0
2016-01-29 00:00:00+00:00,14.229000091552734,27.0
2016-02-01 00:00:00+00:00,14.329000473022461,9.0
2016-02-02 00:00:00+00:00,14.276000022888184,2.0
2016-02-03 00:00:00+00:00,14.720000267028809,47.0
2016-02-04 00:00:00+00:00,14.836000442504883,23.0
2016-02-05 00:00:00+00:00,14.763999938964844,7.0
2016-02-08 00:00:00+00:00,15.416000366210938,62.0
2016-02-09 00:00:00+00:00,15.444000244140625,18.0
2016-02-10 00:00:00+00:00,15.277000427246094,3.0
2016-02-11 00:00:00+00:00,15.788999557495117,58.0
2016-02-12 00:00:00+00:00,15.78499984741211,2.0
2016-02-16 00:00:00+00:00,15.329000473022461,7.0
2016-02-17 00:00:00+00:00,15.371999740600586,0.0
2016-02-18 00:00:00+00:00,15.427000045776367,0.0
2016-02-19 00:00:00+00:00,15.368000030517578,1.0
2016-02-22 00:00:00+00:00,15.178999900817871,1.0
2016-02-23 00:00:00+00:00,15.234999656677246,0.0
2016-02-24 00:00:00+00:00,15.291999816894531,1.0
2016-02-25 00:00:00+00:00,15.164999961853027,68976.0
2016-02-26 00:00:00+00:00,14.689000129699707,23335.0
2016-02-29 00:00:00+00:00,14.895999908447266,1598.0
2016-03-01 00:00:00+00:00,14.732999801635742,921.0
2016-03-02 00:00:00+00:00,15.003000259399414,809.0
2016-03-03 00:00:00+00:00,15.130999565124512,678.0
2016-03-04 00:00:00+00:00,15.680999755859375,912.0
2016-03-07 00:00:00+00:00,15.623000144958496,933.0
2016-03-08 00:00:00+00:00,15.383999824523926,906.0
2016-03-09 00:00:00+00:00,15.354999542236328,163.0
2016-03-10 00:00:00+00:00,15.545999526977539,571.0
2016-03-11 00:00:00+00:00,15.607000350952148,379.0
2016-03-14 00:00:00+00:00,15.517999649047852,276.0
2016-03-15 00:00:00+00:00,15.255000114440918,259.0
2016-03-16 00:00:00+00:00,15.21399974822998,167.0
2016-03-17 00:00:00+00:00,16.02199935913086,382.0
2016-03-18 00:00:00+00:00,15.805999755859375,118.0
2016-03-21 00:00:00+00:00,15.840999603271484,21.0
2016-03-22 00:00:00+00:00,15.876999855041504,45.0
2016-03-23 00:00:00+00:00,15.262999534606934,215.0
2016-03-24 00:00:00+00:00,15.190999984741211,73.0
2016-03-28 00:00:00+00:00,15.194000244140625,91.0
2016-03-29 00:00:00+00:00,15.237000465393066,60.0
2016-03-30 00:00:00+00:00,15.206000328063965,36.0
2016-03-31 00:00:00+00:00,15.460000038146973,39.0
2016-04-01 00:00:00+00:00,15.041999816894531,4.0
2016-04-04 00:00:00+00:00,14.942000389099121,4.0
2016-04-05 00:00:00+00:00,15.11400032043457,8.0
2016-04-06 00:00:00+00:00,15.052000045776367,12.0
2016-04-07 00:00:00+00:00,15.156000137329102,12.0
2016-04-08 00:00:00+00:00,15.381999969482422,14.0
2016-04-11 00:00:00+00:00,15.973999977111816,14.0
2016-04-12 00:00:00+00:00,16.219999313354492,7.0
2016-04-13 00:00:00+00:00,16.322999954223633,4.0
2016-04-14 00:00:00+00:00,16.16900062561035,2.0
2016-04-15 00:00:00+00:00,16.30900001525879,35.0
2016-04-18 00:00:00+00:00,16.249000549316406,4.0
2016-04-19 00:00:00+00:00,16.968000411987305,2.0
2016-04-20 00:00:00+00:00,17.131000518798828,2.0
2016-04-21 00:00:00+00:00,17.086000442504883,0.0
2016-04-22 00:00:00+00:00,16.895999908447266,7.0
2016-04-25 00:00:00+00:00,17.0049991607666,1.0
2016-04-26 00:00:00+00:00,17.106000900268555,2.0
2016-04-27 00:00:00+00:00,17.285999298095703,75957.0
2016-04-28 00:00:00+00:00,17.55299949645996,24298.0
2016-04-29 00:00:00+00:00,17.788999557495117,4872.0
2016-05-02 00:00:00+00:00,17.6560001373291,1122.0
2016-05-03 00:00:00+00:00,17.474000930786133,452.0
2016-05-04 00:00:00+00:00,17.277000427246094,421.0
2016-05-05 00:00:00+00:00,17.302000045776367,242.0
2016-05-06 00:00:00+00:00,17.506999969482422,128.0
2016-05-09 00:00:00+00:00,17.06999969482422,368.0
2016-05-10 00:00:00+00:00,17.075000762939453,190.0
2016-05-11 00:00:00+00:00,17.302000045776367,58.0
2016-05-12 00:00:00+00:00,17.086999893188477,36.0
2016-05-13 00:00:00+00:00,17.114999771118164,54.0
2016-05-16 00:00:00+00:00,17.142000198364258,30.0
2016-05-17 00:00:00+00:00,17.235000610351562,65.0
2016-05-18 00:00:00+00:00,17.1200008392334,78.0
2016-05-19 00:00:00+00:00,16.479000091552734,80.0
2016-05-20 00:00:00+00:00,16.518999099731445,2.0
2016-05-23 00:00:00+00:00,16.40999984741211,23.0
2016-05-24 00:00:00+00:00,16.238000869750977,10.0
2016-05-25 00:00:00+00:00,16.2549991607666,205.0
2016-05-26 00:00:00+00:00,16.33799934387207,197.0
2016-05-27 00:00:00+00:00,16.246000289916992,400.0
2016-05-31 00:00:00+00:00,15.972000122070312,80.0
2016-06-01 00:00:00+00:00,15.906000137329102,7.0
2016-06-02 00:00:00+00:00,16.0049991607666,2.0
2016-06-03 00:00:00+00:00,16.34600067138672,7.0
2016-06-06 00:00:00+00:00,16.42799949645996,0.0
2016-06-07 00:00:00+00:00,16.37700080871582,10.0
2016-06-08 00:00:00+00:00,16.968000411987305,10.0
2016-06-09 00:00:00+00:00,17.253000259399414,25.0
2016-06-10 00:00:00+00:00,17.315000534057617,0.0
2016-06-13 00:00:00+00:00,17.42799949645996,0.0
2016-06-14 00:00:00+00:00,17.40999984741211,1.0
2016-06-15 00:00:00+00:00,17.48900032043457,1.0
2016-06-16 00:00:00+00:00,17.5939998626709,10.0
2016-06-17 00:00:00+00:00,17.399999618530273,2.0
2016-06-20 00:00:00+00:00,17.503000259399414,3.0
2016-06-21 00:00:00+00:00,17.31100082397461,80.0
2016-06-22 00:00:00+00:00,17.30500030517578,3.0
2016-06-23 00:00:00+00:00,17.347999572753906,34.0
2016-06-24 00:00:00+00:00,17.78499984741211,64.0
2016-06-27 00:00:00+00:00,17.739999771118164,1.0
2016-06-28 00:00:00+00:00,17.839000701904297,61138.0
2016-06-29 00:00:00+00:00,18.36199951171875,26073.0
2016-06-30 00:00:00+00:00,18.582000732421875,1444.0
2016-07-01 00:00:00+00:00,19.54400062561035,1083.0
2016-07-05 00:00:00+00:00,19.865999221801758,948.0
2016-07-06 00:00:00+00:00,20.15999984741211,407.0
2016-07-07 00:00:00+00:00,19.79800033569336,536.0
2016-07-08 00:00:00+00:00,20.058000564575195,384.0
2016-07-11 00:00:00+00:00,20.263999938964844,138.0
2016-07-12 00:00:00+00:00,20.1299991607666,141.0
2016-07-13 00:00:00+00:00,20.3700008392334,86.0
2016-07-14 00:00:00+00:00,20.2810001373291,115.0
2016-07-15 00:00:00+00:00,20.125,93.0
2016-07-18 00:00:00+00:00,20.04400062561035,301.0
2016-07-19 00:00:00+00:00,19.975000381469727,46.0
2016-07-20 00:00:00+00:00,19.582000732421875,136.0
2016-07-21 00:00:00+00:00,19.784000396728516,28.0
2016-07-22 00:00:00+00:00,19.656999588012695,75.0
2016-07-25 00:00:00+00:00,19.614999771118164,122.0
2016-07-26 00:00:00+00:00,19.655000686645508,171.0
2016-07-27 00:00:00+00:00,19.96500015258789,124.0
2016-07-28 00:00:00+00:00,20.15999984741211,23.0
2016-07-29 00:00:00+00:00,20.312000274658203,90.0
2016-08-01 00:00:00+00:00,20.46500015258789,19.0
2016-08-02 00:00:00+00:00,20.666000366210938,32.0
2016-08-03 00:00:00+00:00,20.43600082397461,22.0
2016-08-04 00:00:00+00:00,20.4060001373291,28.0
2016-08-05 00:00:00+00:00,19.780000686645508,10.0
2016-08-08 00:00:00+00:00,19.76799964904785,29.0
2016-08-09 00:00:00+00:00,19.81399917602539,9.0
2016-08-10 00:00:00+00:00,20.134000778198242,10.0
2016-08-11 00:00:00+00:00,19.983999252319336,0.0
2016-08-12 00:00:00+00:00,19.672000885009766,10.0
2016-08-15 00:00:00+00:00,19.820999145507812,1.0
2016-08-16 00:00:00+00:00,19.847999572753906,27.0
2016-08-17 00:00:00+00:00,19.62700080871582,1.0
2016-08-18 00:00:00+00:00,19.719999313354492,12.0
2016-08-19 00:00:00+00:00,19.301000595092773,2.0
2016-08-22 00:00:00+00:00,18.843000411987305,24.0
2016-08-23 00:00:00+00:00,18.90999984741211,26.0
2016-08-24 00:00:00+00:00,18.545000076293945,13.0
2016-08-25 00:00:00+00:00,18.47800064086914,3.0
2016-08-26 00:00:00+00:00,18.645000457763672,4.0
2016-08-29 00:00:00+00:00,18.761999130249023,47463.0
2016-08-30 00:00:00+00:00,18.57699966430664,14289.0
2016-08-31 00:00:00+00:00,18.621999740600586,1589.0
2016-09-01 00:00:00+00:00,18.85700035095215,370.0
2016-09-02 00:00:00+00:00,19.275999069213867,508.0
2016-09-06 00:00:00+00:00,20.048999786376953,825.0
2016-09-07 00:00:00+00:00,19.759000778198242,236.0
2016-09-08 00:00:00+00:00,19.590999603271484,237.0
2016-09-09 00:00:00+00:00,19.281999588012695,125.0
2016-09-12 00:00:00+00:00,18.915000915527344,253.0
2016-09-13 00:00:00+00:00,18.889999389648438,76.0
2016-09-14 00:00:00+00:00,18.98200035095215,107.0
2016-09-15 00:00:00+00:00,18.958999633789062,133.0
2016-09-16 00:00:00+00:00,18.7810001373291,79.0
2016-09-19 00:00:00+00:00,19.20599937438965,48.0
2016-09-20 00:00:00+00:00,19.19499969482422,13.0
2016-09-21 00:00:00+00:00,19.68600082397461,22.0
2016-09-22 00:00:00+00:00,20.020000457763672,42.0
2016-09-23 00:00:00+00:00,19.732999801635742,48.0
2016-09-26 00:00:00+00:00,19.516000747680664,38.0
2016-09-27 00:00:00+00:00,19.086999893188477,30.0
2016-09-28 00:00:00+00:00,19.04400062561035,56.0
2016-09-29 00:00:00+00:00,19.114999771118164,94.0
2016-09-30 00:00:00+00:00,19.138999938964844,70.0
2016-10-03 00:00:00+00:00,18.795000076293945,13.0
2016-10-04 00:00:00+00:00,17.71299934387207,160.0
2016-10-05 00:00:00+00:00,17.634000778198242,19.0
2016-10-06 00:00:00+00:00,17.288000106811523,16.0
2016-10-07 00:00:00+00:00,17.323999404907227,69.0
2016-10-11 00:00:00+00:00,17.45599937438965,5.0
2016-10-12 00:00:00+00:00,17.454999923706055,11.0
2016-10-13 00:00:00+00:00,17.40999984741211,9.0
2016-10-14 00:00:00+00:00,17.39299964904785,32.0
2016-10-17 00:00:00+00:00,17.426000595092773,13.0
2016-10-18 00:00:00+00:00,17.590999603271484,21.0
2016-10-19 00:00:00+00:00,17.615999221801758,9.0
2016-10-20 00:00:00+00:00,17.50200080871582,17.0
2016-10-21 00:00:00+00:00,17.447999954223633,0.0
2016-10-24 00:00:00+00:00,17.562000274658203,12.0
2016-10-25 00:00:00+00:00,17.736000061035156,12.0
2016-10-26 00:00:00+00:00,17.584999084472656,6.0
2016-10-27 00:00:00+00:00,17.604000091552734,33.0
2016-10-28 00:00:00+00:00,17.761999130249023,38.0
2016-10-31 00:00:00+00:00,17.761999130249023,4.0
2016-11-01 00:00:00+00:00,18.385000228881836,50.0
2016-11-02 00:00:00+00:00,18.65999984741211,14.0
2016-11-03 00:00:00+00:00,18.382999420166016,4.0
2016-11-04 00:00:00+00:00,18.341999053955078,10.0
2016-11-07 00:00:00+00:00,18.124000549316406,10.0
2016-11-08 00:00:00+00:00,18.329999923706055,21.0
2016-11-09 00:00:00+00:00,18.35700035095215,19.0
2016-11-10 00:00:00+00:00,18.715999603271484,4.0
2016-11-14 00:00:00+00:00,16.87700080871582,22.0
2016-11-15 00:00:00+00:00,17.02899932861328,1.0
2016-11-16 00:00:00+00:00,16.913999557495117,1.0
2016-11-17 00:00:00+00:00,16.76099967956543,0.0
2016-11-18 00:00:00+00:00,16.613000869750977,3.0
2016-11-21 00:00:00+00:00,16.511999130249023,3.0
2016-11-22 00:00:00+00:00,16.62299919128418,2.0
2016-11-23 00:00:00+00:00,16.382999420166016,2.0
2016-11-25 00:00:00+00:00,16.464000701904297,1.0
2016-11-28 00:00:00+00:00,16.577999114990234,66688.0
2016-11-29 00:00:00+00:00,16.660999298095703,17875.0
2016-11-30 00:00:00+00:00,16.4060001373291,1213.0
2016-12-01 00:00:00+00:00,16.427000045776367,777.0
2016-12-02 00:00:00+00:00,16.753000259399414,144.0
2016-12-05 00:00:00+00:00,16.823999404907227,204.0
2016-12-06 00:00:00+00:00,16.739999771118164,268.0
2016-12-07 00:00:00+00:00,17.202999114990234,40.0
2016-12-08 00:00:00+00:00,17.024999618530273,75.0
2016-12-09 00:00:00+00:00,16.89699935913086,186.0
2016-12-12 00:00:00+00:00,17.115999221801758,104.0
2016-12-13 00:00:00+00:00,16.910999298095703,201.0
2016-12-14 00:00:00+00:00,17.152000427246094,164.0
2016-12-15 00:00:00+00:00,15.897000312805176,420.0
2016-12-16 00:00:00+00:00,16.152999877929688,135.0
2016-12-19 00:00:00+00:00,16.025999069213867,9.0
2016-12-20 00:00:00+00:00,16.054000854492188,17.0
2016-12-21 00:00:00+00:00,15.918000221252441,187.0
2016-12-22 00:00:00+00:00,15.8149995803833,75.0
2016-12-23 00:00:00+00:00,15.704000473022461,10.0
2016-12-27 00:00:00+00:00,15.928999900817871,14.0
2016-12-28 00:00:00+00:00,15.98799991607666,397.0
2016-12-29 00:00:00+00:00,16.163000106811523,119.0
2016-12-30 00:00:00+00:00,15.935999870300293,155.0
2017-01-03 00:00:00+00:00,16.356000900268555,6.0
2017-01-04 00:00:00+00:00,16.499000549316406,7.0
2017-01-05 00:00:00+00:00,16.583999633789062,5.0
2017-01-06 00:00:00+00:00,16.465999603271484,4.0
2017-01-09 00:00:00+00:00,16.6299991607666,4.0
2017-01-10 00:00:00+00:00,16.80299949645996,242.0
2017-01-11 00:00:00+00:00,16.783000946044922,3.0
2017-01-12 00:00:00+00:00,16.780000686645508,5.0
2017-01-13 00:00:00+00:00,16.719999313354492,9.0
2017-01-17 00:00:00+00:00,17.101999282836914,104.0
2017-01-18 00:00:00+00:00,17.235000610351562,104.0
2017-01-19 00:00:00+00:00,16.966999053955078,4.0
2017-01-20 00:00:00+00:00,16.996999740600586,67.0
2017-01-23 00:00:00+00:00,17.149999618530273,10.0
2017-01-24 00:00:00+00:00,17.14900016784668,2.0
2017-01-25 00:00:00+00:00,16.944000244140625,5.0
2017-01-26 00:00:00+00:00,16.81399917602539,0.0
2017-01-27 00:00:00+00:00,17.100000381469727,159.0
2017-01-30 00:00:00+00:00,17.121999740600586,26.0
2017-01-31 00:00:00+00:00,17.511999130249023,29.0
2017-02-01 00:00:00+00:00,17.420000076293945,15.0
2017-02-02 00:00:00+00:00,17.402000427246094,19.0
2017-02-03 00:00:00+00:00,17.452999114990234,2.0
2017-02-06 00:00:00+00:00,17.66699981689453,25.0
2017-02-07 00:00:00+00:00,17.732999801635742,6.0
2017-02-08 00:00:00+00:00,17.683000564575195,16.0
2017-02-09 00:00:00+00:00,17.719999313354492,109.0
2017-02-10 00:00:00+00:00,17.91200065612793,67.0
2017-02-13 00:00:00+00:00,17.804000854492188,8.0
2017-02-14 00:00:00+00:00,17.871999740600586,26.0
2017-02-15 00:00:00+00:00,17.94700050354004,24.0
2017-02-16 00:00:00+00:00,18.062999725341797,16.0
2017-02-17 00:00:00+00:00,18.018999099731445,175.0
2017-02-21 00:00:00+00:00,17.989999771118164,189.0
2017-02-22 00:00:00+00:00,17.941999435424805,18.0
2017-02-23 00:00:00+00:00,18.113000869750977,68.0
2017-02-24 00:00:00+00:00,18.334999084472656,75359.0
2017-02-27 00:00:00+00:00,18.354000091552734,24873.0
2017-02-28 00:00:00+00:00,18.420000076293945,4006.0
2017-03-01 00:00:00+00:00,18.44300079345703,985.0
2017-03-02 00:00:00+00:00,17.704999923706055,898.0
2017-03-03 00:00:00+00:00,17.69700050354004,451.0
2017-03-06 00:00:00+00:00,17.725000381469727,304.0
2017-03-07 00:00:00+00:00,17.492000579833984,359.0
2017-03-08 00:00:00+00:00,17.256999969482422,886.0
2017-03-09 00:00:00+00:00,16.993000030517578,108.0
2017-03-10 00:00:00+00:00,16.882999420166016,170.0
2017-03-13 00:00:00+00:00,16.934999465942383,207.0
2017-03-14 00:00:00+00:00,16.88800048828125,92.0
2017-03-15 00:00:00+00:00,16.88800048828125,122.0
2017-03-16 00:00:00+00:00,17.29599952697754,226.0
2017-03-17 00:00:00+00:00,17.378999710083008,59.0
2017-03-20 00:00:00+00:00,17.402999877929688,83.0
2017-03-21 00:00:00+00:00,17.549999237060547,21.0
2017-03-22 00:00:00+00:00,17.545000076293945,11.0
2017-03-23 00:00:00+00:00,17.562999725341797,29.0
2017-03-24 00:00:00+00:00,17.719999313354492,244.0
2017-03-27 00:00:00+00:00,18.079999923706055,10.0
2017-03-28 00:00:00+00:00,18.225000381469727,74.0
2017-03-29 00:00:00+00:00,18.22800064086914,56.0
2017-03-30 00:00:00+00:00,18.184999465942383,61.0
2017-03-31 00:00:00+00:00,18.235000610351562,19.0
2017-04-03 00:00:00+00:00,18.19099998474121,24.0
2017-04-04 00:00:00+00:00,18.302000045776367,10.0
2017-04-05 00:00:00+00:00,18.166000366210938,33.0
2017-04-06 00:00:00+00:00,18.225000381469727,139.0
2017-04-07 00:00:00+00:00,18.1299991607666,9.0
2017-04-10 00:00:00+00:00,17.893999099731445,57.0
2017-04-11 00:00:00+00:00,18.232999801635742,24.0
2017-04-12 00:00:00+00:00,18.27899932861328,137.0
2017-04-13 00:00:00+00:00,18.48900032043457,7.0
2017-04-17 00:00:00+00:00,18.493000030517578,7.0
2017-04-18 00:00:00+00:00,18.250999450683594,67.0
2017-04-19 00:00:00+00:00,18.13599967956543,67.0
2017-04-20 00:00:00+00:00,17.992000579833984,0.0
2017-04-21 00:00:00+00:00,17.829999923706055,35.0
2017-04-24 00:00:00+00:00,17.847999572753906,4.0
2017-04-25 00:00:00+00:00,17.58099937438965,29.0
2017-04-26 00:00:00+00:00,17.35300064086914,102002.0
2017-04-27 00:00:00+00:00,17.264999389648438,35737.0
2017-04-28 00:00:00+00:00,17.19099998474121,1538.0
2017-05-01 00:00:00+00:00,16.780000686645508,1436.0
2017-05-02 00:00:00+00:00,16.768999099731445,543.0
2017-05-03 00:00:00+00:00,16.48699951171875,1233.0
2017-05-04 00:00:00+00:00,16.243999481201172,679.0
2017-05-05 00:00:00+00:00,16.21500015258789,193.0
2017-05-08 00:00:00+00:00,16.198999404907227,148.0
2017-05-09 00:00:00+00:00,16.007999420166016,89.0
2017-05-10 00:00:00+00:00,16.150999069213867,125.0
2017-05-11 00:00:00+00:00,16.208999633789062,71.0
2017-05-12 00:00:00+00:00,16.34600067138672,36.0
2017-05-15 00:00:00+00:00,16.56100082397461,82.0
2017-05-16 00:00:00+00:00,16.69300079345703,51.0
2017-05-17 00:00:00+00:00,16.851999282836914,124.0
2017-05-18 00:00:00+00:00,16.621000289916992,57.0
2017-05-19 00:00:00+00:00,16.75,73.0
2017-05-22 00:00:00+00:00,17.14299964904785,2.0
2017-05-23 00:00:00+00:00,17.090999603271484,66.0
2017-05-24 00:00:00+00:00,17.07699966430664,16.0
2017-05-25 00:00:00+00:00,17.152000427246094,86.0
2017-05-26 00:00:00+00:00,17.283000946044922,448.0
2017-05-30 00:00:00+00:00,17.38800048828125,884.0
2017-05-31 00:00:00+00:00,17.368000030517578,47.0
2017-06-01 00:00:00+00:00,17.243000030517578,83.0
2017-06-02 00:00:00+00:00,17.48699951171875,254.0
2017-06-05 00:00:00+00:00,17.547000885009766,11.0
2017-06-06 00:00:00+00:00,17.677000045776367,18.0
2017-06-07 00:00:00+00:00,17.586999893188477,97.0
2017-06-08 00:00:00+00:00,17.384000778198242,23.0
2017-06-09 00:00:00+00:00,17.19300079345703,34.0
2017-06-12 00:00:00+00:00,16.913999557495117,7.0
2017-06-13 00:00:00+00:00,16.738000869750977,35.0
2017-06-14 00:00:00+00:00,17.10700035095215,80.0
2017-06-15 00:00:00+00:00,16.69099998474121,13.0
2017-06-16 00:00:00+00:00,16.63599967956543,4.0
2017-06-19 00:00:00+00:00,16.482999801635742,13.0
2017-06-20 00:00:00+00:00,16.398000717163086,51.0
2017-06-21 00:00:00+00:00,16.354999542236328,22.0
2017-06-22 00:00:00+00:00,16.489999771118164,4.0
2017-06-23 00:00:00+00:00,16.628000259399414,1.0
2017-06-26 00:00:00+00:00,16.559999465942383,4.0
2017-06-27 00:00:00+00:00,16.576000213623047,0.0
2017-06-28 00:00:00+00:00,16.71500015258789,76357.0
2017-06-29 00:00:00+00:00,16.586000442504883,17565.0
2017-06-30 00:00:00+00:00,16.56800079345703,1336.0
2017-07-03 00:00:00+00:00,16.03700065612793,425.0
2017-07-05 00:00:00+00:00,15.842000007629395,615.0
2017-07-06 00:00:00+00:00,15.927000045776367,185.0
2017-07-07 00:00:00+00:00,15.371000289916992,301.0
2017-07-10 00:00:00+00:00,15.57699966430664,286.0
2017-07-11 00:00:00+00:00,15.696999549865723,163.0
2017-07-12 00:00:00+00:00,15.83899974822998,61.0
2017-07-13 00:00:00+00:00,15.642000198364258,20.0
2017-07-14 00:00:00+00:00,15.883999824523926,62.0
2017-07-17 00:00:00+00:00,16.049999237060547,55.0
2017-07-18 00:00:00+00:00,16.222000122070312,97.0
2017-07-19 00:00:00+00:00,16.250999450683594,47.0
2017-07-20 00:00:00+00:00,16.298999786376953,72.0
2017-07-21 00:00:00+00:00,16.40999984741211,69.0
2017-07-24 00:00:00+00:00,16.398000717163086,124.0
2017-07-25 00:00:00+00:00,16.496999740600586,33.0
2017-07-26 00:00:00+00:00,16.415000915527344,100.0
2017-07-27 00:00:00+00:00,16.52899932861328,159.0
2017-07-28 00:00:00+00:00,16.663999557495117,78.0
2017-07-31 00:00:00+00:00,16.75,276.0
2017-08-01 00:00:00+00:00,16.72800064086914,38.0
2017-08-02 00:00:00+00:00,16.69700050354004,6.0
2017-08-03 00:00:00+00:00,16.5939998626709,2.0
2017-08-04 00:00:00+00:00,16.222000122070312,2.0
2017-08-07 00:00:00+00:00,16.22100067138672,4.0
2017-08-08 00:00:00+00:00,16.360000610351562,35.0
2017-08-09 00:00:00+00:00,16.833999633789062,85.0
2017-08-10 00:00:00+00:00,17.035999298095703,169.0
2017-08-11 00:00:00+00:00,17.041000366210938,49.0
2017-08-14 00:00:00+00:00,17.093000411987305,56.0
2017-08-15 00:00:00+00:00,16.690000534057617,15.0
2017-08-16 00:00:00+00:00,16.91699981689453,28.0
2017-08-17 00:00:00+00:00,17.030000686645508,57.0
2017-08-18 00:00:00+00:00,16.979999542236328,25.0
2017-08-21 00:00:00+00:00,16.9950008392334,16.0
2017-08-22 00:00:00+00:00,16.961999893188477,15.0
2017-08-23 00:00:00+00:00,17.031999588012695,37.0
2017-08-24 00:00:00+00:00,16.95199966430664,50.0
2017-08-25 00:00:00+00:00,17.038000106811523,71.0
2017-08-28 00:00:00+00:00,17.430999755859375,0.0
2017-08-29 00:00:00+00:00,17.422000885009766,115109.0
2017-08-30 00:00:00+00:00,17.40399932861328,115109.0
2017-08-31 00:00:00+00:00,17.479999542236328,21198.0
2017-09-01 00:00:00+00:00,17.7189998626709,1473.0
2017-09-05 00:00:00+00:00,17.844999313354492,535.0
2017-09-06 00:00:00+00:00,17.81599998474121,309.0
2017-09-07 00:00:00+00:00,18.016000747680664,807.0
2017-09-08 00:00:00+00:00,18.027000427246094,364.0
2017-09-11 00:00:00+00:00,17.80699920654297,397.0
2017-09-12 00:00:00+00:00,17.795000076293945,355.0
2017-09-13 00:00:00+00:00,17.77199935913086,428.0
2017-09-14 00:00:00+00:00,17.697999954223633,275.0
2017-09-15 00:00:00+00:00,17.611000061035156,244.0
2017-09-18 00:00:00+00:00,17.070999145507812,208.0
2017-09-19 00:00:00+00:00,17.19499969482422,163.0
2017-09-20 00:00:00+00:00,17.250999450683594,87.0
2017-09-21 00:00:00+00:00,16.937000274658203,212.0
2017-09-22 00:00:00+00:00,16.902999877929688,90.0
2017-09-25 00:00:00+00:00,17.05900001525879,172.0
2017-09-26 00:00:00+00:00,16.804000854492188,108.0
2017-09-27 00:00:00+00:00,16.74799919128418,136.0
2017-09-28 00:00:00+00:00,16.773000717163086,177.0
2017-09-29 00:00:00+00:00,16.60700035095215,23.0
2017-10-02 00:00:00+00:00,16.584999084472656,19.0
2017-10-03 00:00:00+00:00,16.58099937438965,38.0
2017-10-04 00:00:00+00:00,16.562999725341797,54.0
2017-10-05 00:00:00+00:00,16.582000732421875,19.0
2017-10-06 00:00:00+00:00,16.733999252319336,24.0
2017-10-09 00:00:00+00:00,16.916000366210938,4.0
2017-10-10 00:00:00+00:00,17.155000686645508,33.0
2017-10-11 00:00:00+00:00,17.08099937438965,49.0
2017-10-12 00:00:00+00:00,17.211000442504883,43.0
2017-10-13 00:00:00+00:00,17.354999542236328,70.0
2017-10-16 00:00:00+00:00,17.315000534057617,25.0
2017-10-17 00:00:00+00:00,16.98699951171875,55.0
2017-10-18 00:00:00+00:00,16.94300079345703,5.0
2017-10-19 00:00:00+00:00,17.201000213623047,7.0
2017-10-20 00:00:00+00:00,17.02199935913086,16.0
2017-10-23 00:00:00+00:00,17.02400016784668,16.0
2017-10-24 00:00:00+00:00,16.906999588012695,57.0
2017-10-25 00:00:00+00:00,16.868000030517578,28.0
2017-10-26 00:00:00+00:00,16.763999938964844,64.0
2017-10-27 00:00:00+00:00,16.70199966430664,158.0
2017-10-30 00:00:00+00:00,16.802000045776367,123.0
2017-10-31 00:00:00+00:00,16.645000457763672,297.0
2017-11-01 00:00:00+00:00,17.131999969482422,29.0
2017-11-02 00:00:00+00:00,17.0939998626709,18.0
2017-11-03 00:00:00+00:00,16.79400062561035,10.0
2017-11-06 00:00:00+00:00,17.19499969482422,10.0
2017-11-07 00:00:00+00:00,16.905000686645508,1.0
2017-11-08 00:00:00+00:00,17.106000900268555,5.0
2017-11-09 00:00:00+00:00,16.94300079345703,2.0
2017-11-10 00:00:00+00:00,16.8439998626709,1.0
2017-11-13 00:00:00+00:00,17.023000717163086,3.0
2017-11-14 00:00:00+00:00,17.052000045776367,1.0
2017-11-15 00:00:00+00:00,16.950000762939453,1.0
2017-11-16 00:00:00+00:00,17.055999755859375,9.0
2017-11-17 00:00:00+00:00,17.357999801635742,3.0
2017-11-20 00:00:00+00:00,16.82699966430664,0.0
2017-11-21 00:00:00+00:00,16.948999404907227,1.0
2017-11-22 00:00:00+00:00,17.10099983215332,0.0
2017-11-24 00:00:00+00:00,16.981000900268555,1.0
2017-11-27 00:00:00+00:00,17.009000778198242,2.0
2017-11-28 00:00:00+00:00,16.81100082397461,96960.0
2017-11-29 00:00:00+00:00,16.457000732421875,22561.0
2017-11-30 00:00:00+00:00,16.381999969482422,1585.0
2017-12-01 00:00:00+00:00,16.297000885009766,523.0
2017-12-04 00:00:00+00:00,16.284000396728516,893.0
2017-12-05 00:00:00+00:00,15.972999572753906,75.0
2017-12-06 00:00:00+00:00,15.868000030517578,207.0
2017-12-07 00:00:00+00:00,15.71500015258789,174.0
2017-12-08 00:00:00+00:00,15.736000061035156,75.0
2017-12-11 00:00:00+00:00,15.696999549865723,77.0
2017-12-12 00:00:00+00:00,15.581999778747559,197.0
2017-12-13 00:00:00+00:00,15.784000396728516,190.0
2017-12-14 00:00:00+00:00,15.850000381469727,31.0
2017-12-15 00:00:00+00:00,15.977999687194824,373.0
2017-12-18 00:00:00+00:00,16.1200008392334,46.0
2017-12-19 00:00:00+00:00,16.06599998474121,16.0
2017-12-20 00:00:00+00:00,16.187999725341797,16.0
2017-12-21 00:00:00+00:00,16.152000427246094,46.0
2017-12-22 00:00:00+00:00,16.35700035095215,194.0
2017-12-26 00:00:00+00:00,16.520000457763672,64.0
2017-12-27 00:00:00+00:00,16.618999481201172,627.0
2017-12-28 00:00:00+00:00,16.832000732421875,207.0
2017-12-29 00:00:00+00:00,17.059999465942383,17.0
2018-01-02 00:00:00+00:00,17.121000289916992,34.0
2018-01-03 00:00:00+00:00,17.184999465942383,4.0
2018-01-04 00:00:00+00:00,17.18899917602539,34.0
2018-01-05 00:00:00+00:00,17.204999923706055,0.0
2018-01-08 00:00:00+00:00,17.06399917602539,0.0
2018-01-09 00:00:00+00:00,16.93600082397461,9.0
2018-01-10 00:00:00+00:00,16.96299934387207,180.0
2018-01-11 00:00:00+00:00,16.893999099731445,35.0
2018-01-12 00:00:00+00:00,17.069000244140625,52.0
2018-01-16 00:00:00+00:00,17.121999740600586,4.0
2018-01-17 00:00:00+00:00,17.104999542236328,88.0
2018-01-18 00:00:00+00:00,16.89299964904785,6.0
2018-01-19 00:00:00+00:00,16.975000381469727,35.0
2018-01-22 00:00:00+00:00,16.930999755859375,3.0
2018-01-23 00:00:00+00:00,16.854999542236328,10.0
2018-01-24 00:00:00+00:00,17.424999237060547,3.0
2018-01-25 00:00:00+00:00,17.551000595092773,1.0
2018-01-26 00:00:00+00:00,17.381999969482422,41.0
2018-01-30 00:00:00+00:00,17.01300048828125,22.0
2018-01-31 00:00:00+00:00,17.20400047302246,22.0
2018-02-01 00:00:00+00:00,17.118000030517578,0.0
2018-02-02 00:00:00+00:00,16.676000595092773,3.0
2018-02-05 00:00:00+00:00,16.638999938964844,12.0
2018-02-06 00:00:00+00:00,16.54800033569336,206.0
2018-02-07 00:00:00+00:00,16.20599937438965,4.0
2018-02-08 00:00:00+00:00,16.31399917602539,0.0
2018-02-09 00:00:00+00:00,16.115999221801758,16.0
2018-02-12 00:00:00+00:00,16.54800033569336,2.0
2018-02-13 00:00:00+00:00,16.506999969482422,3.0
2018-02-14 00:00:00+00:00,16.857999801635742,201.0
2018-02-15 00:00:00+00:00,16.777000427246094,23.0
2018-02-16 00:00:00+00:00,16.69499969482422,1.0
2018-02-20 00:00:00+00:00,16.424999237060547,0.0
2018-02-21 00:00:00+00:00,16.604000091552734,0.0
2018-02-22 00:00:00+00:00,16.57900047302246,21.0
2018-02-23 00:00:00+00:00,16.47599983215332,20.0
2018-02-26 00:00:00+00:00,16.54199981689453,68118.0
2018-02-27 00:00:00+00:00,16.34600067138672,23900.0
2018-02-28 00:00:00+00:00,16.323999404907227,1018.0
2018-03-01 00:00:00+00:00,16.200000762939453,564.0
2018-03-02 00:00:00+00:00,16.392000198364258,83.0
2018-03-05 00:00:00+00:00,16.33799934387207,143.0
2018-03-06 00:00:00+00:00,16.71500015258789,344.0
2018-03-07 00:00:00+00:00,16.42799949645996,34.0
2018-03-08 00:00:00+00:00,16.43600082397461,70.0
2018-03-09 00:00:00+00:00,16.54599952697754,355.0
2018-03-12 00:00:00+00:00,16.47100067138672,48.0
2018-03-13 00:00:00+00:00,16.55900001525879,19.0
2018-03-14 00:00:00+00:00,16.466999053955078,3.0
2018-03-15 00:00:00+00:00,16.35300064086914,34.0
2018-03-16 00:00:00+00:00,16.20199966430664,34.0
2018-03-19 00:00:00+00:00,16.2549991607666,137.0
2018-03-20 00:00:00+00:00,16.125,114.0
2018-03-21 00:00:00+00:00,16.35700035095215,76.0
2018-03-22 00:00:00+00:00,16.327999114990234,2.0
2018-03-23 00:00:00+00:00,16.530000686645508,55.0
2018-03-26 00:00:00+00:00,16.631999969482422,43.0
2018-03-27 00:00:00+00:00,16.48900032043457,167.0
2018-03-28 00:00:00+00:00,16.204999923706055,79.0
2018-03-29 00:00:00+00:00,16.222999572753906,39.0
2018-04-02 00:00:00+00:00,16.62700080871582,6.0
2018-04-03 00:00:00+00:00,16.347000122070312,0.0
2018-04-04 00:00:00+00:00,16.208999633789062,39.0
2018-04-05 00:00:00+00:00,16.31999969482422,12.0
2018-04-06 00:00:00+00:00,16.332000732421875,4.0
2018-04-09 00:00:00+00:00,16.499000549316406,35.0
2018-04-10 00:00:00+00:00,16.56599998474121,6.0
2018-04-11 00:00:00+00:00,16.738000869750977,0.0
2018-04-12 00:00:00+00:00,16.44300079345703,3.0
2018-04-13 00:00:00+00:00,16.628000259399414,0.0
2018-04-16 00:00:00+00:00,16.66200065612793,120.0
2018-04-17 00:00:00+00:00,16.77199935913086,0.0
2018-04-18 00:00:00+00:00,17.231000900268555,11.0
2018-04-19 00:00:00+00:00,17.222000122070312,1.0
2018-04-20 00:00:00+00:00,17.14699935913086,127.0
2018-04-23 00:00:00+00:00,16.570999145507812,20.0
2018-04-24 00:00:00+00:00,16.687000274658203,5.0
2018-04-25 00:00:00+00:00,16.486000061035156,2.0
2018-04-26 00:00:00+00:00,16.488000869750977,69508.0
2018-04-27 00:00:00+00:00,16.4060001373291,20148.0
2018-04-30 00:00:00+00:00,16.312000274658203,1573.0
2018-05-01 00:00:00+00:00,16.038999557495117,1407.0
2018-05-02 00:00:00+00:00,16.291000366210938,884.0
2018-05-03 00:00:00+00:00,16.36199951171875,642.0
2018-05-04 00:00:00+00:00,16.43400001525879,296.0
2018-05-07 00:00:00+00:00,16.413000106811523,308.0
2018-05-08 00:00:00+00:00,16.38800048828125,215.0
2018-05-09 00:00:00+00:00,16.45800018310547,152.0
2018-05-10 00:00:00+00:00,16.68000030517578,36.0
2018-05-11 00:00:00+00:00,16.676000595092773,76.0
2018-05-14 00:00:00+00:00,16.56999969482422,67.0
2018-05-15 00:00:00+00:00,16.194000244140625,121.0
2018-05-16 00:00:00+00:00,16.297000885009766,48.0
2018-05-17 00:00:00+00:00,16.413000106811523,136.0
2018-05-18 00:00:00+00:00,16.386999130249023,33.0
2018-05-21 00:00:00+00:00,16.45199966430664,15.0
2018-05-22 00:00:00+00:00,16.507999420166016,72.0
2018-05-23 00:00:00+00:00,16.33799934387207,31.0
2018-05-24 00:00:00+00:00,16.621000289916992,836.0
2018-05-25 00:00:00+00:00,16.481000900268555,64.0
2018-05-29 00:00:00+00:00,16.30500030517578,546.0
2018-05-30 00:00:00+00:00,16.479000091552734,398.0
2018-05-31 00:00:00+00:00,16.402000427246094,65.0
2018-06-01 00:00:00+00:00,16.38800048828125,5.0
2018-06-04 00:00:00+00:00,16.378999710083008,40.0
2018-06-05 00:00:00+00:00,16.490999221801758,18.0
2018-06-06 00:00:00+00:00,16.642000198364258,94.0
2018-06-07 00:00:00+00:00,16.766000747680664,17.0
2018-06-08 00:00:00+00:00,16.694000244140625,16.0
2018-06-11 00:00:00+00:00,16.905000686645508,18.0
2018-06-12 00:00:00+00:00,16.849000930786133,0.0
2018-06-13 00:00:00+00:00,16.952999114990234,6.0
2018-06-14 00:00:00+00:00,17.22599983215332,101.0
2018-06-15 00:00:00+00:00,16.45199966430664,23.0
2018-06-18 00:00:00+00:00,16.41200065612793,5.0
2018-06-19 00:00:00+00:00,16.30299949645996,115.0
2018-06-20 00:00:00+00:00,16.288999557495117,0.0
2018-06-21 00:00:00+00:00,16.305999755859375,0.0
2018-06-22 00:00:00+00:00,16.43899917602539,6.0
2018-06-25 00:00:00+00:00,16.308000564575195,2.0
2018-06-26 00:00:00+00:00,16.238000869750977,4.0
2018-06-27 00:00:00+00:00,16.138999938964844,96137.0
2018-06-28 00:00:00+00:00,15.951000213623047,28819.0
2018-06-29 00:00:00+00:00,16.104000091552734,2765.0
2018-07-02 00:00:00+00:00,15.744000434875488,1009.0
2018-07-03 00:00:00+00:00,15.95199966430664,332.0
2018-07-05 00:00:00+00:00,16.007999420166016,207.0
2018-07-06 00:00:00+00:00,15.980999946594238,163.0
2018-07-09 00:00:00+00:00,16.05299949645996,39.0
2018-07-10 00:00:00+00:00,16.003000259399414,43.0
2018-07-11 00:00:00+00:00,15.732000350952148,53.0
2018-07-12 00:00:00+00:00,15.89799976348877,39.0
2018-07-13 00:00:00+00:00,15.73900032043457,63.0
2018-07-16 00:00:00+00:00,15.734999656677246,7.0
2018-07-17 00:00:00+00:00,15.545999526977539,365.0
2018-07-18 00:00:00+00:00,15.503000259399414,29.0
2018-07-19 00:00:00+00:00,15.34000015258789,46.0
2018-07-20 00:00:00+00:00,15.489999771118164,279.0
2018-07-23 00:00:00+00:00,15.368000030517578,15.0
2018-07-24 00:00:00+00:00,15.463000297546387,65.0
2018-07-25 00:00:00+00:00,15.532999992370605,48.0
2018-07-26 00:00:00+00:00,15.437999725341797,104.0
2018-07-27 00:00:00+00:00,15.435999870300293,227.0
2018-07-30 00:00:00+00:00,15.475000381469727,322.0
2018-07-31 00:00:00+00:00,15.5,352.0
2018-08-01 00:00:00+00:00,15.394000053405762,19.0
2018-08-02 00:00:00+00:00,15.329000473022461,183.0
2018-08-03 00:00:00+00:00,15.406000137329102,7.0
2018-08-06 00:00:00+00:00,15.291999816894531,1.0
2018-08-07 00:00:00+00:00,15.317000389099121,0.0
2018-08-08 00:00:00+00:00,15.37600040435791,4.0
2018-08-09 00:00:00+00:00,15.418999671936035,141.0
2018-08-10 00:00:00+00:00,15.265999794006348,20.0
2018-08-13 00:00:00+00:00,14.95300006866455,5.0
2018-08-14 00:00:00+00:00,15.024999618530273,2.0
2018-08-15 00:00:00+00:00,14.420999526977539,186.0
2018-08-16 00:00:00+00:00,14.696999549865723,138.0
2018-08-17 00:00:00+00:00,14.616000175476074,19.0
2018-08-20 00:00:00+00:00,14.654999732971191,16.0
2018-08-21 00:00:00+00:00,14.75100040435791,0.0
2018-08-22 00:00:00+00:00,14.734999656677246,1.0
2018-08-23 00:00:00+00:00,14.527000427246094,3.0
2018-08-24 00:00:00+00:00,14.779000282287598,41.0
2018-08-27 00:00:00+00:00,14.843999862670898,0.0
2018-08-28 00:00:00+00:00,14.767000198364258,1.0
2018-08-29 00:00:00+00:00,14.687999725341797,68753.0
2018-08-30 00:00:00+00:00,14.47700023651123,15963.0
2018-08-31 00:00:00+00:00,14.437999725341797,608.0
2018-09-04 00:00:00+00:00,14.060999870300293,750.0
2018-09-05 00:00:00+00:00,14.118000030517578,240.0
2018-09-06 00:00:00+00:00,14.074999809265137,191.0
2018-09-07 00:00:00+00:00,14.067000389099121,132.0
2018-09-10 00:00:00+00:00,14.079000473022461,65.0
2018-09-11 00:00:00+00:00,14.052000045776367,99.0
2018-09-12 00:00:00+00:00,14.192000389099121,64.0
2018-09-13 00:00:00+00:00,14.142999649047852,80.0
2018-09-14 00:00:00+00:00,14.041999816894531,55.0
2018-09-17 00:00:00+00:00,14.121999740600586,32.0
2018-09-18 00:00:00+00:00,14.083999633789062,925.0
2018-09-19 00:00:00+00:00,14.189000129699707,462.0
2018-09-20 00:00:00+00:00,14.21500015258789,507.0
2018-09-21 00:00:00+00:00,14.269000053405762,9.0
2018-09-24 00:00:00+00:00,14.25100040435791,27.0
2018-09-25 00:00:00+00:00,14.39799976348877,17.0
2018-09-26 00:00:00+00:00,14.305000305175781,393.0
2018-09-27 00:00:00+00:00,14.201000213623047,138.0
2018-09-28 00:00:00+00:00,14.623000144958496,49.0
2018-10-01 00:00:00+00:00,14.42199993133545,83.0
2018-10-02 00:00:00+00:00,14.609999656677246,63.0
2018-10-03 00:00:00+00:00,14.59000015258789,24.0
2018-10-04 00:00:00+00:00,14.510000228881836,0.0
2018-10-05 00:00:00+00:00,14.569000244140625,0.0
2018-10-08 00:00:00+00:00,14.258999824523926,2.0
2018-10-09 00:00:00+00:00,14.329000473022461,0.0
2018-10-10 00:00:00+00:00,14.255000114440918,1.0
2018-10-11 00:00:00+00:00,14.53499984741211,9.0
2018-10-12 00:00:00+00:00,14.564000129699707,40.0
2018-10-15 00:00:00+00:00,14.656000137329102,1.0
2018-10-16 00:00:00+00:00,14.630000114440918,74.0
2018-10-17 00:00:00+00:00,14.592000007629395,0.0
2018-10-18 00:00:00+00:00,14.532999992370605,0.0
2018-10-19 00:00:00+00:00,14.579000473022461,0.0
2018-10-22 00:00:00+00:00,14.522000312805176,110.0
2018-10-23 00:00:00+00:00,14.727999687194824,2.0
2018-10-24 00:00:00+00:00,14.611000061035156,33.0
2018-10-25 00:00:00+00:00,14.5649995803833,0.0
2018-10-26 00:00:00+00:00,14.635000228881836,0.0
2018-10-29 00:00:00+00:00,14.376999855041504,101.0
2018-10-30 00:00:00+00:00,14.402999877929688,428.0
2018-10-31 00:00:00+00:00,14.229000091552734,14.0
2018-11-01 00:00:00+00:00,14.729000091552734,11.0
2018-11-02 00:00:00+00:00,14.706999778747559,3.0
2018-11-05 00:00:00+00:00,14.604000091552734,29.0
2018-11-06 00:00:00+00:00,14.458000183105469,4.0
2018-11-07 00:00:00+00:00,14.527999877929688,6.0
2018-11-08 00:00:00+00:00,14.38599967956543,29.0
2018-11-09 00:00:00+00:00,14.102999687194824,10.0
2018-11-12 00:00:00+00:00,13.973999977111816,2.0
2018-11-13 00:00:00+00:00,13.95199966430664,9.0
2018-11-14 00:00:00+00:00,14.055000305175781,0.0
2018-11-15 00:00:00+00:00,14.237000465393066,3.0
2018-11-16 00:00:00+00:00,14.357999801635742,0.0
2018-11-19 00:00:00+00:00,14.380999565124512,1.0
2018-11-20 00:00:00+00:00,14.246999740600586,76.0
2018-11-21 00:00:00+00:00,14.479999542236328,3.0
2018-11-23 00:00:00+00:00,14.220999717712402,3.0
2018-11-26 00:00:00+00:00,14.182999610900879,0.0
2018-11-27 00:00:00+00:00,14.062000274658203,0.0
2018-11-28 00:00:00+00:00,14.303000450134277,84402.0
2018-11-29 00:00:00+00:00,14.27299976348877,23378.0
2018-11-30 00:00:00+00:00,14.093999862670898,1093.0
2018-12-03 00:00:00+00:00,14.380999565124512,342.0
2018-12-04 00:00:00+00:00,14.520999908447266,65.0
2018-12-06 00:00:00+00:00,14.390000343322754,48.0
2018-12-07 00:00:00+00:00,14.571999549865723,88.0
2018-12-10 00:00:00+00:00,14.477999687194824,42.0
2018-12-11 00:00:00+00:00,14.49899959564209,221.0
2018-12-12 00:00:00+00:00,14.725000381469727,162.0
2018-12-13 00:00:00+00:00,14.729000091552734,47.0
2018-12-14 00:00:00+00:00,14.512999534606934,19.0
2018-12-17 00:00:00+00:00,14.638999938964844,81.0
2018-12-18 00:00:00+00:00,14.585000038146973,28.0
2018-12-19 00:00:00+00:00,14.70199966430664,35.0
2018-12-20 00:00:00+00:00,14.753000259399414,116.0
2018-12-21 00:00:00+00:00,14.583000183105469,35.0
2018-12-24 00:00:00+00:00,14.701000213623047,0.0
2018-12-26 00:00:00+00:00,15.003999710083008,85.0
2018-12-27 00:00:00+00:00,15.190999984741211,757.0
2018-12-28 00:00:00+00:00,15.326000213623047,233.0
2018-12-31 00:00:00+00:00,15.432999610900879,17.0
2019-01-02 00:00:00+00:00,15.541999816894531,91.0
2019-01-03 00:00:00+00:00,15.706000328063965,7.0
2019-01-04 00:00:00+00:00,15.694999694824219,12.0
2019-01-07 00:00:00+00:00,15.668999671936035,34.0
2019-01-08 00:00:00+00:00,15.62600040435791,27.0
2019-01-09 00:00:00+00:00,15.652999877929688,15.0
2019-01-10 00:00:00+00:00,15.560999870300293,22.0
2019-01-11 00:00:00+00:00,15.57699966430664,43.0
2019-01-14 00:00:00+00:00,15.609000205993652,38.0
2019-01-15 00:00:00+00:00,15.545999526977539,64.0
2019-01-16 00:00:00+00:00,15.564000129699707,7.0
2019-01-17 00:00:00+00:00,15.467000007629395,27.0
2019-01-18 00:00:00+00:00,15.329999923706055,14.0
2019-01-22 00:00:00+00:00,15.258999824523926,16.0
2019-01-23 00:00:00+00:00,15.317000389099121,10.0
2019-01-24 00:00:00+00:00,15.23799991607666,7.0
2019-01-25 00:00:00+00:00,15.638999938964844,7.0
2019-01-28 00:00:00+00:00,15.708999633789062,7.0
2019-01-29 00:00:00+00:00,15.78600025177002,120.0
2019-01-30 00:00:00+00:00,15.880000114440918,65.0
2019-01-31 00:00:00+00:00,16.02199935913086,64.0
2019-02-01 00:00:00+00:00,15.880000114440918,79.0
2019-02-04 00:00:00+00:00,15.836999893188477,26.0
2019-02-05 00:00:00+00:00,15.789999961853027,10.0
2019-02-06 00:00:00+00:00,15.656000137329102,13.0
2019-02-07 00:00:00+00:00,15.675000190734863,6.0
2019-02-08 00:00:00+00:00,15.77299976348877,2.0
2019-02-11 00:00:00+00:00,15.656999588012695,2.0
2019-02-12 00:00:00+00:00,15.65999984741211,0.0
2019-02-13 00:00:00+00:00,15.62399959564209,30.0
2019-02-14 00:00:00+00:00,15.5,0.0
2019-02-15 00:00:00+00:00,15.722999572753906,2.0
2019-02-19 00:00:00+00:00,15.946999549865723,0.0
2019-02-20 00:00:00+00:00,16.156999588012695,2.0
2019-02-21 00:00:00+00:00,15.791000366210938,12.0
2019-02-22 00:00:00+00:00,15.907999992370605,12.0
2019-02-25 00:00:00+00:00,15.824999809265137,1.0
2019-02-26 00:00:00+00:00,15.82699966430664,60807.0
2019-02-27 00:00:00+00:00,15.67199993133545,17247.0
2019-02-28 00:00:00+00:00,15.538000106811523,1031.0
2019-03-01 00:00:00+00:00,15.168999671936035,585.0
2019-03-04 00:00:00+00:00,15.017000198364258,317.0
2019-03-05 00:00:00+00:00,15.020000457763672,222.0
2019-03-06 00:00:00+00:00,15.003000259399414,25.0
2019-03-07 00:00:00+00:00,14.960000038146973,8.0
2019-03-08 00:00:00+00:00,15.272000312805176,11.0
2019-03-11 00:00:00+00:00,15.196999549865723,16.0
2019-03-12 00:00:00+00:00,15.338000297546387,23.0
2019-03-13 00:00:00+00:00,15.380999565124512,110.0
2019-03-14 00:00:00+00:00,15.10099983215332,20.0
2019-03-15 00:00:00+00:00,15.253000259399414,5.0
2019-03-18 00:00:00+00:00,15.25100040435791,0.0
2019-03-19 00:00:00+00:00,15.300999641418457,21.0
2019-03-20 00:00:00+00:00,15.244999885559082,94.0
2019-03-21 00:00:00+00:00,15.371999740600586,3.0
2019-03-22 00:00:00+00:00,15.345000267028809,0.0
2019-03-25 00:00:00+00:00,15.506999969482422,6.0
2019-03-26 00:00:00+00:00,15.371000289916992,45.0
2019-03-27 00:00:00+00:00,15.23900032043457,375.0
2019-03-28 00:00:00+00:00,14.920999526977539,343.0
2019-03-29 00:00:00+00:00,15.0600004196167,23.0
2019-04-01 00:00:00+00:00,15.050999641418457,55.0
2019-04-02 00:00:00+00:00,15.017999649047852,36.0
2019-04-03 00:00:00+00:00,15.059000015258789,2.0
2019-04-04 00:00:00+00:00,15.041000366210938,0.0
2019-04-05 00:00:00+00:00,15.043000221252441,0.0
2019-04-08 00:00:00+00:00,15.17300033569336,0.0
2019-04-09 00:00:00+00:00,15.168000221252441,1.0
2019-04-10 00:00:00+00:00,15.201000213623047,18.0
2019-04-11 00:00:00+00:00,14.824000358581543,1.0
2019-04-12 00:00:00+00:00,14.920000076293945,3.0
2019-04-15 00:00:00+00:00,14.947999954223633,0.0
2019-04-16 00:00:00+00:00,14.890999794006348,0.0
2019-04-17 00:00:00+00:00,14.920999526977539,0.0
2019-04-18 00:00:00+00:00,14.937000274658203,1.0
2019-04-22 00:00:00+00:00,14.956999778747559,0.0
2019-04-23 00:00:00+00:00,14.77299976348877,0.0
2019-04-24 00:00:00+00:00,14.89799976348877,0.0
2019-04-25 00:00:00+00:00,14.861000061035156,1.0
2019-04-26 00:00:00+00:00,15.001999855041504,78208.0
2019-04-29 00:00:00+00:00,14.843999862670898,18270.0
2019-04-30 00:00:00+00:00,14.899999618530273,690.0
2019-05-01 00:00:00+00:00,14.645000457763672,565.0
2019-05-02 00:00:00+00:00,14.539999961853027,796.0
2019-05-03 00:00:00+00:00,14.906999588012695,242.0
2019-05-06 00:00:00+00:00,14.857000350952148,82.0
2019-05-07 00:00:00+00:00,14.859999656677246,150.0
2019-05-08 00:00:00+00:00,14.791999816894531,85.0
2019-05-09 00:00:00+00:00,14.706999778747559,16.0
2019-05-10 00:00:00+00:00,14.72599983215332,22.0
2019-05-13 00:00:00+00:00,14.713000297546387,27.0
2019-05-14 00:00:00+00:00,14.751999855041504,1.0
2019-05-15 00:00:00+00:00,14.751999855041504,4.0
2019-05-16 00:00:00+00:00,14.479000091552734,241.0
2019-05-17 00:00:00+00:00,14.347999572753906,156.0
2019-05-20 00:00:00+00:00,14.409000396728516,13.0
2019-05-21 00:00:00+00:00,14.373000144958496,49.0
2019-05-22 00:00:00+00:00,14.413999557495117,105.0
2019-05-23 00:00:00+00:00,14.57699966430664,4.0
2019-05-24 00:00:00+00:00,14.520000457763672,17.0
2019-05-28 00:00:00+00:00,14.281000137329102,73.0
2019-05-29 00:00:00+00:00,14.371999740600586,258.0
2019-05-30 00:00:00+00:00,14.460000038146973,136.0
2019-05-31 00:00:00+00:00,14.529999732971191,62.0
2019-06-03 00:00:00+00:00,14.70300006866455,3.0
2019-06-04 00:00:00+00:00,14.732000350952148,2.0
2019-06-05 00:00:00+00:00,14.753999710083008,50.0
2019-06-06 00:00:00+00:00,14.868000030517578,1.0
2019-06-07 00:00:00+00:00,14.994000434875488,4.0
2019-06-10 00:00:00+00:00,14.604999542236328,0.0
2019-06-11 00:00:00+00:00,14.706000328063965,0.0
2019-06-12 00:00:00+00:00,14.722000122070312,0.0
2019-06-13 00:00:00+00:00,14.871000289916992,1.0
2019-06-14 00:00:00+00:00,14.781999588012695,240.0
2019-06-17 00:00:00+00:00,14.814000129699707,3.0
2019-06-18 00:00:00+00:00,14.979999542236328,1.0
2019-06-19 00:00:00+00:00,14.944999694824219,0.0
2019-06-20 00:00:00+00:00,15.468999862670898,103.0
2019-06-21 00:00:00+00:00,15.27299976348877,4.0
2019-06-24 00:00:00+00:00,15.368000030517578,24.0
2019-06-25 00:00:00+00:00,15.291000366210938,0.0
2019-06-26 00:00:00+00:00,15.282999992370605,93664.0
2019-06-27 00:00:00+00:00,15.204999923706055,21835.0
2019-06-28 00:00:00+00:00,15.253000259399414,842.0
2019-07-01 00:00:00+00:00,15.105999946594238,227.0
2019-07-02 00:00:00+00:00,15.154000282287598,132.0
2019-07-03 00:00:00+00:00,15.251999855041504,12.0
2019-07-05 00:00:00+00:00,14.918000221252441,107.0
2019-07-08 00:00:00+00:00,14.972000122070312,23.0
2019-07-09 00:00:00+00:00,15.067999839782715,1.0
2019-07-10 00:00:00+00:00,15.147000312805176,5.0
2019-07-11 00:00:00+00:00,15.067000389099121,36.0
2019-07-12 00:00:00+00:00,15.16100025177002,7.0
2019-07-15 00:00:00+00:00,15.289999961853027,16.0
2019-07-16 00:00:00+00:00,15.600000381469727,41.0
2019-07-17 00:00:00+00:00,15.892999649047852,85.0
2019-07-18 00:00:00+00:00,16.1200008392334,61.0
2019-07-19 00:00:00+00:00,16.117000579833984,68.0
2019-07-22 00:00:00+00:00,16.34000015258789,161.0
2019-07-23 00:00:00+00:00,16.405000686645508,73.0
2019-07-24 00:00:00+00:00,16.554000854492188,45.0
2019-07-25 00:00:00+00:00,16.339000701904297,64.0
2019-07-26 00:00:00+00:00,16.325000762939453,25.0
2019-07-29 00:00:00+00:00,16.368000030517578,446.0
2019-07-30 00:00:00+00:00,16.4950008392334,331.0
2019-07-31 00:00:00+00:00,16.34600067138672,224.0
2019-08-01 00:00:00+00:00,16.121000289916992,74.0
2019-08-02 00:00:00+00:00,16.222000122070312,78.0
2019-08-05 00:00:00+00:00,16.344999313354492,79.0
2019-08-06 00:00:00+00:00,16.405000686645508,54.0
2019-08-07 00:00:00+00:00,17.1560001373291,89.0
2019-08-08 00:00:00+00:00,16.900999069213867,157.0
2019-08-09 00:00:00+00:00,16.89699935913086,91.0
2019-08-12 00:00:00+00:00,17.038999557495117,121.0
2019-08-13 00:00:00+00:00,16.95599937438965,22.0
2019-08-14 00:00:00+00:00,17.253000259399414,48.0
2019-08-15 00:00:00+00:00,17.187999725341797,47.0
2019-08-16 00:00:00+00:00,17.09600067138672,0.0
2019-08-19 00:00:00+00:00,16.913999557495117,1.0
2019-08-20 00:00:00+00:00,17.121999740600586,4.0
2019-08-21 00:00:00+00:00,17.125,2.0
2019-08-22 00:00:00+00:00,17.013999938964844,0.0
2019-08-23 00:00:00+00:00,17.395000457763672,0.0
2019-08-26 00:00:00+00:00,17.624000549316406,4.0
2019-08-27 00:00:00+00:00,18.138999938964844,2.0
2019-08-28 00:00:00+00:00,18.304000854492188,97738.0
2019-08-29 00:00:00+00:00,18.16699981689453,22272.0
2019-08-30 00:00:00+00:00,18.184999465942383,1479.0
2019-09-03 00:00:00+00:00,19.07900047302246,828.0
2019-09-04 00:00:00+00:00,19.391000747680664,462.0
2019-09-05 00:00:00+00:00,18.6560001373291,386.0
2019-09-06 00:00:00+00:00,17.968000411987305,343.0
2019-09-09 00:00:00+00:00,18.018999099731445,517.0
2019-09-10 00:00:00+00:00,18.041000366210938,190.0
2019-09-11 00:00:00+00:00,18.0310001373291,320.0
2019-09-12 00:00:00+00:00,18.041000366210938,135.0
2019-09-13 00:00:00+00:00,17.43600082397461,201.0
2019-09-16 00:00:00+00:00,17.900999069213867,40.0
2019-09-17 00:00:00+00:00,18.016000747680664,99.0
2019-09-18 00:00:00+00:00,17.795000076293945,4.0
2019-09-19 00:00:00+00:00,17.773000717163086,135.0
2019-09-20 00:00:00+00:00,17.738000869750977,53.0
2019-09-23 00:00:00+00:00,18.600000381469727,75.0
2019-09-24 00:00:00+00:00,18.517000198364258,3.0
2019-09-25 00:00:00+00:00,17.961999893188477,26.0
2019-09-26 00:00:00+00:00,17.801000595092773,1389.0
2019-09-27 00:00:00+00:00,17.552000045776367,227.0
2019-09-30 00:00:00+00:00,16.898000717163086,33.0
2019-10-01 00:00:00+00:00,17.20199966430664,77.0
2019-10-02 00:00:00+00:00,17.591999053955078,44.0
2019-10-03 00:00:00+00:00,17.584999084472656,42.0
2019-10-04 00:00:00+00:00,17.540000915527344,27.0
2019-10-07 00:00:00+00:00,17.457000732421875,8.0
2019-10-08 00:00:00+00:00,17.617000579833984,2.0
2019-10-09 00:00:00+00:00,17.72800064086914,4.0
2019-10-10 00:00:00+00:00,17.520000457763672,2.0
2019-10-11 00:00:00+00:00,17.461999893188477,5.0
2019-10-14 00:00:00+00:00,17.634000778198242,3.0
2019-10-15 00:00:00+00:00,17.308000564575195,23.0
2019-10-16 00:00:00+00:00,17.35099983215332,115.0
2019-10-17 00:00:00+00:00,17.535999298095703,8.0
2019-10-18 00:00:00+00:00,17.50200080871582,30.0
2019-10-21 00:00:00+00:00,17.525999069213867,18.0
2019-10-22 00:00:00+00:00,17.437000274658203,51.0
2019-10-23 00:00:00+00:00,17.517000198364258,27.0
2019-10-24 00:00:00+00:00,17.73900032043457,23.0
2019-10-25 00:00:00+00:00,17.861000061035156,18.0
2019-10-28 00:00:00+00:00,17.81599998474121,60.0
2019-10-29 00:00:00+00:00,17.770999908447266,74.0
2019-10-30 00:00:00+00:00,17.815000534057617,29.0
2019-10-31 00:00:00+00:00,18.013999938964844,78.0
2019-11-01 00:00:00+00:00,18.003999710083008,13.0
2019-11-04 00:00:00+00:00,18.013999938964844,23.0
2019-11-05 00:00:00+00:00,17.516000747680664,2.0
2019-11-06 00:00:00+00:00,17.558000564575195,45.0
2019-11-07 00:00:00+00:00,16.969999313354492,5.0
2019-11-08 00:00:00+00:00,16.783000946044922,31.0
2019-11-11 00:00:00+00:00,16.761999130249023,5.0
2019-11-12 00:00:00+00:00,16.677000045776367,28.0
2019-11-13 00:00:00+00:00,16.898000717163086,7.0
2019-11-14 00:00:00+00:00,17.01300048828125,14.0
2019-11-15 00:00:00+00:00,16.933000564575195,7.0
2019-11-18 00:00:00+00:00,16.985000610351562,0.0
2019-11-19 00:00:00+00:00,17.10300064086914,0.0
2019-11-20 00:00:00+00:00,17.100000381469727,0.0
2019-11-21 00:00:00+00:00,17.049999237060547,0.0
2019-11-22 00:00:00+00:00,16.985000610351562,0.0
2019-11-25 00:00:00+00:00,16.871000289916992,0.0
2019-11-26 00:00:00+00:00,17.030000686645508,84255.0
2019-11-27 00:00:00+00:00,16.91200065612793,26892.0
2019-11-29 00:00:00+00:00,16.9689998626709,1598.0
2019-12-02 00:00:00+00:00,16.836000442504883,343.0
2019-12-03 00:00:00+00:00,17.125,381.0
2019-12-04 00:00:00+00:00,16.797000885009766,287.0
2019-12-05 00:00:00+00:00,16.941999435424805,261.0
2019-12-06 00:00:00+00:00,16.481000900268555,159.0
2019-12-09 00:00:00+00:00,16.531999588012695,142.0
2019-12-10 00:00:00+00:00,16.59600067138672,188.0
2019-12-11 00:00:00+00:00,16.743999481201172,84.0
2019-12-12 00:00:00+00:00,16.844999313354492,61.0
2019-12-13 00:00:00+00:00,16.91200065612793,23.0
2019-12-16 00:00:00+00:00,17.018999099731445,75.0
2019-12-17 00:00:00+00:00,16.97800064086914,103.0
2019-12-18 00:00:00+00:00,16.952999114990234,45.0
2019-12-19 00:00:00+00:00,17.058000564575195,987.0
2019-12-20 00:00:00+00:00,17.128000259399414,1.0
2019-12-23 00:00:00+00:00,17.402999877929688,23.0
2019-12-24 00:00:00+00:00,17.756999969482422,3.0
2019-12-26 00:00:00+00:00,17.893999099731445,53.0
2019-12-27 00:00:00+00:00,17.849000930786133,430.0
2019-12-30 00:00:00+00:00,17.908000946044922,89.0
2019-12-31 00:00:00+00:00,17.827999114990234,232.0
2020-01-02 00:00:00+00:00,17.965999603271484,2.0
2020-01-03 00:00:00+00:00,18.06800079345703,83.0
2020-01-06 00:00:00+00:00,18.097000122070312,3.0
2020-01-07 00:00:00+00:00,18.31599998474121,33.0
2020-01-08 00:00:00+00:00,18.08799934387207,31.0
2020-01-09 00:00:00+00:00,17.860000610351562,38.0
2020-01-10 00:00:00+00:00,18.033000946044922,2.0
2020-01-13 00:00:00+00:00,17.926000595092773,5.0
2020-01-14 00:00:00+00:00,17.673999786376953,17.0
2020-01-15 00:00:00+00:00,17.92300033569336,0.0
2020-01-16 00:00:00+00:00,17.875,52.0
2020-01-17 00:00:00+00:00,18.01300048828125,67.0
2020-01-21 00:00:00+00:00,17.750999450683594,175.0
2020-01-22 00:00:00+00:00,17.770999908447266,0.0
2020-01-23 00:00:00+00:00,17.773000717163086,110.0
2020-01-24 00:00:00+00:00,18.05699920654297,280.0
2020-01-27 00:00:00+00:00,18.0,2.0
2020-01-28 00:00:00+00:00,17.402000427246094,10.0
2020-01-29 00:00:00+00:00,17.430999755859375,132.0
2020-01-30 00:00:00+00:00,17.95199966430664,50.0
2020-01-31 00:00:00+00:00,17.972000122070312,1.0
2020-02-03 00:00:00+00:00,17.639999389648438,19.0
2020-02-04 00:00:00+00:00,17.527999877929688,154.0
2020-02-05 00:00:00+00:00,17.569000244140625,10.0
2020-02-06 00:00:00+00:00,17.788999557495117,0.0
2020-02-07 00:00:00+00:00,17.665000915527344,7.0
2020-02-10 00:00:00+00:00,17.757999420166016,1.0
2020-02-11 00:00:00+00:00,17.572999954223633,7.0
2020-02-12 00:00:00+00:00,17.47800064086914,10.0
2020-02-13 00:00:00+00:00,17.600000381469727,3.0
2020-02-14 00:00:00+00:00,17.71500015258789,0.0
2020-02-18 00:00:00+00:00,18.131000518798828,0.0
2020-02-19 00:00:00+00:00,18.29199981689453,56.0
2020-02-20 00:00:00+00:00,18.30900001525879,3.0
2020-02-21 00:00:00+00:00,18.520999908447266,11.0
2020-02-24 00:00:00+00:00,18.868000030517578,4.0
2020-02-25 00:00:00+00:00,18.183000564575195,0.0
2020-02-26 00:00:00+00:00,17.826000213623047,96319.0
2020-02-27 00:00:00+00:00,17.658000946044922,13497.0
2020-02-28 00:00:00+00:00,16.386999130249023,709.0
2020-03-02 00:00:00+00:00,16.679000854492188,518.0
2020-03-03 00:00:00+00:00,17.128999710083008,307.0
2020-03-04 00:00:00+00:00,17.187000274658203,73.0
2020-03-05 00:00:00+00:00,17.341999053955078,66.0
2020-03-06 00:00:00+00:00,17.214000701904297,52.0
2020-03-09 00:00:00+00:00,17.000999450683594,46.0
2020-03-10 00:00:00+00:00,16.9060001373291,97.0
2020-03-11 00:00:00+00:00,16.729000091552734,152.0
2020-03-12 00:00:00+00:00,15.961000442504883,51.0
2020-03-13 00:00:00+00:00,14.456000328063965,506.0
2020-03-16 00:00:00+00:00,12.772000312805176,104.0
2020-03-17 00:00:00+00:00,12.468999862670898,194.0
2020-03-18 00:00:00+00:00,11.734999656677246,184.0
2020-03-19 00:00:00+00:00,12.097000122070312,45.0
2020-03-20 00:00:00+00:00,12.348999977111816,95.0
2020-03-23 00:00:00+00:00,13.225000381469727,139.0
2020-03-24 00:00:00+00:00,14.229000091552734,176.0
2020-03-25 00:00:00+00:00,14.836999893188477,262.0
2020-03-26 00:00:00+00:00,14.640000343322754,140.0
2020-03-27 00:00:00+00:00,14.498000144958496,919.0
2020-03-30 00:00:00+00:00,14.074000358581543,612.0
2020-03-31 00:00:00+00:00,14.097999572753906,27.0
2020-04-01 00:00:00+00:00,13.925999641418457,22.0
2020-04-02 00:00:00+00:00,14.595999717712402,30.0
2020-04-03 00:00:00+00:00,14.435999870300293,6.0
2020-04-06 00:00:00+00:00,15.111000061035156,28.0
2020-04-07 00:00:00+00:00,15.42199993133545,5.0
2020-04-08 00:00:00+00:00,15.147000312805176,8.0
2020-04-09 00:00:00+00:00,15.994999885559082,15.0
2020-04-13 00:00:00+00:00,15.479000091552734,0.0
2020-04-14 00:00:00+00:00,16.07200050354004,4.0
2020-04-15 00:00:00+00:00,15.446999549865723,2.0
2020-04-16 00:00:00+00:00,15.564000129699707,0.0
2020-04-17 00:00:00+00:00,15.237000465393066,0.0
2020-04-20 00:00:00+00:00,15.555999755859375,0.0
2020-04-21 00:00:00+00:00,14.817999839782715,3.0
2020-04-22 00:00:00+00:00,15.277000427246094,1.0
2020-04-23 00:00:00+00:00,15.347999572753906,21.0
2020-04-24 00:00:00+00:00,15.253999710083008,10.0
2020-04-27 00:00:00+00:00,15.201000213623047,0.0
2020-04-28 00:00:00+00:00,15.161999702453613,28284.0
2020-04-29 00:00:00+00:00,15.15999984741211,5434.0
2020-04-30 00:00:00+00:00,14.89799976348877,1859.0
2020-05-01 00:00:00+00:00,14.86299991607666,102.0
2020-05-04 00:00:00+00:00,14.722000122070312,1228.0
2020-05-05 00:00:00+00:00,15.057000160217285,535.0
2020-05-06 00:00:00+00:00,14.987000465393066,176.0
2020-05-07 00:00:00+00:00,15.562000274658203,13.0
2020-05-08 00:00:00+00:00,15.739999771118164,59.0
2020-05-11 00:00:00+00:00,15.63599967956543,2.0
2020-05-12 00:00:00+00:00,15.687000274658203,65.0
2020-05-13 00:00:00+00:00,15.663000106811523,24.0
2020-05-14 00:00:00+00:00,16.13599967956543,49.0
2020-05-15 00:00:00+00:00,17.04599952697754,57.0
2020-05-18 00:00:00+00:00,17.464000701904297,155.0
2020-05-19 00:00:00+00:00,17.892000198364258,13.0
2020-05-20 00:00:00+00:00,18.00200080871582,25.0
2020-05-21 00:00:00+00:00,17.334999084472656,8.0
2020-05-22 00:00:00+00:00,17.663999557495117,52.0
2020-05-26 00:00:00+00:00,17.565000534057617,23.0
2020-05-27 00:00:00+00:00,17.68600082397461,103.0
2020-05-28 00:00:00+00:00,17.895000457763672,61.0
2020-05-29 00:00:00+00:00,18.440000534057617,25.0
2020-06-01 00:00:00+00:00,18.76799964904785,22.0
2020-06-02 00:00:00+00:00,18.207000732421875,5.0
2020-06-03 00:00:00+00:00,17.92099952697754,40.0
2020-06-04 00:00:00+00:00,18.02400016784668,25.0
2020-06-05 00:00:00+00:00,17.44300079345703,12.0
2020-06-08 00:00:00+00:00,17.868000030517578,15.0
2020-06-09 00:00:00+00:00,17.77400016784668,3.0
2020-06-10 00:00:00+00:00,17.775999069213867,0.0
2020-06-11 00:00:00+00:00,17.868999481201172,5.0
2020-06-12 00:00:00+00:00,17.461999893188477,13.0
2020-06-15 00:00:00+00:00,17.378999710083008,1.0
2020-06-16 00:00:00+00:00,17.631999969482422,6.0
2020-06-17 00:00:00+00:00,17.756999969482422,5.0
2020-06-18 00:00:00+00:00,17.493000030517578,1.0
2020-06-19 00:00:00+00:00,17.832000732421875,0.0
2020-06-22 00:00:00+00:00,17.886999130249023,7.0
2020-06-23 00:00:00+00:00,18.051000595092773,4.0
2020-06-24 00:00:00+00:00,17.658000946044922,2.0
2020-06-25 00:00:00+00:00,17.882999420166016,9.0
2020-06-26 00:00:00+00:00,18.023000717163086,41651.0
2020-06-29 00:00:00+00:00,17.979999542236328,8797.0
2020-06-30 00:00:00+00:00,18.541000366210938,1718.0
2020-07-01 00:00:00+00:00,18.132999420166016,370.0
2020-07-02 00:00:00+00:00,18.243999481201172,135.0
2020-07-06 00:00:00+00:00,18.503999710083008,434.0
2020-07-07 00:00:00+00:00,18.628000259399414,263.0
2020-07-08 00:00:00+00:00,19.08099937438965,249.0
2020-07-09 00:00:00+00:00,18.881999969482422,374.0
2020-07-10 00:00:00+00:00,18.982999801635742,62.0
2020-07-13 00:00:00+00:00,19.708999633789062,58.0
2020-07-14 00:00:00+00:00,19.451000213623047,59.0
2020-07-15 00:00:00+00:00,19.684999465942383,42.0
2020-07-16 00:00:00+00:00,19.496999740600586,12.0
2020-07-17 00:00:00+00:00,19.684999465942383,31.0
2020-07-20 00:00:00+00:00,20.124000549316406,10.0
2020-07-21 00:00:00+00:00,21.496999740600586,385.0
2020-07-22 00:00:00+00:00,23.08300018310547,792.0
2020-07-23 00:00:00+00:00,22.94499969482422,200.0
2020-07-24 00:00:00+00:00,22.808000564575195,189.0
2020-07-27 00:00:00+00:00,24.47599983215332,599.0
2020-07-28 00:00:00+00:00,24.266000747680664,124.0
2020-07-29 00:00:00+00:00,24.292999267578125,304.0
2020-07-30 00:00:00+00:00,23.34000015258789,183.0
2020-07-31 00:00:00+00:00,24.18899917602539,220.0
2020-08-03 00:00:00+00:00,24.389999389648438,51.0
2020-08-04 00:00:00+00:00,26.011999130249023,109.0
2020-08-05 00:00:00+00:00,26.87700080871582,30.0
2020-08-06 00:00:00+00:00,28.386999130249023,79.0
2020-08-07 00:00:00+00:00,27.533000946044922,37.0
2020-08-10 00:00:00+00:00,29.249000549316406,8.0
2020-08-11 00:00:00+00:00,26.03700065612793,27.0
2020-08-12 00:00:00+00:00,25.954999923706055,6.0
2020-08-13 00:00:00+00:00,27.694000244140625,30.0
2020-08-14 00:00:00+00:00,26.065000534057617,17.0
2020-08-17 00:00:00+00:00,27.64299964904785,15.0
2020-08-18 00:00:00+00:00,28.048999786376953,13.0
2020-08-19 00:00:00+00:00,27.315000534057617,10.0
2020-08-20 00:00:00+00:00,27.121999740600586,0.0
2020-08-21 00:00:00+00:00,26.707000732421875,23.0
2020-08-24 00:00:00+00:00,26.58799934387207,3.0
2020-08-25 00:00:00+00:00,26.253999710083008,27.0
2020-08-26 00:00:00+00:00,27.43000030517578,13.0
2020-08-27 00:00:00+00:00,27.010000228881836,131415.0
2020-08-28 00:00:00+00:00,27.610000610351562,9048.0
2020-08-31 00:00:00+00:00,28.437000274658203,657.0
2020-09-01 00:00:00+00:00,28.486000061035156,494.0
2020-09-02 00:00:00+00:00,27.249000549316406,490.0
2020-09-03 00:00:00+00:00,26.735000610351562,487.0
2020-09-04 00:00:00+00:00,26.576000213623047,614.0
2020-09-08 00:00:00+00:00,26.86400032043457,545.0
2020-09-09 00:00:00+00:00,26.954999923706055,238.0
2020-09-10 00:00:00+00:00,27.163000106811523,66.0
2020-09-11 00:00:00+00:00,26.73900032043457,198.0
2020-09-14 00:00:00+00:00,27.229000091552734,147.0
2020-09-15 00:00:00+00:00,27.34600067138672,80.0
2020-09-16 00:00:00+00:00,27.354999542236328,233.0
2020-09-17 00:00:00+00:00,26.985000610351562,343.0
2020-09-18 00:00:00+00:00,27.027999877929688,160.0
2020-09-21 00:00:00+00:00,24.298999786376953,148.0
2020-09-22 00:00:00+00:00,24.441999435424805,156.0
2020-09-23 00:00:00+00:00,23.013999938964844,85.0
2020-09-24 00:00:00+00:00,23.118000030517578,43.0
2020-09-25 00:00:00+00:00,23.017000198364258,21.0
2020-09-28 00:00:00+00:00,23.527999877929688,348.0
2020-09-29 00:00:00+00:00,24.3799991607666,397.0
2020-09-30 00:00:00+00:00,23.433000564575195,72.0
2020-10-01 00:00:00+00:00,24.19300079345703,214.0
2020-10-02 00:00:00+00:00,23.97100067138672,101.0
2020-10-05 00:00:00+00:00,24.50200080871582,206.0
2020-10-06 00:00:00+00:00,23.8700008392334,17.0
2020-10-07 00:00:00+00:00,23.847999572753906,6.0
2020-10-08 00:00:00+00:00,23.836999893188477,19.0
2020-10-09 00:00:00+00:00,25.069000244140625,123.0
2020-10-12 00:00:00+00:00,25.22599983215332,64.0
2020-10-13 00:00:00+00:00,24.086000442504883,70.0
2020-10-14 00:00:00+00:00,24.36400032043457,46.0
2020-10-15 00:00:00+00:00,24.19300079345703,16.0
2020-10-16 00:00:00+00:00,24.368999481201172,204.0
2020-10-19 00:00:00+00:00,24.656999588012695,22.0
2020-10-20 00:00:00+00:00,24.937000274658203,24.0
2020-10-21 00:00:00+00:00,25.19700050354004,16.0
2020-10-22 00:00:00+00:00,24.665000915527344,0.0
2020-10-23 00:00:00+00:00,24.62700080871582,0.0
2020-10-26 00:00:00+00:00,24.375999450683594,0.0
2020-10-27 00:00:00+00:00,24.525999069213867,2.0
2020-10-28 00:00:00+00:00,23.323999404907227,182.0
2020-10-29 00:00:00+00:00,23.339000701904297,27.0
2020-10-30 00:00:00+00:00,23.617000579833984,57.0
2020-11-02 00:00:00+00:00,24.006000518798828,68.0
2020-11-03 00:00:00+00:00,24.30500030517578,109.0
2020-11-04 00:00:00+00:00,23.86400032043457,20.0
2020-11-05 00:00:00+00:00,25.17099952697754,79.0
2020-11-06 00:00:00+00:00,25.645999908447266,66.0
2020-11-09 00:00:00+00:00,23.684999465942383,0.0
2020-11-10 00:00:00+00:00,24.445999145507812,6.0
2020-11-11 00:00:00+00:00,24.250999450683594,5.0
2020-11-12 00:00:00+00:00,24.290000915527344,0.0
2020-11-13 00:00:00+00:00,24.759000778198242,0.0
2020-11-16 00:00:00+00:00,24.785999298095703,0.0
2020-11-17 00:00:00+00:00,24.635000228881836,2.0
2020-11-18 00:00:00+00:00,24.433000564575195,38.0
2020-11-19 00:00:00+00:00,24.033000946044922,0.0
2020-11-20 00:00:00+00:00,24.347999572753906,0.0
2020-11-23 00:00:00+00:00,23.624000549316406,1.0
2020-11-24 00:00:00+00:00,23.29199981689453,2.0
2020-11-25 00:00:00+00:00,23.356000900268555,57047.0
2020-11-27 00:00:00+00:00,22.55299949645996,18893.0
2020-11-30 00:00:00+00:00,22.534000396728516,1677.0
2020-12-01 00:00:00+00:00,24.033000946044922,703.0
2020-12-02 00:00:00+00:00,24.024999618530273,303.0
2020-12-03 00:00:00+00:00,24.086999893188477,136.0
2020-12-04 00:00:00+00:00,24.202999114990234,444.0
2020-12-07 00:00:00+00:00,24.740999221801758,239.0
2020-12-08 00:00:00+00:00,24.68400001525879,70.0
2020-12-09 00:00:00+00:00,23.93000030517578,53.0
2020-12-10 00:00:00+00:00,24.0310001373291,23.0
2020-12-11 00:00:00+00:00,24.031999588012695,48.0
2020-12-14 00:00:00+00:00,23.985000610351562,25.0
2020-12-15 00:00:00+00:00,24.58099937438965,42.0
2020-12-16 00:00:00+00:00,24.985000610351562,151.0
2020-12-17 00:00:00+00:00,26.100000381469727,201.0
2020-12-18 00:00:00+00:00,25.948999404907227,105.0
2020-12-21 00:00:00+00:00,26.277999877929688,153.0
2020-12-22 00:00:00+00:00,25.43400001525879,93.0
2020-12-23 00:00:00+00:00,25.823999404907227,68.0
2020-12-24 00:00:00+00:00,25.81100082397461,66.0
2020-12-28 00:00:00+00:00,26.459999084472656,140.0
2020-12-29 00:00:00+00:00,26.13800048828125,191.0
2020-12-30 00:00:00+00:00,26.488000869750977,77.0
2020-12-31 00:00:00+00:00,26.332000732421875,36.0
2021-01-04 00:00:00+00:00,27.284000396728516,52.0
2021-01-05 00:00:00+00:00,27.570999145507812,4.0
2021-01-06 00:00:00+00:00,26.972999572753906,50.0
2021-01-07 00:00:00+00:00,27.200000762939453,3.0
2021-01-08 00:00:00+00:00,24.582000732421875,3.0
2021-01-11 00:00:00+00:00,25.23900032043457,11.0
2021-01-12 00:00:00+00:00,25.384000778198242,90.0
2021-01-13 00:00:00+00:00,25.520000457763672,211.0
2021-01-14 00:00:00+00:00,25.746000289916992,66.0
2021-01-15 00:00:00+00:00,24.825000762939453,88.0
2021-01-19 00:00:00+00:00,25.27899932861328,4.0
2021-01-20 00:00:00+00:00,25.733999252319336,151.0
2021-01-21 00:00:00+00:00,25.82200050354004,0.0
2021-01-22 00:00:00+00:00,25.52400016784668,10.0
2021-01-25 00:00:00+00:00,25.454999923706055,5.0
2021-01-26 00:00:00+00:00,25.52899932861328,92.0
2021-01-27 00:00:00+00:00,25.375999450683594,610.0
2021-01-28 00:00:00+00:00,25.909000396728516,508.0
2021-01-29 00:00:00+00:00,26.899999618530273,32.0
2021-02-01 00:00:00+00:00,29.398000717163086,474.0
2021-02-02 00:00:00+00:00,26.384000778198242,91.0
2021-02-03 00:00:00+00:00,26.878000259399414,143.0
2021-02-04 00:00:00+00:00,26.222999572753906,114.0
2021-02-05 00:00:00+00:00,27.013999938964844,58.0
2021-02-08 00:00:00+00:00,27.56999969482422,6.0
2021-02-09 00:00:00+00:00,27.395999908447266,5.0
2021-02-10 00:00:00+00:00,27.073999404907227,32.0
2021-02-11 00:00:00+00:00,27.04199981689453,3.0
2021-02-12 00:00:00+00:00,27.322999954223633,0.0
2021-02-16 00:00:00+00:00,27.319000244140625,64.0
2021-02-17 00:00:00+00:00,27.31399917602539,125.0
2021-02-18 00:00:00+00:00,27.07699966430664,2.0
2021-02-19 00:00:00+00:00,27.25200080871582,8.0
2021-02-22 00:00:00+00:00,28.08300018310547,248.0
2021-02-23 00:00:00+00:00,27.68600082397461,8.0
2021-02-24 00:00:00+00:00,27.85700035095215,73500.0
2021-02-25 00:00:00+00:00,27.636999130249023,13035.0
2021-02-26 00:00:00+00:00,26.402000427246094,1205.0
2021-03-01 00:00:00+00:00,26.64699935913086,519.0
2021-03-02 00:00:00+00:00,26.850000381469727,703.0
2021-03-03 00:00:00+00:00,26.35700035095215,241.0
2021-03-04 00:00:00+00:00,25.43400001525879,914.0
2021-03-05 00:00:00+00:00,25.256999969482422,339.0
2021-03-08 00:00:00+00:00,25.239999771118164,76.0
2021-03-09 00:00:00+00:00,26.148000717163086,133.0
2021-03-10 00:00:00+00:00,26.101999282836914,85.0
2021-03-11 00:00:00+00:00,26.16200065612793,37.0
2021-03-12 00:00:00+00:00,25.8799991607666,244.0
2021-03-15 00:00:00+00:00,26.253000259399414,148.0
2021-03-16 00:00:00+00:00,25.974000930786133,559.0
2021-03-17 00:00:00+00:00,26.030000686645508,379.0
2021-03-18 00:00:00+00:00,26.320999145507812,81.0
2021-03-19 00:00:00+00:00,26.29199981689453,194.0
2021-03-22 00:00:00+00:00,25.740999221801758,147.0
2021-03-23 00:00:00+00:00,25.200000762939453,191.0
2021-03-24 00:00:00+00:00,25.201000213623047,432.0
2021-03-25 00:00:00+00:00,25.02199935913086,162.0
2021-03-26 00:00:00+00:00,25.091999053955078,130.0
2021-03-29 00:00:00+00:00,24.746999740600586,491.0
2021-03-30 00:00:00+00:00,24.121000289916992,276.0
2021-03-31 00:00:00+00:00,24.517000198364258,49.0
2021-04-01 00:00:00+00:00,24.934999465942383,15.0
2021-04-05 00:00:00+00:00,24.76300048828125,2.0
2021-04-06 00:00:00+00:00,25.211999893188477,3.0
2021-04-07 00:00:00+00:00,25.232999801635742,2.0
2021-04-08 00:00:00+00:00,25.569000244140625,121.0
2021-04-09 00:00:00+00:00,25.31100082397461,0.0
2021-04-12 00:00:00+00:00,24.85300064086914,55.0
2021-04-13 00:00:00+00:00,25.41699981689453,4.0
2021-04-14 00:00:00+00:00,25.514999389648438,0.0
2021-04-15 00:00:00+00:00,25.95599937438965,95.0
2021-04-16 00:00:00+00:00,26.099000930786133,0.0
2021-04-19 00:00:00+00:00,25.83099937438965,22.0
2021-04-20 00:00:00+00:00,25.834999084472656,5.0
2021-04-21 00:00:00+00:00,26.565000534057617,2.0
2021-04-22 00:00:00+00:00,26.173999786376953,39.0
2021-04-23 00:00:00+00:00,26.07699966430664,36.0
2021-04-26 00:00:00+00:00,26.211000442504883,47.0
2021-04-27 00:00:00+00:00,26.41200065612793,0.0
2021-04-28 00:00:00+00:00,26.08099937438965,62061.0
2021-04-29 00:00:00+00:00,26.05299949645996,8571.0
2021-04-30 00:00:00+00:00,25.85300064086914,490.0
2021-05-03 00:00:00+00:00,26.94300079345703,283.0
2021-05-04 00:00:00+00:00,26.538999557495117,266.0
2021-05-05 00:00:00+00:00,26.50200080871582,66.0
2021-05-06 00:00:00+00:00,27.461999893188477,268.0
2021-05-07 00:00:00+00:00,27.461999893188477,304.0
2021-05-10 00:00:00+00:00,27.479000091552734,247.0
2021-05-11 00:00:00+00:00,27.656999588012695,306.0
2021-05-12 00:00:00+00:00,27.231000900268555,33.0
2021-05-13 00:00:00+00:00,27.04400062561035,155.0
2021-05-14 00:00:00+00:00,27.35300064086914,16.0
2021-05-17 00:00:00+00:00,28.260000228881836,61.0
2021-05-18 00:00:00+00:00,28.31399917602539,52.0
2021-05-19 00:00:00+00:00,28.007999420166016,28.0
2021-05-20 00:00:00+00:00,28.052000045776367,26.0
2021-05-21 00:00:00+00:00,27.472999572753906,95.0
2021-05-24 00:00:00+00:00,27.886999130249023,85.0
2021-05-25 00:00:00+00:00,28.03700065612793,81.0
2021-05-26 00:00:00+00:00,27.85300064086914,744.0
2021-05-27 00:00:00+00:00,27.91900062561035,525.0
2021-05-28 00:00:00+00:00,27.993000030517578,181.0
2021-06-01 00:00:00+00:00,28.08300018310547,187.0
2021-06-02 00:00:00+00:00,28.18600082397461,35.0
2021-06-03 00:00:00+00:00,27.459999084472656,20.0
2021-06-04 00:00:00+00:00,27.878999710083008,0.0
2021-06-07 00:00:00+00:00,28.000999450683594,4.0
2021-06-08 00:00:00+00:00,27.71500015258789,27.0
2021-06-09 00:00:00+00:00,27.985000610351562,8.0
2021-06-10 00:00:00+00:00,28.014999389648438,6.0
2021-06-11 00:00:00+00:00,28.131000518798828,172.0
2021-06-14 00:00:00+00:00,28.02400016784668,4.0
2021-06-15 00:00:00+00:00,27.679000854492188,57.0
2021-06-16 00:00:00+00:00,27.799999237060547,112.0
2021-06-17 00:00:00+00:00,25.8439998626709,51.0
2021-06-18 00:00:00+00:00,25.95800018310547,3.0
2021-06-21 00:00:00+00:00,26.014999389648438,0.0
2021-06-22 00:00:00+00:00,25.847999572753906,81.0
2021-06-23 00:00:00+00:00,26.107999801635742,8.0
2021-06-24 00:00:00+00:00,26.047000885009766,0.0
2021-06-25 00:00:00+00:00,26.082000732421875,9.0
2021-06-28 00:00:00+00:00,26.218000411987305,42308.0
2021-06-29 00:00:00+00:00,25.871999740600586,20140.0
2021-06-30 00:00:00+00:00,26.165000915527344,725.0
2021-07-01 00:00:00+00:00,26.075000762939453,1037.0
2021-07-02 00:00:00+00:00,26.481000900268555,330.0
2021-07-06 00:00:00+00:00,26.15399932861328,389.0
2021-07-07 00:00:00+00:00,26.110000610351562,546.0
2021-07-08 00:00:00+00:00,25.966999053955078,175.0
2021-07-09 00:00:00+00:00,26.211000442504883,64.0
2021-07-12 00:00:00+00:00,26.216999053955078,74.0
2021-07-13 00:00:00+00:00,26.114999771118164,66.0
2021-07-14 00:00:00+00:00,26.246000289916992,14.0
2021-07-15 00:00:00+00:00,26.375,203.0
2021-07-16 00:00:00+00:00,25.777000427246094,100.0
2021-07-19 00:00:00+00:00,25.125999450683594,173.0
2021-07-20 00:00:00+00:00,24.976999282836914,48.0
2021-07-21 00:00:00+00:00,25.238000869750977,61.0
2021-07-22 00:00:00+00:00,25.364999771118164,26.0
2021-07-23 00:00:00+00:00,25.218000411987305,88.0
2021-07-26 00:00:00+00:00,25.295000076293945,83.0
2021-07-27 00:00:00+00:00,24.631999969482422,54.0
2021-07-28 00:00:00+00:00,24.856000900268555,551.0
2021-07-29 00:00:00+00:00,25.763999938964844,355.0
2021-07-30 00:00:00+00:00,25.527999877929688,40.0
2021-08-02 00:00:00+00:00,25.55699920654297,55.0
2021-08-03 00:00:00+00:00,25.56599998474121,8.0
2021-08-04 00:00:00+00:00,25.445999145507812,19.0
2021-08-05 00:00:00+00:00,25.277000427246094,4.0
2021-08-06 00:00:00+00:00,24.312000274658203,6.0
2021-08-09 00:00:00+00:00,23.2549991607666,2.0
2021-08-10 00:00:00+00:00,23.37700080871582,3.0
2021-08-11 00:00:00+00:00,23.474000930786133,1.0
2021-08-12 00:00:00+00:00,23.104999542236328,19.0
2021-08-13 00:00:00+00:00,23.76799964904785,3.0
2021-08-16 00:00:00+00:00,23.780000686645508,0.0
2021-08-17 00:00:00+00:00,23.648000717163086,0.0
2021-08-18 00:00:00+00:00,23.41200065612793,3.0
2021-08-19 00:00:00+00:00,23.219999313354492,25.0
2021-08-20 00:00:00+00:00,23.104999542236328,13.0
2021-08-23 00:00:00+00:00,23.64900016784668,13.0
2021-08-24 00:00:00+00:00,23.889999389648438,20.0
2021-08-25 00:00:00+00:00,23.770999908447266,19.0
2021-08-26 00:00:00+00:00,23.54599952697754,4.0
2021-08-27 00:00:00+00:00,24.059999465942383,63309.0
2021-08-30 00:00:00+00:00,23.959999084472656,10816.0
2021-08-31 00:00:00+00:00,23.959999084472656,728.0
2021-09-01 00:00:00+00:00,24.177000045776367,521.0
2021-09-02 00:00:00+00:00,23.875,184.0
2021-09-03 00:00:00+00:00,24.761999130249023,193.0
2021-09-07 00:00:00+00:00,24.333999633789062,32.0
2021-09-08 00:00:00+00:00,24.011999130249023,105.0
2021-09-09 00:00:00+00:00,24.132999420166016,104.0
2021-09-10 00:00:00+00:00,23.854999542236328,13.0
2021-09-13 00:00:00+00:00,23.753000259399414,184.0
2021-09-14 00:00:00+00:00,23.841999053955078,82.0
2021-09-15 00:00:00+00:00,23.759000778198242,25.0
2021-09-16 00:00:00+00:00,22.75200080871582,75.0
2021-09-17 00:00:00+00:00,22.295000076293945,74.0
2021-09-20 00:00:00+00:00,22.163000106811523,132.0
2021-09-21 00:00:00+00:00,22.572999954223633,55.0
2021-09-22 00:00:00+00:00,22.868999481201172,3.0
2021-09-23 00:00:00+00:00,22.642000198364258,22.0
2021-09-24 00:00:00+00:00,22.38800048828125,15.0
2021-09-27 00:00:00+00:00,22.656999588012695,131.0
2021-09-28 00:00:00+00:00,22.43000030517578,278.0
2021-09-29 00:00:00+00:00,21.458999633789062,70.0
2021-09-30 00:00:00+00:00,22.020999908447266,36.0
2021-10-01 00:00:00+00:00,22.510000228881836,1.0
2021-10-04 00:00:00+00:00,22.618000030517578,5.0
2021-10-05 00:00:00+00:00,22.582000732421875,10.0
2021-10-06 00:00:00+00:00,22.506000518798828,135.0
2021-10-07 00:00:00+00:00,22.631999969482422,91.0
2021-10-08 00:00:00+00:00,22.679000854492188,62.0
2021-10-11 00:00:00+00:00,22.639999389648438,0.0
2021-10-12 00:00:00+00:00,22.490999221801758,5.0
2021-10-13 00:00:00+00:00,23.14900016784668,1.0
2021-10-14 00:00:00+00:00,23.45599937438965,28.0
2021-10-15 00:00:00+00:00,23.327999114990234,0.0
2021-10-18 00:00:00+00:00,23.243000030517578,16.0
2021-10-19 00:00:00+00:00,23.86199951171875,2.0
2021-10-20 00:00:00+00:00,24.423999786376953,151.0
2021-10-21 00:00:00+00:00,24.149999618530273,100.0
2021-10-22 00:00:00+00:00,24.429000854492188,2.0
2021-10-25 00:00:00+00:00,24.57200050354004,49.0
2021-10-26 00:00:00+00:00,24.086000442504883,37.0
2021-10-27 00:00:00+00:00,24.18899917602539,51.0
2021-10-28 00:00:00+00:00,24.117000579833984,12.0
2021-10-29 00:00:00+00:00,23.94499969482422,36.0
2021-11-01 00:00:00+00:00,24.06399917602539,33.0
2021-11-02 00:00:00+00:00,23.5,21.0
2021-11-03 00:00:00+00:00,23.22599983215332,24.0
2021-11-04 00:00:00+00:00,23.9060001373291,15.0
2021-11-05 00:00:00+00:00,24.152000427246094,21.0
2021-11-08 00:00:00+00:00,24.53700065612793,23.0
2021-11-09 00:00:00+00:00,24.312999725341797,0.0
2021-11-10 00:00:00+00:00,24.767000198364258,5.0
2021-11-11 00:00:00+00:00,25.301000595092773,23.0
2021-11-12 00:00:00+00:00,25.3439998626709,15.0
2021-11-15 00:00:00+00:00,25.10700035095215,156.0
2021-11-16 00:00:00+00:00,24.944000244140625,122.0
2021-11-17 00:00:00+00:00,25.16699981689453,20.0
2021-11-18 00:00:00+00:00,24.900999069213867,165.0
2021-11-19 00:00:00+00:00,24.780000686645508,107.0
2021-11-22 00:00:00+00:00,24.297000885009766,42.0
2021-11-23 00:00:00+00:00,23.434999465942383,23.0
2021-11-24 00:00:00+00:00,23.496000289916992,3.0
2021-11-26 00:00:00+00:00,23.10700035095215,61278.0
2021-11-29 00:00:00+00:00,22.798999786376953,10390.0
2021-11-30 00:00:00+00:00,22.764999389648438,2513.0
2021-12-01 00:00:00+00:00,22.298999786376953,488.0
2021-12-02 00:00:00+00:00,22.280000686645508,127.0
2021-12-03 00:00:00+00:00,22.44499969482422,197.0
2021-12-06 00:00:00+00:00,22.22800064086914,85.0
2021-12-07 00:00:00+00:00,22.48699951171875,52.0
2021-12-08 00:00:00+00:00,22.389999389648438,268.0
2021-12-09 00:00:00+00:00,21.974000930786133,32.0
2021-12-10 00:00:00+00:00,22.15999984741211,18.0
2021-12-13 00:00:00+00:00,22.290000915527344,7.0
2021-12-14 00:00:00+00:00,21.886999130249023,3.0
2021-12-15 00:00:00+00:00,21.507999420166016,5.0
2021-12-16 00:00:00+00:00,22.454999923706055,88.0
2021-12-17 00:00:00+00:00,22.506999969482422,31.0
2021-12-20 00:00:00+00:00,22.274999618530273,87.0
2021-12-21 00:00:00+00:00,22.50200080871582,188.0
2021-12-22 00:00:00+00:00,22.79199981689453,190.0
2021-12-23 00:00:00+00:00,22.930999755859375,419.0
2021-12-27 00:00:00+00:00,22.979000091552734,3.0
2021-12-28 00:00:00+00:00,23.111000061035156,154.0
2021-12-29 00:00:00+00:00,22.847999572753906,264.0
2021-12-30 00:00:00+00:00,23.027999877929688,194.0
2021-12-31 00:00:00+00:00,23.327999114990234,86.0
2022-01-03 00:00:00+00:00,22.790000915527344,31.0
2022-01-04 00:00:00+00:00,23.038000106811523,7.0
2022-01-05 00:00:00+00:00,23.149999618530273,437.0
2022-01-06 00:00:00+00:00,22.173999786376953,103.0
2022-01-07 00:00:00+00:00,22.393999099731445,17.0
2022-01-10 00:00:00+00:00,22.445999145507812,377.0
2022-01-11 00:00:00+00:00,22.805999755859375,155.0
2022-01-12 00:00:00+00:00,23.200000762939453,1.0
2022-01-13 00:00:00+00:00,23.155000686645508,0.0
2022-01-14 00:00:00+00:00,22.910999298095703,36.0
2022-01-18 00:00:00+00:00,23.48699951171875,207.0
2022-01-19 00:00:00+00:00,24.22599983215332,3.0
2022-01-20 00:00:00+00:00,24.711000442504883,21.0
2022-01-21 00:00:00+00:00,24.31399917602539,17.0
2022-01-24 00:00:00+00:00,23.795000076293945,0.0
2022-01-25 00:00:00+00:00,23.895999908447266,100.0
2022-01-26 00:00:00+00:00,23.80699920654297,46.0
2022-01-27 00:00:00+00:00,22.67300033569336,102.0
2022-01-28 00:00:00+00:00,22.302000045776367,38.0
2022-01-31 00:00:00+00:00,22.395000457763672,57.0
2022-02-01 00:00:00+00:00,22.59600067138672,411.0
2022-02-02 00:00:00+00:00,22.711000442504883,135.0
2022-02-03 00:00:00+00:00,22.375,74.0
2022-02-04 00:00:00+00:00,22.475000381469727,42.0
2022-02-07 00:00:00+00:00,23.076000213623047,11.0
2022-02-08 00:00:00+00:00,23.19499969482422,9.0
2022-02-09 00:00:00+00:00,23.336000442504883,40.0
2022-02-10 00:00:00+00:00,23.518999099731445,182.0
2022-02-11 00:00:00+00:00,23.365999221801758,26.0
2022-02-14 00:00:00+00:00,23.844999313354492,44.0
2022-02-15 00:00:00+00:00,23.33799934387207,41.0
2022-02-16 00:00:00+00:00,23.60099983215332,11.0
2022-02-17 00:00:00+00:00,23.874000549316406,101.0
2022-02-18 00:00:00+00:00,23.990999221801758,170.0
2022-02-22 00:00:00+00:00,24.31100082397461,175.0
2022-02-23 00:00:00+00:00,24.55500030517578,20.0
2022-02-24 00:00:00+00:00,24.68600082397461,107560.0
2022-02-25 00:00:00+00:00,23.996999740600586,13916.0
2022-02-28 00:00:00+00:00,24.361000061035156,788.0
2022-03-01 00:00:00+00:00,25.534000396728516,409.0
2022-03-02 00:00:00+00:00,25.183000564575195,893.0
2022-03-03 00:00:00+00:00,25.204999923706055,147.0
2022-03-04 00:00:00+00:00,25.781999588012695,838.0
2022-03-07 00:00:00+00:00,25.71299934387207,526.0
2022-03-08 00:00:00+00:00,26.88800048828125,1151.0
2022-03-09 00:00:00+00:00,25.756999969482422,757.0
2022-03-10 00:00:00+00:00,26.20199966430664,68.0
2022-03-11 00:00:00+00:00,26.106000900268555,91.0
2022-03-14 00:00:00+00:00,25.243999481201172,322.0
2022-03-15 00:00:00+00:00,25.12299919128418,25.0
2022-03-16 00:00:00+00:00,24.670000076293945,71.0
2022-03-17 00:00:00+00:00,25.583999633789062,30.0
2022-03-18 00:00:00+00:00,25.05500030517578,8.0
2022-03-21 00:00:00+00:00,25.281999588012695,6.0
2022-03-22 00:00:00+00:00,24.885000228881836,48.0
2022-03-23 00:00:00+00:00,25.170000076293945,26.0
2022-03-24 00:00:00+00:00,25.899999618530273,68.0
2022-03-25 00:00:00+00:00,25.594999313354492,59.0
2022-03-28 00:00:00+00:00,25.176000595092773,22.0
2022-03-29 00:00:00+00:00,24.715999603271484,312.0
2022-03-30 00:00:00+00:00,25.10300064086914,109.0
2022-03-31 00:00:00+00:00,25.121000289916992,26.0
2022-04-01 00:00:00+00:00,24.642000198364258,3.0
2022-04-04 00:00:00+00:00,24.583999633789062,94.0
2022-04-05 00:00:00+00:00,24.527999877929688,88.0
2022-04-06 00:00:00+00:00,24.454999923706055,17.0
2022-04-07 00:00:00+00:00,24.732999801635742,83.0
2022-04-08 00:00:00+00:00,24.819000244140625,13.0
2022-04-11 00:00:00+00:00,24.97800064086914,46.0
2022-04-12 00:00:00+00:00,25.725000381469727,22.0
2022-04-13 00:00:00+00:00,26.020000457763672,120.0
2022-04-14 00:00:00+00:00,25.690000534057617,61.0
2022-04-18 00:00:00+00:00,26.139999389648438,0.0
2022-04-19 00:00:00+00:00,25.391000747680664,30.0
2022-04-20 00:00:00+00:00,25.270000457763672,7.0
2022-04-21 00:00:00+00:00,24.621000289916992,52.0
2022-04-22 00:00:00+00:00,24.256999969482422,17.0
2022-04-25 00:00:00+00:00,23.667999267578125,11.0
2022-04-26 00:00:00+00:00,23.54199981689453,4.0
2022-04-27 00:00:00+00:00,23.45800018310547,37579.0
2022-04-28 00:00:00+00:00,23.128999710083008,8170.0
2022-04-29 00:00:00+00:00,23.040000915527344,1021.0
2022-05-02 00:00:00+00:00,22.54400062561035,273.0
2022-05-03 00:00:00+00:00,22.621000289916992,167.0
2022-05-04 00:00:00+00:00,22.36199951171875,225.0
2022-05-05 00:00:00+00:00,22.399999618530273,768.0
2022-05-06 00:00:00+00:00,22.325000762939453,363.0
2022-05-09 00:00:00+00:00,21.781999588012695,693.0
2022-05-10 00:00:00+00:00,21.389999389648438,701.0
2022-05-11 00:00:00+00:00,21.549999237060547,434.0
2022-05-12 00:00:00+00:00,20.756999969482422,196.0
2022-05-13 00:00:00+00:00,20.983999252319336,35.0
2022-05-16 00:00:00+00:00,21.53499984741211,211.0
2022-05-17 00:00:00+00:00,21.73699951171875,197.0
2022-05-18 00:00:00+00:00,21.533000946044922,107.0
2022-05-19 00:00:00+00:00,21.898000717163086,100.0
2022-05-20 00:00:00+00:00,21.66900062561035,23.0
2022-05-23 00:00:00+00:00,21.722999572753906,373.0
2022-05-24 00:00:00+00:00,22.062999725341797,101.0
2022-05-25 00:00:00+00:00,21.860000610351562,97.0
2022-05-26 00:00:00+00:00,21.94099998474121,206.0
2022-05-27 00:00:00+00:00,22.059999465942383,105.0
2022-05-31 00:00:00+00:00,21.650999069213867,46.0
2022-06-01 00:00:00+00:00,21.884000778198242,30.0
2022-06-02 00:00:00+00:00,22.253999710083008,23.0
2022-06-03 00:00:00+00:00,21.889999389648438,33.0
2022-06-06 00:00:00+00:00,22.073999404907227,3.0
2022-06-07 00:00:00+00:00,22.159000396728516,3.0
2022-06-08 00:00:00+00:00,22.073999404907227,33.0
2022-06-09 00:00:00+00:00,21.797000885009766,17.0
2022-06-10 00:00:00+00:00,21.913000106811523,13.0
2022-06-13 00:00:00+00:00,21.236000061035156,61.0
2022-06-14 00:00:00+00:00,20.93600082397461,21.0
2022-06-15 00:00:00+00:00,21.402000427246094,27.0
2022-06-16 00:00:00+00:00,21.867000579833984,38.0
2022-06-17 00:00:00+00:00,21.572999954223633,17.0
2022-06-21 00:00:00+00:00,21.753999710083008,7.0
2022-06-22 00:00:00+00:00,21.406999588012695,12.0
2022-06-23 00:00:00+00:00,21.031999588012695,7.0
2022-06-24 00:00:00+00:00,21.115999221801758,41.0
2022-06-27 00:00:00+00:00,21.159000396728516,15.0
2022-06-28 00:00:00+00:00,20.797000885009766,42010.0
2022-06-29 00:00:00+00:00,20.667999267578125,5690.0
2022-06-30 00:00:00+00:00,20.281999588012695,643.0
2022-07-01 00:00:00+00:00,19.597000122070312,630.0
2022-07-05 00:00:00+00:00,19.052000045776367,205.0
2022-07-06 00:00:00+00:00,19.084999084472656,159.0
2022-07-07 00:00:00+00:00,19.121999740600586,103.0
2022-07-08 00:00:00+00:00,19.16699981689453,99.0
2022-07-11 00:00:00+00:00,19.066999435424805,33.0
2022-07-12 00:00:00+00:00,18.89900016784668,214.0
2022-07-13 00:00:00+00:00,19.13800048828125,261.0
2022-07-14 00:00:00+00:00,18.16900062561035,382.0
2022-07-15 00:00:00+00:00,18.54800033569336,218.0
2022-07-18 00:00:00+00:00,18.791000366210938,15.0
2022-07-19 00:00:00+00:00,18.670000076293945,101.0
2022-07-20 00:00:00+00:00,18.638999938964844,305.0
2022-07-21 00:00:00+00:00,18.687000274658203,144.0
2022-07-22 00:00:00+00:00,18.584999084472656,125.0
2022-07-25 00:00:00+00:00,18.29400062561035,399.0
2022-07-26 00:00:00+00:00,18.48699951171875,148.0
2022-07-27 00:00:00+00:00,18.55299949645996,239.0
2022-07-28 00:00:00+00:00,19.82699966430664,181.0
2022-07-29 00:00:00+00:00,20.1560001373291,13.0
2022-08-01 00:00:00+00:00,20.32200050354004,37.0
2022-08-02 00:00:00+00:00,20.104999542236328,22.0
2022-08-03 00:00:00+00:00,19.864999771118164,67.0
2022-08-04 00:00:00+00:00,20.099000930786133,27.0
2022-08-05 00:00:00+00:00,19.819000244140625,10.0
2022-08-08 00:00:00+00:00,20.591999053955078,0.0
2022-08-09 00:00:00+00:00,20.45800018310547,28.0
2022-08-10 00:00:00+00:00,20.718000411987305,18.0
2022-08-11 00:00:00+00:00,20.326000213623047,10.0
2022-08-12 00:00:00+00:00,20.677000045776367,7.0
2022-08-15 00:00:00+00:00,20.250999450683594,12.0
2022-08-16 00:00:00+00:00,20.065000534057617,21.0
2022-08-17 00:00:00+00:00,19.711000442504883,12.0
2022-08-18 00:00:00+00:00,19.447999954223633,7.0
2022-08-19 00:00:00+00:00,19.058000564575195,9.0
2022-08-22 00:00:00+00:00,18.87299919128418,42.0
2022-08-23 00:00:00+00:00,19.011999130249023,64.0
2022-08-24 00:00:00+00:00,18.895000457763672,29.0
2022-08-25 00:00:00+00:00,19.111000061035156,2.0
2022-08-26 00:00:00+00:00,18.739999771118164,2.0
2022-08-29 00:00:00+00:00,18.55500030517578,33392.0
2022-08-30 00:00:00+00:00,18.159000396728516,5841.0
2022-08-31 00:00:00+00:00,17.761999130249023,618.0
2022-09-01 00:00:00+00:00,17.551000595092773,230.0
2022-09-02 00:00:00+00:00,17.775999069213867,289.0
2022-09-06 00:00:00+00:00,17.795000076293945,100.0
2022-09-07 00:00:00+00:00,18.136999130249023,60.0
2022-09-08 00:00:00+00:00,18.329999923706055,177.0
2022-09-09 00:00:00+00:00,18.658000946044922,46.0
2022-09-12 00:00:00+00:00,19.7549991607666,183.0
2022-09-13 00:00:00+00:00,19.389999389648438,28.0
2022-09-14 00:00:00+00:00,19.47100067138672,47.0
2022-09-15 00:00:00+00:00,19.174999237060547,62.0
2022-09-16 00:00:00+00:00,19.29599952697754,56.0
2022-09-19 00:00:00+00:00,19.273000717163086,2.0
2022-09-20 00:00:00+00:00,19.101999282836914,39.0
2022-09-21 00:00:00+00:00,19.410999298095703,136.0
2022-09-22 00:00:00+00:00,19.54800033569336,278.0
2022-09-23 00:00:00+00:00,18.840999603271484,36.0
2022-09-26 00:00:00+00:00,18.4060001373291,94.0
2022-09-27 00:00:00+00:00,18.256999969482422,36.0
2022-09-28 00:00:00+00:00,18.79599952697754,77.0
2022-09-29 00:00:00+00:00,18.611000061035156,174.0
2022-09-30 00:00:00+00:00,18.959999084472656,10.0
2022-10-03 00:00:00+00:00,20.518999099731445,49.0
2022-10-04 00:00:00+00:00,21.03700065612793,142.0
2022-10-05 00:00:00+00:00,20.479000091552734,41.0
2022-10-06 00:00:00+00:00,20.594999313354492,45.0
2022-10-07 00:00:00+00:00,20.191999435424805,48.0
2022-10-10 00:00:00+00:00,19.555999755859375,43.0
2022-10-11 00:00:00+00:00,19.427000045776367,63.0
2022-10-12 00:00:00+00:00,18.878000259399414,30.0
2022-10-13 00:00:00+00:00,18.857999801635742,13.0
2022-10-14 00:00:00+00:00,18.014999389648438,62.0
2022-10-17 00:00:00+00:00,18.673999786376953,119.0
2022-10-18 00:00:00+00:00,18.570999145507812,38.0
2022-10-19 00:00:00+00:00,18.336000442504883,45.0
2022-10-20 00:00:00+00:00,18.666000366210938,79.0
2022-10-21 00:00:00+00:00,19.042999267578125,24.0
2022-10-24 00:00:00+00:00,19.173999786376953,8.0
2022-10-25 00:00:00+00:00,19.339000701904297,13.0
2022-10-26 00:00:00+00:00,19.479999542236328,40.0
2022-10-27 00:00:00+00:00,19.47800064086914,42.0
2022-10-28 00:00:00+00:00,19.14699935913086,26.0
2022-10-31 00:00:00+00:00,19.125,8.0
2022-11-01 00:00:00+00:00,19.67300033569336,18.0
2022-11-02 00:00:00+00:00,19.600000381469727,21.0
2022-11-03 00:00:00+00:00,19.43600082397461,20.0
2022-11-04 00:00:00+00:00,20.790000915527344,51.0
2022-11-07 00:00:00+00:00,20.898000717163086,127.0
2022-11-08 00:00:00+00:00,21.476999282836914,27.0
2022-11-09 00:00:00+00:00,21.29800033569336,59.0
2022-11-10 00:00:00+00:00,21.677000045776367,108.0
2022-11-11 00:00:00+00:00,21.645999908447266,71.0
2022-11-14 00:00:00+00:00,22.091999053955078,13.0
2022-11-15 00:00:00+00:00,21.499000549316406,32.0
2022-11-16 00:00:00+00:00,21.503999710083008,15.0
2022-11-17 00:00:00+00:00,20.954999923706055,20.0
2022-11-18 00:00:00+00:00,20.97599983215332,30.0
2022-11-21 00:00:00+00:00,20.849000930786133,58.0
2022-11-22 00:00:00+00:00,21.034000396728516,70.0
2022-11-23 00:00:00+00:00,21.35700035095215,34.0
2022-11-25 00:00:00+00:00,21.424999237060547,15.0
2022-11-28 00:00:00+00:00,20.90999984741211,59036.0
2022-11-29 00:00:00+00:00,21.20400047302246,6934.0
2022-11-30 00:00:00+00:00,21.549999237060547,693.0
2022-12-01 00:00:00+00:00,22.636999130249023,1001.0
2022-12-02 00:00:00+00:00,23.038000106811523,578.0
2022-12-05 00:00:00+00:00,22.198999404907227,319.0
2022-12-06 00:00:00+00:00,22.12299919128418,79.0
2022-12-07 00:00:00+00:00,22.709999084472656,133.0
2022-12-08 00:00:00+00:00,23.062999725341797,378.0
2022-12-09 00:00:00+00:00,23.53499984741211,132.0
2022-12-12 00:00:00+00:00,23.219999313354492,18.0
2022-12-13 00:00:00+00:00,23.801000595092773,83.0
2022-12-14 00:00:00+00:00,23.945999145507812,259.0
2022-12-15 00:00:00+00:00,23.128000259399414,128.0
2022-12-16 00:00:00+00:00,23.150999069213867,34.0
2022-12-19 00:00:00+00:00,23.02899932861328,8.0
2022-12-20 00:00:00+00:00,24.0939998626709,22.0
2022-12-21 00:00:00+00:00,24.03499984741211,48.0
2022-12-22 00:00:00+00:00,23.47599983215332,37.0
2022-12-23 00:00:00+00:00,23.763999938964844,31.0
2022-12-27 00:00:00+00:00,24.040000915527344,133.0
2022-12-28 00:00:00+00:00,23.663000106811523,372.0
2022-12-29 00:00:00+00:00,24.077999114990234,274.0
2022-12-30 00:00:00+00:00,23.86199951171875,28.0
2023-01-03 00:00:00+00:00,24.05900001525879,148.0
2023-01-04 00:00:00+00:00,23.79199981689453,24.0
2023-01-05 00:00:00+00:00,23.257999420166016,8.0
2023-01-06 00:00:00+00:00,23.82200050354004,6.0
2023-01-09 00:00:00+00:00,23.711999893188477,2.0
2023-01-10 00:00:00+00:00,23.506999969482422,4.0
2023-01-11 00:00:00+00:00,23.32699966430664,9.0
2023-01-12 00:00:00+00:00,23.863000869750977,33.0
2023-01-13 00:00:00+00:00,24.231000900268555,30.0
2023-01-17 00:00:00+00:00,23.944000244140625,118.0
2023-01-18 00:00:00+00:00,23.530000686645508,19.0
2023-01-19 00:00:00+00:00,23.753999710083008,18.0
2023-01-20 00:00:00+00:00,23.829999923706055,0.0
2023-01-23 00:00:00+00:00,23.45199966430664,8.0
2023-01-24 00:00:00+00:00,23.64900016784668,7.0
2023-01-25 00:00:00+00:00,23.839000701904297,21.0
2023-01-26 00:00:00+00:00,23.93000030517578,11.0
2023-01-27 00:00:00+00:00,23.527000427246094,184.0
2023-01-30 00:00:00+00:00,23.645000457763672,45.0
2023-01-31 00:00:00+00:00,23.74799919128418,28.0
2023-02-01 00:00:00+00:00,23.520999908447266,12.0
2023-02-02 00:00:00+00:00,23.534000396728516,97.0
2023-02-03 00:00:00+00:00,22.333999633789062,4.0
2023-02-06 00:00:00+00:00,22.177000045776367,542.0
2023-02-07 00:00:00+00:00,22.117000579833984,0.0
2023-02-08 00:00:00+00:00,22.367000579833984,9.0
2023-02-09 00:00:00+00:00,22.097000122070312,21.0
2023-02-10 00:00:00+00:00,22.034000396728516,25.0
2023-02-13 00:00:00+00:00,21.81800079345703,54.0
2023-02-14 00:00:00+00:00,21.841999053955078,4.0
2023-02-15 00:00:00+00:00,21.54599952697754,11.0
2023-02-16 00:00:00+00:00,21.68400001525879,26.0
2023-02-17 00:00:00+00:00,21.694000244140625,4.0
2023-02-21 00:00:00+00:00,21.868999481201172,8.0
2023-02-22 00:00:00+00:00,21.660999298095703,6.0
2023-02-23 00:00:00+00:00,21.298999786376953,25.0
2023-02-24 00:00:00+00:00,20.805999755859375,53878.0
2023-02-27 00:00:00+00:00,20.670000076293945,7500.0
2023-02-28 00:00:00+00:00,20.961000442504883,513.0
2023-03-01 00:00:00+00:00,20.958999633789062,577.0
2023-03-02 00:00:00+00:00,20.766000747680664,109.0
2023-03-03 00:00:00+00:00,21.093000411987305,172.0
2023-03-06 00:00:00+00:00,20.983999252319336,120.0
2023-03-07 00:00:00+00:00,20.054000854492188,57.0
2023-03-08 00:00:00+00:00,20.0049991607666,82.0
2023-03-09 00:00:00+00:00,20.024999618530273,7.0
2023-03-10 00:00:00+00:00,20.375,48.0
2023-03-13 00:00:00+00:00,21.792999267578125,15.0
2023-03-14 00:00:00+00:00,21.929000854492188,60.0
2023-03-15 00:00:00+00:00,21.77400016784668,15.0
2023-03-16 00:00:00+00:00,21.58799934387207,53.0
2023-03-17 00:00:00+00:00,22.35099983215332,58.0
2023-03-20 00:00:00+00:00,22.533000946044922,9.0
2023-03-21 00:00:00+00:00,22.323999404907227,58.0
2023-03-22 00:00:00+00:00,22.674999237060547,22.0
2023-03-23 00:00:00+00:00,23.143999099731445,0.0
2023-03-24 00:00:00+00:00,23.246999740600586,15.0
2023-03-27 00:00:00+00:00,23.054000854492188,0.0
2023-03-28 00:00:00+00:00,23.323999404907227,36.0
2023-03-29 00:00:00+00:00,23.375999450683594,188.0
2023-03-30 00:00:00+00:00,23.902000427246094,93.0
2023-03-31 00:00:00+00:00,24.076000213623047,34.0
2023-04-03 00:00:00+00:00,23.94099998474121,26.0
2023-04-04 00:00:00+00:00,25.02199935913086,24.0
2023-04-05 00:00:00+00:00,24.96299934387207,74.0
2023-04-06 00:00:00+00:00,25.024999618530273,0.0
2023-04-10 00:00:00+00:00,24.84600067138672,8.0
2023-04-11 00:00:00+00:00,25.131000518798828,16.0
2023-04-12 00:00:00+00:00,25.40399932861328,14.0
2023-04-13 00:00:00+00:00,25.874000549316406,12.0
2023-04-14 00:00:00+00:00,25.423999786376953,28.0
2023-04-17 00:00:00+00:00,25.05299949645996,0.0
2023-04-18 00:00:00+00:00,25.24799919128418,44.0
2023-04-19 00:00:00+00:00,25.365999221801758,33.0
2023-04-20 00:00:00+00:00,25.368000030517578,2.0
2023-04-21 00:00:00+00:00,25.05299949645996,19.0
2023-04-24 00:00:00+00:00,25.305999755859375,2.0
2023-04-25 00:00:00+00:00,24.87700080871582,4.0
2023-04-26 00:00:00+00:00,24.871000289916992,64251.0
2023-04-27 00:00:00+00:00,24.982999801635742,8978.0
2023-04-28 00:00:00+00:00,24.999000549316406,1039.0
2023-05-01 00:00:00+00:00,25.009000778198242,452.0
2023-05-02 00:00:00+00:00,25.40399932861328,127.0
2023-05-03 00:00:00+00:00,25.47599983215332,256.0
2023-05-04 00:00:00+00:00,26.03499984741211,110.0
2023-05-05 00:00:00+00:00,25.743000030517578,113.0
2023-05-08 00:00:00+00:00,25.63599967956543,175.0
2023-05-09 00:00:00+00:00,25.697999954223633,130.0
2023-05-10 00:00:00+00:00,25.461000442504883,92.0
2023-05-11 00:00:00+00:00,24.2549991607666,298.0
2023-05-12 00:00:00+00:00,23.992000579833984,26.0
2023-05-15 00:00:00+00:00,24.12700080871582,96.0
2023-05-16 00:00:00+00:00,23.73699951171875,9.0
2023-05-17 00:00:00+00:00,23.75200080871582,20.0
2023-05-18 00:00:00+00:00,23.4950008392334,123.0
2023-05-19 00:00:00+00:00,23.920000076293945,64.0
2023-05-22 00:00:00+00:00,23.71500015258789,27.0
2023-05-23 00:00:00+00:00,23.474000930786133,176.0
2023-05-24 00:00:00+00:00,23.114999771118164,13.0
2023-05-25 00:00:00+00:00,22.785999298095703,23.0
2023-05-26 00:00:00+00:00,23.239999771118164,282.0
2023-05-30 00:00:00+00:00,23.125,687.0
2023-05-31 00:00:00+00:00,23.474000930786133,13.0
2023-06-01 00:00:00+00:00,23.875,92.0
2023-06-02 00:00:00+00:00,23.64299964904785,6.0
2023-06-05 00:00:00+00:00,23.534000396728516,0.0
2023-06-06 00:00:00+00:00,23.573999404907227,62.0
2023-06-07 00:00:00+00:00,23.43899917602539,0.0
2023-06-08 00:00:00+00:00,24.263999938964844,4.0
2023-06-09 00:00:00+00:00,24.333999633789062,3.0
2023-06-12 00:00:00+00:00,23.985000610351562,1.0
2023-06-13 00:00:00+00:00,23.756000518798828,0.0
2023-06-14 00:00:00+00:00,24.04400062561035,0.0
2023-06-15 00:00:00+00:00,23.891000747680664,1.0
2023-06-16 00:00:00+00:00,24.076000213623047,0.0
2023-06-20 00:00:00+00:00,23.19300079345703,0.0
2023-06-21 00:00:00+00:00,22.77400016784668,0.0
2023-06-22 00:00:00+00:00,22.43600082397461,3.0
2023-06-23 00:00:00+00:00,22.327999114990234,0.0
2023-06-26 00:00:00+00:00,22.80500030517578,6.0
2023-06-27 00:00:00+00:00,22.93899917602539,1.0
2023-06-28 00:00:00+00:00,22.868000030517578,34711.0
2023-06-29 00:00:00+00:00,22.590999603271484,6994.0
2023-06-30 00:00:00+00:00,22.809999465942383,544.0
2023-07-03 00:00:00+00:00,22.895999908447266,305.0
2023-07-05 00:00:00+00:00,23.19700050354004,236.0
2023-07-06 00:00:00+00:00,22.68600082397461,81.0
2023-07-07 00:00:00+00:00,23.091999053955078,44.0
2023-07-10 00:00:00+00:00,23.150999069213867,126.0
2023-07-11 00:00:00+00:00,23.086000442504883,371.0
2023-07-12 00:00:00+00:00,24.118999481201172,145.0
2023-07-13 00:00:00+00:00,24.76799964904785,138.0
2023-07-14 00:00:00+00:00,25.013999938964844,54.0
2023-07-17 00:00:00+00:00,24.8439998626709,16.0
2023-07-18 00:00:00+00:00,25.083999633789062,657.0
2023-07-19 00:00:00+00:00,25.2189998626709,7.0
2023-07-20 00:00:00+00:00,24.80500030517578,215.0
2023-07-21 00:00:00+00:00,24.697999954223633,0.0
2023-07-24 00:00:00+00:00,24.43600082397461,10.0
2023-07-25 00:00:00+00:00,24.68000030517578,65.0
2023-07-26 00:00:00+00:00,24.825000762939453,15.0
2023-07-27 00:00:00+00:00,24.236000061035156,96.0
2023-07-28 00:00:00+00:00,24.3700008392334,78.0
2023-07-31 00:00:00+00:00,24.854000091552734,169.0
2023-08-01 00:00:00+00:00,24.20800018310547,11.0
2023-08-02 00:00:00+00:00,23.753999710083008,8.0
2023-08-03 00:00:00+00:00,23.586000442504883,56.0
2023-08-04 00:00:00+00:00,23.617000579833984,62.0
2023-08-07 00:00:00+00:00,23.142000198364258,50.0
2023-08-08 00:00:00+00:00,22.716999053955078,5.0
2023-08-09 00:00:00+00:00,22.649999618530273,5.0
2023-08-10 00:00:00+00:00,22.746000289916992,5.0
2023-08-11 00:00:00+00:00,22.673999786376953,5.0
2023-08-14 00:00:00+00:00,22.643999099731445,21.0
2023-08-15 00:00:00+00:00,22.594999313354492,11.0
2023-08-16 00:00:00+00:00,22.479999542236328,7.0
2023-08-17 00:00:00+00:00,22.670000076293945,27.0
2023-08-18 00:00:00+00:00,22.69499969482422,0.0
2023-08-21 00:00:00+00:00,23.304000854492188,3.0
2023-08-22 00:00:00+00:00,23.420000076293945,2.0
2023-08-23 00:00:00+00:00,24.363000869750977,2.0
2023-08-24 00:00:00+00:00,24.211000442504883,6.0
2023-08-25 00:00:00+00:00,24.219999313354492,11.0
2023-08-28 00:00:00+00:00,24.238000869750977,11.0
2023-08-29 00:00:00+00:00,24.777000427246094,52924.0
2023-08-30 00:00:00+00:00,24.733999252319336,7105.0
2023-08-31 00:00:00+00:00,24.472000122070312,738.0
2023-09-01 00:00:00+00:00,24.23200035095215,229.0
2023-09-05 00:00:00+00:00,23.558000564575195,150.0
2023-09-06 00:00:00+00:00,23.20599937438965,357.0
2023-09-07 00:00:00+00:00,22.950000762939453,97.0
2023-09-08 00:00:00+00:00,22.892000198364258,28.0
2023-09-11 00:00:00+00:00,23.10300064086914,138.0
2023-09-12 00:00:00+00:00,23.12700080871582,59.0
2023-09-13 00:00:00+00:00,22.91200065612793,10.0
2023-09-14 00:00:00+00:00,22.74799919128418,42.0
2023-09-15 00:00:00+00:00,23.125999450683594,34.0
2023-09-18 00:00:00+00:00,23.23200035095215,8.0
2023-09-19 00:00:00+00:00,23.194000244140625,0.0
2023-09-20 00:00:00+00:00,23.57900047302246,1.0
2023-09-21 00:00:00+00:00,23.444000244140625,64.0
2023-09-22 00:00:00+00:00,23.59600067138672,28.0
2023-09-25 00:00:00+00:00,23.145000457763672,66.0
2023-09-26 00:00:00+00:00,22.950000762939453,1.0
2023-09-27 00:00:00+00:00,22.476999282836914,421.0
2023-09-28 00:00:00+00:00,22.514999389648438,120.0
2023-09-29 00:00:00+00:00,22.236000061035156,120.0
2023-10-02 00:00:00+00:00,21.218000411987305,131.0
2023-10-03 00:00:00+00:00,21.17799949645996,34.0
2023-10-04 00:00:00+00:00,20.95599937438965,30.0
2023-10-05 00:00:00+00:00,20.847999572753906,117.0
2023-10-06 00:00:00+00:00,21.540000915527344,15.0
2023-10-09 00:00:00+00:00,21.740999221801758,0.0
2023-10-10 00:00:00+00:00,21.775999069213867,12.0
2023-10-11 00:00:00+00:00,21.957000732421875,3.0
2023-10-12 00:00:00+00:00,21.79199981689453,20.0
2023-10-13 00:00:00+00:00,22.726999282836914,13.0
2023-10-16 00:00:00+00:00,22.610000610351562,2.0
2023-10-17 00:00:00+00:00,22.863000869750977,22.0
2023-10-18 00:00:00+00:00,22.944000244140625,8.0
2023-10-19 00:00:00+00:00,22.886999130249023,9.0
2023-10-20 00:00:00+00:00,23.35099983215332,7.0
2023-10-23 00:00:00+00:00,23.07200050354004,5.0
2023-10-24 00:00:00+00:00,22.979999542236328,2.0
2023-10-25 00:00:00+00:00,22.87700080871582,6.0
2023-10-26 00:00:00+00:00,22.78700065612793,14.0
2023-10-27 00:00:00+00:00,22.770000457763672,68.0
2023-10-30 00:00:00+00:00,23.281999588012695,208.0
2023-10-31 00:00:00+00:00,22.840999603271484,85.0
2023-11-01 00:00:00+00:00,22.684999465942383,68.0
2023-11-02 00:00:00+00:00,22.750999450683594,31.0
2023-11-03 00:00:00+00:00,23.201000213623047,16.0
2023-11-06 00:00:00+00:00,23.14900016784668,5.0
2023-11-07 00:00:00+00:00,22.507999420166016,42.0
2023-11-08 00:00:00+00:00,22.64699935913086,95.0
2023-11-09 00:00:00+00:00,22.83099937438965,73.0
2023-11-10 00:00:00+00:00,22.21500015258789,33.0
2023-11-13 00:00:00+00:00,22.298999786376953,4.0
2023-11-14 00:00:00+00:00,23.07900047302246,282.0
2023-11-15 00:00:00+00:00,23.485000610351562,0.0
2023-11-16 00:00:00+00:00,23.892000198364258,7.0
2023-11-17 00:00:00+00:00,23.80900001525879,37.0
2023-11-20 00:00:00+00:00,23.57900047302246,2.0
2023-11-21 00:00:00+00:00,23.843000411987305,11.0
2023-11-22 00:00:00+00:00,23.672000885009766,37.0
2023-11-24 00:00:00+00:00,24.32900047302246,4.0
2023-11-27 00:00:00+00:00,24.672000885009766,14.0
2023-11-28 00:00:00+00:00,24.93000030517578,59633.0
2023-11-29 00:00:00+00:00,25.07200050354004,5716.0
2023-11-30 00:00:00+00:00,25.292999267578125,882.0
2023-12-01 00:00:00+00:00,25.499000549316406,491.0
2023-12-04 00:00:00+00:00,24.55500030517578,194.0
2023-12-05 00:00:00+00:00,24.201000213623047,369.0
2023-12-06 00:00:00+00:00,23.888999938964844,76.0
2023-12-07 00:00:00+00:00,23.73200035095215,107.0
2023-12-08 00:00:00+00:00,22.97100067138672,164.0
2023-12-11 00:00:00+00:00,22.773000717163086,54.0
2023-12-12 00:00:00+00:00,22.72800064086914,3.0
2023-12-13 00:00:00+00:00,22.638999938964844,89.0
2023-12-14 00:00:00+00:00,24.09600067138672,125.0
2023-12-15 00:00:00+00:00,23.8700008392334,4.0
2023-12-18 00:00:00+00:00,23.83099937438965,76.0
2023-12-19 00:00:00+00:00,24.040000915527344,32.0
2023-12-20 00:00:00+00:00,24.347000122070312,928.0
2023-12-21 00:00:00+00:00,24.30699920654297,89.0
2023-12-22 00:00:00+00:00,24.290000915527344,81.0
2023-12-26 00:00:00+00:00,24.143999099731445,227.0
2023-12-27 00:00:00+00:00,24.375,540.0
2023-12-28 00:00:00+00:00,24.134000778198242,203.0
2023-12-29 00:00:00+00:00,23.85300064086914,20.0
2024-01-02 00:00:00+00:00,23.732999801635742,20.0
2024-01-03 00:00:00+00:00,22.945999145507812,458.0
2024-01-04 00:00:00+00:00,22.98900032043457,24.0
2024-01-05 00:00:00+00:00,23.121999740600586,5.0
2024-01-08 00:00:00+00:00,23.1200008392334,53.0
2024-01-09 00:00:00+00:00,22.90399932861328,19.0
2024-01-10 00:00:00+00:00,22.884000778198242,10.0
2024-01-11 00:00:00+00:00,22.53700065612793,109.0
2024-01-12 00:00:00+00:00,23.16200065612793,44.0
2024-01-16 00:00:00+00:00,22.933000564575195,0.0
2024-01-17 00:00:00+00:00,22.516000747680664,17.0
2024-01-18 00:00:00+00:00,22.66699981689453,5.0
2024-01-19 00:00:00+00:00,22.570999145507812,2.0
2024-01-22 00:00:00+00:00,22.163000106811523,28.0
2024-01-23 00:00:00+00:00,22.333999633789062,0.0
2024-01-24 00:00:00+00:00,22.7549991607666,46.0
2024-01-25 00:00:00+00:00,22.808000564575195,48.0
2024-01-26 00:00:00+00:00,22.7549991607666,111.0
2024-01-29 00:00:00+00:00,23.13800048828125,333.0
2024-01-30 00:00:00+00:00,23.10700035095215,78.0
2024-01-31 00:00:00+00:00,23.051000595092773,0.0
2024-02-01 00:00:00+00:00,23.1299991607666,12.0
2024-02-02 00:00:00+00:00,22.701000213623047,20.0
2024-02-05 00:00:00+00:00,22.334999084472656,36.0
2024-02-06 00:00:00+00:00,22.39299964904785,405.0
2024-02-07 00:00:00+00:00,22.277999877929688,69.0
2024-02-08 00:00:00+00:00,22.565000534057617,154.0
2024-02-09 00:00:00+00:00,22.527999877929688,7.0
2024-02-12 00:00:00+00:00,22.708999633789062,8.0
2024-02-13 00:00:00+00:00,22.09600067138672,0.0
2024-02-14 00:00:00+00:00,22.33099937438965,8.0
2024-02-15 00:00:00+00:00,22.91200065612793,6.0
2024-02-16 00:00:00+00:00,23.43899917602539,0.0
2024-02-20 00:00:00+00:00,23.106000900268555,6.0
2024-02-21 00:00:00+00:00,22.85099983215332,8.0
2024-02-22 00:00:00+00:00,22.764999389648438,0.0
2024-02-23 00:00:00+00:00,22.9689998626709,39.0
2024-02-26 00:00:00+00:00,22.517000198364258,10.0
2024-02-27 00:00:00+00:00,22.523000717163086,38667.0
2024-02-28 00:00:00+00:00,22.40999984741211,5854.0
2024-02-29 00:00:00+00:00,22.666000366210938,517.0
2024-03-01 00:00:00+00:00,23.149999618530273,964.0
2024-03-04 00:00:00+00:00,23.77899932861328,996.0
2024-03-05 00:00:00+00:00,23.76300048828125,559.0
2024-03-06 00:00:00+00:00,24.27199935913086,129.0
2024-03-07 00:00:00+00:00,24.3700008392334,187.0
2024-03-08 00:00:00+00:00,24.339000701904297,115.0
2024-03-11 00:00:00+00:00,24.511999130249023,172.0
2024-03-12 00:00:00+00:00,24.194000244140625,42.0
2024-03-13 00:00:00+00:00,24.958999633789062,37.0
2024-03-14 00:00:00+00:00,24.874000549316406,20.0
2024-03-15 00:00:00+00:00,25.200000762939453,48.0
2024-03-18 00:00:00+00:00,25.090999603271484,26.0
2024-03-19 00:00:00+00:00,24.964000701904297,20.0
2024-03-20 00:00:00+00:00,24.933000564575195,75.0
2024-03-21 00:00:00+00:00,24.849000930786133,69.0
2024-03-22 00:00:00+00:00,24.691999435424805,20.0
2024-03-25 00:00:00+00:00,24.7450008392334,69.0
2024-03-26 00:00:00+00:00,24.482999801635742,663.0
2024-03-27 00:00:00+00:00,24.625,215.0
2024-03-28 00:00:00+00:00,24.797000885009766,20.0
2024-04-01 00:00:00+00:00,24.95400047302246,44.0
2024-04-02 00:00:00+00:00,25.804000854492188,59.0
2024-04-03 00:00:00+00:00,26.94499969482422,104.0
2024-04-04 00:00:00+00:00,27.139999389648438,23.0
2024-04-05 00:00:00+00:00,27.399999618530273,39.0
2024-04-08 00:00:00+00:00,27.711999893188477,6.0
2024-04-09 00:00:00+00:00,27.891000747680664,66.0
2024-04-10 00:00:00+00:00,27.961000442504883,5.0
2024-04-11 00:00:00+00:00,28.176000595092773,536.0
2024-04-12 00:00:00+00:00,28.2549991607666,354.0
2024-04-15 00:00:00+00:00,28.650999069213867,61.0
2024-04-16 00:00:00+00:00,28.31800079345703,76.0
2024-04-17 00:00:00+00:00,28.34600067138672,9.0
2024-04-18 00:00:00+00:00,28.32900047302246,0.0
2024-04-19 00:00:00+00:00,28.808000564575195,15.0
2024-04-22 00:00:00+00:00,27.21299934387207,0.0
2024-04-23 00:00:00+00:00,27.33099937438965,15.0
2024-04-24 00:00:00+00:00,27.323999404907227,4.0
2024-04-25 00:00:00+00:00,27.341999053955078,29.0
2024-04-26 00:00:00+00:00,27.240999221801758,68254.0
2024-04-29 00:00:00+00:00,27.37299919128418,11787.0
2024-04-30 00:00:00+00:00,26.391000747680664,1881.0
2024-05-01 00:00:00+00:00,26.48900032043457,387.0
2024-05-02 00:00:00+00:00,26.58300018310547,277.0
2024-05-03 00:00:00+00:00,26.44499969482422,194.0
2024-05-06 00:00:00+00:00,27.368999481201172,48.0
2024-05-07 00:00:00+00:00,27.30299949645996,74.0
2024-05-08 00:00:00+00:00,27.361000061035156,123.0
2024-05-09 00:00:00+00:00,28.131999969482422,333.0
2024-05-10 00:00:00+00:00,28.274999618530273,75.0
2024-05-13 00:00:00+00:00,28.22100067138672,253.0
2024-05-14 00:00:00+00:00,28.485000610351562,212.0
2024-05-15 00:00:00+00:00,29.513999938964844,31.0
2024-05-16 00:00:00+00:00,29.665000915527344,29.0
2024-05-17 00:00:00+00:00,31.047000885009766,118.0
2024-05-20 00:00:00+00:00,32.20500183105469,83.0
2024-05-21 00:00:00+00:00,31.868000030517578,55.0
2024-05-22 00:00:00+00:00,31.295000076293945,31.0
2024-05-23 00:00:00+00:00,30.284000396728516,104.0
2024-05-24 00:00:00+00:00,30.329999923706055,10.0
2024-05-28 00:00:00+00:00,31.97100067138672,45.0
2024-05-29 00:00:00+00:00,32.202999114990234,932.0
2024-05-30 00:00:00+00:00,31.38800048828125,257.0
2024-05-31 00:00:00+00:00,30.297000885009766,44.0
2024-06-03 00:00:00+00:00,30.641000747680664,209.0
2024-06-04 00:00:00+00:00,29.488000869750977,39.0
2024-06-05 00:00:00+00:00,29.947999954223633,16.0
2024-06-06 00:00:00+00:00,31.246999740600586,282.0
2024-06-07 00:00:00+00:00,29.334999084472656,10.0
2024-06-10 00:00:00+00:00,29.768999099731445,32.0
2024-06-11 00:00:00+00:00,29.132999420166016,3.0
2024-06-12 00:00:00+00:00,30.176000595092773,8.0
2024-06-13 00:00:00+00:00,28.989999771118164,21.0
2024-06-14 00:00:00+00:00,29.402000427246094,16.0
2024-06-17 00:00:00+00:00,29.325000762939453,0.0
2024-06-18 00:00:00+00:00,29.5049991607666,66.0
2024-06-20 00:00:00+00:00,30.775999069213867,20.0
2024-06-21 00:00:00+00:00,29.572999954223633,20.0
2024-06-24 00:00:00+00:00,29.48900032043457,5.0
2024-06-25 00:00:00+00:00,28.836999893188477,5.0
2024-06-26 00:00:00+00:00,28.909000396728516,52023.0
2024-06-27 00:00:00+00:00,28.917999267578125,14649.0
2024-06-28 00:00:00+00:00,29.23699951171875,538.0
2024-07-01 00:00:00+00:00,29.299999237060547,664.0
2024-07-02 00:00:00+00:00,29.35300064086914,153.0
2024-07-03 00:00:00+00:00,30.54800033569336,261.0
2024-07-05 00:00:00+00:00,31.38800048828125,451.0
2024-07-08 00:00:00+00:00,30.618000030517578,171.0
2024-07-09 00:00:00+00:00,30.77199935913086,6.0
2024-07-10 00:00:00+00:00,30.726999282836914,121.0
2024-07-11 00:00:00+00:00,31.393999099731445,257.0
2024-07-12 00:00:00+00:00,30.88599967956543,41.0
2024-07-15 00:00:00+00:00,30.672000885009766,43.0
2024-07-16 00:00:00+00:00,31.19499969482422,8.0
2024-07-17 00:00:00+00:00,30.136999130249023,69.0
2024-07-18 00:00:00+00:00,29.9950008392334,4.0
2024-07-19 00:00:00+00:00,29.08799934387207,73.0
2024-07-22 00:00:00+00:00,29.124000549316406,27.0
2024-07-23 00:00:00+00:00,29.131999969482422,21.0
2024-07-24 00:00:00+00:00,29.115999221801758,9.0
2024-07-25 00:00:00+00:00,27.80699920654297,157.0
2024-07-26 00:00:00+00:00,27.860000610351562,75.0
2024-07-29 00:00:00+00:00,27.702999114990234,819.0
2024-07-30 00:00:00+00:00,28.364999771118164,320.0
2024-07-31 00:00:00+00:00,28.777999877929688,17.0
2024-08-01 00:00:00+00:00,28.33099937438965,16.0
2024-08-02 00:00:00+00:00,28.246000289916992,101.0
2024-08-05 00:00:00+00:00,27.076000213623047,38.0
2024-08-06 00:00:00+00:00,27.09600067138672,110.0
2024-08-07 00:00:00+00:00,26.829999923706055,7.0
2024-08-08 00:00:00+00:00,27.5,36.0
2024-08-09 00:00:00+00:00,27.48699951171875,2.0
2024-08-12 00:00:00+00:00,27.91699981689453,11.0
2024-08-13 00:00:00+00:00,27.69499969482422,4.0
2024-08-14 00:00:00+00:00,27.253999710083008,30.0
2024-08-15 00:00:00+00:00,28.341999053955078,41.0
2024-08-16 00:00:00+00:00,28.777999877929688,15.0
2024-08-19 00:00:00+00:00,29.239999771118164,18.0
2024-08-20 00:00:00+00:00,29.454999923706055,15.0
2024-08-21 00:00:00+00:00,29.47599983215332,1.0
2024-08-22 00:00:00+00:00,29.006000518798828,4.0
2024-08-23 00:00:00+00:00,29.785999298095703,8.0
2024-08-26 00:00:00+00:00,29.976999282836914,53.0
2024-08-27 00:00:00+00:00,29.951000213623047,78.0
2024-08-28 00:00:00+00:00,29.176000595092773,42397.0
2024-08-29 00:00:00+00:00,29.55699920654297,7849.0
2024-08-30 00:00:00+00:00,28.731000900268555,488.0
2024-09-03 00:00:00+00:00,27.951000213623047,292.0
2024-09-04 00:00:00+00:00,28.16699981689453,237.0
2024-09-05 00:00:00+00:00,28.719999313354492,299.0
2024-09-06 00:00:00+00:00,27.808000564575195,72.0
2024-09-09 00:00:00+00:00,28.291000366210938,72.0
2024-09-10 00:00:00+00:00,28.256999969482422,20.0
2024-09-11 00:00:00+00:00,28.562999725341797,18.0
2024-09-12 00:00:00+00:00,29.743000030517578,33.0
2024-09-13 00:00:00+00:00,30.698999404907227,66.0
2024-09-16 00:00:00+00:00,30.770999908447266,116.0
2024-09-17 00:00:00+00:00,30.618999481201172,52.0
2024-09-18 00:00:00+00:00,30.340999603271484,86.0
2024-09-19 00:00:00+00:00,31.0939998626709,26.0
2024-09-20 00:00:00+00:00,31.176000595092773,3.0
2024-09-23 00:00:00+00:00,30.767000198364258,70.0
2024-09-24 00:00:00+00:00,32.111000061035156,35.0
2024-09-25 00:00:00+00:00,31.697999954223633,38.0
2024-09-26 00:00:00+00:00,32.025001525878906,301.0
2024-09-27 00:00:00+00:00,31.518999099731445,120.0
2024-09-30 00:00:00+00:00,31.163999557495117,73.0
2024-10-01 00:00:00+00:00,31.44499969482422,86.0
2024-10-02 00:00:00+00:00,31.628000259399414,24.0
2024-10-03 00:00:00+00:00,32.18899917602539,146.0
2024-10-04 00:00:00+00:00,32.12799835205078,156.0
2024-10-07 00:00:00+00:00,31.7450008392334,1.0
2024-10-08 00:00:00+00:00,30.354999542236328,21.0
2024-10-09 00:00:00+00:00,30.424999237060547,2.0
2024-10-10 00:00:00+00:00,31.0049991607666,4.0
2024-10-11 00:00:00+00:00,31.520000457763672,15.0
2024-10-14 00:00:00+00:00,31.08300018310547,2.0
2024-10-15 00:00:00+00:00,31.527000427246094,0.0
2024-10-16 00:00:00+00:00,31.760000228881836,25.0
2024-10-17 00:00:00+00:00,31.572999954223633,26.0
2024-10-18 00:00:00+00:00,33.03200149536133,33.0
2024-10-21 00:00:00+00:00,33.86899948120117,58.0
2024-10-22 00:00:00+00:00,34.83100128173828,80.0
2024-10-23 00:00:00+00:00,33.63999938964844,6.0
2024-10-24 00:00:00+00:00,33.611000061035156,24.0
2024-10-25 00:00:00+00:00,33.60300064086914,22.0
2024-10-28 00:00:00+00:00,33.83000183105469,3.0
2024-10-29 00:00:00+00:00,34.26900100708008,133.0
2024-10-30 00:00:00+00:00,33.91400146484375,79.0
2024-10-31 00:00:00+00:00,32.65299987792969,37.0
2024-11-01 00:00:00+00:00,32.54199981689453,98.0
2024-11-04 00:00:00+00:00,32.47999954223633,0.0
2024-11-05 00:00:00+00:00,32.654998779296875,6.0
2024-11-06 00:00:00+00:00,31.22100067138672,6.0
2024-11-07 00:00:00+00:00,31.764999389648438,222.0
2024-11-08 00:00:00+00:00,31.358999252319336,3.0
2024-11-11 00:00:00+00:00,30.540000915527344,69.0
2024-11-12 00:00:00+00:00,30.68600082397461,5.0
2024-11-13 00:00:00+00:00,30.59000015258789,5.0
2024-11-14 00:00:00+00:00,30.507999420166016,38.0
2024-11-15 00:00:00+00:00,30.371000289916992,2.0
2024-11-18 00:00:00+00:00,31.163000106811523,6.0
2024-11-19 00:00:00+00:00,31.20800018310547,10.0
2024-11-20 00:00:00+00:00,30.95599937438965,7.0
2024-11-21 00:00:00+00:00,30.91200065612793,30.0
2024-11-22 00:00:00+00:00,31.30900001525879,5.0
2024-11-25 00:00:00+00:00,30.209999084472656,12.0
2024-11-26 00:00:00+00:00,30.38800048828125,55215.0
2024-11-27 00:00:00+00:00,30.111000061035156,19729.0
2024-11-29 00:00:00+00:00,30.684999465942383,2230.0
2024-12-02 00:00:00+00:00,30.448999404907227,158.0
2024-12-03 00:00:00+00:00,31.07699966430664,211.0
2024-12-04 00:00:00+00:00,31.5049991607666,504.0
2024-12-05 00:00:00+00:00,31.134000778198242,211.0
2024-12-06 00:00:00+00:00,31.18600082397461,35.0
2024-12-09 00:00:00+00:00,32.215999603271484,642.0
2024-12-10 00:00:00+00:00,32.362998962402344,689.0
2024-12-11 00:00:00+00:00,32.5620002746582,484.0
2024-12-12 00:00:00+00:00,31.22800064086914,108.0
2024-12-13 00:00:00+00:00,30.655000686645508,47.0
2024-12-16 00:00:00+00:00,30.69700050354004,36.0
2024-12-17 00:00:00+00:00,30.572999954223633,365.0
2024-12-18 00:00:00+00:00,30.40999984741211,290.0
2024-12-19 00:00:00+00:00,29.0939998626709,81.0
2024-12-20 00:00:00+00:00,29.65999984741211,61.0
2024-12-23 00:00:00+00:00,29.88800048828125,54.0
2024-12-24 00:00:00+00:00,29.974000930786133,66.0
2024-12-26 00:00:00+00:00,30.047000885009766,109.0
2024-12-27 00:00:00+00:00,29.655000686645508,502.0
2024-12-30 00:00:00+00:00,29.106000900268555,200.0
2024-12-31 00:00:00+00:00,28.940000534057617,172.0
2025-01-02 00:00:00+00:00,29.621999740600586,307.0
2025-01-03 00:00:00+00:00,29.805999755859375,91.0
2025-01-06 00:00:00+00:00,30.341999053955078,186.0
2025-01-07 00:00:00+00:00,30.44700050354004,6.0
2025-01-08 00:00:00+00:00,30.45199966430664,46.0
2025-01-09 00:00:00+00:00,30.791000366210938,192.0
2025-01-10 00:00:00+00:00,31.090999603271484,60.0
2025-01-13 00:00:00+00:00,30.090999603271484,2.0
2025-01-14 00:00:00+00:00,30.131999969482422,66.0
2025-01-15 00:00:00+00:00,31.319000244140625,21.0
2025-01-16 00:00:00+00:00,31.523000717163086,109.0
2025-01-17 00:00:00+00:00,30.951000213623047,5.0
2025-01-21 00:00:00+00:00,31.31100082397461,215.0
2025-01-22 00:00:00+00:00,31.23900032043457,7.0
2025-01-23 00:00:00+00:00,30.67300033569336,2.0
2025-01-24 00:00:00+00:00,31.023000717163086,112.0
2025-01-27 00:00:00+00:00,30.253999710083008,111.0
2025-01-28 00:00:00+00:00,30.726999282836914,132.0
2025-01-29 00:00:00+00:00,31.238000869750977,263.0
2025-01-30 00:00:00+00:00,32.36399841308594,557.0
2025-01-31 00:00:00+00:00,32.12799835205078,162.0
2025-02-03 00:00:00+00:00,32.391998291015625,444.0
2025-02-04 00:00:00+00:00,32.88800048828125,744.0
2025-02-05 00:00:00+00:00,32.856998443603516,42.0
2025-02-06 00:00:00+00:00,32.518001556396484,651.0
2025-02-07 00:00:00+00:00,32.334999084472656,172.0
2025-02-10 00:00:00+00:00,32.391998291015625,456.0
2025-02-11 00:00:00+00:00,32.23099899291992,23.0
2025-02-12 00:00:00+00:00,32.69499969482422,80.0
2025-02-13 00:00:00+00:00,32.650001525878906,119.0
2025-02-14 00:00:00+00:00,32.80099868774414,153.0
2025-02-18 00:00:00+00:00,33.31700134277344,201.0
2025-02-19 00:00:00+00:00,32.99300003051758,21.0
2025-02-20 00:00:00+00:00,33.444000244140625,0.0
2025-02-21 00:00:00+00:00,32.97600173950195,96.0
2025-02-24 00:00:00+00:00,32.57500076293945,115.0
2025-02-25 00:00:00+00:00,31.801000595092773,72.0
2025-02-26 00:00:00+00:00,32.25299835205078,36515.0
2025-02-27 00:00:00+00:00,31.801000595092773,10140.0
2025-02-28 00:00:00+00:00,31.2189998626709,1641.0
2025-03-03 00:00:00+00:00,32.03200149536133,872.0
2025-03-04 00:00:00+00:00,32.108001708984375,762.0
2025-03-05 00:00:00+00:00,32.858001708984375,912.0
2025-03-06 00:00:00+00:00,33.0629997253418,370.0
2025-03-07 00:00:00+00:00,32.54800033569336,926.0
2025-03-10 00:00:00+00:00,32.275001525878906,300.0
2025-03-11 00:00:00+00:00,32.88800048828125,243.0
2025-03-12 00:00:00+00:00,33.48400115966797,689.0
2025-03-13 00:00:00+00:00,34.05099868774414,345.0
2025-03-14 00:00:00+00:00,34.1870002746582,191.0
2025-03-17 00:00:00+00:00,34.07400131225586,333.0
2025-03-18 00:00:00+00:00,34.57899856567383,15.0
2025-03-19 00:00:00+00:00,33.974998474121094,193.0
2025-03-20 00:00:00+00:00,33.7859992980957,257.0
2025-03-21 00:00:00+00:00,33.290000915527344,189.0
2025-03-24 00:00:00+00:00,33.26499938964844,88.0
2025-03-25 00:00:00+00:00,34.00199890136719,14.0
2025-03-26 00:00:00+00:00,34.03300094604492,134.0
2025-03-27 00:00:00+00:00,34.89699935913086,1017.0
2025-03-28 00:00:00+00:00,34.64400100708008,316.0
2025-03-31 00:00:00+00:00,34.457000732421875,97.0
2025-04-01 00:00:00+00:00,34.15800094604492,97.0
2025-04-02 00:00:00+00:00,34.499000549316406,558.0
2025-04-03 00:00:00+00:00,31.8439998626709,63.0
2025-04-04 00:00:00+00:00,29.115999221801758,61.0
2025-04-07 00:00:00+00:00,29.510000228881836,310.0
2025-04-08 00:00:00+00:00,29.591999053955078,64.0
2025-04-09 00:00:00+00:00,30.322999954223633,137.0
2025-04-10 00:00:00+00:00,30.67099952697754,4.0
2025-04-11 00:00:00+00:00,31.823999404907227,24.0
2025-04-14 00:00:00+00:00,32.09199905395508,17.0
2025-04-15 00:00:00+00:00,32.22700119018555,45.0
2025-04-16 00:00:00+00:00,32.92599868774414,97.0
2025-04-17 00:00:00+00:00,32.41999816894531,168.0
2025-04-21 00:00:00+00:00,32.49599838256836,56.0
2025-04-22 00:00:00+00:00,32.880001068115234,1.0
2025-04-23 00:00:00+00:00,33.518001556396484,52.0
2025-04-24 00:00:00+00:00,33.481998443603516,93.0
2025-04-25 00:00:00+00:00,32.98899841308594,93.0
2025-04-28 00:00:00+00:00,32.9900016784668,38963.0
2025-04-29 00:00:00+00:00,33.275001525878906,9484.0
2025-04-30 00:00:00+00:00,32.53099822998047,622.0
2025-05-01 00:00:00+00:00,32.18899917602539,556.0
2025-05-02 00:00:00+00:00,31.98900032043457,74.0
2025-05-05 00:00:00+00:00,32.20500183105469,224.0
2025-05-06 00:00:00+00:00,33.112998962402344,227.0
2025-05-07 00:00:00+00:00,32.53099822998047,253.0
2025-05-08 00:00:00+00:00,32.37799835205078,526.0
2025-05-09 00:00:00+00:00,32.67599868774414,7.0
2025-05-12 00:00:00+00:00,32.38800048828125,90.0
2025-05-13 00:00:00+00:00,32.86800003051758,28.0
2025-05-14 00:00:00+00:00,32.22600173950195,57.0
2025-05-15 00:00:00+00:00,32.48099899291992,2.0
2025-05-16 00:00:00+00:00,32.15800094604492,100.0
2025-05-19 00:00:00+00:00,32.3129997253418,217.0
2025-05-20 00:00:00+00:00,32.97999954223633,35.0
2025-05-21 00:00:00+00:00,33.4630012512207,217.0
2025-05-22 00:00:00+00:00,33.047000885009766,16.0
2025-05-23 00:00:00+00:00,33.44200134277344,44.0
2025-05-27 00:00:00+00:00,33.145999908447266,203.0
2025-05-28 00:00:00+00:00,33.0,656.0
2025-05-29 00:00:00+00:00,33.28300094604492,686.0
2025-05-30 00:00:00+00:00,32.891998291015625,380.0
2025-06-02 00:00:00+00:00,34.5629997253418,188.0
2025-06-03 00:00:00+00:00,34.50299835205078,14.0
2025-06-04 00:00:00+00:00,34.51900100708008,164.0
2025-06-05 00:00:00+00:00,35.68899917602539,55.0
2025-06-06 00:00:00+00:00,36.025001525878906,367.0
2025-06-09 00:00:00+00:00,36.6879997253418,28.0
2025-06-10 00:00:00+00:00,36.54199981689453,133.0
2025-06-11 00:00:00+00:00,36.16600036621094,33.0
2025-06-12 00:00:00+00:00,36.2130012512207,51.0
2025-06-13 00:00:00+00:00,36.28099822998047,90.0
2025-06-16 00:00:00+00:00,36.37900161743164,6.0
2025-06-17 00:00:00+00:00,37.09000015258789,60.0
2025-06-18 00:00:00+00:00,36.86600112915039,0.0
2025-06-20 00:00:00+00:00,35.97600173950195,2.0
2025-06-23 00:00:00+00:00,36.15299987792969,7.0
2025-06-24 00:00:00+00:00,35.70100021362305,10.0
2025-06-25 00:00:00+00:00,36.084999084472656,2.0
2025-06-26 00:00:00+00:00,36.58599853515625,43116.0
2025-06-27 00:00:00+00:00,36.0369987487793,7734.0
2025-06-30 00:00:00+00:00,35.85200119018555,191.0
2025-07-01 00:00:00+00:00,36.082000732421875,74.0
2025-07-02 00:00:00+00:00,36.42599868774414,512.0
2025-07-03 00:00:00+00:00,36.784000396728516,0.0
2025-07-04 00:00:00+00:00,36.775001525878906,0.0
2025-07-07 00:00:00+00:00,36.6150016784668,362.0
2025-07-08 00:00:00+00:00,36.47200012207031,463.0
2025-07-09 00:00:00+00:00,36.35100173950195,34.0
2025-07-10 00:00:00+00:00,37.03799819946289,746.0
2025-07-11 00:00:00+00:00,38.67599868774414,687.0
2025-07-14 00:00:00+00:00,38.46200180053711,103.0
2025-07-15 00:00:00+00:00,37.83399963378906,183.0
2025-07-16 00:00:00+00:00,37.85300064086914,218.0
2025-07-17 00:00:00+00:00,38.055999755859375,147.0
2025-07-18 00:00:00+00:00,38.222999572753906,52.0
2025-07-21 00:00:00+00:00,39.10100173950195,73.0
2025-07-22 00:00:00+00:00,39.31999969482422,67.0
2025-07-23 00:00:00+00:00,39.27799987792969,51.0
2025-07-24 00:00:00+00:00,39.020999908447266,59.0
2025-07-25 00:00:00+00:00,38.16699981689453,7.0
2025-07-28 00:00:00+00:00,38.0260009765625,154.0
2025-07-29 00:00:00+00:00,38.08399963378906,1109.0
2025-07-30 00:00:00+00:00,37.566001892089844,352.0
2025-07-31 00:00:00+00:00,36.551998138427734,89.0
2025-08-01 00:00:00+00:00,36.7869987487793,95.0
2025-08-04 00:00:00+00:00,37.19200134277344,488.0
2025-08-05 00:00:00+00:00,37.6870002746582,3.0
2025-08-06 00:00:00+00:00,37.76599884033203,6.0
2025-08-07 00:00:00+00:00,38.15800094604492,130.0
2025-08-08 00:00:00+00:00,38.41699981689453,54.0
2025-08-11 00:00:00+00:00,37.6619987487793,35.0
2025-08-12 00:00:00+00:00,37.89899826049805,19.0
2025-08-13 00:00:00+00:00,38.499000549316406,8.0
2025-08-14 00:00:00+00:00,37.981998443603516,5.0
2025-08-15 00:00:00+00:00,37.89400100708008,2.0
2025-08-18 00:00:00+00:00,37.95100021362305,3.0
2025-08-19 00:00:00+00:00,37.26100158691406,10.0
2025-08-20 00:00:00+00:00,37.70500183105469,2.0
2025-08-21 00:00:00+00:00,38.027000427246094,28.0
2025-08-22 00:00:00+00:00,39.00299835205078,2.0
2025-08-25 00:00:00+00:00,38.676998138427734,344.0
2025-08-26 00:00:00+00:00,38.582000732421875,78.0
2025-08-27 00:00:00+00:00,38.68899917602539,38378.0
2025-08-28 00:00:00+00:00,39.189998626708984,5603.0
2025-08-29 00:00:00+00:00,40.20000076293945,0.0
2025-09-02 00:00:00+00:00,41.07099914550781,820.0
2025-09-03 00:00:00+00:00,41.54199981689453,409.0
2025-09-04 00:00:00+00:00,40.9109992980957,249.0
2025-09-05 00:00:00+00:00,41.07400131225586,835.0
2025-09-08 00:00:00+00:00,41.42599868774414,531.0
2025-09-09 00:00:00+00:00,40.87799835205078,359.0
2025-09-10 00:00:00+00:00,41.132999420166016,350.0
2025-09-11 00:00:00+00:00,41.696998596191406,538.0
2025-09-12 00:00:00+00:00,42.387001037597656,18.0
2025-09-15 00:00:00+00:00,42.516998291015625,48.0
2025-09-16 00:00:00+00:00,42.47100067138672,894.0
2025-09-17 00:00:00+00:00,41.72200012207031,311.0
2025-09-18 00:00:00+00:00,41.707000732421875,156.0
2025-09-19 00:00:00+00:00,42.5359992980957,625.0
2025-09-22 00:00:00+00:00,43.79899978637695,179.0
2025-09-23 00:00:00+00:00,44.19200134277344,400.0
2025-09-24 00:00:00+00:00,43.777000427246094,174.0
2025-09-25 00:00:00+00:00,44.696998596191406,199.0
2025-09-26 00:00:00+00:00,46.22100067138672,556.0
2025-09-29 00:00:00+00:00,46.61199951171875,622.0
2025-09-30 00:00:00+00:00,46.25299835205078,338.0
2025-10-01 00:00:00+00:00,47.290000915527344,125.0
2025-10-02 00:00:00+00:00,46.0,509.0
2025-10-03 00:00:00+00:00,47.59700012207031,53.0
2025-10-06 00:00:00+00:00,48.082000732421875,60.0
2025-10-07 00:00:00+00:00,47.17900085449219,708.0
2025-10-08 00:00:00+00:00,48.65599822998047,149.0
2025-10-09 00:00:00+00:00,46.849998474121094,1568.0
2025-10-10 00:00:00+00:00,46.9379997253418,453.0
2025-10-13 00:00:00+00:00,50.130001068115234,453.0
2025-10-14 00:00:00+00:00,50.31399917602539,249.0
2025-10-15 00:00:00+00:00,51.073001861572266,102.0
2025-10-16 00:00:00+00:00,53.02299880981445,356.0
2025-10-17 00:00:00+00:00,49.86399841308594,400.0
2025-10-20 00:00:00+00:00,51.11899948120117,652.0
2025-10-21 00:00:00+00:00,47.45000076293945,329.0
2025-10-22 00:00:00+00:00,47.46099853515625,347.0
2025-10-23 00:00:00+00:00,48.481998443603516,507.0
2025-10-24 00:00:00+00:00,48.37699890136719,270.0
2025-10-27 00:00:00+00:00,46.5620002746582,161.0
2025-10-28 00:00:00+00:00,47.125,59.0
2025-10-29 00:00:00+00:00,47.72100067138672,545.0
2025-10-30 00:00:00+00:00,48.428001403808594,370.0
2025-10-31 00:00:00+00:00,47.99399948120117,484.0
2025-11-03 00:00:00+00:00,47.88800048828125,0.0
2025-11-04 00:00:00+00:00,47.130001068115234,115.0
2025-11-05 00:00:00+00:00,47.862998962402344,23.0
2025-11-06 00:00:00+00:00,47.79399871826172,86.0
2025-11-07 00:00:00+00:00,48.016998291015625,23.0
2025-11-10 00:00:00+00:00,50.176998138427734,91.0
2025-11-11 00:00:00+00:00,50.61800003051758,106.0
2025-11-12 00:00:00+00:00,53.332000732421875,20.0
2025-11-13 00:00:00+00:00,53.07400131225586,264.0
2025-11-14 00:00:00+00:00,50.59000015258789,73.0
2025-11-17 00:00:00+00:00,50.625,71.0
2025-11-18 00:00:00+00:00,50.45000076293945,384.0
2025-11-19 00:00:00+00:00,50.790000915527344,72.0
2025-11-20 00:00:00+00:00,50.24700164794922,10.0
2025-11-21 00:00:00+00:00,49.87300109863281,22.0
2025-11-24 00:00:00+00:00,50.29499816894531,35.0
2025-11-25 00:00:00+00:00,50.933998107910156,49588.0
2025-11-26 00:00:00+00:00,52.91600036621094,14378.0
2025-11-28 00:00:00+00:00,56.44599914550781,2541.0
2025-12-01 00:00:00+00:00,58.417999267578125,994.0
2025-12-02 00:00:00+00:00,57.983001708984375,392.0
2025-12-03 00:00:00+00:00,57.92100143432617,264.0
2025-12-04 00:00:00+00:00,56.84700012207031,335.0
2025-12-05 00:00:00+00:00,58.422000885009766,284.0
2025-12-08 00:00:00+00:00,57.77899932861328,518.0
2025-12-09 00:00:00+00:00,60.16899871826172,324.0
2025-12-10 00:00:00+00:00,60.37900161743164,462.0
2025-12-11 00:00:00+00:00,63.92900085449219,408.0
2025-12-12 00:00:00+00:00,61.36199951171875,435.0
2025-12-15 00:00:00+00:00,62.939998626708984,387.0
2025-12-16 00:00:00+00:00,62.70000076293945,70.0
2025-12-17 00:00:00+00:00,66.23699951171875,233.0
2025-12-18 00:00:00+00:00,64.59200286865234,118.0
2025-12-19 00:00:00+00:00,66.84500122070312,144.0
2025-12-22 00:00:00+00:00,67.90599822998047,130.0
2025-12-23 00:00:00+00:00,70.48500061035156,40.0
2025-12-24 00:00:00+00:00,71.03099822998047,35.0
2025-12-26 00:00:00+00:00,76.48600006103516,140.0
2025-12-29 00:00:00+00:00,69.85600280761719,1608.0
2025-12-30 00:00:00+00:00,77.3740005493164,992.0
2025-12-31 00:00:00+00:00,70.13400268554688,343.0
2026-01-02 00:00:00+00:00,70.55599975585938,602.0
2026-01-05 00:00:00+00:00,76.16400146484375,883.0
2026-01-06 00:00:00+00:00,80.52999877929688,580.0
2026-01-07 00:00:00+00:00,77.13500213623047,2093.0
2026-01-08 00:00:00+00:00,74.71600341796875,1447.0
2026-01-09 00:00:00+00:00,78.88400268554688,254.0
2026-01-12 00:00:00+00:00,84.61000061035156,575.0
2026-01-13 00:00:00+00:00,85.87699890136719,341.0
2026-01-14 00:00:00+00:00,90.86900329589844,470.0
2026-01-15 00:00:00+00:00,91.8759994506836,390.0
2026-01-16 00:00:00+00:00,88.09100341796875,685.0
2026-01-20 00:00:00+00:00,94.20600128173828,543.0
2026-01-21 00:00:00+00:00,92.20999908447266,231.0
2026-01-22 00:00:00+00:00,95.97599792480469,548.0
2026-01-23 00:00:00+00:00,100.92500305175781,283.0
2026-01-26 00:00:00+00:00,115.08000183105469,537.0
2026-01-27 00:00:00+00:00,105.52300262451172,131.0
2026-01-28 00:00:00+00:00,113.11100006103516,1436.0
2026-01-29 00:00:00+00:00,114.03700256347656,1261.0
2026-01-30 00:00:00+00:00,78.29000091552734,841.0
2026-02-02 00:00:00+00:00,76.77799987792969,388.0
2026-02-03 00:00:00+00:00,83.04199981689453,840.0
2026-02-04 00:00:00+00:00,84.16500091552734,158.0
2026-02-05 00:00:00+00:00,76.52899932861328,422.0
2026-02-06 00:00:00+00:00,76.73500061035156,118.0
2026-02-09 00:00:00+00:00,82.06500244140625,443.0
2026-02-10 00:00:00+00:00,80.21800231933594,112.0
2026-02-11 00:00:00+00:00,83.75399780273438,11.0
2026-02-12 00:00:00+00:00,75.5459976196289,78.0
2026-02-13 00:00:00+00:00,77.85099792480469,63.0
2026-02-17 00:00:00+00:00,73.4469985961914,61.0
2026-02-18 00:00:00+00:00,77.50900268554688,18.0
2026-02-19 00:00:00+00:00,77.56500244140625,208.0
2026-02-20 00:00:00+00:00,82.28299713134766,30.0
2026-02-23 00:00:00+00:00,86.52300262451172,41.0
2026-02-24 00:00:00+00:00,87.45700073242188,268.0
2026-02-25 00:00:00+00:00,90.93900299072266,36156.0
2026-02-26 00:00:00+00:00,86.99800109863281,6626.0
2026-02-27 00:00:00+00:00,92.68199920654297,1134.0
2026-03-02 00:00:00+00:00,88.28399658203125,1338.0
2026-03-03 00:00:00+00:00,82.9229965209961,1600.0
2026-03-04 00:00:00+00:00,82.63300323486328,502.0
2026-03-05 00:00:00+00:00,81.68699645996094,597.0
2026-03-06 00:00:00+00:00,83.81600189208984,282.0
2026-03-09 00:00:00+00:00,84.03199768066406,497.0
2026-03-10 00:00:00+00:00,89.08300018310547,106.0
2026-03-11 00:00:00+00:00,85.06500244140625,1455.0
2026-03-12 00:00:00+00:00,84.66999816894531,284.0
2026-03-13 00:00:00+00:00,80.91400146484375,856.0
2026-03-16 00:00:00+00:00,80.26300048828125,91.0
2026-03-17 00:00:00+00:00,79.52999877929688,248.0
2026-03-18 00:00:00+00:00,77.23799896240234,340.0
2026-03-19 00:00:00+00:00,70.9020004272461,138.0
2026-03-20 00:00:00+00:00,69.36000061035156,45.0
2026-03-23 00:00:00+00:00,69.04900360107422,271.0
2026-03-24 00:00:00+00:00,69.27400207519531,122.0
2026-03-25 00:00:00+00:00,72.36100006103516,211.0
2026-03-26 00:00:00+00:00,67.6709976196289,31.0
2026-03-27 00:00:00+00:00,69.54499816894531,391.0
2026-03-30 00:00:00+00:00,70.3239974975586,482.0
2026-03-31 00:00:00+00:00,74.69000244140625,98.0
2026-04-01 00:00:00+00:00,75.86699676513672,81.0
2026-04-02 00:00:00+00:00,72.73500061035156,0.0
2026-04-06 00:00:00+00:00,72.66100311279297,1.0
2026-04-07 00:00:00+00:00,71.82599639892578,91.0
2026-04-08 00:00:00+00:00,75.2239990234375,34.0
2026-04-09 00:00:00+00:00,76.2770004272461,4.0
2026-04-10 00:00:00+00:00,76.3239974975586,175.0
2026-04-13 00:00:00+00:00,75.52300262451172,13.0
2026-04-14 00:00:00+00:00,79.39099884033203,590.0
2026-04-15 00:00:00+00:00,79.49099731445312,590.0
2026-04-16 00:00:00+00:00,78.7300033569336,29352.0
